ISO-10303-21;
HEADER;
FILE_DESCRIPTION((''),'2;1');
FILE_NAME('C-9-2304372-9','2016-09-10T',('workeradm'),('Tyco Electronics Ltd.'),
'CREO PARAMETRIC BY PTC INC, 2016050','CREO PARAMETRIC BY PTC INC, 2016050','');
FILE_SCHEMA(('AUTOMOTIVE_DESIGN { 1 0 10303 214 1 1 1 1 }'));
ENDSEC;
DATA;
#134=DIRECTION('',(1.E0,0.E0,0.E0));
#135=VECTOR('',#134,1.715E1);
#136=CARTESIAN_POINT('',(-8.575E0,-6.45E0,0.E0));
#137=LINE('',#136,#135);
#138=DIRECTION('',(0.E0,-1.E0,0.E0));
#139=VECTOR('',#138,1.12E1);
#140=CARTESIAN_POINT('',(-8.575E0,4.75E0,0.E0));
#141=LINE('',#140,#139);
#142=CARTESIAN_POINT('',(-6.875E0,4.75E0,0.E0));
#143=DIRECTION('',(0.E0,0.E0,1.E0));
#144=DIRECTION('',(0.E0,1.E0,0.E0));
#145=AXIS2_PLACEMENT_3D('',#142,#143,#144);
#147=DIRECTION('',(-1.E0,0.E0,0.E0));
#148=VECTOR('',#147,1.375E1);
#149=CARTESIAN_POINT('',(6.875E0,6.45E0,0.E0));
#150=LINE('',#149,#148);
#151=CARTESIAN_POINT('',(6.875E0,4.75E0,0.E0));
#152=DIRECTION('',(0.E0,0.E0,1.E0));
#153=DIRECTION('',(1.E0,0.E0,0.E0));
#154=AXIS2_PLACEMENT_3D('',#151,#152,#153);
#156=DIRECTION('',(0.E0,1.E0,0.E0));
#157=VECTOR('',#156,1.12E1);
#158=CARTESIAN_POINT('',(8.575E0,-6.45E0,0.E0));
#159=LINE('',#158,#157);
#160=DIRECTION('',(0.E0,-1.E0,0.E0));
#161=VECTOR('',#160,1.1E0);
#162=CARTESIAN_POINT('',(-4.825E0,3.85E0,0.E0));
#163=LINE('',#162,#161);
#164=DIRECTION('',(0.E0,1.E0,0.E0));
#165=VECTOR('',#164,6.45E0);
#166=CARTESIAN_POINT('',(-5.963675134595E0,-3.7E0,0.E0));
#167=LINE('',#166,#165);
#168=CARTESIAN_POINT('',(-3.449962121756E0,-3.1E0,0.E0));
#169=DIRECTION('',(0.E0,0.E0,-1.E0));
#170=DIRECTION('',(-4.170059511511E-1,-9.089037554684E-1,0.E0));
#171=AXIS2_PLACEMENT_3D('',#168,#169,#170);
#173=DIRECTION('',(0.E0,-1.E0,0.E0));
#174=VECTOR('',#173,6.697116406272E-1);
#175=CARTESIAN_POINT('',(-4.175E0,-4.680288359373E0,0.E0));
#176=LINE('',#175,#174);
#177=DIRECTION('',(1.E0,0.E0,0.E0));
#178=VECTOR('',#177,1.5E0);
#179=CARTESIAN_POINT('',(-4.175E0,-5.35E0,0.E0));
#180=LINE('',#179,#178);
#181=DIRECTION('',(0.E0,1.E0,0.E0));
#182=VECTOR('',#181,5.113248654052E-1);
#183=CARTESIAN_POINT('',(-2.675E0,-5.35E0,0.E0));
#184=LINE('',#183,#182);
#185=DIRECTION('',(-1.E0,0.E0,0.E0));
#186=VECTOR('',#185,4.113248654052E-1);
#187=CARTESIAN_POINT('',(-2.263675134595E0,-4.838675134595E0,0.E0));
#188=LINE('',#187,#186);
#189=DIRECTION('',(0.E0,1.E0,0.E0));
#190=VECTOR('',#189,8.E-1);
#191=CARTESIAN_POINT('',(-2.263675134595E0,-5.638675134595E0,0.E0));
#192=LINE('',#191,#190);
#193=DIRECTION('',(-1.E0,0.E0,0.E0));
#194=VECTOR('',#193,1.677350269190E0);
#195=CARTESIAN_POINT('',(-5.863248654052E-1,-5.638675134595E0,0.E0));
#196=LINE('',#195,#194);
#197=DIRECTION('',(0.E0,-1.E0,0.E0));
#198=VECTOR('',#197,8.E-1);
#199=CARTESIAN_POINT('',(-5.863248654052E-1,-4.838675134595E0,0.E0));
#200=LINE('',#199,#198);
#201=DIRECTION('',(-1.E0,0.E0,0.E0));
#202=VECTOR('',#201,4.113248654052E-1);
#203=CARTESIAN_POINT('',(-1.75E-1,-4.838675134595E0,0.E0));
#204=LINE('',#203,#202);
#205=DIRECTION('',(0.E0,-1.E0,0.E0));
#206=VECTOR('',#205,5.113248654052E-1);
#207=CARTESIAN_POINT('',(-1.75E-1,-4.838675134595E0,0.E0));
#208=LINE('',#207,#206);
#209=DIRECTION('',(1.E0,0.E0,0.E0));
#210=VECTOR('',#209,1.5E0);
#211=CARTESIAN_POINT('',(-1.75E-1,-5.35E0,0.E0));
#212=LINE('',#211,#210);
#213=DIRECTION('',(0.E0,1.E0,0.E0));
#214=VECTOR('',#213,6.697116406272E-1);
#215=CARTESIAN_POINT('',(1.325E0,-5.35E0,0.E0));
#216=LINE('',#215,#214);
#217=CARTESIAN_POINT('',(5.999621217556E-1,-3.1E0,0.E0));
#218=DIRECTION('',(0.E0,0.E0,-1.E0));
#219=DIRECTION('',(9.385694724407E-1,-3.450903438266E-1,0.E0));
#220=AXIS2_PLACEMENT_3D('',#217,#218,#219);
#222=DIRECTION('',(1.E0,0.E0,0.E0));
#223=VECTOR('',#222,8.544953398271E-1);
#224=CARTESIAN_POINT('',(2.231829525578E0,-3.7E0,0.E0));
#225=LINE('',#224,#223);
#226=DIRECTION('',(0.E0,1.E0,0.E0));
#227=VECTOR('',#226,1.138675134595E0);
#228=CARTESIAN_POINT('',(3.086324865405E0,-4.838675134595E0,0.E0));
#229=LINE('',#228,#227);
#230=DIRECTION('',(-1.E0,0.E0,0.E0));
#231=VECTOR('',#230,5.386751345948E-1);
#232=CARTESIAN_POINT('',(3.625E0,-4.838675134595E0,0.E0));
#233=LINE('',#232,#231);
#234=DIRECTION('',(0.E0,-1.E0,0.E0));
#235=VECTOR('',#234,5.113248654052E-1);
#236=CARTESIAN_POINT('',(3.625E0,-4.838675134595E0,0.E0));
#237=LINE('',#236,#235);
#238=DIRECTION('',(1.E0,0.E0,0.E0));
#239=VECTOR('',#238,1.7E0);
#240=CARTESIAN_POINT('',(3.625E0,-5.35E0,0.E0));
#241=LINE('',#240,#239);
#242=DIRECTION('',(0.E0,1.E0,0.E0));
#243=VECTOR('',#242,5.113248654052E-1);
#244=CARTESIAN_POINT('',(5.325E0,-5.35E0,0.E0));
#245=LINE('',#244,#243);
#246=DIRECTION('',(-1.E0,0.E0,0.E0));
#247=VECTOR('',#246,6.386751345948E-1);
#248=CARTESIAN_POINT('',(5.963675134595E0,-4.838675134595E0,0.E0));
#249=LINE('',#248,#247);
#250=DIRECTION('',(0.E0,-1.E0,0.E0));
#251=VECTOR('',#250,7.877350269190E0);
#252=CARTESIAN_POINT('',(5.963675134595E0,3.038675134595E0,0.E0));
#253=LINE('',#252,#251);
#254=DIRECTION('',(1.E0,0.E0,0.E0));
#255=VECTOR('',#254,6.386751345948E-1);
#256=CARTESIAN_POINT('',(5.325E0,3.038675134595E0,0.E0));
#257=LINE('',#256,#255);
#258=DIRECTION('',(0.E0,1.E0,0.E0));
#259=VECTOR('',#258,8.113248654052E-1);
#260=CARTESIAN_POINT('',(5.325E0,3.038675134595E0,0.E0));
#261=LINE('',#260,#259);
#262=DIRECTION('',(-1.E0,0.E0,0.E0));
#263=VECTOR('',#262,1.7E0);
#264=CARTESIAN_POINT('',(5.325E0,3.85E0,0.E0));
#265=LINE('',#264,#263);
#266=DIRECTION('',(0.E0,-1.E0,0.E0));
#267=VECTOR('',#266,8.113248654052E-1);
#268=CARTESIAN_POINT('',(3.625E0,3.85E0,0.E0));
#269=LINE('',#268,#267);
#270=DIRECTION('',(1.E0,0.E0,0.E0));
#271=VECTOR('',#270,5.386751345948E-1);
#272=CARTESIAN_POINT('',(3.086324865405E0,3.038675134595E0,0.E0));
#273=LINE('',#272,#271);
#274=DIRECTION('',(0.E0,1.E0,0.E0));
#275=VECTOR('',#274,7.5E-1);
#276=CARTESIAN_POINT('',(3.086324865405E0,2.288675134595E0,0.E0));
#277=LINE('',#276,#275);
#278=DIRECTION('',(1.E0,0.E0,0.E0));
#279=VECTOR('',#278,6.226497308104E-1);
#280=CARTESIAN_POINT('',(2.463675134595E0,2.288675134595E0,0.E0));
#281=LINE('',#280,#279);
#282=DIRECTION('',(0.E0,-1.E0,0.E0));
#283=VECTOR('',#282,4.613248654052E-1);
#284=CARTESIAN_POINT('',(2.463675134595E0,2.75E0,0.E0));
#285=LINE('',#284,#283);
#286=DIRECTION('',(0.E0,1.E0,0.E0));
#287=VECTOR('',#286,1.1E0);
#288=CARTESIAN_POINT('',(1.975E0,2.75E0,0.E0));
#289=LINE('',#288,#287);
#290=DIRECTION('',(-1.E0,0.E0,0.E0));
#291=VECTOR('',#290,6.8E0);
#292=CARTESIAN_POINT('',(1.975E0,3.85E0,0.E0));
#293=LINE('',#292,#291);
#294=DIRECTION('',(1.E0,0.E0,0.E0));
#295=VECTOR('',#294,1.715E1);
#296=CARTESIAN_POINT('',(-8.575E0,-6.75E0,-3.E-1));
#297=LINE('',#296,#295);
#298=DIRECTION('',(0.E0,0.E0,-1.E0));
#299=VECTOR('',#298,6.E-1);
#300=CARTESIAN_POINT('',(8.575E0,-6.75E0,-3.E-1));
#301=LINE('',#300,#299);
#302=DIRECTION('',(-1.E0,0.E0,0.E0));
#303=VECTOR('',#302,1.715E1);
#304=CARTESIAN_POINT('',(8.575E0,-6.75E0,-9.E-1));
#305=LINE('',#304,#303);
#306=DIRECTION('',(0.E0,0.E0,-1.E0));
#307=VECTOR('',#306,6.E-1);
#308=CARTESIAN_POINT('',(-8.575E0,-6.75E0,-3.E-1));
#309=LINE('',#308,#307);
#310=DIRECTION('',(0.E0,0.E0,-1.E0));
#311=VECTOR('',#310,6.E-1);
#312=CARTESIAN_POINT('',(8.875E0,-6.45E0,-3.E-1));
#313=LINE('',#312,#311);
#314=DIRECTION('',(0.E0,1.E0,0.E0));
#315=VECTOR('',#314,1.12E1);
#316=CARTESIAN_POINT('',(8.875E0,-6.45E0,-3.E-1));
#317=LINE('',#316,#315);
#318=DIRECTION('',(0.E0,-1.E0,0.E0));
#319=VECTOR('',#318,1.12E1);
#320=CARTESIAN_POINT('',(8.875E0,4.75E0,-9.E-1));
#321=LINE('',#320,#319);
#322=CARTESIAN_POINT('',(8.575E0,4.75E0,-3.E-1));
#323=DIRECTION('',(0.E0,1.E0,0.E0));
#324=DIRECTION('',(0.E0,0.E0,1.E0));
#325=AXIS2_PLACEMENT_3D('',#322,#323,#324);
#327=CARTESIAN_POINT('',(6.875E0,6.45E0,-3.E-1));
#328=DIRECTION('',(-1.E0,0.E0,0.E0));
#329=DIRECTION('',(0.E0,0.E0,1.E0));
#330=AXIS2_PLACEMENT_3D('',#327,#328,#329);
#332=CARTESIAN_POINT('',(-6.875E0,6.45E0,-3.E-1));
#333=DIRECTION('',(-1.E0,0.E0,0.E0));
#334=DIRECTION('',(0.E0,0.E0,1.E0));
#335=AXIS2_PLACEMENT_3D('',#332,#333,#334);
#337=CARTESIAN_POINT('',(-8.575E0,4.75E0,-3.E-1));
#338=DIRECTION('',(0.E0,-1.E0,0.E0));
#339=DIRECTION('',(0.E0,0.E0,1.E0));
#340=AXIS2_PLACEMENT_3D('',#337,#338,#339);
#342=DIRECTION('',(0.E0,1.E0,0.E0));
#343=VECTOR('',#342,1.12E1);
#344=CARTESIAN_POINT('',(-8.875E0,-6.45E0,-9.E-1));
#345=LINE('',#344,#343);
#346=DIRECTION('',(0.E0,0.E0,-1.E0));
#347=VECTOR('',#346,6.E-1);
#348=CARTESIAN_POINT('',(-8.875E0,4.75E0,-3.E-1));
#349=LINE('',#348,#347);
#350=DIRECTION('',(0.E0,-1.E0,0.E0));
#351=VECTOR('',#350,1.12E1);
#352=CARTESIAN_POINT('',(-8.875E0,4.75E0,-3.E-1));
#353=LINE('',#352,#351);
#354=DIRECTION('',(0.E0,0.E0,-1.E0));
#355=VECTOR('',#354,6.E-1);
#356=CARTESIAN_POINT('',(-8.875E0,-6.45E0,-3.E-1));
#357=LINE('',#356,#355);
#358=CARTESIAN_POINT('',(7.075E0,-5.75E0,-1.2E0));
#359=CARTESIAN_POINT('',(7.063322438342E0,-5.761677561658E0,-1.2E0));
#360=CARTESIAN_POINT('',(7.041009277774E0,-5.783970411335E0,-1.2E0));
#361=CARTESIAN_POINT('',(7.009851112209E0,-5.813811617079E0,-1.2E0));
#362=CARTESIAN_POINT('',(6.981368058676E0,-5.839219330416E0,-1.2E0));
#363=CARTESIAN_POINT('',(6.955413758492E0,-5.860404863828E0,-1.2E0));
#364=CARTESIAN_POINT('',(6.931880124258E0,-5.877807295726E0,-1.2E0));
#365=CARTESIAN_POINT('',(6.910045017327E0,-5.892342094724E0,-1.2E0));
#366=CARTESIAN_POINT('',(6.889301444573E0,-5.904668481362E0,-1.2E0));
#367=CARTESIAN_POINT('',(6.869407051585E0,-5.915115689879E0,-1.2E0));
#368=CARTESIAN_POINT('',(6.850171355756E0,-5.923932976705E0,-1.2E0));
#369=CARTESIAN_POINT('',(6.831488472695E0,-5.931286689779E0,-1.2E0));
#370=CARTESIAN_POINT('',(6.813286684275E0,-5.937303438823E0,-1.2E0));
#371=CARTESIAN_POINT('',(6.795523031723E0,-5.942080023176E0,-1.2E0));
#372=CARTESIAN_POINT('',(6.778172135464E0,-5.945694201429E0,-1.2E0));
#373=CARTESIAN_POINT('',(6.761222271942E0,-5.948210107182E0,-1.2E0));
#374=CARTESIAN_POINT('',(6.744669788880E0,-5.949682384110E0,-1.2E0));
#375=CARTESIAN_POINT('',(6.733905076480E0,-5.95E0,-1.2E0));
#376=CARTESIAN_POINT('',(6.728589838486E0,-5.95E0,-1.2E0));
#378=DIRECTION('',(0.E0,-1.E0,0.E0));
#379=VECTOR('',#378,4.E-1);
#380=CARTESIAN_POINT('',(3.18E0,-5.95E0,-1.2E0));
#381=LINE('',#380,#379);
#382=DIRECTION('',(0.E0,1.E0,0.E0));
#383=VECTOR('',#382,4.E-1);
#384=CARTESIAN_POINT('',(1.27E0,-6.35E0,-1.2E0));
#385=LINE('',#384,#383);
#386=DIRECTION('',(1.E0,0.E0,0.E0));
#387=VECTOR('',#386,3.5E0);
#388=CARTESIAN_POINT('',(-3.175E0,-6.35E0,-1.2E0));
#389=LINE('',#388,#387);
#390=DIRECTION('',(0.E0,1.E0,0.E0));
#391=VECTOR('',#390,4.E-1);
#392=CARTESIAN_POINT('',(-3.175E0,-6.35E0,-1.2E0));
#393=LINE('',#392,#391);
#394=DIRECTION('',(0.E0,-1.E0,0.E0));
#395=VECTOR('',#394,4.E-1);
#396=CARTESIAN_POINT('',(-4.12E0,-5.95E0,-1.2E0));
#397=LINE('',#396,#395);
#398=DIRECTION('',(-1.E0,0.E0,0.E0));
#399=VECTOR('',#398,2.E0);
#400=CARTESIAN_POINT('',(-4.875E0,5.05E0,-1.2E0));
#401=LINE('',#400,#399);
#402=DIRECTION('',(0.E0,1.E0,0.E0));
#403=VECTOR('',#402,1.E-1);
#404=CARTESIAN_POINT('',(-4.875E0,4.95E0,-1.2E0));
#405=LINE('',#404,#403);
#406=DIRECTION('',(1.E0,0.E0,0.E0));
#407=VECTOR('',#406,9.75E0);
#408=CARTESIAN_POINT('',(-4.875E0,4.95E0,-1.2E0));
#409=LINE('',#408,#407);
#410=DIRECTION('',(0.E0,1.E0,0.E0));
#411=VECTOR('',#410,1.E-1);
#412=CARTESIAN_POINT('',(4.875E0,4.95E0,-1.2E0));
#413=LINE('',#412,#411);
#414=DIRECTION('',(0.E0,1.E0,0.E0));
#415=VECTOR('',#414,1.08E1);
#416=CARTESIAN_POINT('',(7.075E0,-5.75E0,-1.2E0));
#417=LINE('',#416,#415);
#418=DIRECTION('',(0.E0,-1.E0,0.E0));
#419=VECTOR('',#418,1.12E1);
#420=CARTESIAN_POINT('',(8.575E0,4.75E0,-1.2E0));
#421=LINE('',#420,#419);
#422=CARTESIAN_POINT('',(6.875E0,4.75E0,-1.2E0));
#423=DIRECTION('',(0.E0,0.E0,-1.E0));
#424=DIRECTION('',(0.E0,1.E0,0.E0));
#425=AXIS2_PLACEMENT_3D('',#422,#423,#424);
#427=DIRECTION('',(1.E0,0.E0,0.E0));
#428=VECTOR('',#427,1.375E1);
#429=CARTESIAN_POINT('',(-6.875E0,6.45E0,-1.2E0));
#430=LINE('',#429,#428);
#431=CARTESIAN_POINT('',(-6.875E0,4.75E0,-1.2E0));
#432=DIRECTION('',(0.E0,0.E0,-1.E0));
#433=DIRECTION('',(-1.E0,0.E0,0.E0));
#434=AXIS2_PLACEMENT_3D('',#431,#432,#433);
#436=DIRECTION('',(0.E0,1.E0,0.E0));
#437=VECTOR('',#436,1.12E1);
#438=CARTESIAN_POINT('',(-8.575E0,-6.45E0,-1.2E0));
#439=LINE('',#438,#437);
#440=DIRECTION('',(-1.E0,0.E0,0.E0));
#441=VECTOR('',#440,1.715E1);
#442=CARTESIAN_POINT('',(8.575E0,-6.45E0,-1.2E0));
#443=LINE('',#442,#441);
#444=CARTESIAN_POINT('',(7.075E0,-5.75E0,-1.4E0));
#445=DIRECTION('',(0.E0,1.E0,0.E0));
#446=DIRECTION('',(-1.E0,0.E0,0.E0));
#447=AXIS2_PLACEMENT_3D('',#444,#445,#446);
#449=CARTESIAN_POINT('',(6.675E0,-5.75E0,-1.4E0));
#450=DIRECTION('',(0.E0,0.E0,1.E0));
#451=DIRECTION('',(0.E0,-1.E0,0.E0));
#452=AXIS2_PLACEMENT_3D('',#449,#450,#451);
#454=DIRECTION('',(1.E0,0.E0,0.E0));
#455=VECTOR('',#454,3.E0);
#456=CARTESIAN_POINT('',(-6.875E0,-5.95E0,-1.988E1));
#457=LINE('',#456,#455);
#458=DIRECTION('',(1.E0,0.E0,0.E0));
#459=VECTOR('',#458,1.287264973081E0);
#460=CARTESIAN_POINT('',(-6.875E0,-5.95E0,-2.22E0));
#461=LINE('',#460,#459);
#462=DIRECTION('',(0.E0,0.E0,-1.E0));
#463=VECTOR('',#462,9.985E-1);
#464=CARTESIAN_POINT('',(-5.587735026919E0,-5.95E0,-1.2215E0));
#465=LINE('',#464,#463);
#466=DIRECTION('',(1.E0,0.E0,0.E0));
#467=VECTOR('',#466,5.254700538380E-1);
#468=CARTESIAN_POINT('',(-5.587735026919E0,-5.95E0,-1.2215E0));
#469=LINE('',#468,#467);
#470=DIRECTION('',(0.E0,0.E0,-1.E0));
#471=VECTOR('',#470,9.985E-1);
#472=CARTESIAN_POINT('',(-5.062264973081E0,-5.95E0,-1.2215E0));
#473=LINE('',#472,#471);
#474=DIRECTION('',(1.E0,0.E0,0.E0));
#475=VECTOR('',#474,9.422649730810E-1);
#476=CARTESIAN_POINT('',(-5.062264973081E0,-5.95E0,-2.22E0));
#477=LINE('',#476,#475);
#478=DIRECTION('',(0.E0,0.E0,-1.E0));
#479=VECTOR('',#478,1.02E0);
#480=CARTESIAN_POINT('',(-4.12E0,-5.95E0,-1.2E0));
#481=LINE('',#480,#479);
#482=DIRECTION('',(-1.E0,0.E0,0.E0));
#483=VECTOR('',#482,9.45E-1);
#484=CARTESIAN_POINT('',(-3.175E0,-5.95E0,-1.2E0));
#485=LINE('',#484,#483);
#486=DIRECTION('',(0.E0,0.E0,1.E0));
#487=VECTOR('',#486,1.425E1);
#488=CARTESIAN_POINT('',(-3.175E0,-5.95E0,-1.545E1));
#489=LINE('',#488,#487);
#490=DIRECTION('',(-1.E0,0.E0,0.E0));
#491=VECTOR('',#490,7.E-1);
#492=CARTESIAN_POINT('',(-3.175E0,-5.95E0,-1.545E1));
#493=LINE('',#492,#491);
#494=DIRECTION('',(0.E0,0.E0,1.E0));
#495=VECTOR('',#494,4.43E0);
#496=CARTESIAN_POINT('',(-3.875E0,-5.95E0,-1.988E1));
#497=LINE('',#496,#495);
#498=DIRECTION('',(0.E0,0.E0,-1.E0));
#499=VECTOR('',#498,1.13E1);
#500=CARTESIAN_POINT('',(6.675E0,-5.95E0,-4.15E0));
#501=LINE('',#500,#499);
#502=CARTESIAN_POINT('',(6.239130434783E0,-5.95E0,-1.745E1));
#503=DIRECTION('',(0.E0,1.E0,0.E0));
#504=DIRECTION('',(-1.E0,0.E0,0.E0));
#505=AXIS2_PLACEMENT_3D('',#502,#503,#504);
#507=DIRECTION('',(-1.E0,0.E0,0.E0));
#508=VECTOR('',#507,2.9E0);
#509=CARTESIAN_POINT('',(3.925E0,-5.95E0,-1.988E1));
#510=LINE('',#509,#508);
#511=DIRECTION('',(0.E0,0.E0,1.E0));
#512=VECTOR('',#511,4.43E0);
#513=CARTESIAN_POINT('',(1.025E0,-5.95E0,-1.988E1));
#514=LINE('',#513,#512);
#515=DIRECTION('',(-1.E0,0.E0,0.E0));
#516=VECTOR('',#515,7.E-1);
#517=CARTESIAN_POINT('',(1.025E0,-5.95E0,-1.545E1));
#518=LINE('',#517,#516);
#519=DIRECTION('',(0.E0,0.E0,-1.E0));
#520=VECTOR('',#519,1.425E1);
#521=CARTESIAN_POINT('',(3.25E-1,-5.95E0,-1.2E0));
#522=LINE('',#521,#520);
#523=DIRECTION('',(-1.E0,0.E0,0.E0));
#524=VECTOR('',#523,9.45E-1);
#525=CARTESIAN_POINT('',(1.27E0,-5.95E0,-1.2E0));
#526=LINE('',#525,#524);
#527=DIRECTION('',(0.E0,0.E0,-1.E0));
#528=VECTOR('',#527,1.02E0);
#529=CARTESIAN_POINT('',(1.27E0,-5.95E0,-1.2E0));
#530=LINE('',#529,#528);
#531=DIRECTION('',(1.E0,0.E0,0.E0));
#532=VECTOR('',#531,9.422649730810E-1);
#533=CARTESIAN_POINT('',(1.27E0,-5.95E0,-2.22E0));
#534=LINE('',#533,#532);
#535=DIRECTION('',(0.E0,0.E0,-1.E0));
#536=VECTOR('',#535,9.985E-1);
#537=CARTESIAN_POINT('',(2.212264973081E0,-5.95E0,-1.2215E0));
#538=LINE('',#537,#536);
#539=DIRECTION('',(1.E0,0.E0,0.E0));
#540=VECTOR('',#539,5.254700538379E-1);
#541=CARTESIAN_POINT('',(2.212264973081E0,-5.95E0,-1.2215E0));
#542=LINE('',#541,#540);
#543=DIRECTION('',(0.E0,0.E0,-1.E0));
#544=VECTOR('',#543,9.985E-1);
#545=CARTESIAN_POINT('',(2.737735026919E0,-5.95E0,-1.2215E0));
#546=LINE('',#545,#544);
#547=DIRECTION('',(1.E0,0.E0,0.E0));
#548=VECTOR('',#547,4.422649730811E-1);
#549=CARTESIAN_POINT('',(2.737735026919E0,-5.95E0,-2.22E0));
#550=LINE('',#549,#548);
#551=DIRECTION('',(0.E0,0.E0,-1.E0));
#552=VECTOR('',#551,1.02E0);
#553=CARTESIAN_POINT('',(3.18E0,-5.95E0,-1.2E0));
#554=LINE('',#553,#552);
#555=DIRECTION('',(-1.E0,0.E0,0.E0));
#556=VECTOR('',#555,3.548589838486E0);
#557=CARTESIAN_POINT('',(6.728589838486E0,-5.95E0,-1.2E0));
#558=LINE('',#557,#556);
#559=CARTESIAN_POINT('',(7.075E0,-5.95E0,-1.4E0));
#560=DIRECTION('',(0.E0,-1.E0,0.E0));
#561=DIRECTION('',(-8.660254037844E-1,0.E0,5.E-1));
#562=AXIS2_PLACEMENT_3D('',#559,#560,#561);
#564=DIRECTION('',(0.E0,0.E0,-1.E0));
#565=VECTOR('',#564,5.5E-1);
#566=CARTESIAN_POINT('',(6.675E0,-5.95E0,-1.4E0));
#567=LINE('',#566,#565);
#568=DIRECTION('',(-1.E0,0.E0,0.E0));
#569=VECTOR('',#568,1.E0);
#570=CARTESIAN_POINT('',(6.675E0,-5.95E0,-1.95E0));
#571=LINE('',#570,#569);
#572=DIRECTION('',(0.E0,0.E0,-1.E0));
#573=VECTOR('',#572,1.575192319073E0);
#574=CARTESIAN_POINT('',(5.675E0,-5.95E0,-1.95E0));
#575=LINE('',#574,#573);
#576=CARTESIAN_POINT('',(5.175E0,-5.95E0,-5.15E0));
#577=DIRECTION('',(0.E0,-1.E0,0.E0));
#578=DIRECTION('',(2.941176470588E-1,0.E0,9.557692240748E-1));
#579=AXIS2_PLACEMENT_3D('',#576,#577,#578);
#581=DIRECTION('',(0.E0,0.E0,-1.E0));
#582=VECTOR('',#581,8.491933384830E-1);
#583=CARTESIAN_POINT('',(4.475E0,-5.95E0,-3.600806661517E0));
#584=LINE('',#583,#582);
#585=DIRECTION('',(-1.E0,0.E0,0.E0));
#586=VECTOR('',#585,8.491933384830E-1);
#587=CARTESIAN_POINT('',(4.475E0,-5.95E0,-4.45E0));
#588=LINE('',#587,#586);
#589=CARTESIAN_POINT('',(5.175E0,-5.95E0,-5.15E0));
#590=DIRECTION('',(0.E0,-1.E0,0.E0));
#591=DIRECTION('',(-9.112901991076E-1,0.E0,4.117647058824E-1));
#592=AXIS2_PLACEMENT_3D('',#589,#590,#591);
#594=DIRECTION('',(1.E0,0.E0,0.E0));
#595=VECTOR('',#594,8.491933384830E-1);
#596=CARTESIAN_POINT('',(3.625806661517E0,-5.95E0,-5.85E0));
#597=LINE('',#596,#595);
#598=DIRECTION('',(0.E0,0.E0,-1.E0));
#599=VECTOR('',#598,8.491933384830E-1);
#600=CARTESIAN_POINT('',(4.475E0,-5.95E0,-5.85E0));
#601=LINE('',#600,#599);
#602=CARTESIAN_POINT('',(5.175E0,-5.95E0,-5.15E0));
#603=DIRECTION('',(0.E0,-1.E0,0.E0));
#604=DIRECTION('',(-4.117647058824E-1,0.E0,-9.112901991076E-1));
#605=AXIS2_PLACEMENT_3D('',#602,#603,#604);
#607=DIRECTION('',(0.E0,0.E0,1.E0));
#608=VECTOR('',#607,2.549193338483E0);
#609=CARTESIAN_POINT('',(5.875E0,-5.95E0,-6.699193338483E0));
#610=LINE('',#609,#608);
#611=DIRECTION('',(-1.E0,0.E0,0.E0));
#612=VECTOR('',#611,8.E-1);
#613=CARTESIAN_POINT('',(6.675E0,-5.95E0,-4.15E0));
#614=LINE('',#613,#612);
#615=DIRECTION('',(1.E0,0.E0,0.E0));
#616=VECTOR('',#615,4.E-1);
#617=CARTESIAN_POINT('',(-5.525E0,-5.95E0,-1.97E1));
#618=LINE('',#617,#616);
#619=DIRECTION('',(-1.E0,0.E0,0.E0));
#620=VECTOR('',#619,4.E-1);
#621=CARTESIAN_POINT('',(-5.125E0,-5.95E0,-1.86E1));
#622=LINE('',#621,#620);
#623=DIRECTION('',(1.E0,0.E0,0.E0));
#624=VECTOR('',#623,4.E-1);
#625=CARTESIAN_POINT('',(-5.525E0,-5.95E0,-1.27E1));
#626=LINE('',#625,#624);
#627=DIRECTION('',(-1.E0,0.E0,0.E0));
#628=VECTOR('',#627,4.E-1);
#629=CARTESIAN_POINT('',(-5.125E0,-5.95E0,-1.16E1));
#630=LINE('',#629,#628);
#631=DIRECTION('',(1.E0,0.E0,0.E0));
#632=VECTOR('',#631,4.E-1);
#633=CARTESIAN_POINT('',(-5.525E0,-5.95E0,-5.7E0));
#634=LINE('',#633,#632);
#635=DIRECTION('',(-1.E0,0.E0,0.E0));
#636=VECTOR('',#635,4.E-1);
#637=CARTESIAN_POINT('',(-5.125E0,-5.95E0,-4.6E0));
#638=LINE('',#637,#636);
#639=DIRECTION('',(-1.E0,0.E0,0.E0));
#640=VECTOR('',#639,4.E-1);
#641=CARTESIAN_POINT('',(-5.125E0,-5.95E0,-1.65E0));
#642=LINE('',#641,#640);
#643=DIRECTION('',(0.E0,0.E0,-1.E0));
#644=VECTOR('',#643,2.36E0);
#645=CARTESIAN_POINT('',(-5.525E0,-5.95E0,-1.65E0));
#646=LINE('',#645,#644);
#647=DIRECTION('',(1.E0,0.E0,0.E0));
#648=VECTOR('',#647,4.E-1);
#649=CARTESIAN_POINT('',(-5.525E0,-5.95E0,-4.01E0));
#650=LINE('',#649,#648);
#651=DIRECTION('',(0.E0,0.E0,1.E0));
#652=VECTOR('',#651,2.36E0);
#653=CARTESIAN_POINT('',(-5.125E0,-5.95E0,-4.01E0));
#654=LINE('',#653,#652);
#655=DIRECTION('',(-1.E0,0.E0,0.E0));
#656=VECTOR('',#655,4.E-1);
#657=CARTESIAN_POINT('',(-5.125E0,-5.95E0,-6.216E0));
#658=LINE('',#657,#656);
#659=DIRECTION('',(0.E0,0.E0,-1.E0));
#660=VECTOR('',#659,4.794E0);
#661=CARTESIAN_POINT('',(-5.525E0,-5.95E0,-6.216E0));
#662=LINE('',#661,#660);
#663=DIRECTION('',(1.E0,0.E0,0.E0));
#664=VECTOR('',#663,4.E-1);
#665=CARTESIAN_POINT('',(-5.525E0,-5.95E0,-1.101E1));
#666=LINE('',#665,#664);
#667=DIRECTION('',(0.E0,0.E0,1.E0));
#668=VECTOR('',#667,4.794E0);
#669=CARTESIAN_POINT('',(-5.125E0,-5.95E0,-1.101E1));
#670=LINE('',#669,#668);
#671=DIRECTION('',(1.E0,0.E0,0.E0));
#672=VECTOR('',#671,4.E-1);
#673=CARTESIAN_POINT('',(-5.525E0,-5.95E0,-1.801E1));
#674=LINE('',#673,#672);
#675=DIRECTION('',(0.E0,0.E0,1.E0));
#676=VECTOR('',#675,4.794E0);
#677=CARTESIAN_POINT('',(-5.125E0,-5.95E0,-1.801E1));
#678=LINE('',#677,#676);
#679=DIRECTION('',(-1.E0,0.E0,0.E0));
#680=VECTOR('',#679,4.E-1);
#681=CARTESIAN_POINT('',(-5.125E0,-5.95E0,-1.3216E1));
#682=LINE('',#681,#680);
#683=DIRECTION('',(0.E0,0.E0,-1.E0));
#684=VECTOR('',#683,4.794E0);
#685=CARTESIAN_POINT('',(-5.525E0,-5.95E0,-1.3216E1));
#686=LINE('',#685,#684);
#687=DIRECTION('',(1.E0,0.E0,0.E0));
#688=VECTOR('',#687,4.E-1);
#689=CARTESIAN_POINT('',(2.275E0,-5.95E0,-1.97E1));
#690=LINE('',#689,#688);
#691=DIRECTION('',(-1.E0,0.E0,0.E0));
#692=VECTOR('',#691,4.E-1);
#693=CARTESIAN_POINT('',(2.675E0,-5.95E0,-1.86E1));
#694=LINE('',#693,#692);
#695=DIRECTION('',(1.E0,0.E0,0.E0));
#696=VECTOR('',#695,4.E-1);
#697=CARTESIAN_POINT('',(2.275E0,-5.95E0,-1.27E1));
#698=LINE('',#697,#696);
#699=DIRECTION('',(-1.E0,0.E0,0.E0));
#700=VECTOR('',#699,4.E-1);
#701=CARTESIAN_POINT('',(2.675E0,-5.95E0,-1.16E1));
#702=LINE('',#701,#700);
#703=DIRECTION('',(1.E0,0.E0,0.E0));
#704=VECTOR('',#703,4.E-1);
#705=CARTESIAN_POINT('',(2.275E0,-5.95E0,-5.7E0));
#706=LINE('',#705,#704);
#707=DIRECTION('',(-1.E0,0.E0,0.E0));
#708=VECTOR('',#707,4.E-1);
#709=CARTESIAN_POINT('',(2.675E0,-5.95E0,-4.6E0));
#710=LINE('',#709,#708);
#711=DIRECTION('',(-1.E0,0.E0,0.E0));
#712=VECTOR('',#711,4.E-1);
#713=CARTESIAN_POINT('',(2.675E0,-5.95E0,-1.3216E1));
#714=LINE('',#713,#712);
#715=DIRECTION('',(0.E0,0.E0,-1.E0));
#716=VECTOR('',#715,4.794E0);
#717=CARTESIAN_POINT('',(2.275E0,-5.95E0,-1.3216E1));
#718=LINE('',#717,#716);
#719=DIRECTION('',(1.E0,0.E0,0.E0));
#720=VECTOR('',#719,4.E-1);
#721=CARTESIAN_POINT('',(2.275E0,-5.95E0,-1.801E1));
#722=LINE('',#721,#720);
#723=DIRECTION('',(0.E0,0.E0,1.E0));
#724=VECTOR('',#723,4.794E0);
#725=CARTESIAN_POINT('',(2.675E0,-5.95E0,-1.801E1));
#726=LINE('',#725,#724);
#727=DIRECTION('',(-1.E0,0.E0,0.E0));
#728=VECTOR('',#727,4.E-1);
#729=CARTESIAN_POINT('',(2.675E0,-5.95E0,-6.216E0));
#730=LINE('',#729,#728);
#731=DIRECTION('',(0.E0,0.E0,-1.E0));
#732=VECTOR('',#731,4.794E0);
#733=CARTESIAN_POINT('',(2.275E0,-5.95E0,-6.216E0));
#734=LINE('',#733,#732);
#735=DIRECTION('',(1.E0,0.E0,0.E0));
#736=VECTOR('',#735,4.E-1);
#737=CARTESIAN_POINT('',(2.275E0,-5.95E0,-1.101E1));
#738=LINE('',#737,#736);
#739=DIRECTION('',(0.E0,0.E0,1.E0));
#740=VECTOR('',#739,4.794E0);
#741=CARTESIAN_POINT('',(2.675E0,-5.95E0,-1.101E1));
#742=LINE('',#741,#740);
#743=DIRECTION('',(1.E0,0.E0,0.E0));
#744=VECTOR('',#743,4.E-1);
#745=CARTESIAN_POINT('',(2.275E0,-5.95E0,-4.01E0));
#746=LINE('',#745,#744);
#747=DIRECTION('',(0.E0,0.E0,1.E0));
#748=VECTOR('',#747,2.36E0);
#749=CARTESIAN_POINT('',(2.675E0,-5.95E0,-4.01E0));
#750=LINE('',#749,#748);
#751=DIRECTION('',(-1.E0,0.E0,0.E0));
#752=VECTOR('',#751,4.E-1);
#753=CARTESIAN_POINT('',(2.675E0,-5.95E0,-1.65E0));
#754=LINE('',#753,#752);
#755=DIRECTION('',(0.E0,0.E0,-1.E0));
#756=VECTOR('',#755,2.36E0);
#757=CARTESIAN_POINT('',(2.275E0,-5.95E0,-1.65E0));
#758=LINE('',#757,#756);
#759=DIRECTION('',(0.E0,-1.E0,0.E0));
#760=VECTOR('',#759,4.E-1);
#761=CARTESIAN_POINT('',(-3.875E0,-5.95E0,-1.988E1));
#762=LINE('',#761,#760);
#763=DIRECTION('',(0.E0,1.E0,0.E0));
#764=VECTOR('',#763,7.8E0);
#765=CARTESIAN_POINT('',(-3.875E0,-6.35E0,-2.01E1));
#766=LINE('',#765,#764);
#767=DIRECTION('',(0.E0,-1.E0,0.E0));
#768=VECTOR('',#767,4.4E0);
#769=CARTESIAN_POINT('',(-3.875E0,-1.55E0,-1.545E1));
#770=LINE('',#769,#768);
#771=DIRECTION('',(0.E0,0.E0,-1.E0));
#772=VECTOR('',#771,2.E0);
#773=CARTESIAN_POINT('',(-3.875E0,-1.55E0,-1.545E1));
#774=LINE('',#773,#772);
#775=DIRECTION('',(0.E0,-1.E0,0.E0));
#776=VECTOR('',#775,3.E0);
#777=CARTESIAN_POINT('',(-3.875E0,1.45E0,-1.745E1));
#778=LINE('',#777,#776);
#779=CARTESIAN_POINT('',(-4.875E0,1.45E0,-2.01E1));
#780=DIRECTION('',(0.E0,1.E0,0.E0));
#781=DIRECTION('',(1.E0,0.E0,0.E0));
#782=AXIS2_PLACEMENT_3D('',#779,#780,#781);
#784=DIRECTION('',(0.E0,1.E0,0.E0));
#785=VECTOR('',#784,7.8E0);
#786=CARTESIAN_POINT('',(-4.875E0,-6.35E0,-2.11E1));
#787=LINE('',#786,#785);
#788=DIRECTION('',(0.E0,-1.E0,0.E0));
#789=VECTOR('',#788,7.8E0);
#790=CARTESIAN_POINT('',(2.025E0,1.45E0,-2.11E1));
#791=LINE('',#790,#789);
#792=DIRECTION('',(0.E0,1.E0,0.E0));
#793=VECTOR('',#792,8.4E0);
#794=CARTESIAN_POINT('',(2.925E0,-6.35E0,-2.11E1));
#795=LINE('',#794,#793);
#796=DIRECTION('',(1.E0,0.E0,0.E0));
#797=VECTOR('',#796,8.8E0);
#798=CARTESIAN_POINT('',(-5.875E0,2.05E0,-2.11E1));
#799=LINE('',#798,#797);
#800=DIRECTION('',(0.E0,-1.E0,0.E0));
#801=VECTOR('',#800,8.4E0);
#802=CARTESIAN_POINT('',(-5.875E0,2.05E0,-2.11E1));
#803=LINE('',#802,#801);
#804=DIRECTION('',(-1.E0,0.E0,0.E0));
#805=VECTOR('',#804,6.9E0);
#806=CARTESIAN_POINT('',(2.025E0,1.45E0,-2.11E1));
#807=LINE('',#806,#805);
#808=DIRECTION('',(0.E0,0.E0,-1.E0));
#809=VECTOR('',#808,2.65E0);
#810=CARTESIAN_POINT('',(-3.875E0,1.45E0,-1.745E1));
#811=LINE('',#810,#809);
#812=DIRECTION('',(-1.E0,0.E0,0.E0));
#813=VECTOR('',#812,2.150156079353E0);
#814=CARTESIAN_POINT('',(-1.724843920647E0,1.45E0,-1.745E1));
#815=LINE('',#814,#813);
#816=CARTESIAN_POINT('',(-1.225E0,1.45E0,-1.743750780275E1));
#817=DIRECTION('',(0.E0,-1.E0,0.E0));
#818=DIRECTION('',(-9.996878412942E-1,0.E0,-2.498439450106E-2));
#819=AXIS2_PLACEMENT_3D('',#816,#817,#818);
#821=DIRECTION('',(4.993761694390E-2,0.E0,-9.987523388778E-1));
#822=VECTOR('',#821,1.894881320227E0);
#823=CARTESIAN_POINT('',(-1.724376169439E0,1.45E0,-1.746247661122E1));
#824=LINE('',#823,#822);
#825=CARTESIAN_POINT('',(-1.529875078027E0,1.45E0,-1.935E1));
#826=DIRECTION('',(0.E0,-1.E0,0.E0));
#827=DIRECTION('',(-9.987523388778E-1,0.E0,-4.993761694415E-2));
#828=AXIS2_PLACEMENT_3D('',#825,#826,#827);
#830=DIRECTION('',(1.E0,0.E0,0.E0));
#831=VECTOR('',#830,2.097501560550E-1);
#832=CARTESIAN_POINT('',(-1.529875078027E0,1.45E0,-1.945E1));
#833=LINE('',#832,#831);
#834=CARTESIAN_POINT('',(-1.320124921973E0,1.45E0,-1.935E1));
#835=DIRECTION('',(0.E0,-1.E0,0.E0));
#836=DIRECTION('',(0.E0,0.E0,-1.E0));
#837=AXIS2_PLACEMENT_3D('',#834,#835,#836);
#839=DIRECTION('',(4.993761694390E-2,0.E0,9.987523388778E-1));
#840=VECTOR('',#839,1.894881320227E0);
#841=CARTESIAN_POINT('',(-1.220249688085E0,1.45E0,-1.935499376169E1));
#842=LINE('',#841,#840);
#843=CARTESIAN_POINT('',(-1.625E0,1.45E0,-1.743750780275E1));
#844=DIRECTION('',(0.E0,-1.E0,0.E0));
#845=DIRECTION('',(9.987523388778E-1,0.E0,-4.993761694390E-2));
#846=AXIS2_PLACEMENT_3D('',#843,#844,#845);
#848=DIRECTION('',(-1.E0,0.E0,0.E0));
#849=VECTOR('',#848,2.150156079353E0);
#850=CARTESIAN_POINT('',(1.025E0,1.45E0,-1.745E1));
#851=LINE('',#850,#849);
#852=DIRECTION('',(0.E0,0.E0,1.E0));
#853=VECTOR('',#852,2.65E0);
#854=CARTESIAN_POINT('',(1.025E0,1.45E0,-2.01E1));
#855=LINE('',#854,#853);
#856=DIRECTION('',(-1.E0,0.E0,0.E0));
#857=VECTOR('',#856,1.765156079353E0);
#858=CARTESIAN_POINT('',(6.4E-1,-2.16E0,-1.745E1));
#859=LINE('',#858,#857);
#860=DIRECTION('',(0.E0,-1.E0,0.E0));
#861=VECTOR('',#860,6.1E-1);
#862=CARTESIAN_POINT('',(6.4E-1,-1.55E0,-1.745E1));
#863=LINE('',#862,#861);
#864=DIRECTION('',(-1.E0,0.E0,0.E0));
#865=VECTOR('',#864,3.85E-1);
#866=CARTESIAN_POINT('',(1.025E0,-1.55E0,-1.745E1));
#867=LINE('',#866,#865);
#868=DIRECTION('',(-1.E0,0.E0,0.E0));
#869=VECTOR('',#868,3.85E-1);
#870=CARTESIAN_POINT('',(-3.49E0,-1.55E0,-1.745E1));
#871=LINE('',#870,#869);
#872=DIRECTION('',(0.E0,1.E0,0.E0));
#873=VECTOR('',#872,6.1E-1);
#874=CARTESIAN_POINT('',(-3.49E0,-2.16E0,-1.745E1));
#875=LINE('',#874,#873);
#876=DIRECTION('',(-1.E0,0.E0,0.E0));
#877=VECTOR('',#876,1.765156079353E0);
#878=CARTESIAN_POINT('',(-1.724843920647E0,-2.16E0,-1.745E1));
#879=LINE('',#878,#877);
#880=DIRECTION('',(0.E0,1.E0,0.E0));
#881=VECTOR('',#880,4.E-1);
#882=CARTESIAN_POINT('',(-1.1E0,-1.25E0,-1.745E1));
#883=LINE('',#882,#881);
#884=DIRECTION('',(1.E0,0.E0,0.E0));
#885=VECTOR('',#884,1.15E0);
#886=CARTESIAN_POINT('',(-1.1E0,-8.5E-1,-1.745E1));
#887=LINE('',#886,#885);
#888=DIRECTION('',(0.E0,1.E0,0.E0));
#889=VECTOR('',#888,4.E-1);
#890=CARTESIAN_POINT('',(5.E-2,-1.25E0,-1.745E1));
#891=LINE('',#890,#889);
#892=DIRECTION('',(1.E0,0.E0,0.E0));
#893=VECTOR('',#892,1.15E0);
#894=CARTESIAN_POINT('',(-1.1E0,-1.25E0,-1.745E1));
#895=LINE('',#894,#893);
#896=DIRECTION('',(0.E0,1.E0,0.E0));
#897=VECTOR('',#896,4.E-1);
#898=CARTESIAN_POINT('',(-2.9E0,-1.25E0,-1.745E1));
#899=LINE('',#898,#897);
#900=DIRECTION('',(1.E0,0.E0,0.E0));
#901=VECTOR('',#900,1.15E0);
#902=CARTESIAN_POINT('',(-2.9E0,-8.5E-1,-1.745E1));
#903=LINE('',#902,#901);
#904=DIRECTION('',(0.E0,1.E0,0.E0));
#905=VECTOR('',#904,4.E-1);
#906=CARTESIAN_POINT('',(-1.75E0,-1.25E0,-1.745E1));
#907=LINE('',#906,#905);
#908=DIRECTION('',(1.E0,0.E0,0.E0));
#909=VECTOR('',#908,1.15E0);
#910=CARTESIAN_POINT('',(-2.9E0,-1.25E0,-1.745E1));
#911=LINE('',#910,#909);
#912=DIRECTION('',(0.E0,-1.E0,0.E0));
#913=VECTOR('',#912,3.61E0);
#914=CARTESIAN_POINT('',(-1.125156079353E0,1.45E0,-1.745E1));
#915=LINE('',#914,#913);
#916=DIRECTION('',(0.E0,-1.E0,0.E0));
#917=VECTOR('',#916,7.8E0);
#918=CARTESIAN_POINT('',(-1.125623830561E0,1.45E0,-1.746247661122E1));
#919=LINE('',#918,#917);
#920=CARTESIAN_POINT('',(-1.625E0,-2.16E0,-1.743750780275E1));
#921=DIRECTION('',(0.E0,-1.E0,0.E0));
#922=DIRECTION('',(9.996878412942E-1,0.E0,-2.498439450106E-2));
#923=AXIS2_PLACEMENT_3D('',#920,#921,#922);
#925=DIRECTION('',(0.E0,-1.E0,0.E0));
#926=VECTOR('',#925,7.8E0);
#927=CARTESIAN_POINT('',(-1.220249688085E0,1.45E0,-1.935499376169E1));
#928=LINE('',#927,#926);
#929=DIRECTION('',(0.E0,-1.E0,0.E0));
#930=VECTOR('',#929,7.8E0);
#931=CARTESIAN_POINT('',(-1.320124921973E0,1.45E0,-1.945E1));
#932=LINE('',#931,#930);
#933=DIRECTION('',(0.E0,-1.E0,0.E0));
#934=VECTOR('',#933,7.8E0);
#935=CARTESIAN_POINT('',(-1.529875078027E0,1.45E0,-1.945E1));
#936=LINE('',#935,#934);
#937=DIRECTION('',(0.E0,-1.E0,0.E0));
#938=VECTOR('',#937,7.8E0);
#939=CARTESIAN_POINT('',(-1.629750311915E0,1.45E0,-1.935499376169E1));
#940=LINE('',#939,#938);
#941=DIRECTION('',(0.E0,-1.E0,0.E0));
#942=VECTOR('',#941,7.8E0);
#943=CARTESIAN_POINT('',(-1.724376169439E0,1.45E0,-1.746247661122E1));
#944=LINE('',#943,#942);
#945=DIRECTION('',(0.E0,-1.E0,0.E0));
#946=VECTOR('',#945,3.61E0);
#947=CARTESIAN_POINT('',(-1.724843920647E0,1.45E0,-1.745E1));
#948=LINE('',#947,#946);
#949=CARTESIAN_POINT('',(-1.225E0,-2.16E0,-1.743750780275E1));
#950=DIRECTION('',(0.E0,-1.E0,0.E0));
#951=DIRECTION('',(-1.E0,0.E0,-1.421085471520E-13));
#952=AXIS2_PLACEMENT_3D('',#949,#950,#951);
#954=DIRECTION('',(0.E0,-1.E0,0.E0));
#955=VECTOR('',#954,4.19E0);
#956=CARTESIAN_POINT('',(-1.725E0,-2.16E0,-1.743750780275E1));
#957=LINE('',#956,#955);
#958=DIRECTION('',(0.E0,0.E0,-1.E0));
#959=VECTOR('',#958,2.E0);
#960=CARTESIAN_POINT('',(6.4E-1,-2.16E0,-1.545E1));
#961=LINE('',#960,#959);
#962=DIRECTION('',(0.E0,-1.E0,0.E0));
#963=VECTOR('',#962,4.4E0);
#964=CARTESIAN_POINT('',(1.025E0,-1.55E0,-1.545E1));
#965=LINE('',#964,#963);
#966=DIRECTION('',(-1.E0,0.E0,0.E0));
#967=VECTOR('',#966,3.85E-1);
#968=CARTESIAN_POINT('',(1.025E0,-1.55E0,-1.545E1));
#969=LINE('',#968,#967);
#970=DIRECTION('',(0.E0,-1.E0,0.E0));
#971=VECTOR('',#970,6.1E-1);
#972=CARTESIAN_POINT('',(6.4E-1,-1.55E0,-1.545E1));
#973=LINE('',#972,#971);
#974=DIRECTION('',(-1.E0,0.E0,0.E0));
#975=VECTOR('',#974,1.465E0);
#976=CARTESIAN_POINT('',(6.4E-1,-2.16E0,-1.545E1));
#977=LINE('',#976,#975);
#978=DIRECTION('',(0.E0,-1.E0,0.E0));
#979=VECTOR('',#978,4.19E0);
#980=CARTESIAN_POINT('',(-8.25E-1,-2.16E0,-1.545E1));
#981=LINE('',#980,#979);
#982=DIRECTION('',(0.E0,-1.E0,0.E0));
#983=VECTOR('',#982,4.19E0);
#984=CARTESIAN_POINT('',(-2.025E0,-2.16E0,-1.545E1));
#985=LINE('',#984,#983);
#986=DIRECTION('',(-1.E0,0.E0,0.E0));
#987=VECTOR('',#986,1.465E0);
#988=CARTESIAN_POINT('',(-2.025E0,-2.16E0,-1.545E1));
#989=LINE('',#988,#987);
#990=DIRECTION('',(0.E0,1.E0,0.E0));
#991=VECTOR('',#990,6.1E-1);
#992=CARTESIAN_POINT('',(-3.49E0,-2.16E0,-1.545E1));
#993=LINE('',#992,#991);
#994=DIRECTION('',(1.E0,0.E0,0.E0));
#995=VECTOR('',#994,3.85E-1);
#996=CARTESIAN_POINT('',(-3.875E0,-1.55E0,-1.545E1));
#997=LINE('',#996,#995);
#998=DIRECTION('',(0.E0,-1.E0,0.E0));
#999=VECTOR('',#998,7.8E0);
#1000=CARTESIAN_POINT('',(1.025E0,1.45E0,-2.01E1));
#1001=LINE('',#1000,#999);
#1002=DIRECTION('',(0.E0,-1.E0,0.E0));
#1003=VECTOR('',#1002,3.E0);
#1004=CARTESIAN_POINT('',(1.025E0,1.45E0,-1.745E1));
#1005=LINE('',#1004,#1003);
#1006=DIRECTION('',(0.E0,0.E0,-1.E0));
#1007=VECTOR('',#1006,2.E0);
#1008=CARTESIAN_POINT('',(1.025E0,-1.55E0,-1.545E1));
#1009=LINE('',#1008,#1007);
#1010=DIRECTION('',(0.E0,-1.E0,0.E0));
#1011=VECTOR('',#1010,4.E-1);
#1012=CARTESIAN_POINT('',(1.025E0,-5.95E0,-1.988E1));
#1013=LINE('',#1012,#1011);
#1014=CARTESIAN_POINT('',(2.025E0,1.45E0,-2.01E1));
#1015=DIRECTION('',(0.E0,1.E0,0.E0));
#1016=DIRECTION('',(0.E0,0.E0,-1.E0));
#1017=AXIS2_PLACEMENT_3D('',#1014,#1015,#1016);
#1019=CARTESIAN_POINT('',(-4.875E0,-6.35E0,-2.01E1));
#1020=DIRECTION('',(0.E0,-1.E0,0.E0));
#1021=DIRECTION('',(0.E0,0.E0,-1.E0));
#1022=AXIS2_PLACEMENT_3D('',#1019,#1020,#1021);
#1024=DIRECTION('',(1.E0,0.E0,0.E0));
#1025=VECTOR('',#1024,1.E0);
#1026=CARTESIAN_POINT('',(-5.875E0,-6.35E0,-2.11E1));
#1027=LINE('',#1026,#1025);
#1028=CARTESIAN_POINT('',(-5.875E0,-6.35E0,-2.01E1));
#1029=DIRECTION('',(0.E0,-1.E0,0.E0));
#1030=DIRECTION('',(-1.E0,0.E0,0.E0));
#1031=AXIS2_PLACEMENT_3D('',#1028,#1029,#1030);
#1033=DIRECTION('',(0.E0,0.E0,-1.E0));
#1034=VECTOR('',#1033,2.2E-1);
#1035=CARTESIAN_POINT('',(-6.875E0,-6.35E0,-1.988E1));
#1036=LINE('',#1035,#1034);
#1037=DIRECTION('',(-1.E0,0.E0,0.E0));
#1038=VECTOR('',#1037,3.E0);
#1039=CARTESIAN_POINT('',(-3.875E0,-6.35E0,-1.988E1));
#1040=LINE('',#1039,#1038);
#1041=DIRECTION('',(0.E0,0.E0,1.E0));
#1042=VECTOR('',#1041,2.2E-1);
#1043=CARTESIAN_POINT('',(-3.875E0,-6.35E0,-2.01E1));
#1044=LINE('',#1043,#1042);
#1045=CARTESIAN_POINT('',(2.025E0,-6.35E0,-2.01E1));
#1046=DIRECTION('',(0.E0,-1.E0,0.E0));
#1047=DIRECTION('',(-1.E0,0.E0,0.E0));
#1048=AXIS2_PLACEMENT_3D('',#1045,#1046,#1047);
#1050=DIRECTION('',(0.E0,0.E0,-1.E0));
#1051=VECTOR('',#1050,2.2E-1);
#1052=CARTESIAN_POINT('',(1.025E0,-6.35E0,-1.988E1));
#1053=LINE('',#1052,#1051);
#1054=DIRECTION('',(-1.E0,0.E0,0.E0));
#1055=VECTOR('',#1054,2.9E0);
#1056=CARTESIAN_POINT('',(3.925E0,-6.35E0,-1.988E1));
#1057=LINE('',#1056,#1055);
#1058=DIRECTION('',(0.E0,0.E0,1.E0));
#1059=VECTOR('',#1058,2.2E-1);
#1060=CARTESIAN_POINT('',(3.925E0,-6.35E0,-2.01E1));
#1061=LINE('',#1060,#1059);
#1062=CARTESIAN_POINT('',(2.925E0,-6.35E0,-2.01E1));
#1063=DIRECTION('',(0.E0,-1.E0,0.E0));
#1064=DIRECTION('',(0.E0,0.E0,-1.E0));
#1065=AXIS2_PLACEMENT_3D('',#1062,#1063,#1064);
#1067=DIRECTION('',(1.E0,0.E0,0.E0));
#1068=VECTOR('',#1067,9.E-1);
#1069=CARTESIAN_POINT('',(2.025E0,-6.35E0,-2.11E1));
#1070=LINE('',#1069,#1068);
#1071=CARTESIAN_POINT('',(-6.675E0,2.05E0,-2.01E1));
#1072=DIRECTION('',(0.E0,0.E0,-1.E0));
#1073=DIRECTION('',(-1.E0,0.E0,0.E0));
#1074=AXIS2_PLACEMENT_3D('',#1071,#1072,#1073);
#1076=CARTESIAN_POINT('',(-5.875E0,2.05E0,-2.01E1));
#1077=DIRECTION('',(0.E0,1.E0,0.E0));
#1078=DIRECTION('',(0.E0,0.E0,-1.E0));
#1079=AXIS2_PLACEMENT_3D('',#1076,#1077,#1078);
#1081=DIRECTION('',(0.E0,0.E0,-1.E0));
#1082=VECTOR('',#1081,4.65E0);
#1083=CARTESIAN_POINT('',(-6.675E0,2.25E0,-1.545E1));
#1084=LINE('',#1083,#1082);
#1085=CARTESIAN_POINT('',(-5.875E0,2.25E0,-2.01E1));
#1086=DIRECTION('',(0.E0,1.E0,0.E0));
#1087=DIRECTION('',(-9.658940314239E-14,0.E0,-1.E0));
#1088=AXIS2_PLACEMENT_3D('',#1085,#1086,#1087);
#1090=DIRECTION('',(1.E0,0.E0,0.E0));
#1091=VECTOR('',#1090,8.8E0);
#1092=CARTESIAN_POINT('',(-5.875E0,2.25E0,-2.09E1));
#1093=LINE('',#1092,#1091);
#1094=CARTESIAN_POINT('',(2.925E0,2.25E0,-2.01E1));
#1095=DIRECTION('',(0.E0,1.E0,0.E0));
#1096=DIRECTION('',(1.E0,0.E0,0.E0));
#1097=AXIS2_PLACEMENT_3D('',#1094,#1095,#1096);
#1099=DIRECTION('',(0.E0,0.E0,1.E0));
#1100=VECTOR('',#1099,4.65E0);
#1101=CARTESIAN_POINT('',(3.725E0,2.25E0,-2.01E1));
#1102=LINE('',#1101,#1100);
#1103=DIRECTION('',(0.E0,-1.E0,0.E0));
#1104=VECTOR('',#1103,8.4E0);
#1105=CARTESIAN_POINT('',(-6.875E0,2.05E0,-2.01E1));
#1106=LINE('',#1105,#1104);
#1107=DIRECTION('',(0.E0,0.E0,-1.E0));
#1108=VECTOR('',#1107,4.85E0);
#1109=CARTESIAN_POINT('',(-6.875E0,2.05E0,-1.525E1));
#1110=LINE('',#1109,#1108);
#1111=DIRECTION('',(0.E0,-1.E0,0.E0));
#1112=VECTOR('',#1111,2.5E0);
#1113=CARTESIAN_POINT('',(-6.875E0,4.55E0,-1.525E1));
#1114=LINE('',#1113,#1112);
#1115=DIRECTION('',(0.E0,0.E0,-1.E0));
#1116=VECTOR('',#1115,1.255E1);
#1117=CARTESIAN_POINT('',(-6.875E0,4.55E0,-2.7E0));
#1118=LINE('',#1117,#1116);
#1119=DIRECTION('',(0.E0,-1.E0,0.E0));
#1120=VECTOR('',#1119,1.14E1);
#1121=CARTESIAN_POINT('',(-6.875E0,5.05E0,-1.2E0));
#1122=LINE('',#1121,#1120);
#1123=DIRECTION('',(0.E0,0.E0,-1.E0));
#1124=VECTOR('',#1123,1.02E0);
#1125=CARTESIAN_POINT('',(-6.875E0,-6.35E0,-1.2E0));
#1126=LINE('',#1125,#1124);
#1127=DIRECTION('',(0.E0,0.E0,-1.E0));
#1128=VECTOR('',#1127,1.766E1);
#1129=CARTESIAN_POINT('',(-6.875E0,-5.95E0,-2.22E0));
#1130=LINE('',#1129,#1128);
#1131=DIRECTION('',(0.E0,-1.E0,0.E0));
#1132=VECTOR('',#1131,4.E-1);
#1133=CARTESIAN_POINT('',(-6.875E0,-5.95E0,-1.988E1));
#1134=LINE('',#1133,#1132);
#1135=CARTESIAN_POINT('',(-6.675E0,2.25E0,-1.545E1));
#1136=CARTESIAN_POINT('',(-6.678346690253E0,2.25E0,-1.545E1));
#1137=CARTESIAN_POINT('',(-6.685055950635E0,2.249831844031E0,
-1.544983184403E1));
#1138=CARTESIAN_POINT('',(-6.695132095753E0,2.249070136872E0,
-1.544907013687E1));
#1139=CARTESIAN_POINT('',(-6.705223515874E0,2.247791065002E0,
-1.544779106500E1));
#1140=CARTESIAN_POINT('',(-6.715327197103E0,2.245982682807E0,
-1.544598268281E1));
#1141=CARTESIAN_POINT('',(-6.725443705258E0,2.243628198793E0,
-1.544362819879E1));
#1142=CARTESIAN_POINT('',(-6.735570503013E0,2.240706203444E0,
-1.544070620344E1));
#1143=CARTESIAN_POINT('',(-6.745702642371E0,2.237190212996E0,
-1.543719021300E1));
#1144=CARTESIAN_POINT('',(-6.755823076167E0,2.233052806427E0,
-1.543305280643E1));
#1145=CARTESIAN_POINT('',(-6.765919920070E0,2.228258605051E0,
-1.542825860505E1));
#1146=CARTESIAN_POINT('',(-6.775956928490E0,2.222778402018E0,
-1.542277840202E1));
#1147=CARTESIAN_POINT('',(-6.785910709759E0,2.216570821314E0,
-1.541657082131E1));
#1148=CARTESIAN_POINT('',(-6.795725462703E0,2.209608597665E0,
-1.540960859766E1));
#1149=CARTESIAN_POINT('',(-6.805354420121E0,2.201855375612E0,
-1.540185537561E1));
#1150=CARTESIAN_POINT('',(-6.814730800487E0,2.193284755418E0,
-1.539328475542E1));
#1151=CARTESIAN_POINT('',(-6.823774737546E0,2.183881753591E0,
-1.538388175359E1));
#1152=CARTESIAN_POINT('',(-6.832405200617E0,2.173632491022E0,
-1.537363249102E1));
#1153=CARTESIAN_POINT('',(-6.840525611915E0,2.162542301772E0,
-1.536254230177E1));
#1154=CARTESIAN_POINT('',(-6.848032842606E0,2.150633898488E0,
-1.535063389849E1));
#1155=CARTESIAN_POINT('',(-6.854823806195E0,2.137942513069E0,
-1.533794251307E1));
#1156=CARTESIAN_POINT('',(-6.860793380810E0,2.124525022572E0,
-1.532452502257E1));
#1157=CARTESIAN_POINT('',(-6.865839368165E0,2.110463624011E0,
-1.531046362401E1));
#1158=CARTESIAN_POINT('',(-6.869870973242E0,2.095855294738E0,
-1.529585529474E1));
#1159=CARTESIAN_POINT('',(-6.872810593166E0,2.080821036874E0,
-1.528082103687E1));
#1160=CARTESIAN_POINT('',(-6.874599434046E0,2.065482342664E0,
-1.526548234266E1));
#1161=CARTESIAN_POINT('',(-6.875E0,2.055174415465E0,-1.525517441546E1));
#1162=CARTESIAN_POINT('',(-6.875E0,2.05E0,-1.525E1));
#1164=DIRECTION('',(1.E0,0.E0,0.E0));
#1165=VECTOR('',#1164,1.04E1);
#1166=CARTESIAN_POINT('',(-6.675E0,2.25E0,-1.545E1));
#1167=LINE('',#1166,#1165);
#1168=DIRECTION('',(0.E0,1.E0,0.E0));
#1169=VECTOR('',#1168,7.4E0);
#1170=CARTESIAN_POINT('',(3.925E0,-5.35E0,-1.545E1));
#1171=LINE('',#1170,#1169);
#1172=DIRECTION('',(1.E0,0.E0,0.E0));
#1173=VECTOR('',#1172,1.15E0);
#1174=CARTESIAN_POINT('',(3.925E0,-5.35E0,-1.545E1));
#1175=LINE('',#1174,#1173);
#1176=DIRECTION('',(0.E0,-1.E0,0.E0));
#1177=VECTOR('',#1176,6.E-1);
#1178=CARTESIAN_POINT('',(5.075E0,-5.35E0,-1.545E1));
#1179=LINE('',#1178,#1177);
#1180=DIRECTION('',(1.E0,0.E0,0.E0));
#1181=VECTOR('',#1180,1.6E0);
#1182=CARTESIAN_POINT('',(5.075E0,-5.95E0,-1.545E1));
#1183=LINE('',#1182,#1181);
#1184=DIRECTION('',(0.E0,1.E0,0.E0));
#1185=VECTOR('',#1184,1.05E1);
#1186=CARTESIAN_POINT('',(6.675E0,-5.95E0,-1.545E1));
#1187=LINE('',#1186,#1185);
#1188=DIRECTION('',(-1.E0,0.E0,0.E0));
#1189=VECTOR('',#1188,1.335E1);
#1190=CARTESIAN_POINT('',(6.675E0,4.55E0,-1.545E1));
#1191=LINE('',#1190,#1189);
#1192=DIRECTION('',(0.E0,-1.E0,0.E0));
#1193=VECTOR('',#1192,2.3E0);
#1194=CARTESIAN_POINT('',(-6.675E0,4.55E0,-1.545E1));
#1195=LINE('',#1194,#1193);
#1196=CARTESIAN_POINT('',(3.725E0,2.05E0,-2.01E1));
#1197=DIRECTION('',(0.E0,0.E0,-1.E0));
#1198=DIRECTION('',(0.E0,1.E0,0.E0));
#1199=AXIS2_PLACEMENT_3D('',#1196,#1197,#1198);
#1201=CARTESIAN_POINT('',(3.725E0,2.05E0,-1.545E1));
#1202=DIRECTION('',(0.E0,0.E0,1.E0));
#1203=DIRECTION('',(1.E0,0.E0,0.E0));
#1204=AXIS2_PLACEMENT_3D('',#1201,#1202,#1203);
#1206=CARTESIAN_POINT('',(2.925E0,2.05E0,-2.09E1));
#1207=DIRECTION('',(1.E0,0.E0,0.E0));
#1208=DIRECTION('',(0.E0,-1.110223024625E-14,-1.E0));
#1209=AXIS2_PLACEMENT_3D('',#1206,#1207,#1208);
#1211=CARTESIAN_POINT('',(2.925E0,2.05E0,-2.01E1));
#1212=DIRECTION('',(0.E0,1.E0,0.E0));
#1213=DIRECTION('',(1.E0,0.E0,0.E0));
#1214=AXIS2_PLACEMENT_3D('',#1211,#1212,#1213);
#1216=CARTESIAN_POINT('',(-5.875E0,2.05E0,-2.09E1));
#1217=DIRECTION('',(-1.E0,0.E0,0.E0));
#1218=DIRECTION('',(0.E0,1.E0,0.E0));
#1219=AXIS2_PLACEMENT_3D('',#1216,#1217,#1218);
#1221=DIRECTION('',(0.E0,1.E0,0.E0));
#1222=VECTOR('',#1221,8.4E0);
#1223=CARTESIAN_POINT('',(3.925E0,-6.35E0,-2.01E1));
#1224=LINE('',#1223,#1222);
#1225=DIRECTION('',(0.E0,0.E0,1.E0));
#1226=VECTOR('',#1225,2.43E0);
#1227=CARTESIAN_POINT('',(3.925E0,-5.95E0,-1.988E1));
#1228=LINE('',#1227,#1226);
#1229=DIRECTION('',(0.E0,-1.E0,0.E0));
#1230=VECTOR('',#1229,6.E-1);
#1231=CARTESIAN_POINT('',(3.925E0,-5.35E0,-1.745E1));
#1232=LINE('',#1231,#1230);
#1233=DIRECTION('',(0.E0,0.E0,-1.E0));
#1234=VECTOR('',#1233,2.E0);
#1235=CARTESIAN_POINT('',(3.925E0,-5.35E0,-1.545E1));
#1236=LINE('',#1235,#1234);
#1237=DIRECTION('',(0.E0,0.E0,1.E0));
#1238=VECTOR('',#1237,4.65E0);
#1239=CARTESIAN_POINT('',(3.925E0,2.05E0,-2.01E1));
#1240=LINE('',#1239,#1238);
#1241=DIRECTION('',(0.E0,-1.E0,0.E0));
#1242=VECTOR('',#1241,4.E-1);
#1243=CARTESIAN_POINT('',(3.925E0,-5.95E0,-1.988E1));
#1244=LINE('',#1243,#1242);
#1245=CARTESIAN_POINT('',(6.239130434783E0,-5.35E0,-1.745E1));
#1246=DIRECTION('',(0.E0,1.E0,0.E0));
#1247=DIRECTION('',(-1.E0,0.E0,0.E0));
#1248=AXIS2_PLACEMENT_3D('',#1245,#1246,#1247);
#1250=CARTESIAN_POINT('',(6.675E0,-5.95E0,-1.545E1));
#1251=CARTESIAN_POINT('',(6.678346690253E0,-5.95E0,-1.545E1));
#1252=CARTESIAN_POINT('',(6.685055950635E0,-5.949831844031E0,
-1.544983184403E1));
#1253=CARTESIAN_POINT('',(6.695132095753E0,-5.949070136872E0,
-1.544907013687E1));
#1254=CARTESIAN_POINT('',(6.705223515874E0,-5.947791065002E0,
-1.544779106500E1));
#1255=CARTESIAN_POINT('',(6.715327197103E0,-5.945982682807E0,
-1.544598268281E1));
#1256=CARTESIAN_POINT('',(6.725443705258E0,-5.943628198793E0,
-1.544362819879E1));
#1257=CARTESIAN_POINT('',(6.735570503013E0,-5.940706203444E0,
-1.544070620344E1));
#1258=CARTESIAN_POINT('',(6.745702642371E0,-5.937190212996E0,
-1.543719021300E1));
#1259=CARTESIAN_POINT('',(6.755823076167E0,-5.933052806427E0,
-1.543305280643E1));
#1260=CARTESIAN_POINT('',(6.765919920070E0,-5.928258605051E0,
-1.542825860505E1));
#1261=CARTESIAN_POINT('',(6.775956928490E0,-5.922778402018E0,
-1.542277840202E1));
#1262=CARTESIAN_POINT('',(6.785910709759E0,-5.916570821314E0,
-1.541657082131E1));
#1263=CARTESIAN_POINT('',(6.795725462703E0,-5.909608597665E0,
-1.540960859766E1));
#1264=CARTESIAN_POINT('',(6.805354420121E0,-5.901855375612E0,
-1.540185537561E1));
#1265=CARTESIAN_POINT('',(6.814730800487E0,-5.893284755418E0,
-1.539328475542E1));
#1266=CARTESIAN_POINT('',(6.823774737546E0,-5.883881753591E0,
-1.538388175359E1));
#1267=CARTESIAN_POINT('',(6.832405200617E0,-5.873632491022E0,
-1.537363249102E1));
#1268=CARTESIAN_POINT('',(6.840525611915E0,-5.862542301772E0,
-1.536254230177E1));
#1269=CARTESIAN_POINT('',(6.848032842606E0,-5.850633898488E0,
-1.535063389849E1));
#1270=CARTESIAN_POINT('',(6.854823806195E0,-5.837942513069E0,
-1.533794251307E1));
#1271=CARTESIAN_POINT('',(6.860793380810E0,-5.824525022572E0,
-1.532452502257E1));
#1272=CARTESIAN_POINT('',(6.865839368165E0,-5.810463624011E0,
-1.531046362401E1));
#1273=CARTESIAN_POINT('',(6.869870973242E0,-5.795855294738E0,
-1.529585529474E1));
#1274=CARTESIAN_POINT('',(6.872810593166E0,-5.780821036874E0,
-1.528082103687E1));
#1275=CARTESIAN_POINT('',(6.874599434046E0,-5.765482342664E0,
-1.526548234266E1));
#1276=CARTESIAN_POINT('',(6.875E0,-5.755174415465E0,-1.525517441546E1));
#1277=CARTESIAN_POINT('',(6.875E0,-5.75E0,-1.525E1));
#1279=CARTESIAN_POINT('',(6.675E0,-5.75E0,-4.15E0));
#1280=DIRECTION('',(0.E0,0.E0,1.E0));
#1281=DIRECTION('',(0.E0,-1.E0,0.E0));
#1282=AXIS2_PLACEMENT_3D('',#1279,#1280,#1281);
#1284=DIRECTION('',(0.E0,1.E0,0.E0));
#1285=VECTOR('',#1284,1.6E0);
#1286=CARTESIAN_POINT('',(5.675E0,-6.15E0,-4.15E0));
#1287=LINE('',#1286,#1285);
#1288=CARTESIAN_POINT('',(5.675E0,-6.15E0,-6.564213562373E0));
#1289=CARTESIAN_POINT('',(5.675E0,-6.146327271357E0,-6.564213562373E0));
#1290=CARTESIAN_POINT('',(5.675202472392E0,-6.138970123823E0,
-6.564356742886E0));
#1291=CARTESIAN_POINT('',(5.676117316130E0,-6.127939702161E0,
-6.565003487777E0));
#1292=CARTESIAN_POINT('',(5.677648278146E0,-6.116928884097E0,
-6.566085134797E0));
#1293=CARTESIAN_POINT('',(5.679802549750E0,-6.105955069548E0,
-6.567605763491E0));
#1294=CARTESIAN_POINT('',(5.682591619064E0,-6.095029485931E0,
-6.569572057424E0));
#1295=CARTESIAN_POINT('',(5.686026247490E0,-6.084177607508E0,
-6.571989739405E0));
#1296=CARTESIAN_POINT('',(5.690123836108E0,-6.073413156197E0,
-6.574868726034E0));
#1297=CARTESIAN_POINT('',(5.694895953327E0,-6.062773488860E0,
-6.578214329553E0));
#1298=CARTESIAN_POINT('',(5.700360732163E0,-6.052283848361E0,
-6.582035946554E0));
#1299=CARTESIAN_POINT('',(5.706531837577E0,-6.041985094828E0,
-6.586339285787E0));
#1300=CARTESIAN_POINT('',(5.713416468056E0,-6.031927655130E0,
-6.591125031549E0));
#1301=CARTESIAN_POINT('',(5.721030331885E0,-6.022151128349E0,
-6.596399251324E0));
#1302=CARTESIAN_POINT('',(5.729369353146E0,-6.012721727504E0,
-6.602153799625E0));
#1303=CARTESIAN_POINT('',(5.738427798729E0,-6.003701095159E0,
-6.608379063518E0));
#1304=CARTESIAN_POINT('',(5.748201067767E0,-5.995148292429E0,
-6.615065880495E0));
#1305=CARTESIAN_POINT('',(5.758657997361E0,-5.987140772405E0,
-6.622186772755E0));
#1306=CARTESIAN_POINT('',(5.769770356071E0,-5.979744711702E0,
-6.629716388793E0));
#1307=CARTESIAN_POINT('',(5.781497353283E0,-5.973028896047E0,
-6.637621069556E0));
#1308=CARTESIAN_POINT('',(5.793778989654E0,-5.967063270870E0,
-6.645854738720E0));
#1309=CARTESIAN_POINT('',(5.806553520533E0,-5.961907432014E0,
-6.654370940483E0));
#1310=CARTESIAN_POINT('',(5.819749805292E0,-5.957615069255E0,
-6.663117865217E0));
#1311=CARTESIAN_POINT('',(5.833282188689E0,-5.954233098721E0,
-6.672035236588E0));
#1312=CARTESIAN_POINT('',(5.847060870681E0,-5.951795979753E0,
-6.681061439534E0));
#1313=CARTESIAN_POINT('',(5.861003591671E0,-5.950326464389E0,
-6.690141113855E0));
#1314=CARTESIAN_POINT('',(5.870331944601E0,-5.95E0,-6.696180121680E0));
#1315=CARTESIAN_POINT('',(5.875E0,-5.95E0,-6.699193338483E0));
#1317=CARTESIAN_POINT('',(5.875E0,-6.15E0,-4.15E0));
#1318=DIRECTION('',(0.E0,0.E0,-1.E0));
#1319=DIRECTION('',(-1.E0,0.E0,0.E0));
#1320=AXIS2_PLACEMENT_3D('',#1317,#1318,#1319);
#1322=CARTESIAN_POINT('',(4.675E0,-6.15E0,-6.564213562373E0));
#1323=CARTESIAN_POINT('',(4.675E0,-6.146327060209E0,-6.564213562373E0));
#1324=CARTESIAN_POINT('',(4.674797503008E0,-6.138969570133E0,
-6.564356760287E0));
#1325=CARTESIAN_POINT('',(4.673882614580E0,-6.127939143284E0,
-6.565003536733E0));
#1326=CARTESIAN_POINT('',(4.672351618875E0,-6.116928025801E0,
-6.566085207593E0));
#1327=CARTESIAN_POINT('',(4.670196574845E0,-6.105950968948E0,
-6.567606381307E0));
#1328=CARTESIAN_POINT('',(4.667407526264E0,-6.095026991998E0,
-6.569572658834E0));
#1329=CARTESIAN_POINT('',(4.663975981675E0,-6.084184458673E0,
-6.571988170482E0));
#1330=CARTESIAN_POINT('',(4.659879930888E0,-6.073422195355E0,
-6.574866082148E0));
#1331=CARTESIAN_POINT('',(4.655107542175E0,-6.062780659620E0,
-6.578211882126E0));
#1332=CARTESIAN_POINT('',(4.649643274180E0,-6.052291032756E0,
-6.582033148429E0));
#1333=CARTESIAN_POINT('',(4.643472441835E0,-6.041991709796E0,
-6.586336306733E0));
#1334=CARTESIAN_POINT('',(4.636587037513E0,-6.031932413766E0,
-6.591122599378E0));
#1335=CARTESIAN_POINT('',(4.628973797885E0,-6.022156166672E0,
-6.596396394690E0));
#1336=CARTESIAN_POINT('',(4.620635992723E0,-6.012727360407E0,
-6.602150118822E0));
#1337=CARTESIAN_POINT('',(4.611575881318E0,-6.003704485681E0,
-6.608376540984E0));
#1338=CARTESIAN_POINT('',(4.601803161488E0,-5.995151770401E0,
-6.615062993175E0));
#1339=CARTESIAN_POINT('',(4.591345975707E0,-5.987143583297E0,
-6.622184074711E0));
#1340=CARTESIAN_POINT('',(4.580233329445E0,-5.979746992342E0,
-6.629713897811E0));
#1341=CARTESIAN_POINT('',(4.568506296579E0,-5.973030781802E0,
-6.637618617775E0));
#1342=CARTESIAN_POINT('',(4.556222967028E0,-5.967064139107E0,
-6.645853430598E0));
#1343=CARTESIAN_POINT('',(4.543450398530E0,-5.961908906994E0,
-6.654368332859E0));
#1344=CARTESIAN_POINT('',(4.530253220124E0,-5.957615816870E0,
-6.663115871958E0));
#1345=CARTESIAN_POINT('',(4.516716144095E0,-5.954232754573E0,
-6.672036331372E0));
#1346=CARTESIAN_POINT('',(4.502941647763E0,-5.951796369037E0,
-6.681059792797E0));
#1347=CARTESIAN_POINT('',(4.488995871556E0,-5.950326360584E0,
-6.690141465964E0));
#1348=CARTESIAN_POINT('',(4.479667875798E0,-5.95E0,-6.696180237612E0));
#1349=CARTESIAN_POINT('',(4.475E0,-5.95E0,-6.699193338483E0));
#1351=CARTESIAN_POINT('',(4.675E0,-6.15E0,-5.65E0));
#1352=CARTESIAN_POINT('',(4.675E0,-6.146653309747E0,-5.65E0));
#1353=CARTESIAN_POINT('',(4.674831844031E0,-6.139944049365E0,
-5.650168155969E0));
#1354=CARTESIAN_POINT('',(4.674070136872E0,-6.129867904247E0,
-5.650929863128E0));
#1355=CARTESIAN_POINT('',(4.672791065002E0,-6.119776484126E0,
-5.652208934998E0));
#1356=CARTESIAN_POINT('',(4.670982682807E0,-6.109672802897E0,
-5.654017317193E0));
#1357=CARTESIAN_POINT('',(4.668628198793E0,-6.099556294742E0,
-5.656371801207E0));
#1358=CARTESIAN_POINT('',(4.665706203444E0,-6.089429496987E0,
-5.659293796556E0));
#1359=CARTESIAN_POINT('',(4.662190212996E0,-6.079297357629E0,
-5.662809787004E0));
#1360=CARTESIAN_POINT('',(4.658052806427E0,-6.069176923833E0,
-5.666947193573E0));
#1361=CARTESIAN_POINT('',(4.653258605051E0,-6.059080079930E0,
-5.671741394949E0));
#1362=CARTESIAN_POINT('',(4.647778402018E0,-6.049043071510E0,
-5.677221597982E0));
#1363=CARTESIAN_POINT('',(4.641570821314E0,-6.039089290241E0,
-5.683429178686E0));
#1364=CARTESIAN_POINT('',(4.634608597665E0,-6.029274537297E0,
-5.690391402335E0));
#1365=CARTESIAN_POINT('',(4.626855375612E0,-6.019645579879E0,
-5.698144624388E0));
#1366=CARTESIAN_POINT('',(4.618284755418E0,-6.010269199513E0,
-5.706715244582E0));
#1367=CARTESIAN_POINT('',(4.608881753591E0,-6.001225262454E0,
-5.716118246409E0));
#1368=CARTESIAN_POINT('',(4.598632491022E0,-5.992594799383E0,
-5.726367508978E0));
#1369=CARTESIAN_POINT('',(4.587542301772E0,-5.984474388085E0,
-5.737457698228E0));
#1370=CARTESIAN_POINT('',(4.575633898488E0,-5.976967157394E0,
-5.749366101512E0));
#1371=CARTESIAN_POINT('',(4.562942513069E0,-5.970176193805E0,
-5.762057486931E0));
#1372=CARTESIAN_POINT('',(4.549525022572E0,-5.964206619190E0,
-5.775474977428E0));
#1373=CARTESIAN_POINT('',(4.535463624011E0,-5.959160631835E0,
-5.789536375989E0));
#1374=CARTESIAN_POINT('',(4.520855294738E0,-5.955129026758E0,
-5.804144705262E0));
#1375=CARTESIAN_POINT('',(4.505821036874E0,-5.952189406834E0,
-5.819178963126E0));
#1376=CARTESIAN_POINT('',(4.490482342664E0,-5.950400565954E0,
-5.834517657336E0));
#1377=CARTESIAN_POINT('',(4.480174415465E0,-5.95E0,-5.844825584535E0));
#1378=CARTESIAN_POINT('',(4.475E0,-5.95E0,-5.85E0));
#1380=CARTESIAN_POINT('',(3.760786437627E0,-6.15E0,-5.65E0));
#1381=CARTESIAN_POINT('',(3.760786437627E0,-6.146327292684E0,-5.65E0));
#1382=CARTESIAN_POINT('',(3.760643258762E0,-6.138970188249E0,
-5.650202470063E0));
#1383=CARTESIAN_POINT('',(3.759996521655E0,-6.127939833933E0,
-5.651117302785E0));
#1384=CARTESIAN_POINT('',(3.758914887520E0,-6.116929079382E0,
-5.652648246548E0));
#1385=CARTESIAN_POINT('',(3.757394275230E0,-6.105955317601E0,
-5.654802494870E0));
#1386=CARTESIAN_POINT('',(3.755428004834E0,-6.095029802368E0,
-5.657591530707E0));
#1387=CARTESIAN_POINT('',(3.753010362169E0,-6.084178027658E0,
-5.661026103089E0));
#1388=CARTESIAN_POINT('',(3.750131398054E0,-6.073413577876E0,
-5.665123659288E0));
#1389=CARTESIAN_POINT('',(3.746785788132E0,-6.062773842685E0,
-5.669895785301E0));
#1390=CARTESIAN_POINT('',(3.742964343074E0,-6.052284618835E0,
-5.675360317828E0));
#1391=CARTESIAN_POINT('',(3.738661129559E0,-6.041985987109E0,
-5.681531240460E0));
#1392=CARTESIAN_POINT('',(3.733874756250E0,-6.031927209788E0,
-5.688416773200E0));
#1393=CARTESIAN_POINT('',(3.728601010401E0,-6.022151678850E0,
-5.696029955926E0));
#1394=CARTESIAN_POINT('',(3.722847542800E0,-6.012723762167E0,
-5.704367402671E0));
#1395=CARTESIAN_POINT('',(3.716620900739E0,-6.003701023925E0,
-5.713427850358E0));
#1396=CARTESIAN_POINT('',(3.709934495020E0,-5.995148686282E0,
-5.723200514705E0));
#1397=CARTESIAN_POINT('',(3.702811480283E0,-5.987138931636E0,
-5.733660569167E0));
#1398=CARTESIAN_POINT('',(3.695283902131E0,-5.979745034610E0,
-5.744769928643E0));
#1399=CARTESIAN_POINT('',(3.687378507447E0,-5.973028525130E0,
-5.756497980240E0));
#1400=CARTESIAN_POINT('',(3.679144903467E0,-5.967063049525E0,
-5.768779525893E0));
#1401=CARTESIAN_POINT('',(3.670628844359E0,-5.961907314283E0,
-5.781553844248E0));
#1402=CARTESIAN_POINT('',(3.661881918298E0,-5.957614976175E0,
-5.794750132916E0));
#1403=CARTESIAN_POINT('',(3.652964600419E0,-5.954233048271E0,
-5.808282436967E0));
#1404=CARTESIAN_POINT('',(3.643938455435E0,-5.951795958941E0,
-5.822061031644E0));
#1405=CARTESIAN_POINT('',(3.634858830189E0,-5.950326460186E0,
-5.836003678007E0));
#1406=CARTESIAN_POINT('',(3.628819859582E0,-5.95E0,-5.845331973631E0));
#1407=CARTESIAN_POINT('',(3.625806661517E0,-5.95E0,-5.85E0));
#1409=CARTESIAN_POINT('',(3.760786437627E0,-6.15E0,-4.65E0));
#1410=CARTESIAN_POINT('',(3.760786437627E0,-6.146327319793E0,-4.65E0));
#1411=CARTESIAN_POINT('',(3.760643260892E0,-6.138970269966E0,
-4.649797532949E0));
#1412=CARTESIAN_POINT('',(3.759996533310E0,-6.127939996681E0,
-4.648882713703E0));
#1413=CARTESIAN_POINT('',(3.758914915515E0,-6.116929325389E0,
-4.647351793086E0));
#1414=CARTESIAN_POINT('',(3.757394325842E0,-6.105955642866E0,
-4.645197576862E0));
#1415=CARTESIAN_POINT('',(3.755428085364E0,-6.095030208407E0,
-4.642408583587E0));
#1416=CARTESIAN_POINT('',(3.753010478470E0,-6.084178507478E0,
-4.638974062256E0));
#1417=CARTESIAN_POINT('',(3.750131558907E0,-6.073414136326E0,
-4.634876569854E0));
#1418=CARTESIAN_POINT('',(3.746786003084E0,-6.062774480565E0,
-4.630104521633E0));
#1419=CARTESIAN_POINT('',(3.742964609194E0,-6.052285302433E0,
-4.624640063197E0));
#1420=CARTESIAN_POINT('',(3.738661457113E0,-6.041986726530E0,
-4.618469229895E0));
#1421=CARTESIAN_POINT('',(3.733875200800E0,-6.031928094542E0,
-4.611583867194E0));
#1422=CARTESIAN_POINT('',(3.728601509354E0,-6.022152535895E0,
-4.603970766065E0));
#1423=CARTESIAN_POINT('',(3.722847931024E0,-6.012724375086E0,
-4.595633160464E0));
#1424=CARTESIAN_POINT('',(3.716621742891E0,-6.003702172322E0,
-4.586573377871E0));
#1425=CARTESIAN_POINT('',(3.709935579079E0,-5.995150068446E0,
-4.576801069465E0));
#1426=CARTESIAN_POINT('',(3.702814645428E0,-5.987142261446E0,
-4.566344090351E0));
#1427=CARTESIAN_POINT('',(3.695285524957E0,-5.979746490742E0,
-4.555232473940E0));
#1428=CARTESIAN_POINT('',(3.687381301414E0,-5.973030754708E0,
-4.543506173762E0));
#1429=CARTESIAN_POINT('',(3.679146299229E0,-5.967063829159E0,
-4.531222572253E0));
#1430=CARTESIAN_POINT('',(3.670626843677E0,-5.961906199912E0,
-4.518443147530E0));
#1431=CARTESIAN_POINT('',(3.661881996063E0,-5.957615080613E0,
-4.505249979229E0));
#1432=CARTESIAN_POINT('',(3.652964688262E0,-5.954233048994E0,
-4.491717698944E0));
#1433=CARTESIAN_POINT('',(3.643938200907E0,-5.951795908234E0,
-4.477938578333E0));
#1434=CARTESIAN_POINT('',(3.634858888647E0,-5.950326474168E0,
-4.463996411372E0));
#1435=CARTESIAN_POINT('',(3.628819881951E0,-5.95E0,-4.454668061024E0));
#1436=CARTESIAN_POINT('',(3.625806661517E0,-5.95E0,-4.45E0));
#1438=CARTESIAN_POINT('',(4.675E0,-6.15E0,-4.65E0));
#1439=CARTESIAN_POINT('',(4.675E0,-6.146653309747E0,-4.65E0));
#1440=CARTESIAN_POINT('',(4.674831844031E0,-6.139944049365E0,
-4.649831844031E0));
#1441=CARTESIAN_POINT('',(4.674070136872E0,-6.129867904247E0,
-4.649070136872E0));
#1442=CARTESIAN_POINT('',(4.672791065002E0,-6.119776484126E0,
-4.647791065002E0));
#1443=CARTESIAN_POINT('',(4.670982682807E0,-6.109672802897E0,
-4.645982682807E0));
#1444=CARTESIAN_POINT('',(4.668628198793E0,-6.099556294742E0,
-4.643628198793E0));
#1445=CARTESIAN_POINT('',(4.665706203444E0,-6.089429496987E0,
-4.640706203444E0));
#1446=CARTESIAN_POINT('',(4.662190212996E0,-6.079297357629E0,
-4.637190212996E0));
#1447=CARTESIAN_POINT('',(4.658052806427E0,-6.069176923833E0,
-4.633052806427E0));
#1448=CARTESIAN_POINT('',(4.653258605051E0,-6.059080079930E0,
-4.628258605051E0));
#1449=CARTESIAN_POINT('',(4.647778402018E0,-6.049043071510E0,
-4.622778402018E0));
#1450=CARTESIAN_POINT('',(4.641570821314E0,-6.039089290241E0,
-4.616570821314E0));
#1451=CARTESIAN_POINT('',(4.634608597665E0,-6.029274537297E0,
-4.609608597665E0));
#1452=CARTESIAN_POINT('',(4.626855375612E0,-6.019645579879E0,
-4.601855375612E0));
#1453=CARTESIAN_POINT('',(4.618284755418E0,-6.010269199513E0,
-4.593284755418E0));
#1454=CARTESIAN_POINT('',(4.608881753591E0,-6.001225262454E0,
-4.583881753591E0));
#1455=CARTESIAN_POINT('',(4.598632491022E0,-5.992594799383E0,
-4.573632491022E0));
#1456=CARTESIAN_POINT('',(4.587542301772E0,-5.984474388085E0,
-4.562542301772E0));
#1457=CARTESIAN_POINT('',(4.575633898488E0,-5.976967157394E0,
-4.550633898488E0));
#1458=CARTESIAN_POINT('',(4.562942513069E0,-5.970176193805E0,
-4.537942513069E0));
#1459=CARTESIAN_POINT('',(4.549525022572E0,-5.964206619190E0,
-4.524525022572E0));
#1460=CARTESIAN_POINT('',(4.535463624011E0,-5.959160631835E0,
-4.510463624011E0));
#1461=CARTESIAN_POINT('',(4.520855294738E0,-5.955129026758E0,
-4.495855294738E0));
#1462=CARTESIAN_POINT('',(4.505821036874E0,-5.952189406834E0,
-4.480821036874E0));
#1463=CARTESIAN_POINT('',(4.490482342664E0,-5.950400565954E0,
-4.465482342664E0));
#1464=CARTESIAN_POINT('',(4.480174415465E0,-5.95E0,-4.455174415465E0));
#1465=CARTESIAN_POINT('',(4.475E0,-5.95E0,-4.45E0));
#1467=DIRECTION('',(0.E0,-1.E0,0.E0));
#1468=VECTOR('',#1467,8.E-1);
#1469=CARTESIAN_POINT('',(4.675E0,-6.15E0,-4.65E0));
#1470=LINE('',#1469,#1468);
#1471=DIRECTION('',(-1.E0,0.E0,0.E0));
#1472=VECTOR('',#1471,9.142135623731E-1);
#1473=CARTESIAN_POINT('',(4.675E0,-6.15E0,-4.65E0));
#1474=LINE('',#1473,#1472);
#1475=DIRECTION('',(0.E0,-1.E0,0.E0));
#1476=VECTOR('',#1475,1.8E0);
#1477=CARTESIAN_POINT('',(4.675E0,-6.95E0,-4.283974596216E0));
#1478=LINE('',#1477,#1476);
#1479=CARTESIAN_POINT('',(4.675E0,-9.75E0,-4.660102051443E0));
#1480=CARTESIAN_POINT('',(4.675E0,-9.722424492484E0,-4.648281514951E0));
#1481=CARTESIAN_POINT('',(4.675E0,-9.662802546996E0,-4.623166740192E0));
#1482=CARTESIAN_POINT('',(4.675E0,-9.561063723246E0,-4.581807123935E0));
#1483=CARTESIAN_POINT('',(4.675E0,-9.443292009283E0,-4.535505752199E0));
#1484=CARTESIAN_POINT('',(4.675E0,-9.306823321544E0,-4.483535028525E0));
#1485=CARTESIAN_POINT('',(4.675E0,-9.148739240811E0,-4.425102075047E0));
#1486=CARTESIAN_POINT('',(4.675E0,-8.966266763528E0,-4.359484757485E0));
#1487=CARTESIAN_POINT('',(4.675E0,-8.825165546257E0,-4.310012705235E0));
#1488=CARTESIAN_POINT('',(4.675E0,-8.75E0,-4.283974596216E0));
#1490=CARTESIAN_POINT('',(4.675E0,-8.75E0,-6.016025403784E0));
#1491=CARTESIAN_POINT('',(4.675E0,-8.824685933841E0,-5.990153437380E0));
#1492=CARTESIAN_POINT('',(4.675E0,-8.965030579247E0,-5.940951204390E0));
#1493=CARTESIAN_POINT('',(4.675E0,-9.147037202785E0,-5.875516821347E0));
#1494=CARTESIAN_POINT('',(4.675E0,-9.305125158352E0,-5.817101652552E0));
#1495=CARTESIAN_POINT('',(4.675E0,-9.441919933136E0,-5.765026305700E0));
#1496=CARTESIAN_POINT('',(4.675E0,-9.560291067026E0,-5.718503874863E0));
#1497=CARTESIAN_POINT('',(4.675E0,-9.662509228171E0,-5.676956360189E0));
#1498=CARTESIAN_POINT('',(4.675E0,-9.722342859157E0,-5.651753478048E0));
#1499=CARTESIAN_POINT('',(4.675E0,-9.75E0,-5.639897948557E0));
#1501=DIRECTION('',(0.E0,0.E0,-1.E0));
#1502=VECTOR('',#1501,9.142135623731E-1);
#1503=CARTESIAN_POINT('',(4.675E0,-6.15E0,-5.65E0));
#1504=LINE('',#1503,#1502);
#1505=DIRECTION('',(0.E0,0.E0,-1.E0));
#1506=VECTOR('',#1505,1.E0);
#1507=CARTESIAN_POINT('',(4.675E0,-6.95E0,-4.65E0));
#1508=LINE('',#1507,#1506);
#1509=DIRECTION('',(0.E0,0.E0,-1.E0));
#1510=VECTOR('',#1509,9.142135623731E-1);
#1511=CARTESIAN_POINT('',(4.675E0,-6.15E0,-3.735786437627E0));
#1512=LINE('',#1511,#1510);
#1513=DIRECTION('',(0.E0,-1.E0,0.E0));
#1514=VECTOR('',#1513,6.E-1);
#1515=CARTESIAN_POINT('',(4.675E0,-6.15E0,-3.735786437627E0));
#1516=LINE('',#1515,#1514);
#1517=CARTESIAN_POINT('',(5.175E0,-6.75E0,-5.15E0));
#1518=DIRECTION('',(0.E0,-1.E0,0.E0));
#1519=DIRECTION('',(-4.166666666667E-1,0.E0,-9.090593428863E-1));
#1520=AXIS2_PLACEMENT_3D('',#1517,#1518,#1519);
#1522=DIRECTION('',(0.E0,0.E0,1.E0));
#1523=VECTOR('',#1522,3.233423509095E-1);
#1524=CARTESIAN_POINT('',(5.675E0,-6.75E0,-6.564213562373E0));
#1525=LINE('',#1524,#1523);
#1526=CARTESIAN_POINT('',(5.175E0,-6.75E0,-5.15E0));
#1527=DIRECTION('',(0.E0,-1.E0,0.E0));
#1528=DIRECTION('',(-3.333333333333E-1,0.E0,-9.428090415821E-1));
#1529=AXIS2_PLACEMENT_3D('',#1526,#1527,#1528);
#1531=DIRECTION('',(0.E0,0.E0,-1.E0));
#1532=VECTOR('',#1531,3.233423509095E-1);
#1533=CARTESIAN_POINT('',(4.675E0,-6.75E0,-6.240871211464E0));
#1534=LINE('',#1533,#1532);
#1535=DIRECTION('',(0.E0,0.E0,-1.E0));
#1536=VECTOR('',#1535,1.E0);
#1537=CARTESIAN_POINT('',(4.475E0,-6.75E0,-4.65E0));
#1538=LINE('',#1537,#1536);
#1539=DIRECTION('',(1.E0,0.E0,0.E0));
#1540=VECTOR('',#1539,7.142135623731E-1);
#1541=CARTESIAN_POINT('',(3.760786437627E0,-6.75E0,-5.65E0));
#1542=LINE('',#1541,#1540);
#1543=CARTESIAN_POINT('',(5.175E0,-6.75E0,-5.15E0));
#1544=DIRECTION('',(0.E0,-1.E0,0.E0));
#1545=DIRECTION('',(-9.428090415821E-1,0.E0,3.333333333333E-1));
#1546=AXIS2_PLACEMENT_3D('',#1543,#1544,#1545);
#1548=DIRECTION('',(-1.E0,0.E0,0.E0));
#1549=VECTOR('',#1548,7.142135623731E-1);
#1550=CARTESIAN_POINT('',(4.475E0,-6.75E0,-4.65E0));
#1551=LINE('',#1550,#1549);
#1552=CARTESIAN_POINT('',(5.175E0,-6.75E0,-5.15E0));
#1553=DIRECTION('',(0.E0,-1.E0,0.E0));
#1554=DIRECTION('',(4.166666666667E-1,0.E0,9.090593428863E-1));
#1555=AXIS2_PLACEMENT_3D('',#1552,#1553,#1554);
#1557=DIRECTION('',(0.E0,0.E0,-1.E0));
#1558=VECTOR('',#1557,3.233423509095E-1);
#1559=CARTESIAN_POINT('',(4.675E0,-6.75E0,-3.735786437627E0));
#1560=LINE('',#1559,#1558);
#1561=CARTESIAN_POINT('',(5.175E0,-6.75E0,-5.15E0));
#1562=DIRECTION('',(0.E0,-1.E0,0.E0));
#1563=DIRECTION('',(3.333333333333E-1,0.E0,9.428090415821E-1));
#1564=AXIS2_PLACEMENT_3D('',#1561,#1562,#1563);
#1566=DIRECTION('',(0.E0,0.E0,1.E0));
#1567=VECTOR('',#1566,3.233423509095E-1);
#1568=CARTESIAN_POINT('',(5.675E0,-6.75E0,-4.059128788536E0));
#1569=LINE('',#1568,#1567);
#1570=CARTESIAN_POINT('',(4.675E0,-6.75E0,-6.240871211464E0));
#1571=CARTESIAN_POINT('',(4.675E0,-6.75E0,-6.235967813439E0));
#1572=CARTESIAN_POINT('',(4.675E0,-6.750297041023E0,-6.226162686668E0));
#1573=CARTESIAN_POINT('',(4.675E0,-6.751641318528E0,-6.211412263707E0));
#1574=CARTESIAN_POINT('',(4.675E0,-6.753879571695E0,-6.196762328947E0));
#1575=CARTESIAN_POINT('',(4.675E0,-6.756988950479E0,-6.182316926944E0));
#1576=CARTESIAN_POINT('',(4.675E0,-6.760962732226E0,-6.168090243089E0));
#1577=CARTESIAN_POINT('',(4.675E0,-6.765782637932E0,-6.154155546169E0));
#1578=CARTESIAN_POINT('',(4.675E0,-6.771404150943E0,-6.140628912546E0));
#1579=CARTESIAN_POINT('',(4.675E0,-6.777759828641E0,-6.127626064082E0));
#1580=CARTESIAN_POINT('',(4.675E0,-6.784831354473E0,-6.115145083824E0));
#1581=CARTESIAN_POINT('',(4.675E0,-6.792572487700E0,-6.103246573362E0));
#1582=CARTESIAN_POINT('',(4.675E0,-6.800912014501E0,-6.092010603072E0));
#1583=CARTESIAN_POINT('',(4.675E0,-6.809758131301E0,-6.081515173266E0));
#1584=CARTESIAN_POINT('',(4.675E0,-6.819089824023E0,-6.071743874111E0));
#1585=CARTESIAN_POINT('',(4.675E0,-6.828857687324E0,-6.062721715561E0));
#1586=CARTESIAN_POINT('',(4.675E0,-6.838981371774E0,-6.054492315387E0));
#1587=CARTESIAN_POINT('',(4.675E0,-6.849379139660E0,-6.047082693586E0));
#1588=CARTESIAN_POINT('',(4.675E0,-6.860038269747E0,-6.040467818440E0));
#1589=CARTESIAN_POINT('',(4.675E0,-6.870908709592E0,-6.034653872788E0));
#1590=CARTESIAN_POINT('',(4.675E0,-6.881934535305E0,-6.029642771297E0));
#1591=CARTESIAN_POINT('',(4.675E0,-6.893111782018E0,-6.025415442101E0));
#1592=CARTESIAN_POINT('',(4.675E0,-6.904367667599E0,-6.021979005715E0));
#1593=CARTESIAN_POINT('',(4.675E0,-6.915721664277E0,-6.019311230841E0));
#1594=CARTESIAN_POINT('',(4.675E0,-6.927111962216E0,-6.017414501997E0));
#1595=CARTESIAN_POINT('',(4.675E0,-6.938562236044E0,-6.016276686107E0));
#1596=CARTESIAN_POINT('',(4.675E0,-6.946186246765E0,-6.016025403784E0));
#1597=CARTESIAN_POINT('',(4.675E0,-6.95E0,-6.016025403784E0));
#1599=CARTESIAN_POINT('',(5.675E0,-6.95E0,-6.016025403784E0));
#1600=CARTESIAN_POINT('',(5.675E0,-6.946186229400E0,-6.016025403784E0));
#1601=CARTESIAN_POINT('',(5.675E0,-6.938562184022E0,-6.016276688396E0));
#1602=CARTESIAN_POINT('',(5.675E0,-6.927111858390E0,-6.017414514621E0));
#1603=CARTESIAN_POINT('',(5.675E0,-6.915721508944E0,-6.019311260805E0));
#1604=CARTESIAN_POINT('',(5.675E0,-6.904367461752E0,-6.021979060035E0));
#1605=CARTESIAN_POINT('',(5.675E0,-6.893111526859E0,-6.025415528035E0));
#1606=CARTESIAN_POINT('',(5.675E0,-6.881934233606E0,-6.029642895244E0));
#1607=CARTESIAN_POINT('',(5.675E0,-6.870908357382E0,-6.034654045989E0));
#1608=CARTESIAN_POINT('',(5.675E0,-6.860037888669E0,-6.040468035691E0));
#1609=CARTESIAN_POINT('',(5.675E0,-6.849378655414E0,-6.047083014239E0));
#1610=CARTESIAN_POINT('',(5.675E0,-6.838981148179E0,-6.054492508404E0));
#1611=CARTESIAN_POINT('',(5.675E0,-6.828858290155E0,-6.062721214033E0));
#1612=CARTESIAN_POINT('',(5.675E0,-6.819090522015E0,-6.071743184466E0));
#1613=CARTESIAN_POINT('',(5.675E0,-6.809758670682E0,-6.081514562245E0));
#1614=CARTESIAN_POINT('',(5.675E0,-6.800912298100E0,-6.092010236847E0));
#1615=CARTESIAN_POINT('',(5.675E0,-6.792572726829E0,-6.103246230543E0));
#1616=CARTESIAN_POINT('',(5.675E0,-6.784831589516E0,-6.115144699047E0));
#1617=CARTESIAN_POINT('',(5.675E0,-6.777760070323E0,-6.127625607296E0));
#1618=CARTESIAN_POINT('',(5.675E0,-6.771404363549E0,-6.140628439963E0));
#1619=CARTESIAN_POINT('',(5.675E0,-6.765782799871E0,-6.154155115793E0));
#1620=CARTESIAN_POINT('',(5.675E0,-6.760962840311E0,-6.168089890075E0));
#1621=CARTESIAN_POINT('',(5.675E0,-6.756989013145E0,-6.182316665533E0));
#1622=CARTESIAN_POINT('',(5.675E0,-6.753879604565E0,-6.196762142277E0));
#1623=CARTESIAN_POINT('',(5.675E0,-6.751641332226E0,-6.211412141077E0));
#1624=CARTESIAN_POINT('',(5.675E0,-6.750297043674E0,-6.226162622798E0));
#1625=CARTESIAN_POINT('',(5.675E0,-6.75E0,-6.235967791984E0));
#1626=CARTESIAN_POINT('',(5.675E0,-6.75E0,-6.240871211464E0));
#1628=CARTESIAN_POINT('',(5.175E0,-6.95E0,-5.15E0));
#1629=DIRECTION('',(0.E0,-1.E0,0.E0));
#1630=DIRECTION('',(-5.E-1,0.E0,-8.660254037844E-1));
#1631=AXIS2_PLACEMENT_3D('',#1628,#1629,#1630);
#1633=DIRECTION('',(0.E0,-1.E0,0.E0));
#1634=VECTOR('',#1633,1.8E0);
#1635=CARTESIAN_POINT('',(4.675E0,-6.95E0,-6.016025403784E0));
#1636=LINE('',#1635,#1634);
#1637=CARTESIAN_POINT('',(5.175E0,-9.75E0,-5.15E0));
#1638=DIRECTION('',(0.E0,-1.E0,0.E0));
#1639=DIRECTION('',(-7.142857142857E-1,0.E0,-6.998542122238E-1));
#1640=AXIS2_PLACEMENT_3D('',#1637,#1638,#1639);
#1642=CARTESIAN_POINT('',(5.175E0,-8.75E0,-5.15E0));
#1643=DIRECTION('',(0.E0,1.E0,0.E0));
#1644=DIRECTION('',(5.E-1,0.E0,-8.660254037844E-1));
#1645=AXIS2_PLACEMENT_3D('',#1642,#1643,#1644);
#1647=CARTESIAN_POINT('',(5.175E0,-8.75E0,-5.15E0));
#1648=DIRECTION('',(0.E0,1.E0,0.E0));
#1649=DIRECTION('',(-5.E-1,0.E0,8.660254037844E-1));
#1650=AXIS2_PLACEMENT_3D('',#1647,#1648,#1649);
#1652=CARTESIAN_POINT('',(5.175E0,-9.75E0,-5.15E0));
#1653=DIRECTION('',(0.E0,-1.E0,0.E0));
#1654=DIRECTION('',(7.142857142857E-1,0.E0,6.998542122238E-1));
#1655=AXIS2_PLACEMENT_3D('',#1652,#1653,#1654);
#1657=DIRECTION('',(0.E0,0.E0,-1.E0));
#1658=VECTOR('',#1657,9.797958971133E-1);
#1659=CARTESIAN_POINT('',(4.675E0,-9.75E0,-4.660102051443E0));
#1660=LINE('',#1659,#1658);
#1661=DIRECTION('',(0.E0,0.E0,1.E0));
#1662=VECTOR('',#1661,9.797958971133E-1);
#1663=CARTESIAN_POINT('',(5.675E0,-9.75E0,-5.639897948557E0));
#1664=LINE('',#1663,#1662);
#1665=DIRECTION('',(0.E0,-1.E0,0.E0));
#1666=VECTOR('',#1665,1.4E0);
#1667=CARTESIAN_POINT('',(5.675E0,-4.55E0,-1.95E0));
#1668=LINE('',#1667,#1666);
#1669=DIRECTION('',(0.E0,0.E0,1.E0));
#1670=VECTOR('',#1669,2.414213562373E0);
#1671=CARTESIAN_POINT('',(5.675E0,-6.15E0,-6.564213562373E0));
#1672=LINE('',#1671,#1670);
#1673=DIRECTION('',(0.E0,-1.E0,0.E0));
#1674=VECTOR('',#1673,6.E-1);
#1675=CARTESIAN_POINT('',(5.675E0,-6.15E0,-6.564213562373E0));
#1676=LINE('',#1675,#1674);
#1677=DIRECTION('',(0.E0,-1.E0,0.E0));
#1678=VECTOR('',#1677,1.8E0);
#1679=CARTESIAN_POINT('',(5.675E0,-6.95E0,-6.016025403784E0));
#1680=LINE('',#1679,#1678);
#1681=CARTESIAN_POINT('',(5.675E0,-9.75E0,-5.639897948557E0));
#1682=CARTESIAN_POINT('',(5.675E0,-9.722424492484E0,-5.651718485049E0));
#1683=CARTESIAN_POINT('',(5.675E0,-9.662802546996E0,-5.676833259808E0));
#1684=CARTESIAN_POINT('',(5.675E0,-9.561063723246E0,-5.718192876065E0));
#1685=CARTESIAN_POINT('',(5.675E0,-9.443292009283E0,-5.764494247801E0));
#1686=CARTESIAN_POINT('',(5.675E0,-9.306823321544E0,-5.816464971475E0));
#1687=CARTESIAN_POINT('',(5.675E0,-9.148739240811E0,-5.874897924953E0));
#1688=CARTESIAN_POINT('',(5.675E0,-8.966266763528E0,-5.940515242515E0));
#1689=CARTESIAN_POINT('',(5.675E0,-8.825165546257E0,-5.989987294765E0));
#1690=CARTESIAN_POINT('',(5.675E0,-8.75E0,-6.016025403784E0));
#1692=CARTESIAN_POINT('',(5.675E0,-8.75E0,-4.283974596216E0));
#1693=CARTESIAN_POINT('',(5.675E0,-8.824685933841E0,-4.309846562620E0));
#1694=CARTESIAN_POINT('',(5.675E0,-8.965030579247E0,-4.359048795610E0));
#1695=CARTESIAN_POINT('',(5.675E0,-9.147037202785E0,-4.424483178653E0));
#1696=CARTESIAN_POINT('',(5.675E0,-9.305125158352E0,-4.482898347448E0));
#1697=CARTESIAN_POINT('',(5.675E0,-9.441919933136E0,-4.534973694300E0));
#1698=CARTESIAN_POINT('',(5.675E0,-9.560291067026E0,-4.581496125137E0));
#1699=CARTESIAN_POINT('',(5.675E0,-9.662509228171E0,-4.623043639811E0));
#1700=CARTESIAN_POINT('',(5.675E0,-9.722342859157E0,-4.648246521952E0));
#1701=CARTESIAN_POINT('',(5.675E0,-9.75E0,-4.660102051443E0));
#1703=CARTESIAN_POINT('',(5.175E0,-6.95E0,-5.15E0));
#1704=DIRECTION('',(0.E0,-1.E0,0.E0));
#1705=DIRECTION('',(5.E-1,0.E0,8.660254037844E-1));
#1706=AXIS2_PLACEMENT_3D('',#1703,#1704,#1705);
#1708=DIRECTION('',(0.E0,-1.E0,0.E0));
#1709=VECTOR('',#1708,1.8E0);
#1710=CARTESIAN_POINT('',(5.675E0,-6.95E0,-4.283974596216E0));
#1711=LINE('',#1710,#1709);
#1712=CARTESIAN_POINT('',(5.675E0,-6.75E0,-4.059128788536E0));
#1713=CARTESIAN_POINT('',(5.675E0,-6.75E0,-4.064032186561E0));
#1714=CARTESIAN_POINT('',(5.675E0,-6.750297041023E0,-4.073837313332E0));
#1715=CARTESIAN_POINT('',(5.675E0,-6.751641318528E0,-4.088587736293E0));
#1716=CARTESIAN_POINT('',(5.675E0,-6.753879571695E0,-4.103237671053E0));
#1717=CARTESIAN_POINT('',(5.675E0,-6.756988950479E0,-4.117683073056E0));
#1718=CARTESIAN_POINT('',(5.675E0,-6.760962732226E0,-4.131909756911E0));
#1719=CARTESIAN_POINT('',(5.675E0,-6.765782637932E0,-4.145844453831E0));
#1720=CARTESIAN_POINT('',(5.675E0,-6.771404150943E0,-4.159371087454E0));
#1721=CARTESIAN_POINT('',(5.675E0,-6.777759828641E0,-4.172373935918E0));
#1722=CARTESIAN_POINT('',(5.675E0,-6.784831354473E0,-4.184854916176E0));
#1723=CARTESIAN_POINT('',(5.675E0,-6.792572487700E0,-4.196753426638E0));
#1724=CARTESIAN_POINT('',(5.675E0,-6.800912014501E0,-4.207989396928E0));
#1725=CARTESIAN_POINT('',(5.675E0,-6.809758131301E0,-4.218484826734E0));
#1726=CARTESIAN_POINT('',(5.675E0,-6.819089824023E0,-4.228256125889E0));
#1727=CARTESIAN_POINT('',(5.675E0,-6.828857687324E0,-4.237278284439E0));
#1728=CARTESIAN_POINT('',(5.675E0,-6.838981371774E0,-4.245507684613E0));
#1729=CARTESIAN_POINT('',(5.675E0,-6.849379139660E0,-4.252917306414E0));
#1730=CARTESIAN_POINT('',(5.675E0,-6.860038269747E0,-4.259532181560E0));
#1731=CARTESIAN_POINT('',(5.675E0,-6.870908709592E0,-4.265346127212E0));
#1732=CARTESIAN_POINT('',(5.675E0,-6.881934535305E0,-4.270357228703E0));
#1733=CARTESIAN_POINT('',(5.675E0,-6.893111782018E0,-4.274584557899E0));
#1734=CARTESIAN_POINT('',(5.675E0,-6.904367667599E0,-4.278020994285E0));
#1735=CARTESIAN_POINT('',(5.675E0,-6.915721664277E0,-4.280688769159E0));
#1736=CARTESIAN_POINT('',(5.675E0,-6.927111962216E0,-4.282585498003E0));
#1737=CARTESIAN_POINT('',(5.675E0,-6.938562236044E0,-4.283723313893E0));
#1738=CARTESIAN_POINT('',(5.675E0,-6.946186246765E0,-4.283974596216E0));
#1739=CARTESIAN_POINT('',(5.675E0,-6.95E0,-4.283974596216E0));
#1741=CARTESIAN_POINT('',(4.675E0,-6.95E0,-4.283974596216E0));
#1742=CARTESIAN_POINT('',(4.675E0,-6.946186229400E0,-4.283974596216E0));
#1743=CARTESIAN_POINT('',(4.675E0,-6.938562184022E0,-4.283723311604E0));
#1744=CARTESIAN_POINT('',(4.675E0,-6.927111858390E0,-4.282585485379E0));
#1745=CARTESIAN_POINT('',(4.675E0,-6.915721508944E0,-4.280688739195E0));
#1746=CARTESIAN_POINT('',(4.675E0,-6.904367461752E0,-4.278020939965E0));
#1747=CARTESIAN_POINT('',(4.675E0,-6.893111526859E0,-4.274584471965E0));
#1748=CARTESIAN_POINT('',(4.675E0,-6.881934233606E0,-4.270357104756E0));
#1749=CARTESIAN_POINT('',(4.675E0,-6.870908357382E0,-4.265345954011E0));
#1750=CARTESIAN_POINT('',(4.675E0,-6.860037888669E0,-4.259531964309E0));
#1751=CARTESIAN_POINT('',(4.675E0,-6.849378655414E0,-4.252916985761E0));
#1752=CARTESIAN_POINT('',(4.675E0,-6.838981148179E0,-4.245507491596E0));
#1753=CARTESIAN_POINT('',(4.675E0,-6.828858290155E0,-4.237278785967E0));
#1754=CARTESIAN_POINT('',(4.675E0,-6.819090522015E0,-4.228256815534E0));
#1755=CARTESIAN_POINT('',(4.675E0,-6.809758670682E0,-4.218485437755E0));
#1756=CARTESIAN_POINT('',(4.675E0,-6.800912298100E0,-4.207989763153E0));
#1757=CARTESIAN_POINT('',(4.675E0,-6.792572726829E0,-4.196753769457E0));
#1758=CARTESIAN_POINT('',(4.675E0,-6.784831589516E0,-4.184855300953E0));
#1759=CARTESIAN_POINT('',(4.675E0,-6.777760070323E0,-4.172374392704E0));
#1760=CARTESIAN_POINT('',(4.675E0,-6.771404363549E0,-4.159371560037E0));
#1761=CARTESIAN_POINT('',(4.675E0,-6.765782799871E0,-4.145844884207E0));
#1762=CARTESIAN_POINT('',(4.675E0,-6.760962840311E0,-4.131910109925E0));
#1763=CARTESIAN_POINT('',(4.675E0,-6.756989013145E0,-4.117683334467E0));
#1764=CARTESIAN_POINT('',(4.675E0,-6.753879604565E0,-4.103237857723E0));
#1765=CARTESIAN_POINT('',(4.675E0,-6.751641332226E0,-4.088587858923E0));
#1766=CARTESIAN_POINT('',(4.675E0,-6.750297043674E0,-4.073837377202E0));
#1767=CARTESIAN_POINT('',(4.675E0,-6.75E0,-4.064032208016E0));
#1768=CARTESIAN_POINT('',(4.675E0,-6.75E0,-4.059128788536E0));
#1770=CARTESIAN_POINT('',(5.175E0,-6.15E0,-5.15E0));
#1771=DIRECTION('',(0.E0,-1.E0,0.E0));
#1772=DIRECTION('',(3.333333333333E-1,0.E0,9.428090415821E-1));
#1773=AXIS2_PLACEMENT_3D('',#1770,#1771,#1772);
#1775=DIRECTION('',(0.E0,-1.E0,0.E0));
#1776=VECTOR('',#1775,6.E-1);
#1777=CARTESIAN_POINT('',(5.675E0,-6.15E0,-3.735786437627E0));
#1778=LINE('',#1777,#1776);
#1779=CARTESIAN_POINT('',(5.675E0,-5.95E0,-3.525192319073E0));
#1780=CARTESIAN_POINT('',(5.675E0,-5.95E0,-3.529888987245E0));
#1781=CARTESIAN_POINT('',(5.675E0,-5.950301238545E0,-3.539268882104E0));
#1782=CARTESIAN_POINT('',(5.675E0,-5.951662164987E0,-3.553344111702E0));
#1783=CARTESIAN_POINT('',(5.675E0,-5.953925445886E0,-3.567287593561E0));
#1784=CARTESIAN_POINT('',(5.675E0,-5.957065178735E0,-3.580997742091E0));
#1785=CARTESIAN_POINT('',(5.675E0,-5.961076572862E0,-3.594475093421E0));
#1786=CARTESIAN_POINT('',(5.675E0,-5.965945262216E0,-3.607659110212E0));
#1787=CARTESIAN_POINT('',(5.675E0,-5.971632270536E0,-3.620447472656E0));
#1788=CARTESIAN_POINT('',(5.675E0,-5.978075432890E0,-3.632735414366E0));
#1789=CARTESIAN_POINT('',(5.675E0,-5.985273753685E0,-3.644543670917E0));
#1790=CARTESIAN_POINT('',(5.675E0,-5.993187869471E0,-3.655810143265E0));
#1791=CARTESIAN_POINT('',(5.675E0,-6.001757072272E0,-3.666460071935E0));
#1792=CARTESIAN_POINT('',(5.675E0,-6.010893746224E0,-3.676413952509E0));
#1793=CARTESIAN_POINT('',(5.675E0,-6.020610521010E0,-3.685705526091E0));
#1794=CARTESIAN_POINT('',(5.675E0,-6.030853216490E0,-3.694287269248E0));
#1795=CARTESIAN_POINT('',(5.675E0,-6.041550354031E0,-3.702110742855E0));
#1796=CARTESIAN_POINT('',(5.675E0,-6.052606952128E0,-3.709129314293E0));
#1797=CARTESIAN_POINT('',(5.675E0,-6.064023744219E0,-3.715361564110E0));
#1798=CARTESIAN_POINT('',(5.675E0,-6.075727054346E0,-3.720779388915E0));
#1799=CARTESIAN_POINT('',(5.675E0,-6.087697559584E0,-3.725385253209E0));
#1800=CARTESIAN_POINT('',(5.675E0,-6.099868329610E0,-3.729162445338E0));
#1801=CARTESIAN_POINT('',(5.675E0,-6.112245294539E0,-3.732117814249E0));
#1802=CARTESIAN_POINT('',(5.675E0,-6.124783400356E0,-3.734237198417E0));
#1803=CARTESIAN_POINT('',(5.675E0,-6.137406081632E0,-3.735506820599E0));
#1804=CARTESIAN_POINT('',(5.675E0,-6.145801125431E0,-3.735786437627E0));
#1805=CARTESIAN_POINT('',(5.675E0,-6.15E0,-3.735786437627E0));
#1807=CARTESIAN_POINT('',(4.675E0,-6.15E0,-3.735786437627E0));
#1808=CARTESIAN_POINT('',(4.675E0,-6.146327279500E0,-3.735786437627E0));
#1809=CARTESIAN_POINT('',(4.674797528468E0,-6.138970148398E0,
-3.735643257722E0));
#1810=CARTESIAN_POINT('',(4.673882689166E0,-6.127939754316E0,
-3.734996515966E0));
#1811=CARTESIAN_POINT('',(4.672351733920E0,-6.116928958308E0,
-3.733914873725E0));
#1812=CARTESIAN_POINT('',(4.670197470377E0,-6.105955160136E0,
-3.732394250710E0));
#1813=CARTESIAN_POINT('',(4.667408413492E0,-6.095029603721E0,
-3.730427965517E0));
#1814=CARTESIAN_POINT('',(4.663973813916E0,-6.084177786699E0,
-3.728010303791E0));
#1815=CARTESIAN_POINT('',(4.659876229169E0,-6.073413307330E0,
-3.725131319758E0));
#1816=CARTESIAN_POINT('',(4.655104074966E0,-6.062773551683E0,
-3.721785690271E0));
#1817=CARTESIAN_POINT('',(4.649639479841E0,-6.052284251861E0,
-3.717964201729E0));
#1818=CARTESIAN_POINT('',(4.643468491631E0,-6.041985571777E0,
-3.713660943034E0));
#1819=CARTESIAN_POINT('',(4.636583047425E0,-6.031926972089E0,
-3.708874631913E0));
#1820=CARTESIAN_POINT('',(4.628969716043E0,-6.022151248161E0,
-3.703600782926E0));
#1821=CARTESIAN_POINT('',(4.620631579909E0,-6.012722702097E0,
-3.697846842536E0));
#1822=CARTESIAN_POINT('',(4.611572490245E0,-6.003701392284E0,
-3.691621135565E0));
#1823=CARTESIAN_POINT('',(4.601800048041E0,-5.995149120021E0,
-3.684934878376E0));
#1824=CARTESIAN_POINT('',(4.591339287800E0,-5.987138832673E0,
-3.677811383241E0));
#1825=CARTESIAN_POINT('',(4.580230655693E0,-5.979745407310E0,
-3.670284297462E0));
#1826=CARTESIAN_POINT('',(4.568502294125E0,-5.973028658636E0,
-3.662378691437E0));
#1827=CARTESIAN_POINT('',(4.556220722300E0,-5.967063162219E0,
-3.654145069493E0));
#1828=CARTESIAN_POINT('',(4.543446409223E0,-5.961907404939E0,
-3.645629012784E0));
#1829=CARTESIAN_POINT('',(4.530250058734E0,-5.957615029728E0,
-3.636882044883E0));
#1830=CARTESIAN_POINT('',(4.516717710792E0,-5.954233078714E0,
-3.627964697445E0));
#1831=CARTESIAN_POINT('',(4.502939070183E0,-5.951795972073E0,
-3.618938521876E0));
#1832=CARTESIAN_POINT('',(4.488996371774E0,-5.950326462462E0,
-3.609858862445E0));
#1833=CARTESIAN_POINT('',(4.479668042944E0,-5.95E0,-3.603819870281E0));
#1834=CARTESIAN_POINT('',(4.475E0,-5.95E0,-3.600806661517E0));
#1836=CARTESIAN_POINT('',(6.675E0,-5.75E0,-1.95E0));
#1837=DIRECTION('',(0.E0,0.E0,-1.E0));
#1838=DIRECTION('',(1.E0,0.E0,0.E0));
#1839=AXIS2_PLACEMENT_3D('',#1836,#1837,#1838);
#1841=DIRECTION('',(-1.E0,0.E0,0.E0));
#1842=VECTOR('',#1841,1.2E0);
#1843=CARTESIAN_POINT('',(6.875E0,7.5E-1,-1.95E0));
#1844=LINE('',#1843,#1842);
#1845=DIRECTION('',(0.E0,0.E0,-1.E0));
#1846=VECTOR('',#1845,1.11E1);
#1847=CARTESIAN_POINT('',(6.875E0,-5.75E0,-4.15E0));
#1848=LINE('',#1847,#1846);
#1849=DIRECTION('',(0.E0,1.E0,0.E0));
#1850=VECTOR('',#1849,6.5E0);
#1851=CARTESIAN_POINT('',(6.875E0,-5.75E0,-4.15E0));
#1852=LINE('',#1851,#1850);
#1853=DIRECTION('',(0.E0,0.E0,-1.E0));
#1854=VECTOR('',#1853,2.2E0);
#1855=CARTESIAN_POINT('',(6.875E0,7.5E-1,-1.95E0));
#1856=LINE('',#1855,#1854);
#1857=DIRECTION('',(0.E0,1.E0,0.E0));
#1858=VECTOR('',#1857,6.5E0);
#1859=CARTESIAN_POINT('',(6.875E0,-5.75E0,-1.95E0));
#1860=LINE('',#1859,#1858);
#1861=DIRECTION('',(0.E0,0.E0,-1.E0));
#1862=VECTOR('',#1861,5.5E-1);
#1863=CARTESIAN_POINT('',(6.875E0,-5.75E0,-1.4E0));
#1864=LINE('',#1863,#1862);
#1865=DIRECTION('',(0.E0,1.E0,0.E0));
#1866=VECTOR('',#1865,1.08E1);
#1867=CARTESIAN_POINT('',(6.875E0,-5.75E0,-1.4E0));
#1868=LINE('',#1867,#1866);
#1869=DIRECTION('',(0.E0,0.E0,1.E0));
#1870=VECTOR('',#1869,1.255E1);
#1871=CARTESIAN_POINT('',(6.875E0,4.55E0,-1.525E1));
#1872=LINE('',#1871,#1870);
#1873=DIRECTION('',(0.E0,1.E0,0.E0));
#1874=VECTOR('',#1873,1.03E1);
#1875=CARTESIAN_POINT('',(6.875E0,-5.75E0,-1.525E1));
#1876=LINE('',#1875,#1874);
#1877=DIRECTION('',(-1.E0,0.E0,0.E0));
#1878=VECTOR('',#1877,1.2E0);
#1879=CARTESIAN_POINT('',(6.875E0,7.5E-1,-4.15E0));
#1880=LINE('',#1879,#1878);
#1881=DIRECTION('',(0.E0,0.E0,-1.E0));
#1882=VECTOR('',#1881,1.45E0);
#1883=CARTESIAN_POINT('',(5.675E0,-4.55E0,-5.E-1));
#1884=LINE('',#1883,#1882);
#1885=DIRECTION('',(0.E0,1.E0,0.E0));
#1886=VECTOR('',#1885,5.3E0);
#1887=CARTESIAN_POINT('',(5.675E0,-4.55E0,-1.95E0));
#1888=LINE('',#1887,#1886);
#1889=DIRECTION('',(0.E0,0.E0,1.E0));
#1890=VECTOR('',#1889,2.2E0);
#1891=CARTESIAN_POINT('',(5.675E0,7.5E-1,-4.15E0));
#1892=LINE('',#1891,#1890);
#1893=DIRECTION('',(0.E0,1.E0,0.E0));
#1894=VECTOR('',#1893,5.3E0);
#1895=CARTESIAN_POINT('',(5.675E0,-4.55E0,-4.15E0));
#1896=LINE('',#1895,#1894);
#1897=DIRECTION('',(0.E0,0.E0,-1.E0));
#1898=VECTOR('',#1897,1.01E1);
#1899=CARTESIAN_POINT('',(5.675E0,-4.55E0,-4.15E0));
#1900=LINE('',#1899,#1898);
#1901=DIRECTION('',(0.E0,-1.E0,0.E0));
#1902=VECTOR('',#1901,7.3E0);
#1903=CARTESIAN_POINT('',(5.675E0,2.75E0,-5.E-1));
#1904=LINE('',#1903,#1902);
#1905=DIRECTION('',(0.E0,0.E0,-1.E0));
#1906=VECTOR('',#1905,1.375E1);
#1907=CARTESIAN_POINT('',(3.625E0,-4.55E0,-5.E-1));
#1908=LINE('',#1907,#1906);
#1909=DIRECTION('',(-1.E0,0.E0,0.E0));
#1910=VECTOR('',#1909,2.5E-1);
#1911=CARTESIAN_POINT('',(3.625E0,-4.55E0,-5.E-1));
#1912=LINE('',#1911,#1910);
#1913=DIRECTION('',(0.E0,0.E0,-1.E0));
#1914=VECTOR('',#1913,1.375E1);
#1915=CARTESIAN_POINT('',(3.375E0,-4.55E0,-5.E-1));
#1916=LINE('',#1915,#1914);
#1917=DIRECTION('',(0.E0,0.E0,-1.E0));
#1918=VECTOR('',#1917,1.375E1);
#1919=CARTESIAN_POINT('',(5.325E0,-4.55E0,-5.E-1));
#1920=LINE('',#1919,#1918);
#1921=DIRECTION('',(0.E0,0.E0,-1.E0));
#1922=VECTOR('',#1921,2.2E0);
#1923=CARTESIAN_POINT('',(5.675E0,-4.55E0,-1.95E0));
#1924=LINE('',#1923,#1922);
#1925=DIRECTION('',(-1.E0,0.E0,0.E0));
#1926=VECTOR('',#1925,3.5E-1);
#1927=CARTESIAN_POINT('',(5.675E0,-4.55E0,-5.E-1));
#1928=LINE('',#1927,#1926);
#1929=DIRECTION('',(0.E0,5.E-1,-8.660254037844E-1));
#1930=VECTOR('',#1929,5.773502691896E-1);
#1931=CARTESIAN_POINT('',(3.625E0,-4.838675134595E0,0.E0));
#1932=LINE('',#1931,#1930);
#1933=DIRECTION('',(-4.472135955E-1,-4.472135955E-1,7.745966692415E-1));
#1934=VECTOR('',#1933,6.454972243679E-1);
#1935=CARTESIAN_POINT('',(3.375E0,-4.55E0,-5.E-1));
#1936=LINE('',#1935,#1934);
#1937=DIRECTION('',(0.E0,5.E-1,-8.660254037844E-1));
#1938=VECTOR('',#1937,5.773502691896E-1);
#1939=CARTESIAN_POINT('',(5.325E0,-4.838675134595E0,0.E0));
#1940=LINE('',#1939,#1938);
#1941=DIRECTION('',(0.E0,0.E0,1.E0));
#1942=VECTOR('',#1941,1.28E1);
#1943=CARTESIAN_POINT('',(2.675E0,-3.7E0,-1.425E1));
#1944=LINE('',#1943,#1942);
#1945=DIRECTION('',(5.E-1,0.E0,-8.660254037844E-1));
#1946=VECTOR('',#1945,5.773502691896E-1);
#1947=CARTESIAN_POINT('',(3.086324865405E0,-3.7E0,0.E0));
#1948=LINE('',#1947,#1946);
#1949=CARTESIAN_POINT('',(1.919999999302E0,-3.699999999984E0,
-5.000000011128E-1));
#1950=CARTESIAN_POINT('',(1.949897545208E0,-3.699999999984E0,
-4.528572894347E-1));
#1951=CARTESIAN_POINT('',(2.012883088266E0,-3.700000000008E0,
-3.529890689535E-1));
#1952=CARTESIAN_POINT('',(2.116451025748E0,-3.699999999998E0,
-1.870055749874E-1));
#1953=CARTESIAN_POINT('',(2.192287785529E0,-3.7E0,-6.428103021298E-2));
#1954=CARTESIAN_POINT('',(2.231829525578E0,-3.7E0,0.E0));
#1956=DIRECTION('',(5.078675258530E-11,-1.190546651259E-12,-1.E0));
#1957=VECTOR('',#1956,1.374999999889E1);
#1958=CARTESIAN_POINT('',(1.919999999302E0,-3.699999999984E0,
-5.000000011128E-1));
#1959=LINE('',#1958,#1957);
#1960=DIRECTION('',(0.E0,0.E0,1.E0));
#1961=VECTOR('',#1960,1.28E1);
#1962=CARTESIAN_POINT('',(2.275E0,-3.7E0,-1.425E1));
#1963=LINE('',#1962,#1961);
#1964=DIRECTION('',(1.E0,0.E0,0.E0));
#1965=VECTOR('',#1964,4.E-1);
#1966=CARTESIAN_POINT('',(2.275E0,-3.7E0,-1.45E0));
#1967=LINE('',#1966,#1965);
#1968=DIRECTION('',(0.E0,0.E0,1.E0));
#1969=VECTOR('',#1968,5.025729505902E-1);
#1970=CARTESIAN_POINT('',(2.675E0,-3.45E0,-1.952572950590E0));
#1971=LINE('',#1970,#1969);
#1972=DIRECTION('',(0.E0,0.E0,-1.E0));
#1973=VECTOR('',#1972,1.229742704941E1);
#1974=CARTESIAN_POINT('',(2.675E0,7.5E-1,-1.952572950590E0));
#1975=LINE('',#1974,#1973);
#1976=DIRECTION('',(0.E0,1.E0,0.E0));
#1977=VECTOR('',#1976,2.5E-1);
#1978=CARTESIAN_POINT('',(2.675E0,-3.7E0,-1.45E0));
#1979=LINE('',#1978,#1977);
#1980=CARTESIAN_POINT('',(2.575E0,-3.35E0,-1.540262240278E0));
#1981=CARTESIAN_POINT('',(2.606818955672E0,-3.381818955672E0,
-1.602000107582E0));
#1982=CARTESIAN_POINT('',(2.643754717988E0,-3.418754717988E0,
-1.699579038644E0));
#1983=CARTESIAN_POINT('',(2.670174170006E0,-3.445174170006E0,
-1.840201132922E0));
#1984=CARTESIAN_POINT('',(2.675E0,-3.45E0,-1.914374599384E0));
#1985=CARTESIAN_POINT('',(2.675E0,-3.45E0,-1.952572950590E0));
#1987=DIRECTION('',(-7.071067811866E-1,7.071067811865E-1,0.E0));
#1988=VECTOR('',#1987,1.414213562373E-1);
#1989=CARTESIAN_POINT('',(2.675E0,-3.45E0,-1.45E0));
#1990=LINE('',#1989,#1988);
#1991=DIRECTION('',(-7.071067811866E-1,-7.071067811865E-1,0.E0));
#1992=VECTOR('',#1991,1.414213562373E-1);
#1993=CARTESIAN_POINT('',(2.375E0,-3.35E0,-1.45E0));
#1994=LINE('',#1993,#1992);
#1995=DIRECTION('',(1.E0,0.E0,0.E0));
#1996=VECTOR('',#1995,8.049816108784E-2);
#1997=CARTESIAN_POINT('',(2.375E0,-3.35E0,-1.45E0));
#1998=LINE('',#1997,#1996);
#1999=DIRECTION('',(0.E0,1.E0,0.E0));
#2000=VECTOR('',#1999,3.6E0);
#2001=CARTESIAN_POINT('',(2.455498161088E0,-3.35E0,-1.45E0));
#2002=LINE('',#2001,#2000);
#2003=DIRECTION('',(-1.E0,0.E0,0.E0));
#2004=VECTOR('',#2003,3.9E-2);
#2005=CARTESIAN_POINT('',(2.494498161088E0,2.5E-1,-1.45E0));
#2006=LINE('',#2005,#2004);
#2007=DIRECTION('',(0.E0,1.E0,0.E0));
#2008=VECTOR('',#2007,3.6E0);
#2009=CARTESIAN_POINT('',(2.494498161088E0,-3.35E0,-1.45E0));
#2010=LINE('',#2009,#2008);
#2011=DIRECTION('',(1.E0,0.E0,0.E0));
#2012=VECTOR('',#2011,8.050183891216E-2);
#2013=CARTESIAN_POINT('',(2.494498161088E0,-3.35E0,-1.45E0));
#2014=LINE('',#2013,#2012);
#2015=DIRECTION('',(0.E0,0.E0,-1.E0));
#2016=VECTOR('',#2015,5.000000000001E-1);
#2017=CARTESIAN_POINT('',(2.275E0,-3.45E0,-1.45E0));
#2018=LINE('',#2017,#2016);
#2019=DIRECTION('',(0.E0,-1.E0,0.E0));
#2020=VECTOR('',#2019,2.5E-1);
#2021=CARTESIAN_POINT('',(2.275E0,-3.45E0,-1.45E0));
#2022=LINE('',#2021,#2020);
#2023=DIRECTION('',(0.E0,0.E0,-1.E0));
#2024=VECTOR('',#2023,1.23E1);
#2025=CARTESIAN_POINT('',(2.275E0,7.5E-1,-1.95E0));
#2026=LINE('',#2025,#2024);
#2027=CARTESIAN_POINT('',(2.275E0,-3.45E0,-1.95E0));
#2028=CARTESIAN_POINT('',(2.275108523509E0,-3.449891476491E0,
-1.912039370037E0));
#2029=CARTESIAN_POINT('',(2.280085706449E0,-3.444914293551E0,
-1.838326182471E0));
#2030=CARTESIAN_POINT('',(2.306592463151E0,-3.418407536849E0,
-1.698577923528E0));
#2031=CARTESIAN_POINT('',(2.343378353663E0,-3.381621646337E0,
-1.601608791204E0));
#2032=CARTESIAN_POINT('',(2.375E0,-3.35E0,-1.540255104325E0));
#2034=DIRECTION('',(0.E0,0.E0,1.E0));
#2035=VECTOR('',#2034,9.026224027756E-2);
#2036=CARTESIAN_POINT('',(2.575E0,-3.35E0,-1.540262240278E0));
#2037=LINE('',#2036,#2035);
#2038=CARTESIAN_POINT('',(2.494498161088E0,-3.35E0,-1.500000351746E0));
#2039=DIRECTION('',(0.E0,-1.E0,0.E0));
#2040=DIRECTION('',(8.464688851288E-1,0.E0,5.324381903177E-1));
#2041=AXIS2_PLACEMENT_3D('',#2038,#2039,#2040);
#2043=CARTESIAN_POINT('',(1.774999390807E0,-3.35E0,-1.952572950590E0));
#2044=DIRECTION('',(0.E0,-1.E0,0.E0));
#2045=DIRECTION('',(8.888889640978E-1,0.E0,4.581227013641E-1));
#2046=AXIS2_PLACEMENT_3D('',#2043,#2044,#2045);
#2048=DIRECTION('',(0.E0,0.E0,-1.E0));
#2049=VECTOR('',#2048,9.025510432546E-2);
#2050=CARTESIAN_POINT('',(2.375E0,-3.35E0,-1.45E0));
#2051=LINE('',#2050,#2049);
#2052=CARTESIAN_POINT('',(3.174996931368E0,-3.35E0,-1.952572950590E0));
#2053=DIRECTION('',(0.E0,-1.E0,0.E0));
#2054=DIRECTION('',(-8.464688851288E-1,0.E0,5.324381903177E-1));
#2055=AXIS2_PLACEMENT_3D('',#2052,#2053,#2054);
#2057=CARTESIAN_POINT('',(2.455498161088E0,-3.35E0,-1.500000351746E0));
#2058=DIRECTION('',(0.E0,-1.E0,0.E0));
#2059=DIRECTION('',(0.E0,0.E0,1.E0));
#2060=AXIS2_PLACEMENT_3D('',#2057,#2058,#2059);
#2062=DIRECTION('',(0.E0,-1.E0,0.E0));
#2063=VECTOR('',#2062,3.751101661614E0);
#2064=CARTESIAN_POINT('',(2.536821903086E0,4.011016616141E-1,
-1.473378254947E0));
#2065=LINE('',#2064,#2063);
#2066=CARTESIAN_POINT('',(2.275E0,7.5E-1,-1.95E0));
#2067=CARTESIAN_POINT('',(2.275022513890E0,7.5E-1,-1.942124826592E0));
#2068=CARTESIAN_POINT('',(2.275274397280E0,7.496279090242E-1,
-1.926355172220E0));
#2069=CARTESIAN_POINT('',(2.276275717470E0,7.479456141090E-1,
-1.902693097001E0));
#2070=CARTESIAN_POINT('',(2.277897339151E0,7.451369819460E-1,
-1.879085650618E0));
#2071=CARTESIAN_POINT('',(2.280142860935E0,7.411824996306E-1,
-1.855494902802E0));
#2072=CARTESIAN_POINT('',(2.283001782307E0,7.360815983140E-1,
-1.832024717826E0));
#2073=CARTESIAN_POINT('',(2.286476540209E0,7.298045866479E-1,
-1.808629908089E0));
#2074=CARTESIAN_POINT('',(2.290575472836E0,7.223027712264E-1,
-1.785279601990E0));
#2075=CARTESIAN_POINT('',(2.295279943697E0,7.135679520366E-1,
-1.762086710189E0));
#2076=CARTESIAN_POINT('',(2.300564002977E0,7.035972792379E-1,
-1.739144904056E0));
#2077=CARTESIAN_POINT('',(2.306398292265E0,6.923853687255E-1,
-1.716526565143E0));
#2078=CARTESIAN_POINT('',(2.312761818699E0,6.798997118898E-1,
-1.694253602332E0));
#2079=CARTESIAN_POINT('',(2.319620230786E0,6.661200741631E-1,
-1.672386580181E0));
#2080=CARTESIAN_POINT('',(2.326908496393E0,6.510745800930E-1,
-1.651055519837E0));
#2081=CARTESIAN_POINT('',(2.334542544017E0,6.348223456812E-1,
-1.630400269216E0));
#2082=CARTESIAN_POINT('',(2.342464953009E0,6.173543827749E-1,
-1.610461550548E0));
#2083=CARTESIAN_POINT('',(2.350567722295E0,5.987609102840E-1,
-1.591387271706E0));
#2084=CARTESIAN_POINT('',(2.358745073931E0,5.791257298337E-1,
-1.573285201771E0));
#2085=CARTESIAN_POINT('',(2.366875790737E0,5.585711953737E-1,
-1.556273989616E0));
#2086=CARTESIAN_POINT('',(2.374830752198E0,5.372533751952E-1,
-1.540465905474E0));
#2087=CARTESIAN_POINT('',(2.382485935382E0,5.153423828928E-1,
-1.525946616259E0));
#2088=CARTESIAN_POINT('',(2.389748120634E0,4.929503200741E-1,
-1.512738651211E0));
#2089=CARTESIAN_POINT('',(2.396524667611E0,4.702178970600E-1,
-1.500867423216E0));
#2090=CARTESIAN_POINT('',(2.402747361151E0,4.472463696655E-1,
-1.490322033873E0));
#2091=CARTESIAN_POINT('',(2.408358307827E0,4.241320246901E-1,
-1.481085958922E0));
#2092=CARTESIAN_POINT('',(2.411645732383E0,4.087675925330E-1,
-1.475808557197E0));
#2093=CARTESIAN_POINT('',(2.413174419090E0,4.011016616141E-1,
-1.473378254947E0));
#2095=CARTESIAN_POINT('',(2.536821903086E0,4.011016616141E-1,
-1.473378254947E0));
#2096=CARTESIAN_POINT('',(2.538350106479E0,4.087651688545E-1,
-1.475807788827E0));
#2097=CARTESIAN_POINT('',(2.541636515412E0,4.241252761838E-1,
-1.481083537080E0));
#2098=CARTESIAN_POINT('',(2.547246309732E0,4.472358665908E-1,
-1.490317634039E0));
#2099=CARTESIAN_POINT('',(2.553467309711E0,4.702025984895E-1,
-1.500859947859E0));
#2100=CARTESIAN_POINT('',(2.560244077287E0,4.929370880771E-1,
-1.512731298762E0));
#2101=CARTESIAN_POINT('',(2.567505357968E0,5.153274510631E-1,
-1.525937286072E0));
#2102=CARTESIAN_POINT('',(2.575160879371E0,5.372404136342E-1,
-1.540456806060E0));
#2103=CARTESIAN_POINT('',(2.583115021727E0,5.585568285675E-1,
-1.556262792951E0));
#2104=CARTESIAN_POINT('',(2.591245178263E0,5.791107777459E-1,
-1.573272169089E0));
#2105=CARTESIAN_POINT('',(2.599422331400E0,5.987462221409E-1,
-1.591372963346E0));
#2106=CARTESIAN_POINT('',(2.607526064115E0,6.173424977381E-1,
-1.610448585440E0));
#2107=CARTESIAN_POINT('',(2.615449553956E0,6.348132092780E-1,
-1.630389236300E0));
#2108=CARTESIAN_POINT('',(2.623083410065E0,6.510653145618E-1,
-1.651043158775E0));
#2109=CARTESIAN_POINT('',(2.630371274846E0,6.661102640394E-1,
-1.672371925961E0));
#2110=CARTESIAN_POINT('',(2.637229773190E0,6.798903252906E-1,
-1.694237823255E0));
#2111=CARTESIAN_POINT('',(2.643593492964E0,6.923765574862E-1,
-1.716509946187E0));
#2112=CARTESIAN_POINT('',(2.649427682641E0,7.035884557345E-1,
-1.739125900654E0));
#2113=CARTESIAN_POINT('',(2.654713009197E0,7.135616597765E-1,
-1.762070953618E0));
#2114=CARTESIAN_POINT('',(2.659418819306E0,7.222990404908E-1,
-1.785268596284E0));
#2115=CARTESIAN_POINT('',(2.663519322673E0,7.298037640499E-1,
-1.808626518200E0));
#2116=CARTESIAN_POINT('',(2.666995225237E0,7.360828307293E-1,
-1.832029643999E0));
#2117=CARTESIAN_POINT('',(2.669853640043E0,7.411828135217E-1,
-1.855496798050E0));
#2118=CARTESIAN_POINT('',(2.672099135983E0,7.451372499831E-1,
-1.879087465285E0));
#2119=CARTESIAN_POINT('',(2.673720675048E0,7.479457337924E-1,
-1.902694452807E0));
#2120=CARTESIAN_POINT('',(2.674721952096E0,7.496279524739E-1,
-1.926356250661E0));
#2121=CARTESIAN_POINT('',(2.674973809450E0,7.5E-1,-1.942125233052E0));
#2122=CARTESIAN_POINT('',(2.674996322178E0,7.5E-1,-1.95E0));
#2124=CARTESIAN_POINT('',(2.494498161088E0,2.5E-1,-1.45E0));
#2125=CARTESIAN_POINT('',(2.497019304284E0,2.579725267649E-1,-1.45E0));
#2126=CARTESIAN_POINT('',(2.502015838675E0,2.737735603029E-1,
-1.450380351971E0));
#2127=CARTESIAN_POINT('',(2.509279682382E0,2.971016002162E-1,
-1.452044023752E0));
#2128=CARTESIAN_POINT('',(2.516136650183E0,3.198219589995E-1,
-1.454727142477E0));
#2129=CARTESIAN_POINT('',(2.522461115420E0,3.418240999231E-1,
-1.458340850959E0));
#2130=CARTESIAN_POINT('',(2.528122127130E0,3.629235434561E-1,
-1.462764847894E0));
#2131=CARTESIAN_POINT('',(2.533015555926E0,3.829773022729E-1,
-1.467869230093E0));
#2132=CARTESIAN_POINT('',(2.535649406269E0,3.952219221224E-1,
-1.471514222480E0));
#2133=CARTESIAN_POINT('',(2.536821903086E0,4.011016616141E-1,
-1.473378254947E0));
#2135=CARTESIAN_POINT('',(2.413174419090E0,4.011016616141E-1,
-1.473378254947E0));
#2136=CARTESIAN_POINT('',(2.414346394361E0,3.952245375268E-1,
-1.471515051633E0));
#2137=CARTESIAN_POINT('',(2.416979133176E0,3.829849065656E-1,
-1.467871515038E0));
#2138=CARTESIAN_POINT('',(2.421868651049E0,3.629453340665E-1,
-1.462770011544E0));
#2139=CARTESIAN_POINT('',(2.427529454026E0,3.418445814431E-1,
-1.458344589186E0));
#2140=CARTESIAN_POINT('',(2.433855447890E0,3.198361299328E-1,
-1.454729015455E0));
#2141=CARTESIAN_POINT('',(2.440714804803E0,2.971075049187E-1,
-1.452044489313E0));
#2142=CARTESIAN_POINT('',(2.447979620212E0,2.737762971604E-1,
-1.450380443496E0));
#2143=CARTESIAN_POINT('',(2.452976792544E0,2.579732393731E-1,-1.45E0));
#2144=CARTESIAN_POINT('',(2.455498161088E0,2.5E-1,-1.45E0));
#2146=DIRECTION('',(0.E0,1.E0,0.E0));
#2147=VECTOR('',#2146,4.2E0);
#2148=CARTESIAN_POINT('',(2.275E0,-3.45E0,-1.95E0));
#2149=LINE('',#2148,#2147);
#2150=DIRECTION('',(0.E0,-1.E0,0.E0));
#2151=VECTOR('',#2150,3.751101661614E0);
#2152=CARTESIAN_POINT('',(2.413174419090E0,4.011016616141E-1,
-1.473378254947E0));
#2153=LINE('',#2152,#2151);
#2154=CARTESIAN_POINT('',(1.774999390807E0,7.5E-1,-1.952572950590E0));
#2155=DIRECTION('',(0.E0,1.E0,0.E0));
#2156=DIRECTION('',(9.999959135313E-1,0.E0,2.858832053985E-3));
#2157=AXIS2_PLACEMENT_3D('',#2154,#2155,#2156);
#2159=DIRECTION('',(-1.E0,0.E0,-1.049170404925E-13));
#2160=VECTOR('',#2159,3.999963221782E-1);
#2161=CARTESIAN_POINT('',(2.674996322178E0,7.5E-1,-1.95E0));
#2162=LINE('',#2161,#2160);
#2163=DIRECTION('',(0.E0,-1.E0,0.E0));
#2164=VECTOR('',#2163,4.2E0);
#2165=CARTESIAN_POINT('',(2.675E0,7.5E-1,-1.952572950590E0));
#2166=LINE('',#2165,#2164);
#2167=DIRECTION('',(-1.E0,0.E0,0.E0));
#2168=VECTOR('',#2167,4.35E0);
#2169=CARTESIAN_POINT('',(7.5E-1,1.690317474164E0,-1.425E1));
#2170=LINE('',#2169,#2168);
#2171=CARTESIAN_POINT('',(-3.6E0,1.15E0,-1.425E1));
#2172=DIRECTION('',(0.E0,0.E0,1.E0));
#2173=DIRECTION('',(0.E0,1.E0,0.E0));
#2174=AXIS2_PLACEMENT_3D('',#2171,#2172,#2173);
#2176=DIRECTION('',(0.E0,-1.E0,0.E0));
#2177=VECTOR('',#2176,3.372728707138E0);
#2178=CARTESIAN_POINT('',(-4.140317474164E0,1.15E0,-1.425E1));
#2179=LINE('',#2178,#2177);
#2180=DIRECTION('',(5.610435942201E-1,-8.277862558563E-1,0.E0));
#2181=VECTOR('',#2180,5.491181501765E-1);
#2182=CARTESIAN_POINT('',(-4.140317474164E0,-2.222728707138E0,-1.425E1));
#2183=LINE('',#2182,#2181);
#2184=DIRECTION('',(0.E0,-1.E0,0.E0));
#2185=VECTOR('',#2184,9.741187120715E-1);
#2186=CARTESIAN_POINT('',(-3.832238253537E0,-2.677281164695E0,-1.425E1));
#2187=LINE('',#2186,#2185);
#2188=CARTESIAN_POINT('',(-3.4E0,-3.047905614467E0,-1.425E1));
#2189=DIRECTION('',(0.E0,0.E0,1.E0));
#2190=DIRECTION('',(-5.822822021323E-1,-8.129867385634E-1,0.E0));
#2191=AXIS2_PLACEMENT_3D('',#2188,#2189,#2190);
#2193=DIRECTION('',(1.E0,0.E0,0.E0));
#2194=VECTOR('',#2193,1.575957326635E0);
#2195=CARTESIAN_POINT('',(-3.4E0,-3.790223088631E0,-1.425E1));
#2196=LINE('',#2195,#2194);
#2197=DIRECTION('',(0.E0,1.E0,0.E0));
#2198=VECTOR('',#2197,7.143E-1);
#2199=CARTESIAN_POINT('',(-1.824042673365E0,-3.790223088631E0,-1.425E1));
#2200=LINE('',#2199,#2198);
#2201=DIRECTION('',(1.E0,0.E0,0.E0));
#2202=VECTOR('',#2201,7.980853467304E-1);
#2203=CARTESIAN_POINT('',(-1.824042673365E0,-3.075923088631E0,-1.425E1));
#2204=LINE('',#2203,#2202);
#2205=DIRECTION('',(0.E0,-1.E0,0.E0));
#2206=VECTOR('',#2205,7.143943855326E-1);
#2207=CARTESIAN_POINT('',(-1.025957326635E0,-3.075923088631E0,-1.425E1));
#2208=LINE('',#2207,#2206);
#2209=DIRECTION('',(1.E0,0.E0,0.E0));
#2210=VECTOR('',#2209,1.575957326635E0);
#2211=CARTESIAN_POINT('',(-1.025957326635E0,-3.790317474164E0,-1.425E1));
#2212=LINE('',#2211,#2210);
#2213=CARTESIAN_POINT('',(5.5E-1,-3.047905614467E0,-1.425E1));
#2214=DIRECTION('',(0.E0,0.E0,1.E0));
#2215=DIRECTION('',(0.E0,-1.E0,0.E0));
#2216=AXIS2_PLACEMENT_3D('',#2213,#2214,#2215);
#2218=DIRECTION('',(0.E0,1.E0,0.E0));
#2219=VECTOR('',#2218,1.012486841946E0);
#2220=CARTESIAN_POINT('',(9.734488950786E-1,-3.657714111190E0,-1.425E1));
#2221=LINE('',#2220,#2219);
#2222=DIRECTION('',(4.349482344154E-1,9.004554588534E-1,0.E0));
#2223=VECTOR('',#2222,7.285202100227E-1);
#2224=CARTESIAN_POINT('',(9.734488950786E-1,-2.645227269243E0,-1.425E1));
#2225=LINE('',#2224,#2223);
#2226=DIRECTION('',(0.E0,1.E0,0.E0));
#2227=VECTOR('',#2226,3.139227269243E0);
#2228=CARTESIAN_POINT('',(1.290317474164E0,-1.989227269243E0,-1.425E1));
#2229=LINE('',#2228,#2227);
#2230=CARTESIAN_POINT('',(7.5E-1,1.15E0,-1.425E1));
#2231=DIRECTION('',(0.E0,0.E0,1.E0));
#2232=DIRECTION('',(1.E0,0.E0,0.E0));
#2233=AXIS2_PLACEMENT_3D('',#2230,#2231,#2232);
#2235=DIRECTION('',(0.E0,1.E0,0.E0));
#2236=VECTOR('',#2235,2.819188308055E0);
#2237=CARTESIAN_POINT('',(-3.459682525836E0,-1.969188308055E0,-1.425E1));
#2238=LINE('',#2237,#2236);
#2239=CARTESIAN_POINT('',(-3.3E0,8.5E-1,-1.425E1));
#2240=DIRECTION('',(0.E0,0.E0,1.E0));
#2241=DIRECTION('',(0.E0,1.E0,0.E0));
#2242=AXIS2_PLACEMENT_3D('',#2239,#2240,#2241);
#2244=DIRECTION('',(1.E0,0.E0,0.E0));
#2245=VECTOR('',#2244,3.75E0);
#2246=CARTESIAN_POINT('',(-3.3E0,1.009682525836E0,-1.425E1));
#2247=LINE('',#2246,#2245);
#2248=CARTESIAN_POINT('',(4.5E-1,8.5E-1,-1.425E1));
#2249=DIRECTION('',(0.E0,0.E0,1.E0));
#2250=DIRECTION('',(1.E0,0.E0,0.E0));
#2251=AXIS2_PLACEMENT_3D('',#2248,#2249,#2250);
#2253=DIRECTION('',(0.E0,-1.E0,0.E0));
#2254=VECTOR('',#2253,2.819188308055E0);
#2255=CARTESIAN_POINT('',(6.096825258361E-1,8.5E-1,-1.425E1));
#2256=LINE('',#2255,#2254);
#2257=DIRECTION('',(-5.003469475875E-1,-8.658250008170E-1,0.E0));
#2258=VECTOR('',#2257,6.005832581749E-1);
#2259=CARTESIAN_POINT('',(6.096825258361E-1,-1.969188308055E0,-1.425E1));
#2260=LINE('',#2259,#2258);
#2261=DIRECTION('',(0.E0,-1.E0,0.E0));
#2262=VECTOR('',#2261,6.204942177812E-1);
#2263=CARTESIAN_POINT('',(3.091825258361E-1,-2.489188308055E0,-1.425E1));
#2264=LINE('',#2263,#2262);
#2265=DIRECTION('',(-1.E0,0.E0,0.E0));
#2266=VECTOR('',#2265,7.183650516722E-1);
#2267=CARTESIAN_POINT('',(3.091825258361E-1,-3.109682525836E0,-1.425E1));
#2268=LINE('',#2267,#2266);
#2269=DIRECTION('',(0.E0,1.E0,0.E0));
#2270=VECTOR('',#2269,6.5E-1);
#2271=CARTESIAN_POINT('',(-4.091825258361E-1,-3.109682525836E0,-1.425E1));
#2272=LINE('',#2271,#2270);
#2273=DIRECTION('',(-1.E0,0.E0,0.E0));
#2274=VECTOR('',#2273,2.031634948328E0);
#2275=CARTESIAN_POINT('',(-4.091825258361E-1,-2.459682525836E0,-1.425E1));
#2276=LINE('',#2275,#2274);
#2277=DIRECTION('',(0.E0,-1.E0,0.E0));
#2278=VECTOR('',#2277,6.5E-1);
#2279=CARTESIAN_POINT('',(-2.440817474164E0,-2.459682525836E0,-1.425E1));
#2280=LINE('',#2279,#2278);
#2281=DIRECTION('',(-1.E0,0.E0,0.E0));
#2282=VECTOR('',#2281,7.183650516722E-1);
#2283=CARTESIAN_POINT('',(-2.440817474164E0,-3.109682525836E0,-1.425E1));
#2284=LINE('',#2283,#2282);
#2285=DIRECTION('',(0.E0,1.E0,0.E0));
#2286=VECTOR('',#2285,6.204942177812E-1);
#2287=CARTESIAN_POINT('',(-3.159182525836E0,-3.109682525836E0,-1.425E1));
#2288=LINE('',#2287,#2286);
#2289=DIRECTION('',(-5.003469475875E-1,8.658250008170E-1,0.E0));
#2290=VECTOR('',#2289,6.005832581749E-1);
#2291=CARTESIAN_POINT('',(-3.159182525836E0,-2.489188308055E0,-1.425E1));
#2292=LINE('',#2291,#2290);
#2293=DIRECTION('',(0.E0,-1.E0,0.E0));
#2294=VECTOR('',#2293,4.E-1);
#2295=CARTESIAN_POINT('',(-7.75E-1,-8.5E-1,-1.425E1));
#2296=LINE('',#2295,#2294);
#2297=DIRECTION('',(1.E0,0.E0,0.E0));
#2298=VECTOR('',#2297,5.E-1);
#2299=CARTESIAN_POINT('',(-7.75E-1,-1.25E0,-1.425E1));
#2300=LINE('',#2299,#2298);
#2301=DIRECTION('',(0.E0,1.E0,0.E0));
#2302=VECTOR('',#2301,4.E-1);
#2303=CARTESIAN_POINT('',(-2.75E-1,-1.25E0,-1.425E1));
#2304=LINE('',#2303,#2302);
#2305=DIRECTION('',(-1.E0,0.E0,0.E0));
#2306=VECTOR('',#2305,5.E-1);
#2307=CARTESIAN_POINT('',(-2.75E-1,-8.5E-1,-1.425E1));
#2308=LINE('',#2307,#2306);
#2309=DIRECTION('',(0.E0,-1.E0,0.E0));
#2310=VECTOR('',#2309,4.E-1);
#2311=CARTESIAN_POINT('',(-2.575E0,-8.5E-1,-1.425E1));
#2312=LINE('',#2311,#2310);
#2313=DIRECTION('',(1.E0,0.E0,0.E0));
#2314=VECTOR('',#2313,5.E-1);
#2315=CARTESIAN_POINT('',(-2.575E0,-1.25E0,-1.425E1));
#2316=LINE('',#2315,#2314);
#2317=DIRECTION('',(0.E0,1.E0,0.E0));
#2318=VECTOR('',#2317,4.E-1);
#2319=CARTESIAN_POINT('',(-2.075E0,-1.25E0,-1.425E1));
#2320=LINE('',#2319,#2318);
#2321=DIRECTION('',(-1.E0,0.E0,0.E0));
#2322=VECTOR('',#2321,5.E-1);
#2323=CARTESIAN_POINT('',(-2.075E0,-8.5E-1,-1.425E1));
#2324=LINE('',#2323,#2322);
#2325=DIRECTION('',(1.E0,0.E0,0.E0));
#2326=VECTOR('',#2325,3.5E-1);
#2327=CARTESIAN_POINT('',(5.325E0,-4.55E0,-1.425E1));
#2328=LINE('',#2327,#2326);
#2329=DIRECTION('',(0.E0,1.E0,0.E0));
#2330=VECTOR('',#2329,8.E-1);
#2331=CARTESIAN_POINT('',(5.325E0,-5.35E0,-1.425E1));
#2332=LINE('',#2331,#2330);
#2333=DIRECTION('',(1.E0,0.E0,0.E0));
#2334=VECTOR('',#2333,1.7E0);
#2335=CARTESIAN_POINT('',(3.625E0,-5.35E0,-1.425E1));
#2336=LINE('',#2335,#2334);
#2337=DIRECTION('',(0.E0,-1.E0,0.E0));
#2338=VECTOR('',#2337,8.E-1);
#2339=CARTESIAN_POINT('',(3.625E0,-4.55E0,-1.425E1));
#2340=LINE('',#2339,#2338);
#2341=DIRECTION('',(1.E0,0.E0,0.E0));
#2342=VECTOR('',#2341,2.5E-1);
#2343=CARTESIAN_POINT('',(3.375E0,-4.55E0,-1.425E1));
#2344=LINE('',#2343,#2342);
#2345=DIRECTION('',(0.E0,-1.E0,0.E0));
#2346=VECTOR('',#2345,8.5E-1);
#2347=CARTESIAN_POINT('',(3.375E0,-3.7E0,-1.425E1));
#2348=LINE('',#2347,#2346);
#2349=DIRECTION('',(1.E0,0.E0,0.E0));
#2350=VECTOR('',#2349,7.E-1);
#2351=CARTESIAN_POINT('',(2.675E0,-3.7E0,-1.425E1));
#2352=LINE('',#2351,#2350);
#2353=DIRECTION('',(0.E0,1.E0,0.E0));
#2354=VECTOR('',#2353,4.45E0);
#2355=CARTESIAN_POINT('',(2.675E0,-3.7E0,-1.425E1));
#2356=LINE('',#2355,#2354);
#2357=DIRECTION('',(1.E0,0.E0,0.E0));
#2358=VECTOR('',#2357,4.E-1);
#2359=CARTESIAN_POINT('',(2.275E0,7.5E-1,-1.425E1));
#2360=LINE('',#2359,#2358);
#2361=DIRECTION('',(0.E0,1.E0,0.E0));
#2362=VECTOR('',#2361,4.45E0);
#2363=CARTESIAN_POINT('',(2.275E0,-3.7E0,-1.425E1));
#2364=LINE('',#2363,#2362);
#2365=DIRECTION('',(1.E0,0.E0,0.E0));
#2366=VECTOR('',#2365,3.55E-1);
#2367=CARTESIAN_POINT('',(1.92E0,-3.7E0,-1.425E1));
#2368=LINE('',#2367,#2366);
#2369=CARTESIAN_POINT('',(5.999621217556E-1,-3.1E0,-1.425E1));
#2370=DIRECTION('',(0.E0,0.E0,1.E0));
#2371=DIRECTION('',(5.000261229272E-1,-8.660103211801E-1,0.E0));
#2372=AXIS2_PLACEMENT_3D('',#2369,#2370,#2371);
#2374=DIRECTION('',(0.E0,1.E0,0.E0));
#2375=VECTOR('',#2374,9.942850342889E-1);
#2376=CARTESIAN_POINT('',(1.325E0,-5.35E0,-1.425E1));
#2377=LINE('',#2376,#2375);
#2378=DIRECTION('',(1.E0,0.E0,0.E0));
#2379=VECTOR('',#2378,1.5E0);
#2380=CARTESIAN_POINT('',(-1.75E-1,-5.35E0,-1.425E1));
#2381=LINE('',#2380,#2379);
#2382=DIRECTION('',(0.E0,-1.E0,0.E0));
#2383=VECTOR('',#2382,8.E-1);
#2384=CARTESIAN_POINT('',(-1.75E-1,-4.55E0,-1.425E1));
#2385=LINE('',#2384,#2383);
#2386=DIRECTION('',(1.E0,0.E0,0.E0));
#2387=VECTOR('',#2386,7.E-1);
#2388=CARTESIAN_POINT('',(-8.75E-1,-4.55E0,-1.425E1));
#2389=LINE('',#2388,#2387);
#2390=DIRECTION('',(0.E0,1.E0,0.E0));
#2391=VECTOR('',#2390,8.E-1);
#2392=CARTESIAN_POINT('',(-8.75E-1,-5.35E0,-1.425E1));
#2393=LINE('',#2392,#2391);
#2394=DIRECTION('',(1.E0,0.E0,0.E0));
#2395=VECTOR('',#2394,1.1E0);
#2396=CARTESIAN_POINT('',(-1.975E0,-5.35E0,-1.425E1));
#2397=LINE('',#2396,#2395);
#2398=DIRECTION('',(0.E0,-1.E0,0.E0));
#2399=VECTOR('',#2398,8.E-1);
#2400=CARTESIAN_POINT('',(-1.975E0,-4.55E0,-1.425E1));
#2401=LINE('',#2400,#2399);
#2402=DIRECTION('',(1.E0,0.E0,0.E0));
#2403=VECTOR('',#2402,7.E-1);
#2404=CARTESIAN_POINT('',(-2.675E0,-4.55E0,-1.425E1));
#2405=LINE('',#2404,#2403);
#2406=DIRECTION('',(0.E0,1.E0,0.E0));
#2407=VECTOR('',#2406,8.E-1);
#2408=CARTESIAN_POINT('',(-2.675E0,-5.35E0,-1.425E1));
#2409=LINE('',#2408,#2407);
#2410=DIRECTION('',(1.E0,0.E0,0.E0));
#2411=VECTOR('',#2410,1.5E0);
#2412=CARTESIAN_POINT('',(-4.175E0,-5.35E0,-1.425E1));
#2413=LINE('',#2412,#2411);
#2414=DIRECTION('',(0.E0,-1.E0,0.E0));
#2415=VECTOR('',#2414,9.942850342889E-1);
#2416=CARTESIAN_POINT('',(-4.175E0,-4.355714965711E0,-1.425E1));
#2417=LINE('',#2416,#2415);
#2418=CARTESIAN_POINT('',(-3.449962121756E0,-3.1E0,-1.425E1));
#2419=DIRECTION('',(0.E0,0.E0,1.E0));
#2420=DIRECTION('',(-9.103709505134E-1,-4.137931034483E-1,0.E0));
#2421=AXIS2_PLACEMENT_3D('',#2418,#2419,#2420);
#2423=DIRECTION('',(1.E0,0.E0,0.E0));
#2424=VECTOR('',#2423,3.55E-1);
#2425=CARTESIAN_POINT('',(-5.125E0,-3.7E0,-1.425E1));
#2426=LINE('',#2425,#2424);
#2427=DIRECTION('',(0.E0,-1.E0,0.E0));
#2428=VECTOR('',#2427,4.45E0);
#2429=CARTESIAN_POINT('',(-5.125E0,7.5E-1,-1.425E1));
#2430=LINE('',#2429,#2428);
#2431=DIRECTION('',(1.E0,0.E0,0.E0));
#2432=VECTOR('',#2431,4.E-1);
#2433=CARTESIAN_POINT('',(-5.525E0,7.5E-1,-1.425E1));
#2434=LINE('',#2433,#2432);
#2435=DIRECTION('',(0.E0,-1.E0,0.E0));
#2436=VECTOR('',#2435,4.45E0);
#2437=CARTESIAN_POINT('',(-5.525E0,7.5E-1,-1.425E1));
#2438=LINE('',#2437,#2436);
#2439=DIRECTION('',(1.E0,0.E0,0.E0));
#2440=VECTOR('',#2439,1.5E-1);
#2441=CARTESIAN_POINT('',(-5.675E0,-3.7E0,-1.425E1));
#2442=LINE('',#2441,#2440);
#2443=DIRECTION('',(0.E0,-1.E0,0.E0));
#2444=VECTOR('',#2443,6.45E0);
#2445=CARTESIAN_POINT('',(-5.675E0,2.75E0,-1.425E1));
#2446=LINE('',#2445,#2444);
#2447=DIRECTION('',(-1.E0,0.E0,0.E0));
#2448=VECTOR('',#2447,8.5E-1);
#2449=CARTESIAN_POINT('',(-4.825E0,2.75E0,-1.425E1));
#2450=LINE('',#2449,#2448);
#2451=DIRECTION('',(0.E0,-1.E0,0.E0));
#2452=VECTOR('',#2451,1.1E0);
#2453=CARTESIAN_POINT('',(-4.825E0,3.85E0,-1.425E1));
#2454=LINE('',#2453,#2452);
#2455=DIRECTION('',(-1.E0,0.E0,0.E0));
#2456=VECTOR('',#2455,6.8E0);
#2457=CARTESIAN_POINT('',(1.975E0,3.85E0,-1.425E1));
#2458=LINE('',#2457,#2456);
#2459=DIRECTION('',(0.E0,1.E0,0.E0));
#2460=VECTOR('',#2459,1.1E0);
#2461=CARTESIAN_POINT('',(1.975E0,2.75E0,-1.425E1));
#2462=LINE('',#2461,#2460);
#2463=DIRECTION('',(-1.E0,0.E0,0.E0));
#2464=VECTOR('',#2463,2.E-1);
#2465=CARTESIAN_POINT('',(2.175E0,2.75E0,-1.425E1));
#2466=LINE('',#2465,#2464);
#2467=DIRECTION('',(0.E0,1.E0,0.E0));
#2468=VECTOR('',#2467,7.5E-1);
#2469=CARTESIAN_POINT('',(2.175E0,2.E0,-1.425E1));
#2470=LINE('',#2469,#2468);
#2471=DIRECTION('',(-1.E0,0.E0,0.E0));
#2472=VECTOR('',#2471,1.2E0);
#2473=CARTESIAN_POINT('',(3.375E0,2.E0,-1.425E1));
#2474=LINE('',#2473,#2472);
#2475=DIRECTION('',(0.E0,-1.E0,0.E0));
#2476=VECTOR('',#2475,7.5E-1);
#2477=CARTESIAN_POINT('',(3.375E0,2.75E0,-1.425E1));
#2478=LINE('',#2477,#2476);
#2479=DIRECTION('',(-1.E0,0.E0,0.E0));
#2480=VECTOR('',#2479,2.5E-1);
#2481=CARTESIAN_POINT('',(3.625E0,2.75E0,-1.425E1));
#2482=LINE('',#2481,#2480);
#2483=DIRECTION('',(0.E0,-1.E0,0.E0));
#2484=VECTOR('',#2483,1.1E0);
#2485=CARTESIAN_POINT('',(3.625E0,3.85E0,-1.425E1));
#2486=LINE('',#2485,#2484);
#2487=DIRECTION('',(-1.E0,0.E0,0.E0));
#2488=VECTOR('',#2487,1.7E0);
#2489=CARTESIAN_POINT('',(5.325E0,3.85E0,-1.425E1));
#2490=LINE('',#2489,#2488);
#2491=DIRECTION('',(0.E0,1.E0,0.E0));
#2492=VECTOR('',#2491,1.1E0);
#2493=CARTESIAN_POINT('',(5.325E0,2.75E0,-1.425E1));
#2494=LINE('',#2493,#2492);
#2495=DIRECTION('',(-1.E0,0.E0,0.E0));
#2496=VECTOR('',#2495,3.5E-1);
#2497=CARTESIAN_POINT('',(5.675E0,2.75E0,-1.425E1));
#2498=LINE('',#2497,#2496);
#2499=DIRECTION('',(0.E0,1.E0,0.E0));
#2500=VECTOR('',#2499,7.3E0);
#2501=CARTESIAN_POINT('',(5.675E0,-4.55E0,-1.425E1));
#2502=LINE('',#2501,#2500);
#2503=DIRECTION('',(-1.E0,0.E0,0.E0));
#2504=VECTOR('',#2503,4.35E0);
#2505=CARTESIAN_POINT('',(7.499999999998E-1,1.652094385533E0,
-6.949994516899E0));
#2506=LINE('',#2505,#2504);
#2507=DIRECTION('',(-2.559559361648E-14,-5.235963831420E-3,9.999862922474E-1));
#2508=VECTOR('',#2507,7.300105551142E0);
#2509=CARTESIAN_POINT('',(7.5E-1,1.690317474164E0,-1.425E1));
#2510=LINE('',#2509,#2508);
#2511=DIRECTION('',(-2.655264416563E-14,3.469356515733E-1,-9.378889346119E-1));
#2512=VECTOR('',#2511,4.264838853915E-1);
#2513=CARTESIAN_POINT('',(7.499999999998E-1,1.504131920869E0,-6.55E0));
#2514=LINE('',#2513,#2512);
#2515=DIRECTION('',(0.E0,1.E0,0.E0));
#2516=VECTOR('',#2515,8.967207019196E-1);
#2517=CARTESIAN_POINT('',(-3.536625633599E0,-3.487125633599E0,-6.55E0));
#2518=LINE('',#2517,#2516);
#2519=DIRECTION('',(-1.E0,0.E0,0.E0));
#2520=VECTOR('',#2519,1.473251267198E0);
#2521=CARTESIAN_POINT('',(-2.063374366401E0,-3.487125633599E0,-6.55E0));
#2522=LINE('',#2521,#2520);
#2523=DIRECTION('',(0.E0,-1.E0,0.E0));
#2524=VECTOR('',#2523,6.5E-1);
#2525=CARTESIAN_POINT('',(-2.063374366401E0,-2.837125633599E0,-6.55E0));
#2526=LINE('',#2525,#2524);
#2527=DIRECTION('',(-1.E0,0.E0,0.E0));
#2528=VECTOR('',#2527,1.276748732802E0);
#2529=CARTESIAN_POINT('',(-7.866256335991E-1,-2.837125633599E0,-6.55E0));
#2530=LINE('',#2529,#2528);
#2531=DIRECTION('',(0.E0,1.E0,0.E0));
#2532=VECTOR('',#2531,6.5E-1);
#2533=CARTESIAN_POINT('',(-7.866256335991E-1,-3.487125633599E0,-6.55E0));
#2534=LINE('',#2533,#2532);
#2535=DIRECTION('',(-1.E0,0.E0,0.E0));
#2536=VECTOR('',#2535,1.473251267198E0);
#2537=CARTESIAN_POINT('',(6.866256335991E-1,-3.487125633599E0,-6.55E0));
#2538=LINE('',#2537,#2536);
#2539=DIRECTION('',(0.E0,-1.E0,0.E0));
#2540=VECTOR('',#2539,8.967207019196E-1);
#2541=CARTESIAN_POINT('',(6.866256335991E-1,-2.590404931680E0,-6.55E0));
#2542=LINE('',#2541,#2540);
#2543=DIRECTION('',(-5.003469475875E-1,-8.658250008170E-1,0.E0));
#2544=VECTOR('',#2543,6.005832581749E-1);
#2545=CARTESIAN_POINT('',(9.871256335991E-1,-2.070404931680E0,-6.55E0));
#2546=LINE('',#2545,#2544);
#2547=DIRECTION('',(0.E0,-1.E0,0.E0));
#2548=VECTOR('',#2547,2.920404931679E0);
#2549=CARTESIAN_POINT('',(9.871256335991E-1,8.499999999991E-1,-6.55E0));
#2550=LINE('',#2549,#2548);
#2551=CARTESIAN_POINT('',(4.5E-1,8.5E-1,-6.55E0));
#2552=DIRECTION('',(0.E0,0.E0,-1.E0));
#2553=DIRECTION('',(0.E0,1.E0,0.E0));
#2554=AXIS2_PLACEMENT_3D('',#2551,#2552,#2553);
#2556=DIRECTION('',(1.E0,0.E0,0.E0));
#2557=VECTOR('',#2556,3.749999999998E0);
#2558=CARTESIAN_POINT('',(-3.299999999999E0,1.387125633599E0,-6.55E0));
#2559=LINE('',#2558,#2557);
#2560=CARTESIAN_POINT('',(-3.3E0,8.5E-1,-6.55E0));
#2561=DIRECTION('',(0.E0,0.E0,-1.E0));
#2562=DIRECTION('',(-1.E0,0.E0,0.E0));
#2563=AXIS2_PLACEMENT_3D('',#2560,#2561,#2562);
#2565=DIRECTION('',(0.E0,1.E0,0.E0));
#2566=VECTOR('',#2565,2.920404931679E0);
#2567=CARTESIAN_POINT('',(-3.837125633599E0,-2.070404931680E0,-6.55E0));
#2568=LINE('',#2567,#2566);
#2569=DIRECTION('',(-5.003469475875E-1,8.658250008170E-1,0.E0));
#2570=VECTOR('',#2569,6.005832581749E-1);
#2571=CARTESIAN_POINT('',(-3.536625633599E0,-2.590404931680E0,-6.55E0));
#2572=LINE('',#2571,#2570);
#2573=DIRECTION('',(0.E0,-1.E0,0.E0));
#2574=VECTOR('',#2573,3.575572780335E0);
#2575=CARTESIAN_POINT('',(-3.954131920869E0,1.15E0,-6.55E0));
#2576=LINE('',#2575,#2574);
#2577=CARTESIAN_POINT('',(-3.6E0,1.15E0,-6.55E0));
#2578=DIRECTION('',(0.E0,0.E0,1.E0));
#2579=DIRECTION('',(0.E0,1.E0,0.E0));
#2580=AXIS2_PLACEMENT_3D('',#2577,#2578,#2579);
#2582=DIRECTION('',(-1.E0,0.E0,0.E0));
#2583=VECTOR('',#2582,4.35E0);
#2584=CARTESIAN_POINT('',(7.499999999998E-1,1.504131920869E0,-6.55E0));
#2585=LINE('',#2584,#2583);
#2586=CARTESIAN_POINT('',(7.5E-1,1.15E0,-6.55E0));
#2587=DIRECTION('',(0.E0,0.E0,1.E0));
#2588=DIRECTION('',(1.E0,0.E0,0.E0));
#2589=AXIS2_PLACEMENT_3D('',#2586,#2587,#2588);
#2591=DIRECTION('',(0.E0,1.E0,0.E0));
#2592=VECTOR('',#2591,3.431984690897E0);
#2593=CARTESIAN_POINT('',(1.104131920869E0,-2.281984690897E0,-6.55E0));
#2594=LINE('',#2593,#2592);
#2595=DIRECTION('',(4.349482344154E-1,9.004554588534E-1,0.E0));
#2596=VECTOR('',#2595,3.931513831385E-1);
#2597=CARTESIAN_POINT('',(9.331314209147E-1,-2.636E0,-6.55E0));
#2598=LINE('',#2597,#2596);
#2599=DIRECTION('',(0.E0,1.E0,0.E0));
#2600=VECTOR('',#2599,8.151400602192E-1);
#2601=CARTESIAN_POINT('',(9.331314209147E-1,-3.451140060219E0,-6.55E0));
#2602=LINE('',#2601,#2600);
#2603=CARTESIAN_POINT('',(5.5E-1,-3.047905614467E0,-6.55E0));
#2604=DIRECTION('',(0.E0,0.E0,1.E0));
#2605=DIRECTION('',(0.E0,-1.E0,0.E0));
#2606=AXIS2_PLACEMENT_3D('',#2603,#2604,#2605);
#2608=DIRECTION('',(1.E0,-5.808529115944E-10,-1.570646617936E-9));
#2609=VECTOR('',#2608,1.535639563322E0);
#2610=CARTESIAN_POINT('',(-9.856398524709E-1,-3.604131920869E0,-6.55E0));
#2611=LINE('',#2610,#2609);
#2612=DIRECTION('',(0.E0,-1.E0,0.E0));
#2613=VECTOR('',#2612,5.685263064013E-1);
#2614=CARTESIAN_POINT('',(-9.856398524709E-1,-3.035605614467E0,-6.55E0));
#2615=LINE('',#2614,#2613);
#2616=DIRECTION('',(1.E0,0.E0,0.E0));
#2617=VECTOR('',#2616,8.787202950582E-1);
#2618=CARTESIAN_POINT('',(-1.864360147529E0,-3.035605614467E0,-6.55E0));
#2619=LINE('',#2618,#2617);
#2620=DIRECTION('',(0.E0,1.E0,0.E0));
#2621=VECTOR('',#2620,5.684319208688E-1);
#2622=CARTESIAN_POINT('',(-1.864360147529E0,-3.604037535336E0,-6.55E0));
#2623=LINE('',#2622,#2621);
#2624=DIRECTION('',(1.E0,8.000436371657E-10,2.163562315189E-9));
#2625=VECTOR('',#2624,1.535639451571E0);
#2626=CARTESIAN_POINT('',(-3.399999599100E0,-3.604037536565E0,
-6.550000003322E0));
#2627=LINE('',#2626,#2625);
#2628=CARTESIAN_POINT('',(-3.4E0,-3.047905614467E0,-6.55E0));
#2629=DIRECTION('',(0.E0,0.E0,1.E0));
#2630=DIRECTION('',(-7.047262792635E-1,-7.094792959033E-1,0.E0));
#2631=AXIS2_PLACEMENT_3D('',#2628,#2629,#2630);
#2633=DIRECTION('',(0.E0,-1.E0,0.E0));
#2634=VECTOR('',#2633,7.775640836473E-1);
#2635=CARTESIAN_POINT('',(-3.791920779374E0,-2.664905614467E0,-6.55E0));
#2636=LINE('',#2635,#2634);
#2637=DIRECTION('',(5.610435942201E-1,-8.277862558563E-1,0.E0));
#2638=VECTOR('',#2637,2.891239525170E-1);
#2639=CARTESIAN_POINT('',(-3.954131920869E0,-2.425572780335E0,-6.55E0));
#2640=LINE('',#2639,#2638);
#2641=DIRECTION('',(-6.372751051823E-1,-1.708941907799E-1,7.514490108268E-1));
#2642=VECTOR('',#2641,5.322976158540E-1);
#2643=CARTESIAN_POINT('',(-3.197405614467E0,-2.499438361364E0,
-6.949994516899E0));
#2644=LINE('',#2643,#2642);
#2645=DIRECTION('',(0.E0,1.E0,0.E0));
#2646=VECTOR('',#2645,6.484672531033E-1);
#2647=CARTESIAN_POINT('',(-3.197405614467E0,-3.147905614467E0,
-6.949994516899E0));
#2648=LINE('',#2647,#2646);
#2649=DIRECTION('',(-5.235892060091E-3,-5.235892060091E-3,9.999725850585E-1));
#2650=VECTOR('',#2649,7.300205617811E0);
#2651=CARTESIAN_POINT('',(-3.159182525836E0,-3.109682525836E0,-1.425E1));
#2652=LINE('',#2651,#2650);
#2653=DIRECTION('',(-5.003469475875E-1,8.658250008170E-1,0.E0));
#2654=VECTOR('',#2653,6.005832581749E-1);
#2655=CARTESIAN_POINT('',(-3.197405614467E0,-2.499438361364E0,
-6.949994516899E0));
#2656=LINE('',#2655,#2654);
#2657=DIRECTION('',(-5.235958670109E-3,-1.404095205679E-3,9.999853065188E-1));
#2658=VECTOR('',#2657,7.300112747171E0);
#2659=CARTESIAN_POINT('',(-3.159182525836E0,-2.489188308055E0,-1.425E1));
#2660=LINE('',#2659,#2658);
#2661=DIRECTION('',(-6.372751051823E-1,-1.708941907799E-1,7.514490108268E-1));
#2662=VECTOR('',#2661,5.322976158540E-1);
#2663=CARTESIAN_POINT('',(-3.497905614467E0,-1.979438361364E0,
-6.949994516899E0));
#2664=LINE('',#2663,#2662);
#2665=DIRECTION('',(6.467897795105E-1,9.083441397563E-13,-7.626683296957E-1));
#2666=VECTOR('',#2665,5.244671914705E-1);
#2667=CARTESIAN_POINT('',(-3.837125633599E0,8.499999999993E-1,-6.55E0));
#2668=LINE('',#2667,#2666);
#2669=DIRECTION('',(-1.294670882953E-12,-6.467897795105E-1,-7.626683296957E-1));
#2670=VECTOR('',#2669,5.244671914705E-1);
#2671=CARTESIAN_POINT('',(-3.299999999999E0,1.387125633599E0,-6.55E0));
#2672=LINE('',#2671,#2670);
#2673=DIRECTION('',(9.080266109263E-13,-6.467897795105E-1,-7.626683296957E-1));
#2674=VECTOR('',#2673,5.244671914705E-1);
#2675=CARTESIAN_POINT('',(4.499999999993E-1,1.387125633599E0,-6.55E0));
#2676=LINE('',#2675,#2674);
#2677=DIRECTION('',(-6.467897795105E-1,1.299116286573E-12,-7.626683296957E-1));
#2678=VECTOR('',#2677,5.244671914705E-1);
#2679=CARTESIAN_POINT('',(9.871256335991E-1,8.499999999991E-1,-6.55E0));
#2680=LINE('',#2679,#2678);
#2681=DIRECTION('',(6.372751051823E-1,-1.708941907799E-1,7.514490108268E-1));
#2682=VECTOR('',#2681,5.322976158540E-1);
#2683=CARTESIAN_POINT('',(6.479056144674E-1,-1.979438361364E0,
-6.949994516899E0));
#2684=LINE('',#2683,#2682);
#2685=DIRECTION('',(0.E0,-1.E0,0.E0));
#2686=VECTOR('',#2685,2.829438361364E0);
#2687=CARTESIAN_POINT('',(6.479056144674E-1,8.499999999997E-1,
-6.949994516899E0));
#2688=LINE('',#2687,#2686);
#2689=DIRECTION('',(5.235963831419E-3,-3.531370670081E-14,9.999862922474E-1));
#2690=VECTOR('',#2689,7.300105551142E0);
#2691=CARTESIAN_POINT('',(6.096825258361E-1,8.5E-1,-1.425E1));
#2692=LINE('',#2691,#2690);
#2693=DIRECTION('',(-5.003469475875E-1,-8.658250008170E-1,0.E0));
#2694=VECTOR('',#2693,6.005832581749E-1);
#2695=CARTESIAN_POINT('',(6.479056144674E-1,-1.979438361364E0,
-6.949994516899E0));
#2696=LINE('',#2695,#2694);
#2697=DIRECTION('',(5.235958670109E-3,-1.404095205679E-3,9.999853065188E-1));
#2698=VECTOR('',#2697,7.300112747171E0);
#2699=CARTESIAN_POINT('',(6.096825258361E-1,-1.969188308055E0,-1.425E1));
#2700=LINE('',#2699,#2698);
#2701=DIRECTION('',(6.372751051823E-1,-1.708941907799E-1,7.514490108268E-1));
#2702=VECTOR('',#2701,5.322976158540E-1);
#2703=CARTESIAN_POINT('',(3.474056144674E-1,-2.499438361364E0,
-6.949994516899E0));
#2704=LINE('',#2703,#2702);
#2705=DIRECTION('',(5.430920300580E-1,-5.430920300580E-1,6.403921406255E-1));
#2706=VECTOR('',#2705,6.246087225685E-1);
#2707=CARTESIAN_POINT('',(3.474056144674E-1,-3.147905614467E0,
-6.949994516899E0));
#2708=LINE('',#2707,#2706);
#2709=DIRECTION('',(0.E0,-1.E0,0.E0));
#2710=VECTOR('',#2709,6.484672531033E-1);
#2711=CARTESIAN_POINT('',(3.474056144674E-1,-2.499438361364E0,
-6.949994516899E0));
#2712=LINE('',#2711,#2710);
#2713=DIRECTION('',(5.235958670109E-3,-1.404095205679E-3,9.999853065188E-1));
#2714=VECTOR('',#2713,7.300112747171E0);
#2715=CARTESIAN_POINT('',(3.091825258361E-1,-2.489188308055E0,-1.425E1));
#2716=LINE('',#2715,#2714);
#2717=DIRECTION('',(-1.E0,0.E0,0.E0));
#2718=VECTOR('',#2717,7.948112289349E-1);
#2719=CARTESIAN_POINT('',(3.474056144674E-1,-3.147905614467E0,
-6.949994516899E0));
#2720=LINE('',#2719,#2718);
#2721=DIRECTION('',(5.235892060091E-3,-5.235892060091E-3,9.999725850585E-1));
#2722=VECTOR('',#2721,7.300205617811E0);
#2723=CARTESIAN_POINT('',(3.091825258361E-1,-3.109682525836E0,-1.425E1));
#2724=LINE('',#2723,#2722);
#2725=DIRECTION('',(-5.430920300580E-1,-5.430920300580E-1,6.403921406255E-1));
#2726=VECTOR('',#2725,6.246087225685E-1);
#2727=CARTESIAN_POINT('',(-4.474056144674E-1,-3.147905614467E0,
-6.949994516899E0));
#2728=LINE('',#2727,#2726);
#2729=DIRECTION('',(-5.430920300580E-1,-5.430920300580E-1,6.403921406255E-1));
#2730=VECTOR('',#2729,6.246087225685E-1);
#2731=CARTESIAN_POINT('',(-4.474056144674E-1,-2.497905614467E0,
-6.949994516899E0));
#2732=LINE('',#2731,#2730);
#2733=DIRECTION('',(0.E0,1.E0,0.E0));
#2734=VECTOR('',#2733,6.5E-1);
#2735=CARTESIAN_POINT('',(-4.474056144674E-1,-3.147905614467E0,
-6.949994516899E0));
#2736=LINE('',#2735,#2734);
#2737=DIRECTION('',(-5.235892060091E-3,-5.235892060091E-3,9.999725850585E-1));
#2738=VECTOR('',#2737,7.300205617811E0);
#2739=CARTESIAN_POINT('',(-4.091825258361E-1,-3.109682525836E0,-1.425E1));
#2740=LINE('',#2739,#2738);
#2741=DIRECTION('',(-1.E0,0.E0,0.E0));
#2742=VECTOR('',#2741,1.955188771065E0);
#2743=CARTESIAN_POINT('',(-4.474056144674E-1,-2.497905614467E0,
-6.949994516899E0));
#2744=LINE('',#2743,#2742);
#2745=DIRECTION('',(-5.235892060091E-3,-5.235892060091E-3,9.999725850585E-1));
#2746=VECTOR('',#2745,7.300205617811E0);
#2747=CARTESIAN_POINT('',(-4.091825258361E-1,-2.459682525836E0,-1.425E1));
#2748=LINE('',#2747,#2746);
#2749=DIRECTION('',(5.430920300580E-1,-5.430920300580E-1,6.403921406255E-1));
#2750=VECTOR('',#2749,6.246087225685E-1);
#2751=CARTESIAN_POINT('',(-2.402594385533E0,-2.497905614467E0,
-6.949994516899E0));
#2752=LINE('',#2751,#2750);
#2753=DIRECTION('',(5.430920300580E-1,-5.430920300580E-1,6.403921406255E-1));
#2754=VECTOR('',#2753,6.246087225685E-1);
#2755=CARTESIAN_POINT('',(-2.402594385533E0,-3.147905614467E0,
-6.949994516899E0));
#2756=LINE('',#2755,#2754);
#2757=DIRECTION('',(0.E0,-1.E0,0.E0));
#2758=VECTOR('',#2757,6.5E-1);
#2759=CARTESIAN_POINT('',(-2.402594385533E0,-2.497905614467E0,
-6.949994516899E0));
#2760=LINE('',#2759,#2758);
#2761=DIRECTION('',(5.235892060090E-3,-5.235892060091E-3,9.999725850585E-1));
#2762=VECTOR('',#2761,7.300205617811E0);
#2763=CARTESIAN_POINT('',(-2.440817474164E0,-2.459682525836E0,-1.425E1));
#2764=LINE('',#2763,#2762);
#2765=DIRECTION('',(-1.E0,0.E0,0.E0));
#2766=VECTOR('',#2765,7.948112289349E-1);
#2767=CARTESIAN_POINT('',(-2.402594385533E0,-3.147905614467E0,
-6.949994516899E0));
#2768=LINE('',#2767,#2766);
#2769=DIRECTION('',(5.235892060091E-3,-5.235892060091E-3,9.999725850585E-1));
#2770=VECTOR('',#2769,7.300205617811E0);
#2771=CARTESIAN_POINT('',(-2.440817474164E0,-3.109682525836E0,-1.425E1));
#2772=LINE('',#2771,#2770);
#2773=DIRECTION('',(-5.430920300580E-1,-5.430920300580E-1,6.403921406255E-1));
#2774=VECTOR('',#2773,6.246087225685E-1);
#2775=CARTESIAN_POINT('',(-3.197405614467E0,-3.147905614467E0,
-6.949994516899E0));
#2776=LINE('',#2775,#2774);
#2777=CARTESIAN_POINT('',(4.5E-1,8.5E-1,-6.949994516899E0));
#2778=DIRECTION('',(0.E0,0.E0,-1.E0));
#2779=DIRECTION('',(0.E0,1.E0,0.E0));
#2780=AXIS2_PLACEMENT_3D('',#2777,#2778,#2779);
#2782=DIRECTION('',(-2.486559451155E-14,5.235963831419E-3,9.999862922474E-1));
#2783=VECTOR('',#2782,7.300105551142E0);
#2784=CARTESIAN_POINT('',(4.5E-1,1.009682525836E0,-1.425E1));
#2785=LINE('',#2784,#2783);
#2786=DIRECTION('',(1.E0,0.E0,0.E0));
#2787=VECTOR('',#2786,3.75E0);
#2788=CARTESIAN_POINT('',(-3.3E0,1.047905614467E0,-6.949994516899E0));
#2789=LINE('',#2788,#2787);
#2790=DIRECTION('',(3.546578984767E-14,5.235963831419E-3,9.999862922474E-1));
#2791=VECTOR('',#2790,7.300105551142E0);
#2792=CARTESIAN_POINT('',(-3.3E0,1.009682525836E0,-1.425E1));
#2793=LINE('',#2792,#2791);
#2794=CARTESIAN_POINT('',(-3.3E0,8.5E-1,-6.949994516899E0));
#2795=DIRECTION('',(0.E0,0.E0,-1.E0));
#2796=DIRECTION('',(-1.E0,0.E0,0.E0));
#2797=AXIS2_PLACEMENT_3D('',#2794,#2795,#2796);
#2799=DIRECTION('',(-5.235963831419E-3,-2.497205271435E-14,9.999862922474E-1));
#2800=VECTOR('',#2799,7.300105551142E0);
#2801=CARTESIAN_POINT('',(-3.459682525836E0,8.5E-1,-1.425E1));
#2802=LINE('',#2801,#2800);
#2803=DIRECTION('',(0.E0,1.E0,0.E0));
#2804=VECTOR('',#2803,2.829438361364E0);
#2805=CARTESIAN_POINT('',(-3.497905614467E0,-1.979438361364E0,
-6.949994516899E0));
#2806=LINE('',#2805,#2804);
#2807=DIRECTION('',(-5.235958670109E-3,-1.404095205679E-3,9.999853065188E-1));
#2808=VECTOR('',#2807,7.300112747171E0);
#2809=CARTESIAN_POINT('',(-3.459682525836E0,-1.969188308055E0,-1.425E1));
#2810=LINE('',#2809,#2808);
#2811=DIRECTION('',(-3.469356515733E-1,-2.551136400227E-14,-9.378889346119E-1));
#2812=VECTOR('',#2811,4.264838853915E-1);
#2813=CARTESIAN_POINT('',(-3.954131920869E0,1.15E0,-6.55E0));
#2814=LINE('',#2813,#2812);
#2815=DIRECTION('',(-3.099197169337E-1,4.494488834749E-1,-8.378218606594E-1));
#2816=VECTOR('',#2815,4.774219147065E-1);
#2817=CARTESIAN_POINT('',(-3.954131920869E0,-2.425572780335E0,-6.55E0));
#2818=LINE('',#2817,#2816);
#2819=DIRECTION('',(5.235957069010E-3,1.607190208246E-3,9.999850007341E-1));
#2820=VECTOR('',#2819,7.300114979467E0);
#2821=CARTESIAN_POINT('',(-4.140317474164E0,-2.222728707138E0,-1.425E1));
#2822=LINE('',#2821,#2820);
#2823=CARTESIAN_POINT('',(-3.794015164907E0,-3.631430209671E0,
-6.949994516220E0));
#2824=CARTESIAN_POINT('',(-3.793920759698E0,-3.623446425202E0,
-6.931964614051E0));
#2825=CARTESIAN_POINT('',(-3.793733904098E0,-3.607545107982E0,
-6.896278150728E0));
#2826=CARTESIAN_POINT('',(-3.793459761867E0,-3.583896922182E0,
-6.843921319338E0));
#2827=CARTESIAN_POINT('',(-3.793191082534E0,-3.560371918957E0,
-6.792607815675E0));
#2828=CARTESIAN_POINT('',(-3.792927546391E0,-3.536914171963E0,
-6.742276579753E0));
#2829=CARTESIAN_POINT('',(-3.792668844749E0,-3.513462162056E0,
-6.692868657031E0));
#2830=CARTESIAN_POINT('',(-3.792414751158E0,-3.489953348833E0,
-6.644340799432E0));
#2831=CARTESIAN_POINT('',(-3.792165153434E0,-3.466325704335E0,
-6.596671581204E0));
#2832=CARTESIAN_POINT('',(-3.792001717808E0,-3.450448837156E0,
-6.565457960967E0));
#2833=CARTESIAN_POINT('',(-3.791920779374E0,-3.442469698115E0,-6.55E0));
#2835=DIRECTION('',(5.235957069010E-3,1.607190208246E-3,9.999850007341E-1));
#2836=VECTOR('',#2835,7.700115496080E0);
#2837=CARTESIAN_POINT('',(-3.832238253537E0,-2.677281164695E0,-1.425E1));
#2838=LINE('',#2837,#2836);
#2839=DIRECTION('',(-9.400116215751E-7,-3.469356515740E-1,-9.378889346112E-1));
#2840=VECTOR('',#2839,4.264838818494E-1);
#2841=CARTESIAN_POINT('',(-3.399999599100E0,-3.604037536565E0,
-6.550000003322E0));
#2842=LINE('',#2841,#2840);
#2843=DIRECTION('',(4.910760641854E-3,-3.469314682725E-1,-9.378776256806E-1));
#2844=VECTOR('',#2843,4.264890279355E-1);
#2845=CARTESIAN_POINT('',(-1.864360147529E0,-3.604037535336E0,-6.55E0));
#2846=LINE('',#2845,#2844);
#2847=DIRECTION('',(-5.235892060091E-3,5.235892060091E-3,9.999725850585E-1));
#2848=VECTOR('',#2847,7.300205617811E0);
#2849=CARTESIAN_POINT('',(-1.824042673365E0,-3.790223088631E0,-1.425E1));
#2850=LINE('',#2849,#2848);
#2851=DIRECTION('',(-5.235892060091E-3,5.235892060090E-3,9.999725850585E-1));
#2852=VECTOR('',#2851,7.700211100837E0);
#2853=CARTESIAN_POINT('',(-1.824042673365E0,-3.075923088631E0,-1.425E1));
#2854=LINE('',#2853,#2852);
#2855=DIRECTION('',(4.910760641853E-3,3.469314682725E-1,9.378776256806E-1));
#2856=VECTOR('',#2855,4.264890279355E-1);
#2857=CARTESIAN_POINT('',(-9.877342380035E-1,-3.752094385533E0,
-6.949994516899E0));
#2858=LINE('',#2857,#2856);
#2859=DIRECTION('',(5.235892060091E-3,5.235892060090E-3,9.999725850585E-1));
#2860=VECTOR('',#2859,7.700211100837E0);
#2861=CARTESIAN_POINT('',(-1.025957326635E0,-3.075923088631E0,-1.425E1));
#2862=LINE('',#2861,#2860);
#2863=DIRECTION('',(6.787353507198E-7,-3.469356515736E-1,-9.378889346115E-1));
#2864=VECTOR('',#2863,4.264838852635E-1);
#2865=CARTESIAN_POINT('',(5.499997108506E-1,-3.604131921761E0,
-6.550000002412E0));
#2866=LINE('',#2865,#2864);
#2867=CARTESIAN_POINT('',(9.331314209147E-1,-3.451140060219E0,-6.55E0));
#2868=CARTESIAN_POINT('',(9.332116838997E-1,-3.458885552385E0,
-6.565328960883E0));
#2869=CARTESIAN_POINT('',(9.333738586272E-1,-3.474328771782E0,
-6.596301769277E0));
#2870=CARTESIAN_POINT('',(9.336218228095E-1,-3.497390204090E0,
-6.643659006884E0));
#2871=CARTESIAN_POINT('',(9.338747138720E-1,-3.520420552060E0,
-6.691957200696E0));
#2872=CARTESIAN_POINT('',(9.341327543693E-1,-3.543481340044E0,
-6.741238855113E0));
#2873=CARTESIAN_POINT('',(9.343962922763E-1,-3.566637165163E0,
-6.791570427875E0));
#2874=CARTESIAN_POINT('',(9.346657645681E-1,-3.589953270778E0,
-6.843035374274E0));
#2875=CARTESIAN_POINT('',(9.349415994939E-1,-3.613488548179E0,
-6.895715483145E0));
#2876=CARTESIAN_POINT('',(9.351303043854E-1,-3.629384922888E0,
-6.931755133311E0));
#2877=CARTESIAN_POINT('',(9.352258064473E-1,-3.637382419220E0,
-6.949994516899E0));
#2879=CARTESIAN_POINT('',(9.734488950786E-1,-3.657714111190E0,-1.425E1));
#2880=CARTESIAN_POINT('',(9.690539059942E-1,-3.655415293191E0,
-1.341062658558E1));
#2881=CARTESIAN_POINT('',(9.603626333155E-1,-3.650843278589E0,
-1.175073094444E1));
#2882=CARTESIAN_POINT('',(9.476261056060E-1,-3.644067090092E0,
-9.318255562575E0));
#2883=CARTESIAN_POINT('',(9.393268115585E-1,-3.639601452671E0,
-7.733221641407E0));
#2884=CARTESIAN_POINT('',(9.352258064473E-1,-3.637382419220E0,
-6.949994516899E0));
#2886=DIRECTION('',(-2.832919026047E-1,-5.772682074180E-1,7.658375249510E-1));
#2887=VECTOR('',#2886,5.222968369493E-1);
#2888=CARTESIAN_POINT('',(1.252094385533E0,-1.980479332091E0,
-6.949994516899E0));
#2889=LINE('',#2888,#2887);
#2890=DIRECTION('',(-5.235960072014E-3,1.198329367933E-3,9.999855742604E-1));
#2891=VECTOR('',#2890,7.700111079798E0);
#2892=CARTESIAN_POINT('',(9.734488950786E-1,-2.645227269243E0,-1.425E1));
#2893=LINE('',#2892,#2891);
#2894=DIRECTION('',(3.469356515733E-1,-3.019712473739E-14,-9.378889346119E-1));
#2895=VECTOR('',#2894,4.264838853915E-1);
#2896=CARTESIAN_POINT('',(1.104131920869E0,1.15E0,-6.55E0));
#2897=LINE('',#2896,#2895);
#2898=CARTESIAN_POINT('',(7.5E-1,1.15E0,-6.949994516899E0));
#2899=DIRECTION('',(0.E0,0.E0,1.E0));
#2900=DIRECTION('',(1.E0,0.E0,0.E0));
#2901=AXIS2_PLACEMENT_3D('',#2898,#2899,#2900);
#2903=DIRECTION('',(-5.235963831420E-3,-2.104830752537E-14,9.999862922474E-1));
#2904=VECTOR('',#2903,7.300105551142E0);
#2905=CARTESIAN_POINT('',(1.290317474164E0,1.15E0,-1.425E1));
#2906=LINE('',#2905,#2904);
#2907=DIRECTION('',(0.E0,1.E0,0.E0));
#2908=VECTOR('',#2907,3.130479332091E0);
#2909=CARTESIAN_POINT('',(1.252094385533E0,-1.980479332091E0,
-6.949994516899E0));
#2910=LINE('',#2909,#2908);
#2911=DIRECTION('',(-5.235960072014E-3,1.198329367933E-3,9.999855742604E-1));
#2912=VECTOR('',#2911,7.300110792599E0);
#2913=CARTESIAN_POINT('',(1.290317474164E0,-1.989227269243E0,-1.425E1));
#2914=LINE('',#2913,#2912);
#2915=CARTESIAN_POINT('',(5.5E-1,-3.047905614467E0,-6.949994516899E0));
#2916=DIRECTION('',(0.E0,0.E0,1.E0));
#2917=DIRECTION('',(0.E0,-1.E0,0.E0));
#2918=AXIS2_PLACEMENT_3D('',#2915,#2916,#2917);
#2920=DIRECTION('',(4.387533392527E-11,5.235963716942E-3,9.999862922480E-1));
#2921=VECTOR('',#2920,7.300105548846E0);
#2922=CARTESIAN_POINT('',(5.5E-1,-3.790317474164E0,-1.425E1));
#2923=LINE('',#2922,#2921);
#2924=DIRECTION('',(1.E0,-5.512810002616E-10,-1.490310220085E-9));
#2925=VECTOR('',#2924,1.537734238324E0);
#2926=CARTESIAN_POINT('',(-9.877342380035E-1,-3.752094385533E0,
-6.949994516899E0));
#2927=LINE('',#2926,#2925);
#2928=DIRECTION('',(5.235892060091E-3,5.235892060091E-3,9.999725850585E-1));
#2929=VECTOR('',#2928,7.300205617811E0);
#2930=CARTESIAN_POINT('',(-1.025957326635E0,-3.790317474164E0,-1.425E1));
#2931=LINE('',#2930,#2929);
#2932=DIRECTION('',(1.E0,0.E0,0.E0));
#2933=VECTOR('',#2932,1.537734238003E0);
#2934=CARTESIAN_POINT('',(-3.4E0,-3.752E0,-6.949994516899E0));
#2935=LINE('',#2934,#2933);
#2936=DIRECTION('',(1.782414481195E-14,5.235963831420E-3,9.999862922474E-1));
#2937=VECTOR('',#2936,7.300105551142E0);
#2938=CARTESIAN_POINT('',(-3.4E0,-3.790223088631E0,-1.425E1));
#2939=LINE('',#2938,#2937);
#2940=CARTESIAN_POINT('',(-3.4E0,-3.047905614467E0,-6.949994516899E0));
#2941=DIRECTION('',(0.E0,0.E0,1.E0));
#2942=DIRECTION('',(-5.596056054446E-1,-8.287590520501E-1,0.E0));
#2943=AXIS2_PLACEMENT_3D('',#2940,#2941,#2942);
#2945=CARTESIAN_POINT('',(-3.832238253537E0,-3.651399876767E0,-1.425E1));
#2946=CARTESIAN_POINT('',(-3.827844782367E0,-3.649142483115E0,
-1.341091648319E1));
#2947=CARTESIAN_POINT('',(-3.819155532318E0,-3.644652550407E0,
-1.175140713217E1));
#2948=CARTESIAN_POINT('',(-3.806418897254E0,-3.637996989254E0,
-9.318911247857E0));
#2949=CARTESIAN_POINT('',(-3.798117640847E0,-3.633610224964E0,
-7.733502545741E0));
#2950=CARTESIAN_POINT('',(-3.794015164907E0,-3.631430209671E0,
-6.949994516220E0));
#2952=DIRECTION('',(0.E0,-1.E0,0.E0));
#2953=VECTOR('',#2952,3.360996033823E0);
#2954=CARTESIAN_POINT('',(-4.102094385533E0,1.15E0,-6.949994516899E0));
#2955=LINE('',#2954,#2953);
#2956=DIRECTION('',(5.235963831420E-3,-2.558038530179E-14,9.999862922474E-1));
#2957=VECTOR('',#2956,7.300105551142E0);
#2958=CARTESIAN_POINT('',(-4.140317474164E0,1.15E0,-1.425E1));
#2959=LINE('',#2958,#2957);
#2960=CARTESIAN_POINT('',(-3.6E0,1.15E0,-6.949994516899E0));
#2961=DIRECTION('',(0.E0,0.E0,1.E0));
#2962=DIRECTION('',(0.E0,1.E0,0.E0));
#2963=AXIS2_PLACEMENT_3D('',#2960,#2961,#2962);
#2965=DIRECTION('',(2.104830752537E-14,-5.235963831420E-3,9.999862922474E-1));
#2966=VECTOR('',#2965,7.300105551142E0);
#2967=CARTESIAN_POINT('',(-3.6E0,1.690317474164E0,-1.425E1));
#2968=LINE('',#2967,#2966);
#2969=DIRECTION('',(2.186688343052E-14,3.469356515733E-1,-9.378889346119E-1));
#2970=VECTOR('',#2969,4.264838853915E-1);
#2971=CARTESIAN_POINT('',(-3.6E0,1.504131920869E0,-6.55E0));
#2972=LINE('',#2971,#2970);
#2973=DIRECTION('',(0.E0,0.E0,1.E0));
#2974=VECTOR('',#2973,7.E0);
#2975=CARTESIAN_POINT('',(-7.75E-1,-8.5E-1,-1.425E1));
#2976=LINE('',#2975,#2974);
#2977=DIRECTION('',(0.E0,0.E0,1.E0));
#2978=VECTOR('',#2977,7.E0);
#2979=CARTESIAN_POINT('',(-2.75E-1,-8.5E-1,-1.425E1));
#2980=LINE('',#2979,#2978);
#2981=DIRECTION('',(0.E0,0.E0,1.E0));
#2982=VECTOR('',#2981,7.E0);
#2983=CARTESIAN_POINT('',(-2.75E-1,-1.25E0,-1.425E1));
#2984=LINE('',#2983,#2982);
#2985=DIRECTION('',(0.E0,0.E0,1.E0));
#2986=VECTOR('',#2985,7.E0);
#2987=CARTESIAN_POINT('',(-7.75E-1,-1.25E0,-1.425E1));
#2988=LINE('',#2987,#2986);
#2989=DIRECTION('',(0.E0,-1.E0,0.E0));
#2990=VECTOR('',#2989,4.E-1);
#2991=CARTESIAN_POINT('',(-7.75E-1,-8.5E-1,-7.25E0));
#2992=LINE('',#2991,#2990);
#2993=DIRECTION('',(-1.E0,0.E0,0.E0));
#2994=VECTOR('',#2993,5.E-1);
#2995=CARTESIAN_POINT('',(-2.75E-1,-8.5E-1,-7.25E0));
#2996=LINE('',#2995,#2994);
#2997=DIRECTION('',(0.E0,1.E0,0.E0));
#2998=VECTOR('',#2997,4.E-1);
#2999=CARTESIAN_POINT('',(-2.75E-1,-1.25E0,-7.25E0));
#3000=LINE('',#2999,#2998);
#3001=DIRECTION('',(1.E0,0.E0,0.E0));
#3002=VECTOR('',#3001,5.E-1);
#3003=CARTESIAN_POINT('',(-7.75E-1,-1.25E0,-7.25E0));
#3004=LINE('',#3003,#3002);
#3005=DIRECTION('',(0.E0,0.E0,1.E0));
#3006=VECTOR('',#3005,7.E0);
#3007=CARTESIAN_POINT('',(-2.575E0,-8.5E-1,-1.425E1));
#3008=LINE('',#3007,#3006);
#3009=DIRECTION('',(0.E0,0.E0,1.E0));
#3010=VECTOR('',#3009,7.E0);
#3011=CARTESIAN_POINT('',(-2.075E0,-8.5E-1,-1.425E1));
#3012=LINE('',#3011,#3010);
#3013=DIRECTION('',(0.E0,0.E0,1.E0));
#3014=VECTOR('',#3013,7.E0);
#3015=CARTESIAN_POINT('',(-2.075E0,-1.25E0,-1.425E1));
#3016=LINE('',#3015,#3014);
#3017=DIRECTION('',(0.E0,0.E0,1.E0));
#3018=VECTOR('',#3017,7.E0);
#3019=CARTESIAN_POINT('',(-2.575E0,-1.25E0,-1.425E1));
#3020=LINE('',#3019,#3018);
#3021=DIRECTION('',(0.E0,-1.E0,0.E0));
#3022=VECTOR('',#3021,4.E-1);
#3023=CARTESIAN_POINT('',(-2.575E0,-8.5E-1,-7.25E0));
#3024=LINE('',#3023,#3022);
#3025=DIRECTION('',(-1.E0,0.E0,0.E0));
#3026=VECTOR('',#3025,5.E-1);
#3027=CARTESIAN_POINT('',(-2.075E0,-8.5E-1,-7.25E0));
#3028=LINE('',#3027,#3026);
#3029=DIRECTION('',(0.E0,1.E0,0.E0));
#3030=VECTOR('',#3029,4.E-1);
#3031=CARTESIAN_POINT('',(-2.075E0,-1.25E0,-7.25E0));
#3032=LINE('',#3031,#3030);
#3033=DIRECTION('',(1.E0,0.E0,0.E0));
#3034=VECTOR('',#3033,5.E-1);
#3035=CARTESIAN_POINT('',(-2.575E0,-1.25E0,-7.25E0));
#3036=LINE('',#3035,#3034);
#3037=DIRECTION('',(0.E0,0.E0,-1.E0));
#3038=VECTOR('',#3037,1.425E1);
#3039=CARTESIAN_POINT('',(5.325E0,-5.35E0,0.E0));
#3040=LINE('',#3039,#3038);
#3041=DIRECTION('',(0.E0,0.E0,-1.E0));
#3042=VECTOR('',#3041,1.425E1);
#3043=CARTESIAN_POINT('',(3.625E0,-5.35E0,0.E0));
#3044=LINE('',#3043,#3042);
#3045=DIRECTION('',(0.E0,1.E0,0.E0));
#3046=VECTOR('',#3045,8.5E-1);
#3047=CARTESIAN_POINT('',(3.375E0,-4.55E0,-5.E-1));
#3048=LINE('',#3047,#3046);
#3049=DIRECTION('',(0.E0,0.E0,-1.E0));
#3050=VECTOR('',#3049,1.375E1);
#3051=CARTESIAN_POINT('',(3.375E0,-3.7E0,-5.E-1));
#3052=LINE('',#3051,#3050);
#3053=DIRECTION('',(0.E0,0.E0,1.E0));
#3054=VECTOR('',#3053,1.375E1);
#3055=CARTESIAN_POINT('',(1.325E0,-4.355714965711E0,-1.425E1));
#3056=LINE('',#3055,#3054);
#3057=CARTESIAN_POINT('',(5.999621217556E-1,-3.1E0,-5.E-1));
#3058=DIRECTION('',(0.E0,0.E0,-1.E0));
#3059=DIRECTION('',(9.103709505134E-1,-4.137931034483E-1,0.E0));
#3060=AXIS2_PLACEMENT_3D('',#3057,#3058,#3059);
#3062=DIRECTION('',(0.E0,0.E0,-1.E0));
#3063=VECTOR('',#3062,1.425E1);
#3064=CARTESIAN_POINT('',(1.325E0,-5.35E0,0.E0));
#3065=LINE('',#3064,#3063);
#3066=DIRECTION('',(0.E0,0.E0,-1.E0));
#3067=VECTOR('',#3066,1.425E1);
#3068=CARTESIAN_POINT('',(-1.75E-1,-5.35E0,0.E0));
#3069=LINE('',#3068,#3067);
#3070=DIRECTION('',(0.E0,5.E-1,-8.660254037844E-1));
#3071=VECTOR('',#3070,5.773502691896E-1);
#3072=CARTESIAN_POINT('',(-1.75E-1,-4.838675134595E0,0.E0));
#3073=LINE('',#3072,#3071);
#3074=DIRECTION('',(4.472135955E-1,-4.472135955E-1,7.745966692415E-1));
#3075=VECTOR('',#3074,6.454972243679E-1);
#3076=CARTESIAN_POINT('',(-8.75E-1,-4.55E0,-5.E-1));
#3077=LINE('',#3076,#3075);
#3078=DIRECTION('',(4.472135955E-1,-4.472135955E-1,7.745966692415E-1));
#3079=VECTOR('',#3078,6.454972243679E-1);
#3080=CARTESIAN_POINT('',(-8.75E-1,-5.35E0,-5.E-1));
#3081=LINE('',#3080,#3079);
#3082=DIRECTION('',(-4.472135955E-1,-4.472135955E-1,7.745966692415E-1));
#3083=VECTOR('',#3082,6.454972243679E-1);
#3084=CARTESIAN_POINT('',(-1.975E0,-5.35E0,-5.E-1));
#3085=LINE('',#3084,#3083);
#3086=DIRECTION('',(-1.E0,0.E0,0.E0));
#3087=VECTOR('',#3086,1.1E0);
#3088=CARTESIAN_POINT('',(-8.75E-1,-5.35E0,-5.E-1));
#3089=LINE('',#3088,#3087);
#3090=DIRECTION('',(0.E0,0.E0,-1.E0));
#3091=VECTOR('',#3090,1.375E1);
#3092=CARTESIAN_POINT('',(-1.975E0,-5.35E0,-5.E-1));
#3093=LINE('',#3092,#3091);
#3094=DIRECTION('',(0.E0,0.E0,-1.E0));
#3095=VECTOR('',#3094,1.375E1);
#3096=CARTESIAN_POINT('',(-1.975E0,-4.55E0,-5.E-1));
#3097=LINE('',#3096,#3095);
#3098=DIRECTION('',(0.E0,1.E0,0.E0));
#3099=VECTOR('',#3098,8.E-1);
#3100=CARTESIAN_POINT('',(-1.975E0,-5.35E0,-5.E-1));
#3101=LINE('',#3100,#3099);
#3102=DIRECTION('',(0.E0,0.E0,-1.E0));
#3103=VECTOR('',#3102,1.375E1);
#3104=CARTESIAN_POINT('',(-2.675E0,-4.55E0,-5.E-1));
#3105=LINE('',#3104,#3103);
#3106=DIRECTION('',(-1.E0,0.E0,0.E0));
#3107=VECTOR('',#3106,7.E-1);
#3108=CARTESIAN_POINT('',(-1.975E0,-4.55E0,-5.E-1));
#3109=LINE('',#3108,#3107);
#3110=DIRECTION('',(0.E0,0.E0,-1.E0));
#3111=VECTOR('',#3110,1.425E1);
#3112=CARTESIAN_POINT('',(-2.675E0,-5.35E0,0.E0));
#3113=LINE('',#3112,#3111);
#3114=DIRECTION('',(0.E0,0.E0,-1.E0));
#3115=VECTOR('',#3114,1.425E1);
#3116=CARTESIAN_POINT('',(-4.175E0,-5.35E0,0.E0));
#3117=LINE('',#3116,#3115);
#3118=CARTESIAN_POINT('',(-4.175E0,-4.355714965711E0,-5.E-1));
#3119=CARTESIAN_POINT('',(-4.175E0,-4.377755035407E0,-4.669404712266E-1));
#3120=CARTESIAN_POINT('',(-4.175E0,-4.424201369672E0,-3.968336387400E-1));
#3121=CARTESIAN_POINT('',(-4.175E0,-4.500331618785E0,-2.804515123734E-1));
#3122=CARTESIAN_POINT('',(-4.175E0,-4.584422758777E0,-1.503474799494E-1));
#3123=CARTESIAN_POINT('',(-4.175E0,-4.647299459773E0,-5.193335196237E-2));
#3124=CARTESIAN_POINT('',(-4.175E0,-4.680288359373E0,0.E0));
#3126=DIRECTION('',(0.E0,0.E0,-1.E0));
#3127=VECTOR('',#3126,1.28E1);
#3128=CARTESIAN_POINT('',(-5.125E0,-3.7E0,-1.45E0));
#3129=LINE('',#3128,#3127);
#3130=CARTESIAN_POINT('',(-5.081829525578E0,-3.7E0,0.E0));
#3131=CARTESIAN_POINT('',(-5.042380605093E0,-3.7E0,-6.413013808746E-2));
#3132=CARTESIAN_POINT('',(-4.966668361903E0,-3.7E0,-1.866551003708E-1));
#3133=CARTESIAN_POINT('',(-4.863058328263E0,-3.7E0,-3.527101916434E-1));
#3134=CARTESIAN_POINT('',(-4.799972921923E0,-3.7E0,-4.527384347473E-1));
#3135=CARTESIAN_POINT('',(-4.77E0,-3.7E0,-5.E-1));
#3137=DIRECTION('',(-1.E0,0.E0,0.E0));
#3138=VECTOR('',#3137,8.818456090168E-1);
#3139=CARTESIAN_POINT('',(-5.081829525578E0,-3.7E0,0.E0));
#3140=LINE('',#3139,#3138);
#3141=DIRECTION('',(0.E0,0.E0,-1.E0));
#3142=VECTOR('',#3141,1.375E1);
#3143=CARTESIAN_POINT('',(-5.675E0,-3.7E0,-5.E-1));
#3144=LINE('',#3143,#3142);
#3145=DIRECTION('',(0.E0,0.E0,1.E0));
#3146=VECTOR('',#3145,1.28E1);
#3147=CARTESIAN_POINT('',(-5.525E0,-3.7E0,-1.425E1));
#3148=LINE('',#3147,#3146);
#3149=DIRECTION('',(-1.E0,0.E0,0.E0));
#3150=VECTOR('',#3149,4.E-1);
#3151=CARTESIAN_POINT('',(-5.125E0,-3.7E0,-1.45E0));
#3152=LINE('',#3151,#3150);
#3153=DIRECTION('',(0.E0,0.E0,1.E0));
#3154=VECTOR('',#3153,5.025729505902E-1);
#3155=CARTESIAN_POINT('',(-5.125E0,-3.45E0,-1.952572950590E0));
#3156=LINE('',#3155,#3154);
#3157=DIRECTION('',(0.E0,0.E0,-1.E0));
#3158=VECTOR('',#3157,1.229742704941E1);
#3159=CARTESIAN_POINT('',(-5.125E0,7.5E-1,-1.952572950590E0));
#3160=LINE('',#3159,#3158);
#3161=DIRECTION('',(0.E0,1.E0,0.E0));
#3162=VECTOR('',#3161,2.5E-1);
#3163=CARTESIAN_POINT('',(-5.125E0,-3.7E0,-1.45E0));
#3164=LINE('',#3163,#3162);
#3165=CARTESIAN_POINT('',(-5.225E0,-3.35E0,-1.540262240278E0));
#3166=CARTESIAN_POINT('',(-5.193181044328E0,-3.381818955672E0,
-1.602000107582E0));
#3167=CARTESIAN_POINT('',(-5.156245282012E0,-3.418754717988E0,
-1.699579038644E0));
#3168=CARTESIAN_POINT('',(-5.129825829994E0,-3.445174170006E0,
-1.840201132922E0));
#3169=CARTESIAN_POINT('',(-5.125E0,-3.45E0,-1.914374599384E0));
#3170=CARTESIAN_POINT('',(-5.125E0,-3.45E0,-1.952572950590E0));
#3172=DIRECTION('',(-7.071067811866E-1,7.071067811865E-1,0.E0));
#3173=VECTOR('',#3172,1.414213562373E-1);
#3174=CARTESIAN_POINT('',(-5.125E0,-3.45E0,-1.45E0));
#3175=LINE('',#3174,#3173);
#3176=DIRECTION('',(-7.071067811866E-1,-7.071067811865E-1,0.E0));
#3177=VECTOR('',#3176,1.414213562373E-1);
#3178=CARTESIAN_POINT('',(-5.425E0,-3.35E0,-1.45E0));
#3179=LINE('',#3178,#3177);
#3180=DIRECTION('',(1.E0,0.E0,0.E0));
#3181=VECTOR('',#3180,8.049816108784E-2);
#3182=CARTESIAN_POINT('',(-5.425E0,-3.35E0,-1.45E0));
#3183=LINE('',#3182,#3181);
#3184=DIRECTION('',(0.E0,1.E0,0.E0));
#3185=VECTOR('',#3184,3.6E0);
#3186=CARTESIAN_POINT('',(-5.344501838912E0,-3.35E0,-1.45E0));
#3187=LINE('',#3186,#3185);
#3188=DIRECTION('',(-1.E0,0.E0,0.E0));
#3189=VECTOR('',#3188,3.9E-2);
#3190=CARTESIAN_POINT('',(-5.305501838912E0,2.5E-1,-1.45E0));
#3191=LINE('',#3190,#3189);
#3192=DIRECTION('',(0.E0,1.E0,0.E0));
#3193=VECTOR('',#3192,3.6E0);
#3194=CARTESIAN_POINT('',(-5.305501838912E0,-3.35E0,-1.45E0));
#3195=LINE('',#3194,#3193);
#3196=DIRECTION('',(-1.E0,0.E0,0.E0));
#3197=VECTOR('',#3196,8.050183891216E-2);
#3198=CARTESIAN_POINT('',(-5.225E0,-3.35E0,-1.45E0));
#3199=LINE('',#3198,#3197);
#3200=DIRECTION('',(0.E0,0.E0,-1.E0));
#3201=VECTOR('',#3200,5.000000000001E-1);
#3202=CARTESIAN_POINT('',(-5.525E0,-3.45E0,-1.45E0));
#3203=LINE('',#3202,#3201);
#3204=DIRECTION('',(0.E0,-1.E0,0.E0));
#3205=VECTOR('',#3204,2.5E-1);
#3206=CARTESIAN_POINT('',(-5.525E0,-3.45E0,-1.45E0));
#3207=LINE('',#3206,#3205);
#3208=DIRECTION('',(0.E0,0.E0,-1.E0));
#3209=VECTOR('',#3208,1.23E1);
#3210=CARTESIAN_POINT('',(-5.525E0,7.5E-1,-1.95E0));
#3211=LINE('',#3210,#3209);
#3212=CARTESIAN_POINT('',(-5.525E0,-3.45E0,-1.95E0));
#3213=CARTESIAN_POINT('',(-5.524891476491E0,-3.449891476491E0,
-1.912039370037E0));
#3214=CARTESIAN_POINT('',(-5.519914293551E0,-3.444914293551E0,
-1.838326182471E0));
#3215=CARTESIAN_POINT('',(-5.493407536849E0,-3.418407536849E0,
-1.698577923528E0));
#3216=CARTESIAN_POINT('',(-5.456621646337E0,-3.381621646337E0,
-1.601608791204E0));
#3217=CARTESIAN_POINT('',(-5.425E0,-3.35E0,-1.540255104325E0));
#3219=DIRECTION('',(0.E0,0.E0,1.E0));
#3220=VECTOR('',#3219,9.026224027756E-2);
#3221=CARTESIAN_POINT('',(-5.225E0,-3.35E0,-1.540262240278E0));
#3222=LINE('',#3221,#3220);
#3223=CARTESIAN_POINT('',(-5.305501838912E0,-3.35E0,-1.500000351746E0));
#3224=DIRECTION('',(0.E0,-1.E0,0.E0));
#3225=DIRECTION('',(8.464688851288E-1,0.E0,5.324381903177E-1));
#3226=AXIS2_PLACEMENT_3D('',#3223,#3224,#3225);
#3228=CARTESIAN_POINT('',(-6.025000609193E0,-3.35E0,-1.952572950590E0));
#3229=DIRECTION('',(0.E0,-1.E0,0.E0));
#3230=DIRECTION('',(8.888889640978E-1,0.E0,4.581227013641E-1));
#3231=AXIS2_PLACEMENT_3D('',#3228,#3229,#3230);
#3233=DIRECTION('',(0.E0,0.E0,-1.E0));
#3234=VECTOR('',#3233,9.025510432546E-2);
#3235=CARTESIAN_POINT('',(-5.425E0,-3.35E0,-1.45E0));
#3236=LINE('',#3235,#3234);
#3237=CARTESIAN_POINT('',(-4.625003068632E0,-3.35E0,-1.952572950590E0));
#3238=DIRECTION('',(0.E0,-1.E0,0.E0));
#3239=DIRECTION('',(-8.464688851288E-1,0.E0,5.324381903177E-1));
#3240=AXIS2_PLACEMENT_3D('',#3237,#3238,#3239);
#3242=CARTESIAN_POINT('',(-5.344501838912E0,-3.35E0,-1.500000351746E0));
#3243=DIRECTION('',(0.E0,-1.E0,0.E0));
#3244=DIRECTION('',(0.E0,0.E0,1.E0));
#3245=AXIS2_PLACEMENT_3D('',#3242,#3243,#3244);
#3247=DIRECTION('',(0.E0,-1.E0,0.E0));
#3248=VECTOR('',#3247,3.751101661614E0);
#3249=CARTESIAN_POINT('',(-5.263178096914E0,4.011016616141E-1,
-1.473378254947E0));
#3250=LINE('',#3249,#3248);
#3251=CARTESIAN_POINT('',(-5.525E0,7.5E-1,-1.95E0));
#3252=CARTESIAN_POINT('',(-5.524977486110E0,7.5E-1,-1.942124826592E0));
#3253=CARTESIAN_POINT('',(-5.524725602720E0,7.496279090242E-1,
-1.926355172220E0));
#3254=CARTESIAN_POINT('',(-5.523724282530E0,7.479456141090E-1,
-1.902693097001E0));
#3255=CARTESIAN_POINT('',(-5.522102660849E0,7.451369819460E-1,
-1.879085650618E0));
#3256=CARTESIAN_POINT('',(-5.519857139065E0,7.411824996306E-1,
-1.855494902802E0));
#3257=CARTESIAN_POINT('',(-5.516998217693E0,7.360815983140E-1,
-1.832024717826E0));
#3258=CARTESIAN_POINT('',(-5.513523459791E0,7.298045866479E-1,
-1.808629908089E0));
#3259=CARTESIAN_POINT('',(-5.509424527164E0,7.223027712264E-1,
-1.785279601990E0));
#3260=CARTESIAN_POINT('',(-5.504720056303E0,7.135679520366E-1,
-1.762086710189E0));
#3261=CARTESIAN_POINT('',(-5.499435997023E0,7.035972792379E-1,
-1.739144904056E0));
#3262=CARTESIAN_POINT('',(-5.493601707735E0,6.923853687255E-1,
-1.716526565143E0));
#3263=CARTESIAN_POINT('',(-5.487238181301E0,6.798997118898E-1,
-1.694253602332E0));
#3264=CARTESIAN_POINT('',(-5.480379769214E0,6.661200741631E-1,
-1.672386580181E0));
#3265=CARTESIAN_POINT('',(-5.473091503607E0,6.510745800930E-1,
-1.651055519837E0));
#3266=CARTESIAN_POINT('',(-5.465457455983E0,6.348223456812E-1,
-1.630400269216E0));
#3267=CARTESIAN_POINT('',(-5.457535046991E0,6.173543827749E-1,
-1.610461550548E0));
#3268=CARTESIAN_POINT('',(-5.449432277705E0,5.987609102840E-1,
-1.591387271706E0));
#3269=CARTESIAN_POINT('',(-5.441254926069E0,5.791257298337E-1,
-1.573285201771E0));
#3270=CARTESIAN_POINT('',(-5.433124209263E0,5.585711953737E-1,
-1.556273989616E0));
#3271=CARTESIAN_POINT('',(-5.425169247802E0,5.372533751952E-1,
-1.540465905474E0));
#3272=CARTESIAN_POINT('',(-5.417514064618E0,5.153423828928E-1,
-1.525946616259E0));
#3273=CARTESIAN_POINT('',(-5.410251879366E0,4.929503200741E-1,
-1.512738651211E0));
#3274=CARTESIAN_POINT('',(-5.403475332389E0,4.702178970600E-1,
-1.500867423216E0));
#3275=CARTESIAN_POINT('',(-5.397252638849E0,4.472463696655E-1,
-1.490322033873E0));
#3276=CARTESIAN_POINT('',(-5.391641692173E0,4.241320246901E-1,
-1.481085958922E0));
#3277=CARTESIAN_POINT('',(-5.388354267617E0,4.087675925330E-1,
-1.475808557197E0));
#3278=CARTESIAN_POINT('',(-5.386825580910E0,4.011016616141E-1,
-1.473378254947E0));
#3280=CARTESIAN_POINT('',(-5.263178096914E0,4.011016616141E-1,
-1.473378254947E0));
#3281=CARTESIAN_POINT('',(-5.261649893521E0,4.087651688545E-1,
-1.475807788827E0));
#3282=CARTESIAN_POINT('',(-5.258363484588E0,4.241252761837E-1,
-1.481083537080E0));
#3283=CARTESIAN_POINT('',(-5.252753690268E0,4.472358665908E-1,
-1.490317634039E0));
#3284=CARTESIAN_POINT('',(-5.246532690289E0,4.702025984895E-1,
-1.500859947859E0));
#3285=CARTESIAN_POINT('',(-5.239755922713E0,4.929370880771E-1,
-1.512731298762E0));
#3286=CARTESIAN_POINT('',(-5.232494642032E0,5.153274510631E-1,
-1.525937286072E0));
#3287=CARTESIAN_POINT('',(-5.224839120629E0,5.372404136342E-1,
-1.540456806060E0));
#3288=CARTESIAN_POINT('',(-5.216884978273E0,5.585568285675E-1,
-1.556262792951E0));
#3289=CARTESIAN_POINT('',(-5.208754821737E0,5.791107777459E-1,
-1.573272169089E0));
#3290=CARTESIAN_POINT('',(-5.200577668600E0,5.987462221409E-1,
-1.591372963346E0));
#3291=CARTESIAN_POINT('',(-5.192473935885E0,6.173424977381E-1,
-1.610448585440E0));
#3292=CARTESIAN_POINT('',(-5.184550446044E0,6.348132092780E-1,
-1.630389236300E0));
#3293=CARTESIAN_POINT('',(-5.176916589935E0,6.510653145618E-1,
-1.651043158775E0));
#3294=CARTESIAN_POINT('',(-5.169628725154E0,6.661102640394E-1,
-1.672371925961E0));
#3295=CARTESIAN_POINT('',(-5.162770226810E0,6.798903252906E-1,
-1.694237823255E0));
#3296=CARTESIAN_POINT('',(-5.156406507036E0,6.923765574862E-1,
-1.716509946187E0));
#3297=CARTESIAN_POINT('',(-5.150572317359E0,7.035884557345E-1,
-1.739125900654E0));
#3298=CARTESIAN_POINT('',(-5.145286990803E0,7.135616597765E-1,
-1.762070953618E0));
#3299=CARTESIAN_POINT('',(-5.140581180694E0,7.222990404907E-1,
-1.785268596284E0));
#3300=CARTESIAN_POINT('',(-5.136480677327E0,7.298037640499E-1,
-1.808626518200E0));
#3301=CARTESIAN_POINT('',(-5.133004774763E0,7.360828307293E-1,
-1.832029643999E0));
#3302=CARTESIAN_POINT('',(-5.130146359957E0,7.411828135217E-1,
-1.855496798050E0));
#3303=CARTESIAN_POINT('',(-5.127900864017E0,7.451372499831E-1,
-1.879087465285E0));
#3304=CARTESIAN_POINT('',(-5.126279324952E0,7.479457337924E-1,
-1.902694452807E0));
#3305=CARTESIAN_POINT('',(-5.125278047904E0,7.496279524739E-1,
-1.926356250661E0));
#3306=CARTESIAN_POINT('',(-5.125026190550E0,7.5E-1,-1.942125233052E0));
#3307=CARTESIAN_POINT('',(-5.125003677822E0,7.5E-1,-1.95E0));
#3309=CARTESIAN_POINT('',(-5.305501838912E0,2.5E-1,-1.45E0));
#3310=CARTESIAN_POINT('',(-5.302980695716E0,2.579725267649E-1,-1.45E0));
#3311=CARTESIAN_POINT('',(-5.297984161325E0,2.737735603029E-1,
-1.450380351971E0));
#3312=CARTESIAN_POINT('',(-5.290720317618E0,2.971016002162E-1,
-1.452044023752E0));
#3313=CARTESIAN_POINT('',(-5.283863349817E0,3.198219589995E-1,
-1.454727142477E0));
#3314=CARTESIAN_POINT('',(-5.277538884580E0,3.418240999231E-1,
-1.458340850959E0));
#3315=CARTESIAN_POINT('',(-5.271877872870E0,3.629235434561E-1,
-1.462764847894E0));
#3316=CARTESIAN_POINT('',(-5.266984444074E0,3.829773022729E-1,
-1.467869230093E0));
#3317=CARTESIAN_POINT('',(-5.264350593731E0,3.952219221224E-1,
-1.471514222480E0));
#3318=CARTESIAN_POINT('',(-5.263178096914E0,4.011016616141E-1,
-1.473378254947E0));
#3320=CARTESIAN_POINT('',(-5.386825580910E0,4.011016616141E-1,
-1.473378254947E0));
#3321=CARTESIAN_POINT('',(-5.385653605639E0,3.952245375268E-1,
-1.471515051633E0));
#3322=CARTESIAN_POINT('',(-5.383020866824E0,3.829849065656E-1,
-1.467871515038E0));
#3323=CARTESIAN_POINT('',(-5.378131348951E0,3.629453340665E-1,
-1.462770011544E0));
#3324=CARTESIAN_POINT('',(-5.372470545974E0,3.418445814431E-1,
-1.458344589186E0));
#3325=CARTESIAN_POINT('',(-5.366144552110E0,3.198361299328E-1,
-1.454729015455E0));
#3326=CARTESIAN_POINT('',(-5.359285195197E0,2.971075049187E-1,
-1.452044489313E0));
#3327=CARTESIAN_POINT('',(-5.352020379788E0,2.737762971604E-1,
-1.450380443496E0));
#3328=CARTESIAN_POINT('',(-5.347023207456E0,2.579732393731E-1,-1.45E0));
#3329=CARTESIAN_POINT('',(-5.344501838912E0,2.5E-1,-1.45E0));
#3331=DIRECTION('',(0.E0,1.E0,0.E0));
#3332=VECTOR('',#3331,4.2E0);
#3333=CARTESIAN_POINT('',(-5.525E0,-3.45E0,-1.95E0));
#3334=LINE('',#3333,#3332);
#3335=DIRECTION('',(0.E0,-1.E0,0.E0));
#3336=VECTOR('',#3335,3.751101661614E0);
#3337=CARTESIAN_POINT('',(-5.386825580910E0,4.011016616141E-1,
-1.473378254947E0));
#3338=LINE('',#3337,#3336);
#3339=CARTESIAN_POINT('',(-6.025000609193E0,7.5E-1,-1.952572950590E0));
#3340=DIRECTION('',(0.E0,1.E0,0.E0));
#3341=DIRECTION('',(9.999959135313E-1,0.E0,2.858832053985E-3));
#3342=AXIS2_PLACEMENT_3D('',#3339,#3340,#3341);
#3344=DIRECTION('',(-1.E0,0.E0,-1.065823903416E-13));
#3345=VECTOR('',#3344,3.999963221782E-1);
#3346=CARTESIAN_POINT('',(-5.125003677822E0,7.5E-1,-1.95E0));
#3347=LINE('',#3346,#3345);
#3348=DIRECTION('',(0.E0,-1.E0,0.E0));
#3349=VECTOR('',#3348,4.2E0);
#3350=CARTESIAN_POINT('',(-5.125E0,7.5E-1,-1.952572950590E0));
#3351=LINE('',#3350,#3349);
#3352=DIRECTION('',(0.E0,0.E0,1.E0));
#3353=VECTOR('',#3352,1.375E1);
#3354=CARTESIAN_POINT('',(-4.175E0,-4.355714965711E0,-1.425E1));
#3355=LINE('',#3354,#3353);
#3356=CARTESIAN_POINT('',(-3.449962121756E0,-3.1E0,-5.E-1));
#3357=DIRECTION('',(0.E0,0.E0,-1.E0));
#3358=DIRECTION('',(-5.000261229272E-1,-8.660103211801E-1,0.E0));
#3359=AXIS2_PLACEMENT_3D('',#3356,#3357,#3358);
#3361=DIRECTION('',(0.E0,0.E0,-1.E0));
#3362=VECTOR('',#3361,1.375E1);
#3363=CARTESIAN_POINT('',(-4.77E0,-3.7E0,-5.E-1));
#3364=LINE('',#3363,#3362);
#3365=DIRECTION('',(-5.E-1,0.E0,8.660254037844E-1));
#3366=VECTOR('',#3365,5.773502691896E-1);
#3367=CARTESIAN_POINT('',(-5.675E0,-3.7E0,-5.E-1));
#3368=LINE('',#3367,#3366);
#3369=DIRECTION('',(5.E-1,0.E0,-8.660254037844E-1));
#3370=VECTOR('',#3369,5.773502691896E-1);
#3371=CARTESIAN_POINT('',(-5.963675134595E0,2.75E0,0.E0));
#3372=LINE('',#3371,#3370);
#3373=DIRECTION('',(0.E0,1.E0,0.E0));
#3374=VECTOR('',#3373,6.45E0);
#3375=CARTESIAN_POINT('',(-5.675E0,-3.7E0,-5.E-1));
#3376=LINE('',#3375,#3374);
#3377=DIRECTION('',(0.E0,0.E0,-1.E0));
#3378=VECTOR('',#3377,1.375E1);
#3379=CARTESIAN_POINT('',(-5.675E0,2.75E0,-5.E-1));
#3380=LINE('',#3379,#3378);
#3381=DIRECTION('',(0.E0,0.E0,-1.E0));
#3382=VECTOR('',#3381,1.425E1);
#3383=CARTESIAN_POINT('',(-4.825E0,2.75E0,0.E0));
#3384=LINE('',#3383,#3382);
#3385=DIRECTION('',(1.E0,0.E0,0.E0));
#3386=VECTOR('',#3385,1.138675134595E0);
#3387=CARTESIAN_POINT('',(-5.963675134595E0,2.75E0,0.E0));
#3388=LINE('',#3387,#3386);
#3389=DIRECTION('',(0.E0,0.E0,-1.E0));
#3390=VECTOR('',#3389,1.425E1);
#3391=CARTESIAN_POINT('',(1.975E0,2.75E0,0.E0));
#3392=LINE('',#3391,#3390);
#3393=DIRECTION('',(1.E0,0.E0,0.E0));
#3394=VECTOR('',#3393,4.886751345948E-1);
#3395=CARTESIAN_POINT('',(1.975E0,2.75E0,0.E0));
#3396=LINE('',#3395,#3394);
#3397=DIRECTION('',(0.E0,0.E0,-1.E0));
#3398=VECTOR('',#3397,1.375E1);
#3399=CARTESIAN_POINT('',(2.175E0,2.75E0,-5.E-1));
#3400=LINE('',#3399,#3398);
#3401=DIRECTION('',(0.E0,0.E0,-1.E0));
#3402=VECTOR('',#3401,1.425E1);
#3403=CARTESIAN_POINT('',(-4.825E0,3.85E0,0.E0));
#3404=LINE('',#3403,#3402);
#3405=DIRECTION('',(0.E0,0.E0,-1.E0));
#3406=VECTOR('',#3405,1.425E1);
#3407=CARTESIAN_POINT('',(1.975E0,3.85E0,0.E0));
#3408=LINE('',#3407,#3406);
#3409=DIRECTION('',(4.472135955E-1,4.472135955E-1,7.745966692415E-1));
#3410=VECTOR('',#3409,6.454972243679E-1);
#3411=CARTESIAN_POINT('',(2.175E0,2.E0,-5.E-1));
#3412=LINE('',#3411,#3410);
#3413=DIRECTION('',(5.E-1,0.E0,8.660254037844E-1));
#3414=VECTOR('',#3413,5.773502691896E-1);
#3415=CARTESIAN_POINT('',(2.175E0,2.75E0,-5.E-1));
#3416=LINE('',#3415,#3414);
#3417=DIRECTION('',(-4.472135955E-1,4.472135955E-1,7.745966692415E-1));
#3418=VECTOR('',#3417,6.454972243679E-1);
#3419=CARTESIAN_POINT('',(3.375E0,2.E0,-5.E-1));
#3420=LINE('',#3419,#3418);
#3421=DIRECTION('',(-4.472135955E-1,4.472135955E-1,7.745966692415E-1));
#3422=VECTOR('',#3421,6.454972243679E-1);
#3423=CARTESIAN_POINT('',(3.375E0,2.75E0,-5.E-1));
#3424=LINE('',#3423,#3422);
#3425=DIRECTION('',(0.E0,-5.E-1,-8.660254037844E-1));
#3426=VECTOR('',#3425,5.773502691896E-1);
#3427=CARTESIAN_POINT('',(3.625E0,3.038675134595E0,0.E0));
#3428=LINE('',#3427,#3426);
#3429=DIRECTION('',(0.E0,-5.E-1,-8.660254037844E-1));
#3430=VECTOR('',#3429,5.773502691896E-1);
#3431=CARTESIAN_POINT('',(5.325E0,3.038675134595E0,0.E0));
#3432=LINE('',#3431,#3430);
#3433=DIRECTION('',(4.472135955E-1,4.472135955E-1,7.745966692415E-1));
#3434=VECTOR('',#3433,6.454972243679E-1);
#3435=CARTESIAN_POINT('',(5.675E0,2.75E0,-5.E-1));
#3436=LINE('',#3435,#3434);
#3437=DIRECTION('',(0.E0,0.E0,-1.E0));
#3438=VECTOR('',#3437,1.425E1);
#3439=CARTESIAN_POINT('',(3.625E0,3.85E0,0.E0));
#3440=LINE('',#3439,#3438);
#3441=DIRECTION('',(0.E0,0.E0,-1.E0));
#3442=VECTOR('',#3441,1.425E1);
#3443=CARTESIAN_POINT('',(5.325E0,3.85E0,0.E0));
#3444=LINE('',#3443,#3442);
#3445=DIRECTION('',(0.E0,0.E0,-1.E0));
#3446=VECTOR('',#3445,1.375E1);
#3447=CARTESIAN_POINT('',(3.625E0,2.75E0,-5.E-1));
#3448=LINE('',#3447,#3446);
#3449=DIRECTION('',(1.E0,0.E0,0.E0));
#3450=VECTOR('',#3449,2.5E-1);
#3451=CARTESIAN_POINT('',(3.375E0,2.75E0,-5.E-1));
#3452=LINE('',#3451,#3450);
#3453=DIRECTION('',(0.E0,0.E0,-1.E0));
#3454=VECTOR('',#3453,1.375E1);
#3455=CARTESIAN_POINT('',(5.325E0,2.75E0,-5.E-1));
#3456=LINE('',#3455,#3454);
#3457=DIRECTION('',(1.E0,0.E0,0.E0));
#3458=VECTOR('',#3457,3.5E-1);
#3459=CARTESIAN_POINT('',(5.325E0,2.75E0,-5.E-1));
#3460=LINE('',#3459,#3458);
#3461=DIRECTION('',(0.E0,0.E0,-1.E0));
#3462=VECTOR('',#3461,1.375E1);
#3463=CARTESIAN_POINT('',(5.675E0,2.75E0,-5.E-1));
#3464=LINE('',#3463,#3462);
#3465=DIRECTION('',(0.E0,1.E0,0.E0));
#3466=VECTOR('',#3465,7.5E-1);
#3467=CARTESIAN_POINT('',(3.375E0,2.E0,-5.E-1));
#3468=LINE('',#3467,#3466);
#3469=DIRECTION('',(0.E0,0.E0,-1.E0));
#3470=VECTOR('',#3469,1.375E1);
#3471=CARTESIAN_POINT('',(3.375E0,2.75E0,-5.E-1));
#3472=LINE('',#3471,#3470);
#3473=DIRECTION('',(1.E0,0.E0,0.E0));
#3474=VECTOR('',#3473,1.2E0);
#3475=CARTESIAN_POINT('',(2.175E0,2.E0,-5.E-1));
#3476=LINE('',#3475,#3474);
#3477=DIRECTION('',(0.E0,0.E0,-1.E0));
#3478=VECTOR('',#3477,1.375E1);
#3479=CARTESIAN_POINT('',(3.375E0,2.E0,-5.E-1));
#3480=LINE('',#3479,#3478);
#3481=DIRECTION('',(0.E0,-1.E0,0.E0));
#3482=VECTOR('',#3481,7.5E-1);
#3483=CARTESIAN_POINT('',(2.175E0,2.75E0,-5.E-1));
#3484=LINE('',#3483,#3482);
#3485=DIRECTION('',(0.E0,0.E0,-1.E0));
#3486=VECTOR('',#3485,1.375E1);
#3487=CARTESIAN_POINT('',(2.175E0,2.E0,-5.E-1));
#3488=LINE('',#3487,#3486);
#3489=DIRECTION('',(4.472135955E-1,-4.472135955E-1,7.745966692415E-1));
#3490=VECTOR('',#3489,6.454972243679E-1);
#3491=CARTESIAN_POINT('',(5.675E0,-4.55E0,-5.E-1));
#3492=LINE('',#3491,#3490);
#3493=DIRECTION('',(0.E0,5.E-1,-8.660254037844E-1));
#3494=VECTOR('',#3493,5.773502691896E-1);
#3495=CARTESIAN_POINT('',(-2.675E0,-4.838675134595E0,0.E0));
#3496=LINE('',#3495,#3494);
#3497=DIRECTION('',(-4.472135955E-1,-4.472135955E-1,7.745966692415E-1));
#3498=VECTOR('',#3497,6.454972243679E-1);
#3499=CARTESIAN_POINT('',(-1.975E0,-4.55E0,-5.E-1));
#3500=LINE('',#3499,#3498);
#3501=DIRECTION('',(0.E0,-1.E0,0.E0));
#3502=VECTOR('',#3501,8.E-1);
#3503=CARTESIAN_POINT('',(-8.75E-1,-4.55E0,-5.E-1));
#3504=LINE('',#3503,#3502);
#3505=DIRECTION('',(0.E0,0.E0,-1.E0));
#3506=VECTOR('',#3505,1.375E1);
#3507=CARTESIAN_POINT('',(-8.75E-1,-5.35E0,-5.E-1));
#3508=LINE('',#3507,#3506);
#3509=DIRECTION('',(0.E0,0.E0,-1.E0));
#3510=VECTOR('',#3509,1.375E1);
#3511=CARTESIAN_POINT('',(-1.75E-1,-4.55E0,-5.E-1));
#3512=LINE('',#3511,#3510);
#3513=DIRECTION('',(-1.E0,0.E0,0.E0));
#3514=VECTOR('',#3513,7.E-1);
#3515=CARTESIAN_POINT('',(-1.75E-1,-4.55E0,-5.E-1));
#3516=LINE('',#3515,#3514);
#3517=DIRECTION('',(0.E0,0.E0,-1.E0));
#3518=VECTOR('',#3517,1.375E1);
#3519=CARTESIAN_POINT('',(-8.75E-1,-4.55E0,-5.E-1));
#3520=LINE('',#3519,#3518);
#3521=CARTESIAN_POINT('',(1.325E0,-4.680288359373E0,0.E0));
#3522=CARTESIAN_POINT('',(1.325E0,-4.647298851856E0,-5.193430898599E-2));
#3523=CARTESIAN_POINT('',(1.325E0,-4.584421454882E0,-1.503495061920E-1));
#3524=CARTESIAN_POINT('',(1.325E0,-4.500332072362E0,-2.804508024878E-1));
#3525=CARTESIAN_POINT('',(1.325E0,-4.424202848760E0,-3.968313913545E-1));
#3526=CARTESIAN_POINT('',(1.325E0,-4.377755726649E0,-4.669394343821E-1));
#3527=CARTESIAN_POINT('',(1.325E0,-4.355714965711E0,-5.E-1));
#3529=CARTESIAN_POINT('',(7.075E0,5.05E0,-1.4E0));
#3530=DIRECTION('',(0.E0,-1.E0,0.E0));
#3531=DIRECTION('',(0.E0,0.E0,1.E0));
#3532=AXIS2_PLACEMENT_3D('',#3529,#3530,#3531);
#3534=DIRECTION('',(0.E0,0.E0,1.E0));
#3535=VECTOR('',#3534,1.5E0);
#3536=CARTESIAN_POINT('',(-6.875E0,5.05E0,-2.7E0));
#3537=LINE('',#3536,#3535);
#3538=DIRECTION('',(-1.E0,0.E0,0.E0));
#3539=VECTOR('',#3538,2.E0);
#3540=CARTESIAN_POINT('',(-4.875E0,5.05E0,-2.7E0));
#3541=LINE('',#3540,#3539);
#3542=DIRECTION('',(0.E0,0.E0,-1.E0));
#3543=VECTOR('',#3542,1.5E0);
#3544=CARTESIAN_POINT('',(-4.875E0,5.05E0,-1.2E0));
#3545=LINE('',#3544,#3543);
#3546=DIRECTION('',(0.E0,0.E0,-1.E0));
#3547=VECTOR('',#3546,1.3E0);
#3548=CARTESIAN_POINT('',(6.875E0,5.05E0,-1.4E0));
#3549=LINE('',#3548,#3547);
#3550=DIRECTION('',(-1.E0,0.E0,0.E0));
#3551=VECTOR('',#3550,2.2E0);
#3552=CARTESIAN_POINT('',(7.075E0,5.05E0,-1.2E0));
#3553=LINE('',#3552,#3551);
#3554=DIRECTION('',(0.E0,0.E0,1.E0));
#3555=VECTOR('',#3554,1.5E0);
#3556=CARTESIAN_POINT('',(4.875E0,5.05E0,-2.7E0));
#3557=LINE('',#3556,#3555);
#3558=DIRECTION('',(-1.E0,0.E0,0.E0));
#3559=VECTOR('',#3558,2.E0);
#3560=CARTESIAN_POINT('',(6.875E0,5.05E0,-2.7E0));
#3561=LINE('',#3560,#3559);
#3562=DIRECTION('',(0.E0,-1.E0,0.E0));
#3563=VECTOR('',#3562,5.E-1);
#3564=CARTESIAN_POINT('',(-6.875E0,5.05E0,-2.7E0));
#3565=LINE('',#3564,#3563);
#3566=DIRECTION('',(0.E0,1.E0,0.E0));
#3567=VECTOR('',#3566,3.E-1);
#3568=CARTESIAN_POINT('',(-4.875E0,4.75E0,-2.7E0));
#3569=LINE('',#3568,#3567);
#3570=CARTESIAN_POINT('',(-6.675E0,4.55E0,-2.7E0));
#3571=DIRECTION('',(0.E0,0.E0,1.E0));
#3572=DIRECTION('',(0.E0,1.E0,0.E0));
#3573=AXIS2_PLACEMENT_3D('',#3570,#3571,#3572);
#3575=CARTESIAN_POINT('',(-6.675E0,4.55E0,-1.525E1));
#3576=DIRECTION('',(0.E0,1.E0,0.E0));
#3577=DIRECTION('',(0.E0,0.E0,-1.E0));
#3578=AXIS2_PLACEMENT_3D('',#3575,#3576,#3577);
#3580=CARTESIAN_POINT('',(-6.675E0,4.55E0,-1.525E1));
#3581=DIRECTION('',(-1.E0,0.E0,0.E0));
#3582=DIRECTION('',(0.E0,1.E0,0.E0));
#3583=AXIS2_PLACEMENT_3D('',#3580,#3581,#3582);
#3585=CARTESIAN_POINT('',(-6.675E0,4.55E0,-1.525E1));
#3586=DIRECTION('',(0.E0,0.E0,-1.E0));
#3587=DIRECTION('',(-1.E0,0.E0,0.E0));
#3588=AXIS2_PLACEMENT_3D('',#3585,#3586,#3587);
#3590=DIRECTION('',(0.E0,0.E0,1.E0));
#3591=VECTOR('',#3590,1.255E1);
#3592=CARTESIAN_POINT('',(6.675E0,4.75E0,-1.525E1));
#3593=LINE('',#3592,#3591);
#3594=DIRECTION('',(-1.E0,0.E0,0.E0));
#3595=VECTOR('',#3594,1.8E0);
#3596=CARTESIAN_POINT('',(6.675E0,4.75E0,-2.7E0));
#3597=LINE('',#3596,#3595);
#3598=DIRECTION('',(0.E0,0.E0,-1.E0));
#3599=VECTOR('',#3598,1.3E0);
#3600=CARTESIAN_POINT('',(4.875E0,4.75E0,-1.4E0));
#3601=LINE('',#3600,#3599);
#3602=DIRECTION('',(1.E0,0.E0,0.E0));
#3603=VECTOR('',#3602,9.75E0);
#3604=CARTESIAN_POINT('',(-4.875E0,4.75E0,-1.4E0));
#3605=LINE('',#3604,#3603);
#3606=DIRECTION('',(0.E0,0.E0,-1.E0));
#3607=VECTOR('',#3606,1.3E0);
#3608=CARTESIAN_POINT('',(-4.875E0,4.75E0,-1.4E0));
#3609=LINE('',#3608,#3607);
#3610=DIRECTION('',(1.E0,0.E0,0.E0));
#3611=VECTOR('',#3610,1.8E0);
#3612=CARTESIAN_POINT('',(-6.675E0,4.75E0,-2.7E0));
#3613=LINE('',#3612,#3611);
#3614=DIRECTION('',(0.E0,0.E0,-1.E0));
#3615=VECTOR('',#3614,1.255E1);
#3616=CARTESIAN_POINT('',(-6.675E0,4.75E0,-2.7E0));
#3617=LINE('',#3616,#3615);
#3618=DIRECTION('',(-1.E0,0.E0,0.E0));
#3619=VECTOR('',#3618,1.335E1);
#3620=CARTESIAN_POINT('',(6.675E0,4.75E0,-1.525E1));
#3621=LINE('',#3620,#3619);
#3622=CARTESIAN_POINT('',(6.675E0,4.55E0,-2.7E0));
#3623=DIRECTION('',(0.E0,0.E0,1.E0));
#3624=DIRECTION('',(1.E0,0.E0,0.E0));
#3625=AXIS2_PLACEMENT_3D('',#3622,#3623,#3624);
#3627=CARTESIAN_POINT('',(6.675E0,4.55E0,-1.525E1));
#3628=DIRECTION('',(1.E0,0.E0,0.E0));
#3629=DIRECTION('',(0.E0,0.E0,-1.E0));
#3630=AXIS2_PLACEMENT_3D('',#3627,#3628,#3629);
#3632=CARTESIAN_POINT('',(6.675E0,4.55E0,-1.525E1));
#3633=DIRECTION('',(0.E0,1.E0,0.E0));
#3634=DIRECTION('',(1.E0,0.E0,0.E0));
#3635=AXIS2_PLACEMENT_3D('',#3632,#3633,#3634);
#3637=CARTESIAN_POINT('',(6.675E0,4.55E0,-1.525E1));
#3638=DIRECTION('',(0.E0,0.E0,-1.E0));
#3639=DIRECTION('',(0.E0,1.E0,0.E0));
#3640=AXIS2_PLACEMENT_3D('',#3637,#3638,#3639);
#3642=DIRECTION('',(0.E0,1.E0,0.E0));
#3643=VECTOR('',#3642,5.E-1);
#3644=CARTESIAN_POINT('',(6.875E0,4.55E0,-2.7E0));
#3645=LINE('',#3644,#3643);
#3646=CARTESIAN_POINT('',(4.875E0,4.95E0,-1.4E0));
#3647=DIRECTION('',(-1.E0,0.E0,0.E0));
#3648=DIRECTION('',(0.E0,-1.E0,0.E0));
#3649=AXIS2_PLACEMENT_3D('',#3646,#3647,#3648);
#3651=DIRECTION('',(0.E0,1.E0,0.E0));
#3652=VECTOR('',#3651,3.E-1);
#3653=CARTESIAN_POINT('',(4.875E0,4.75E0,-2.7E0));
#3654=LINE('',#3653,#3652);
#3655=CARTESIAN_POINT('',(-4.875E0,4.95E0,-1.4E0));
#3656=DIRECTION('',(1.E0,0.E0,0.E0));
#3657=DIRECTION('',(0.E0,0.E0,1.E0));
#3658=AXIS2_PLACEMENT_3D('',#3655,#3656,#3657);
#3660=CARTESIAN_POINT('',(5.175E0,-6.15E0,-5.15E0));
#3661=DIRECTION('',(0.E0,-1.E0,0.E0));
#3662=DIRECTION('',(-3.333333333333E-1,0.E0,-9.428090415821E-1));
#3663=AXIS2_PLACEMENT_3D('',#3660,#3661,#3662);
#3665=DIRECTION('',(0.E0,-1.E0,0.E0));
#3666=VECTOR('',#3665,6.E-1);
#3667=CARTESIAN_POINT('',(4.675E0,-6.15E0,-6.564213562373E0));
#3668=LINE('',#3667,#3666);
#3669=CARTESIAN_POINT('',(4.475E0,-6.95E0,-4.65E0));
#3670=DIRECTION('',(0.E0,0.E0,-1.E0));
#3671=DIRECTION('',(0.E0,1.E0,0.E0));
#3672=AXIS2_PLACEMENT_3D('',#3669,#3670,#3671);
#3674=CARTESIAN_POINT('',(4.475E0,-6.95E0,-5.65E0));
#3675=DIRECTION('',(0.E0,0.E0,1.E0));
#3676=DIRECTION('',(1.E0,0.E0,0.E0));
#3677=AXIS2_PLACEMENT_3D('',#3674,#3675,#3676);
#3679=DIRECTION('',(0.E0,1.E0,0.E0));
#3680=VECTOR('',#3679,8.E-1);
#3681=CARTESIAN_POINT('',(4.675E0,-6.95E0,-5.65E0));
#3682=LINE('',#3681,#3680);
#3683=DIRECTION('',(1.E0,0.E0,0.E0));
#3684=VECTOR('',#3683,9.142135623731E-1);
#3685=CARTESIAN_POINT('',(3.760786437627E0,-6.15E0,-5.65E0));
#3686=LINE('',#3685,#3684);
#3687=DIRECTION('',(0.E0,-1.E0,0.E0));
#3688=VECTOR('',#3687,6.E-1);
#3689=CARTESIAN_POINT('',(3.760786437627E0,-6.15E0,-5.65E0));
#3690=LINE('',#3689,#3688);
#3691=CARTESIAN_POINT('',(5.175E0,-6.15E0,-5.15E0));
#3692=DIRECTION('',(0.E0,-1.E0,0.E0));
#3693=DIRECTION('',(-9.428090415821E-1,0.E0,3.333333333333E-1));
#3694=AXIS2_PLACEMENT_3D('',#3691,#3692,#3693);
#3696=DIRECTION('',(0.E0,-1.E0,0.E0));
#3697=VECTOR('',#3696,6.E-1);
#3698=CARTESIAN_POINT('',(3.760786437627E0,-6.15E0,-4.65E0));
#3699=LINE('',#3698,#3697);
#3700=DIRECTION('',(1.E0,0.E0,0.E0));
#3701=VECTOR('',#3700,2.755E0);
#3702=CARTESIAN_POINT('',(-6.875E0,-6.35E0,-1.2E0));
#3703=LINE('',#3702,#3701);
#3704=DIRECTION('',(0.E0,0.E0,-1.E0));
#3705=VECTOR('',#3704,1.02E0);
#3706=CARTESIAN_POINT('',(-4.12E0,-6.35E0,-1.2E0));
#3707=LINE('',#3706,#3705);
#3708=DIRECTION('',(0.E0,0.E0,-1.E0));
#3709=VECTOR('',#3708,9.985E-1);
#3710=CARTESIAN_POINT('',(-5.818675134595E0,-6.35E0,-1.2215E0));
#3711=LINE('',#3710,#3709);
#3712=DIRECTION('',(0.E0,1.E0,0.E0));
#3713=VECTOR('',#3712,4.E-1);
#3714=CARTESIAN_POINT('',(-6.875E0,-6.35E0,-2.22E0));
#3715=LINE('',#3714,#3713);
#3716=DIRECTION('',(-1.E0,0.E0,0.E0));
#3717=VECTOR('',#3716,1.056324865405E0);
#3718=CARTESIAN_POINT('',(-5.818675134595E0,-6.35E0,-2.22E0));
#3719=LINE('',#3718,#3717);
#3720=DIRECTION('',(-5.E-1,-8.660254037844E-1,0.E0));
#3721=VECTOR('',#3720,4.618802153517E-1);
#3722=CARTESIAN_POINT('',(-5.587735026919E0,-5.95E0,-2.22E0));
#3723=LINE('',#3722,#3721);
#3724=DIRECTION('',(-5.E-1,8.660254037844E-1,0.E0));
#3725=VECTOR('',#3724,4.618802153517E-1);
#3726=CARTESIAN_POINT('',(-4.831324865405E0,-6.35E0,-2.22E0));
#3727=LINE('',#3726,#3725);
#3728=DIRECTION('',(-1.E0,0.E0,0.E0));
#3729=VECTOR('',#3728,7.113248654052E-1);
#3730=CARTESIAN_POINT('',(-4.12E0,-6.35E0,-2.22E0));
#3731=LINE('',#3730,#3729);
#3732=DIRECTION('',(0.E0,-1.E0,0.E0));
#3733=VECTOR('',#3732,4.E-1);
#3734=CARTESIAN_POINT('',(-4.12E0,-5.95E0,-2.22E0));
#3735=LINE('',#3734,#3733);
#3736=DIRECTION('',(0.E0,1.E0,0.E0));
#3737=VECTOR('',#3736,4.E-1);
#3738=CARTESIAN_POINT('',(1.27E0,-6.35E0,-2.22E0));
#3739=LINE('',#3738,#3737);
#3740=DIRECTION('',(-1.E0,0.E0,0.E0));
#3741=VECTOR('',#3740,7.113248654052E-1);
#3742=CARTESIAN_POINT('',(1.981324865405E0,-6.35E0,-2.22E0));
#3743=LINE('',#3742,#3741);
#3744=DIRECTION('',(-5.E-1,-8.660254037844E-1,0.E0));
#3745=VECTOR('',#3744,4.618802153517E-1);
#3746=CARTESIAN_POINT('',(2.212264973081E0,-5.95E0,-2.22E0));
#3747=LINE('',#3746,#3745);
#3748=DIRECTION('',(-5.E-1,8.660254037844E-1,0.E0));
#3749=VECTOR('',#3748,4.618802153517E-1);
#3750=CARTESIAN_POINT('',(2.968675134595E0,-6.35E0,-2.22E0));
#3751=LINE('',#3750,#3749);
#3752=DIRECTION('',(-1.E0,0.E0,0.E0));
#3753=VECTOR('',#3752,2.113248654052E-1);
#3754=CARTESIAN_POINT('',(3.18E0,-6.35E0,-2.22E0));
#3755=LINE('',#3754,#3753);
#3756=DIRECTION('',(0.E0,-1.E0,0.E0));
#3757=VECTOR('',#3756,4.E-1);
#3758=CARTESIAN_POINT('',(3.18E0,-5.95E0,-2.22E0));
#3759=LINE('',#3758,#3757);
#3760=DIRECTION('',(-5.E-1,-8.660254037844E-1,0.E0));
#3761=VECTOR('',#3760,4.618802153517E-1);
#3762=CARTESIAN_POINT('',(-5.587735026919E0,-5.95E0,-1.2215E0));
#3763=LINE('',#3762,#3761);
#3764=DIRECTION('',(-1.E0,0.E0,0.E0));
#3765=VECTOR('',#3764,9.873502691897E-1);
#3766=CARTESIAN_POINT('',(-4.831324865405E0,-6.35E0,-1.2215E0));
#3767=LINE('',#3766,#3765);
#3768=DIRECTION('',(-1.E0,0.E0,0.E0));
#3769=VECTOR('',#3768,9.873502691896E-1);
#3770=CARTESIAN_POINT('',(2.968675134595E0,-6.35E0,-1.2215E0));
#3771=LINE('',#3770,#3769);
#3772=DIRECTION('',(-5.E-1,8.660254037844E-1,0.E0));
#3773=VECTOR('',#3772,4.618802153517E-1);
#3774=CARTESIAN_POINT('',(-4.831324865405E0,-6.35E0,-1.2215E0));
#3775=LINE('',#3774,#3773);
#3776=DIRECTION('',(0.E0,0.E0,-1.E0));
#3777=VECTOR('',#3776,9.985E-1);
#3778=CARTESIAN_POINT('',(-4.831324865405E0,-6.35E0,-1.2215E0));
#3779=LINE('',#3778,#3777);
#3780=DIRECTION('',(-5.E-1,-8.660254037844E-1,0.E0));
#3781=VECTOR('',#3780,4.618802153517E-1);
#3782=CARTESIAN_POINT('',(2.212264973081E0,-5.95E0,-1.2215E0));
#3783=LINE('',#3782,#3781);
#3784=DIRECTION('',(1.E0,0.E0,0.E0));
#3785=VECTOR('',#3784,1.91E0);
#3786=CARTESIAN_POINT('',(1.27E0,-6.35E0,-1.2E0));
#3787=LINE('',#3786,#3785);
#3788=DIRECTION('',(0.E0,0.E0,-1.E0));
#3789=VECTOR('',#3788,1.02E0);
#3790=CARTESIAN_POINT('',(3.18E0,-6.35E0,-1.2E0));
#3791=LINE('',#3790,#3789);
#3792=DIRECTION('',(0.E0,0.E0,-1.E0));
#3793=VECTOR('',#3792,9.985E-1);
#3794=CARTESIAN_POINT('',(1.981324865405E0,-6.35E0,-1.2215E0));
#3795=LINE('',#3794,#3793);
#3796=DIRECTION('',(-5.E-1,8.660254037844E-1,0.E0));
#3797=VECTOR('',#3796,4.618802153517E-1);
#3798=CARTESIAN_POINT('',(2.968675134595E0,-6.35E0,-1.2215E0));
#3799=LINE('',#3798,#3797);
#3800=DIRECTION('',(0.E0,0.E0,-1.E0));
#3801=VECTOR('',#3800,9.985E-1);
#3802=CARTESIAN_POINT('',(2.968675134595E0,-6.35E0,-1.2215E0));
#3803=LINE('',#3802,#3801);
#3804=DIRECTION('',(0.E0,0.E0,-1.E0));
#3805=VECTOR('',#3804,1.02E0);
#3806=CARTESIAN_POINT('',(1.27E0,-6.35E0,-1.2E0));
#3807=LINE('',#3806,#3805);
#3808=DIRECTION('',(0.E0,0.E0,-1.E0));
#3809=VECTOR('',#3808,2.E0);
#3810=CARTESIAN_POINT('',(6.4E-1,-1.55E0,-1.545E1));
#3811=LINE('',#3810,#3809);
#3812=CARTESIAN_POINT('',(-8.25E-1,-2.16E0,-1.575E1));
#3813=DIRECTION('',(0.E0,-1.E0,0.E0));
#3814=DIRECTION('',(-8.289665250534E-14,0.E0,1.E0));
#3815=AXIS2_PLACEMENT_3D('',#3812,#3813,#3814);
#3817=DIRECTION('',(0.E0,-1.E0,0.E0));
#3818=VECTOR('',#3817,4.19E0);
#3819=CARTESIAN_POINT('',(-1.125E0,-2.16E0,-1.575E1));
#3820=LINE('',#3819,#3818);
#3821=DIRECTION('',(0.E0,-1.E0,0.E0));
#3822=VECTOR('',#3821,4.19E0);
#3823=CARTESIAN_POINT('',(-1.125E0,-2.16E0,-1.743750780275E1));
#3824=LINE('',#3823,#3822);
#3825=DIRECTION('',(0.E0,0.E0,1.E0));
#3826=VECTOR('',#3825,1.687507802749E0);
#3827=CARTESIAN_POINT('',(-1.125E0,-2.16E0,-1.743750780275E1));
#3828=LINE('',#3827,#3826);
#3829=DIRECTION('',(1.E0,0.E0,0.E0));
#3830=VECTOR('',#3829,1.15E0);
#3831=CARTESIAN_POINT('',(-8.25E-1,-6.35E0,-1.545E1));
#3832=LINE('',#3831,#3830);
#3833=CARTESIAN_POINT('',(-8.25E-1,-6.35E0,-1.575E1));
#3834=DIRECTION('',(0.E0,1.E0,0.E0));
#3835=DIRECTION('',(-1.E0,0.E0,0.E0));
#3836=AXIS2_PLACEMENT_3D('',#3833,#3834,#3835);
#3838=DIRECTION('',(0.E0,0.E0,1.E0));
#3839=VECTOR('',#3838,1.687507802749E0);
#3840=CARTESIAN_POINT('',(-1.125E0,-6.35E0,-1.743750780275E1));
#3841=LINE('',#3840,#3839);
#3842=CARTESIAN_POINT('',(-1.625E0,-6.35E0,-1.743750780275E1));
#3843=DIRECTION('',(0.E0,-1.E0,0.E0));
#3844=DIRECTION('',(9.987523388778E-1,0.E0,-4.993761694390E-2));
#3845=AXIS2_PLACEMENT_3D('',#3842,#3843,#3844);
#3847=DIRECTION('',(4.993761694390E-2,0.E0,9.987523388778E-1));
#3848=VECTOR('',#3847,1.894881320227E0);
#3849=CARTESIAN_POINT('',(-1.220249688085E0,-6.35E0,-1.935499376169E1));
#3850=LINE('',#3849,#3848);
#3851=CARTESIAN_POINT('',(-1.320124921973E0,-6.35E0,-1.935E1));
#3852=DIRECTION('',(0.E0,-1.E0,0.E0));
#3853=DIRECTION('',(0.E0,0.E0,-1.E0));
#3854=AXIS2_PLACEMENT_3D('',#3851,#3852,#3853);
#3856=DIRECTION('',(1.E0,0.E0,0.E0));
#3857=VECTOR('',#3856,2.097501560550E-1);
#3858=CARTESIAN_POINT('',(-1.529875078027E0,-6.35E0,-1.945E1));
#3859=LINE('',#3858,#3857);
#3860=CARTESIAN_POINT('',(-1.529875078027E0,-6.35E0,-1.935E1));
#3861=DIRECTION('',(0.E0,-1.E0,0.E0));
#3862=DIRECTION('',(-9.987523388778E-1,0.E0,-4.993761694390E-2));
#3863=AXIS2_PLACEMENT_3D('',#3860,#3861,#3862);
#3865=DIRECTION('',(4.993761694390E-2,0.E0,-9.987523388778E-1));
#3866=VECTOR('',#3865,1.894881320227E0);
#3867=CARTESIAN_POINT('',(-1.724376169439E0,-6.35E0,-1.746247661122E1));
#3868=LINE('',#3867,#3866);
#3869=CARTESIAN_POINT('',(-1.225E0,-6.35E0,-1.743750780275E1));
#3870=DIRECTION('',(0.E0,-1.E0,0.E0));
#3871=DIRECTION('',(-1.E0,0.E0,0.E0));
#3872=AXIS2_PLACEMENT_3D('',#3869,#3870,#3871);
#3874=DIRECTION('',(0.E0,0.E0,-1.E0));
#3875=VECTOR('',#3874,1.687507802749E0);
#3876=CARTESIAN_POINT('',(-1.725E0,-6.35E0,-1.575E1));
#3877=LINE('',#3876,#3875);
#3878=CARTESIAN_POINT('',(-2.025E0,-6.35E0,-1.575E1));
#3879=DIRECTION('',(0.E0,1.E0,0.E0));
#3880=DIRECTION('',(0.E0,0.E0,1.E0));
#3881=AXIS2_PLACEMENT_3D('',#3878,#3879,#3880);
#3883=DIRECTION('',(1.E0,0.E0,0.E0));
#3884=VECTOR('',#3883,1.15E0);
#3885=CARTESIAN_POINT('',(-3.175E0,-6.35E0,-1.545E1));
#3886=LINE('',#3885,#3884);
#3887=DIRECTION('',(0.E0,0.E0,1.E0));
#3888=VECTOR('',#3887,1.425E1);
#3889=CARTESIAN_POINT('',(-3.175E0,-6.35E0,-1.545E1));
#3890=LINE('',#3889,#3888);
#3891=DIRECTION('',(0.E0,0.E0,1.E0));
#3892=VECTOR('',#3891,1.425E1);
#3893=CARTESIAN_POINT('',(3.25E-1,-6.35E0,-1.545E1));
#3894=LINE('',#3893,#3892);
#3895=DIRECTION('',(0.E0,0.E0,1.E0));
#3896=VECTOR('',#3895,1.E0);
#3897=CARTESIAN_POINT('',(-1.75E-1,-6.35E0,-1.5E1));
#3898=LINE('',#3897,#3896);
#3899=DIRECTION('',(-1.E0,0.E0,0.E0));
#3900=VECTOR('',#3899,2.5E0);
#3901=CARTESIAN_POINT('',(-1.75E-1,-6.35E0,-1.4E1));
#3902=LINE('',#3901,#3900);
#3903=DIRECTION('',(0.E0,0.E0,-1.E0));
#3904=VECTOR('',#3903,1.E0);
#3905=CARTESIAN_POINT('',(-2.675E0,-6.35E0,-1.4E1));
#3906=LINE('',#3905,#3904);
#3907=DIRECTION('',(1.E0,0.E0,0.E0));
#3908=VECTOR('',#3907,2.5E0);
#3909=CARTESIAN_POINT('',(-2.675E0,-6.35E0,-1.5E1));
#3910=LINE('',#3909,#3908);
#3911=CARTESIAN_POINT('',(-1.425E0,-6.35E0,-5.15E0));
#3912=DIRECTION('',(0.E0,-1.E0,0.E0));
#3913=DIRECTION('',(3.529411764706E-1,0.E0,9.356455129757E-1));
#3914=AXIS2_PLACEMENT_3D('',#3911,#3912,#3913);
#3916=DIRECTION('',(0.E0,0.E0,-1.E0));
#3917=VECTOR('',#3916,9.905973720587E-1);
#3918=CARTESIAN_POINT('',(-2.025E0,-6.35E0,-3.559402627941E0));
#3919=LINE('',#3918,#3917);
#3920=DIRECTION('',(-1.E0,0.E0,0.E0));
#3921=VECTOR('',#3920,9.905973720587E-1);
#3922=CARTESIAN_POINT('',(-2.025E0,-6.35E0,-4.55E0));
#3923=LINE('',#3922,#3921);
#3924=CARTESIAN_POINT('',(-1.425E0,-6.35E0,-5.15E0));
#3925=DIRECTION('',(0.E0,-1.E0,0.E0));
#3926=DIRECTION('',(-9.356455129757E-1,0.E0,3.529411764706E-1));
#3927=AXIS2_PLACEMENT_3D('',#3924,#3925,#3926);
#3929=DIRECTION('',(1.E0,0.E0,0.E0));
#3930=VECTOR('',#3929,9.905973720587E-1);
#3931=CARTESIAN_POINT('',(-3.015597372059E0,-6.35E0,-5.75E0));
#3932=LINE('',#3931,#3930);
#3933=DIRECTION('',(0.E0,0.E0,-1.E0));
#3934=VECTOR('',#3933,9.905973720587E-1);
#3935=CARTESIAN_POINT('',(-2.025E0,-6.35E0,-5.75E0));
#3936=LINE('',#3935,#3934);
#3937=CARTESIAN_POINT('',(-1.425E0,-6.35E0,-5.15E0));
#3938=DIRECTION('',(0.E0,-1.E0,0.E0));
#3939=DIRECTION('',(-3.529411764706E-1,0.E0,-9.356455129757E-1));
#3940=AXIS2_PLACEMENT_3D('',#3937,#3938,#3939);
#3942=DIRECTION('',(0.E0,0.E0,1.E0));
#3943=VECTOR('',#3942,9.905973720587E-1);
#3944=CARTESIAN_POINT('',(-8.25E-1,-6.35E0,-6.740597372059E0));
#3945=LINE('',#3944,#3943);
#3946=DIRECTION('',(1.E0,0.E0,0.E0));
#3947=VECTOR('',#3946,9.905973720587E-1);
#3948=CARTESIAN_POINT('',(-8.25E-1,-6.35E0,-5.75E0));
#3949=LINE('',#3948,#3947);
#3950=CARTESIAN_POINT('',(-1.425E0,-6.35E0,-5.15E0));
#3951=DIRECTION('',(0.E0,-1.E0,0.E0));
#3952=DIRECTION('',(9.356455129757E-1,0.E0,-3.529411764706E-1));
#3953=AXIS2_PLACEMENT_3D('',#3950,#3951,#3952);
#3955=DIRECTION('',(-1.E0,0.E0,0.E0));
#3956=VECTOR('',#3955,9.905973720587E-1);
#3957=CARTESIAN_POINT('',(1.655973720587E-1,-6.35E0,-4.55E0));
#3958=LINE('',#3957,#3956);
#3959=DIRECTION('',(0.E0,0.E0,1.E0));
#3960=VECTOR('',#3959,9.905973720587E-1);
#3961=CARTESIAN_POINT('',(-8.25E-1,-6.35E0,-4.55E0));
#3962=LINE('',#3961,#3960);
#3963=DIRECTION('',(0.E0,-1.E0,0.E0));
#3964=VECTOR('',#3963,4.19E0);
#3965=CARTESIAN_POINT('',(-1.725E0,-2.16E0,-1.575E1));
#3966=LINE('',#3965,#3964);
#3967=DIRECTION('',(0.E0,0.E0,-1.E0));
#3968=VECTOR('',#3967,1.687507802749E0);
#3969=CARTESIAN_POINT('',(-1.725E0,-2.16E0,-1.575E1));
#3970=LINE('',#3969,#3968);
#3971=CARTESIAN_POINT('',(-2.025E0,-2.16E0,-1.575E1));
#3972=DIRECTION('',(0.E0,-1.E0,0.E0));
#3973=DIRECTION('',(1.E0,0.E0,0.E0));
#3974=AXIS2_PLACEMENT_3D('',#3971,#3972,#3973);
#3976=DIRECTION('',(0.E0,-1.E0,0.E0));
#3977=VECTOR('',#3976,4.E-1);
#3978=CARTESIAN_POINT('',(-3.175E0,-5.95E0,-1.545E1));
#3979=LINE('',#3978,#3977);
#3980=DIRECTION('',(0.E0,-1.E0,0.E0));
#3981=VECTOR('',#3980,4.E-1);
#3982=CARTESIAN_POINT('',(3.25E-1,-5.95E0,-1.545E1));
#3983=LINE('',#3982,#3981);
#3984=DIRECTION('',(0.E0,1.E0,0.E0));
#3985=VECTOR('',#3984,4.E-1);
#3986=CARTESIAN_POINT('',(3.25E-1,-6.35E0,-1.2E0));
#3987=LINE('',#3986,#3985);
#3988=DIRECTION('',(0.E0,0.E0,1.E0));
#3989=VECTOR('',#3988,1.E0);
#3990=CARTESIAN_POINT('',(-1.75E-1,-6.55E0,-1.5E1));
#3991=LINE('',#3990,#3989);
#3992=DIRECTION('',(0.E0,-1.E0,0.E0));
#3993=VECTOR('',#3992,2.E-1);
#3994=CARTESIAN_POINT('',(-1.75E-1,-6.35E0,-1.5E1));
#3995=LINE('',#3994,#3993);
#3996=CARTESIAN_POINT('',(-1.75E-1,-6.55E0,-1.4E1));
#3997=CARTESIAN_POINT('',(-1.75E-1,-6.553346690253E0,-1.4E1));
#3998=CARTESIAN_POINT('',(-1.751681559687E-1,-6.560055950635E0,
-1.400016815597E1));
#3999=CARTESIAN_POINT('',(-1.759298631279E-1,-6.570132095753E0,
-1.400092986313E1));
#4000=CARTESIAN_POINT('',(-1.772089349983E-1,-6.580223515874E0,
-1.400220893500E1));
#4001=CARTESIAN_POINT('',(-1.790173171925E-1,-6.590327197103E0,
-1.400401731719E1));
#4002=CARTESIAN_POINT('',(-1.813718012069E-1,-6.600443705258E0,
-1.400637180121E1));
#4003=CARTESIAN_POINT('',(-1.842937965562E-1,-6.610570503013E0,
-1.400929379656E1));
#4004=CARTESIAN_POINT('',(-1.878097870042E-1,-6.620702642371E0,
-1.401280978700E1));
#4005=CARTESIAN_POINT('',(-1.919471935728E-1,-6.630823076167E0,
-1.401694719357E1));
#4006=CARTESIAN_POINT('',(-1.967413949487E-1,-6.640919920070E0,
-1.402174139495E1));
#4007=CARTESIAN_POINT('',(-2.022215979823E-1,-6.650956928490E0,
-1.402722159798E1));
#4008=CARTESIAN_POINT('',(-2.084291786860E-1,-6.660910709759E0,
-1.403342917869E1));
#4009=CARTESIAN_POINT('',(-2.153914023352E-1,-6.670725462703E0,
-1.404039140234E1));
#4010=CARTESIAN_POINT('',(-2.231446243877E-1,-6.680354420121E0,
-1.404814462439E1));
#4011=CARTESIAN_POINT('',(-2.317152445820E-1,-6.689730800487E0,
-1.405671524458E1));
#4012=CARTESIAN_POINT('',(-2.411182464090E-1,-6.698774737546E0,
-1.406611824641E1));
#4013=CARTESIAN_POINT('',(-2.513675089778E-1,-6.707405200617E0,
-1.407636750898E1));
#4014=CARTESIAN_POINT('',(-2.624576982280E-1,-6.715525611915E0,
-1.408745769823E1));
#4015=CARTESIAN_POINT('',(-2.743661015116E-1,-6.723032842606E0,
-1.409936610151E1));
#4016=CARTESIAN_POINT('',(-2.870574869315E-1,-6.729823806195E0,
-1.411205748693E1));
#4017=CARTESIAN_POINT('',(-3.004749774275E-1,-6.735793380810E0,
-1.412547497743E1));
#4018=CARTESIAN_POINT('',(-3.145363759887E-1,-6.740839368165E0,
-1.413953637599E1));
#4019=CARTESIAN_POINT('',(-3.291447052622E-1,-6.744870973242E0,
-1.415414470526E1));
#4020=CARTESIAN_POINT('',(-3.441789631263E-1,-6.747810593166E0,
-1.416917896313E1));
#4021=CARTESIAN_POINT('',(-3.595176573363E-1,-6.749599434046E0,
-1.418451765734E1));
#4022=CARTESIAN_POINT('',(-3.698255845352E-1,-6.75E0,-1.419482558454E1));
#4023=CARTESIAN_POINT('',(-3.75E-1,-6.75E0,-1.42E1));
#4025=CARTESIAN_POINT('',(-1.75E-1,-6.55E0,-1.5E1));
#4026=CARTESIAN_POINT('',(-1.75E-1,-6.553346690253E0,-1.5E1));
#4027=CARTESIAN_POINT('',(-1.751681559687E-1,-6.560055950635E0,
-1.499983184403E1));
#4028=CARTESIAN_POINT('',(-1.759298631279E-1,-6.570132095753E0,
-1.499907013687E1));
#4029=CARTESIAN_POINT('',(-1.772089349983E-1,-6.580223515874E0,
-1.499779106500E1));
#4030=CARTESIAN_POINT('',(-1.790173171925E-1,-6.590327197103E0,
-1.499598268281E1));
#4031=CARTESIAN_POINT('',(-1.813718012069E-1,-6.600443705258E0,
-1.499362819879E1));
#4032=CARTESIAN_POINT('',(-1.842937965562E-1,-6.610570503013E0,
-1.499070620344E1));
#4033=CARTESIAN_POINT('',(-1.878097870042E-1,-6.620702642371E0,
-1.498719021300E1));
#4034=CARTESIAN_POINT('',(-1.919471935728E-1,-6.630823076167E0,
-1.498305280643E1));
#4035=CARTESIAN_POINT('',(-1.967413949487E-1,-6.640919920070E0,
-1.497825860505E1));
#4036=CARTESIAN_POINT('',(-2.022215979823E-1,-6.650956928490E0,
-1.497277840202E1));
#4037=CARTESIAN_POINT('',(-2.084291786860E-1,-6.660910709759E0,
-1.496657082131E1));
#4038=CARTESIAN_POINT('',(-2.153914023352E-1,-6.670725462703E0,
-1.495960859766E1));
#4039=CARTESIAN_POINT('',(-2.231446243877E-1,-6.680354420121E0,
-1.495185537561E1));
#4040=CARTESIAN_POINT('',(-2.317152445820E-1,-6.689730800487E0,
-1.494328475542E1));
#4041=CARTESIAN_POINT('',(-2.411182464090E-1,-6.698774737546E0,
-1.493388175359E1));
#4042=CARTESIAN_POINT('',(-2.513675089778E-1,-6.707405200617E0,
-1.492363249102E1));
#4043=CARTESIAN_POINT('',(-2.624576982280E-1,-6.715525611915E0,
-1.491254230177E1));
#4044=CARTESIAN_POINT('',(-2.743661015116E-1,-6.723032842606E0,
-1.490063389849E1));
#4045=CARTESIAN_POINT('',(-2.870574869315E-1,-6.729823806195E0,
-1.488794251307E1));
#4046=CARTESIAN_POINT('',(-3.004749774275E-1,-6.735793380810E0,
-1.487452502257E1));
#4047=CARTESIAN_POINT('',(-3.145363759887E-1,-6.740839368165E0,
-1.486046362401E1));
#4048=CARTESIAN_POINT('',(-3.291447052622E-1,-6.744870973242E0,
-1.484585529474E1));
#4049=CARTESIAN_POINT('',(-3.441789631262E-1,-6.747810593166E0,
-1.483082103687E1));
#4050=CARTESIAN_POINT('',(-3.595176573363E-1,-6.749599434046E0,
-1.481548234266E1));
#4051=CARTESIAN_POINT('',(-3.698255845352E-1,-6.75E0,-1.480517441546E1));
#4052=CARTESIAN_POINT('',(-3.75E-1,-6.75E0,-1.48E1));
#4054=DIRECTION('',(-1.E0,0.E0,0.E0));
#4055=VECTOR('',#4054,2.1E0);
#4056=CARTESIAN_POINT('',(-3.75E-1,-6.75E0,-1.42E1));
#4057=LINE('',#4056,#4055);
#4058=DIRECTION('',(0.E0,0.E0,1.E0));
#4059=VECTOR('',#4058,6.E-1);
#4060=CARTESIAN_POINT('',(-3.75E-1,-6.75E0,-1.48E1));
#4061=LINE('',#4060,#4059);
#4062=DIRECTION('',(1.E0,0.E0,0.E0));
#4063=VECTOR('',#4062,2.1E0);
#4064=CARTESIAN_POINT('',(-2.475E0,-6.75E0,-1.48E1));
#4065=LINE('',#4064,#4063);
#4066=DIRECTION('',(0.E0,0.E0,-1.E0));
#4067=VECTOR('',#4066,6.E-1);
#4068=CARTESIAN_POINT('',(-2.475E0,-6.75E0,-1.42E1));
#4069=LINE('',#4068,#4067);
#4070=CARTESIAN_POINT('',(-2.675E0,-6.55E0,-1.4E1));
#4071=CARTESIAN_POINT('',(-2.675E0,-6.553346690253E0,-1.4E1));
#4072=CARTESIAN_POINT('',(-2.674831844031E0,-6.560055950635E0,
-1.400016815597E1));
#4073=CARTESIAN_POINT('',(-2.674070136872E0,-6.570132095753E0,
-1.400092986313E1));
#4074=CARTESIAN_POINT('',(-2.672791065002E0,-6.580223515874E0,
-1.400220893500E1));
#4075=CARTESIAN_POINT('',(-2.670982682807E0,-6.590327197103E0,
-1.400401731719E1));
#4076=CARTESIAN_POINT('',(-2.668628198793E0,-6.600443705258E0,
-1.400637180121E1));
#4077=CARTESIAN_POINT('',(-2.665706203444E0,-6.610570503013E0,
-1.400929379656E1));
#4078=CARTESIAN_POINT('',(-2.662190212996E0,-6.620702642371E0,
-1.401280978700E1));
#4079=CARTESIAN_POINT('',(-2.658052806427E0,-6.630823076167E0,
-1.401694719357E1));
#4080=CARTESIAN_POINT('',(-2.653258605051E0,-6.640919920070E0,
-1.402174139495E1));
#4081=CARTESIAN_POINT('',(-2.647778402018E0,-6.650956928490E0,
-1.402722159798E1));
#4082=CARTESIAN_POINT('',(-2.641570821314E0,-6.660910709759E0,
-1.403342917869E1));
#4083=CARTESIAN_POINT('',(-2.634608597665E0,-6.670725462703E0,
-1.404039140234E1));
#4084=CARTESIAN_POINT('',(-2.626855375612E0,-6.680354420121E0,
-1.404814462439E1));
#4085=CARTESIAN_POINT('',(-2.618284755418E0,-6.689730800487E0,
-1.405671524458E1));
#4086=CARTESIAN_POINT('',(-2.608881753591E0,-6.698774737546E0,
-1.406611824641E1));
#4087=CARTESIAN_POINT('',(-2.598632491022E0,-6.707405200617E0,
-1.407636750898E1));
#4088=CARTESIAN_POINT('',(-2.587542301772E0,-6.715525611915E0,
-1.408745769823E1));
#4089=CARTESIAN_POINT('',(-2.575633898488E0,-6.723032842606E0,
-1.409936610151E1));
#4090=CARTESIAN_POINT('',(-2.562942513069E0,-6.729823806195E0,
-1.411205748693E1));
#4091=CARTESIAN_POINT('',(-2.549525022572E0,-6.735793380810E0,
-1.412547497743E1));
#4092=CARTESIAN_POINT('',(-2.535463624011E0,-6.740839368165E0,
-1.413953637599E1));
#4093=CARTESIAN_POINT('',(-2.520855294738E0,-6.744870973242E0,
-1.415414470526E1));
#4094=CARTESIAN_POINT('',(-2.505821036874E0,-6.747810593166E0,
-1.416917896313E1));
#4095=CARTESIAN_POINT('',(-2.490482342664E0,-6.749599434046E0,
-1.418451765734E1));
#4096=CARTESIAN_POINT('',(-2.480174415465E0,-6.75E0,-1.419482558454E1));
#4097=CARTESIAN_POINT('',(-2.475E0,-6.75E0,-1.42E1));
#4099=DIRECTION('',(-1.E0,0.E0,0.E0));
#4100=VECTOR('',#4099,2.5E0);
#4101=CARTESIAN_POINT('',(-1.75E-1,-6.55E0,-1.4E1));
#4102=LINE('',#4101,#4100);
#4103=DIRECTION('',(0.E0,-1.E0,0.E0));
#4104=VECTOR('',#4103,2.E-1);
#4105=CARTESIAN_POINT('',(-1.75E-1,-6.35E0,-1.4E1));
#4106=LINE('',#4105,#4104);
#4107=DIRECTION('',(0.E0,0.E0,-1.E0));
#4108=VECTOR('',#4107,1.E0);
#4109=CARTESIAN_POINT('',(-2.675E0,-6.55E0,-1.4E1));
#4110=LINE('',#4109,#4108);
#4111=DIRECTION('',(0.E0,-1.E0,0.E0));
#4112=VECTOR('',#4111,2.E-1);
#4113=CARTESIAN_POINT('',(-2.675E0,-6.35E0,-1.4E1));
#4114=LINE('',#4113,#4112);
#4115=CARTESIAN_POINT('',(-2.675E0,-6.55E0,-1.5E1));
#4116=CARTESIAN_POINT('',(-2.675E0,-6.553346690253E0,-1.5E1));
#4117=CARTESIAN_POINT('',(-2.674831844031E0,-6.560055950635E0,
-1.499983184403E1));
#4118=CARTESIAN_POINT('',(-2.674070136872E0,-6.570132095753E0,
-1.499907013687E1));
#4119=CARTESIAN_POINT('',(-2.672791065002E0,-6.580223515874E0,
-1.499779106500E1));
#4120=CARTESIAN_POINT('',(-2.670982682807E0,-6.590327197103E0,
-1.499598268281E1));
#4121=CARTESIAN_POINT('',(-2.668628198793E0,-6.600443705258E0,
-1.499362819879E1));
#4122=CARTESIAN_POINT('',(-2.665706203444E0,-6.610570503013E0,
-1.499070620344E1));
#4123=CARTESIAN_POINT('',(-2.662190212996E0,-6.620702642371E0,
-1.498719021300E1));
#4124=CARTESIAN_POINT('',(-2.658052806427E0,-6.630823076167E0,
-1.498305280643E1));
#4125=CARTESIAN_POINT('',(-2.653258605051E0,-6.640919920070E0,
-1.497825860505E1));
#4126=CARTESIAN_POINT('',(-2.647778402018E0,-6.650956928490E0,
-1.497277840202E1));
#4127=CARTESIAN_POINT('',(-2.641570821314E0,-6.660910709759E0,
-1.496657082131E1));
#4128=CARTESIAN_POINT('',(-2.634608597665E0,-6.670725462703E0,
-1.495960859766E1));
#4129=CARTESIAN_POINT('',(-2.626855375612E0,-6.680354420121E0,
-1.495185537561E1));
#4130=CARTESIAN_POINT('',(-2.618284755418E0,-6.689730800487E0,
-1.494328475542E1));
#4131=CARTESIAN_POINT('',(-2.608881753591E0,-6.698774737546E0,
-1.493388175359E1));
#4132=CARTESIAN_POINT('',(-2.598632491022E0,-6.707405200617E0,
-1.492363249102E1));
#4133=CARTESIAN_POINT('',(-2.587542301772E0,-6.715525611915E0,
-1.491254230177E1));
#4134=CARTESIAN_POINT('',(-2.575633898488E0,-6.723032842606E0,
-1.490063389849E1));
#4135=CARTESIAN_POINT('',(-2.562942513069E0,-6.729823806195E0,
-1.488794251307E1));
#4136=CARTESIAN_POINT('',(-2.549525022572E0,-6.735793380810E0,
-1.487452502257E1));
#4137=CARTESIAN_POINT('',(-2.535463624011E0,-6.740839368165E0,
-1.486046362401E1));
#4138=CARTESIAN_POINT('',(-2.520855294738E0,-6.744870973242E0,
-1.484585529474E1));
#4139=CARTESIAN_POINT('',(-2.505821036874E0,-6.747810593166E0,
-1.483082103687E1));
#4140=CARTESIAN_POINT('',(-2.490482342664E0,-6.749599434046E0,
-1.481548234266E1));
#4141=CARTESIAN_POINT('',(-2.480174415465E0,-6.75E0,-1.480517441546E1));
#4142=CARTESIAN_POINT('',(-2.475E0,-6.75E0,-1.48E1));
#4144=DIRECTION('',(1.E0,0.E0,0.E0));
#4145=VECTOR('',#4144,2.5E0);
#4146=CARTESIAN_POINT('',(-2.675E0,-6.55E0,-1.5E1));
#4147=LINE('',#4146,#4145);
#4148=DIRECTION('',(0.E0,-1.E0,0.E0));
#4149=VECTOR('',#4148,2.E-1);
#4150=CARTESIAN_POINT('',(-2.675E0,-6.35E0,-1.5E1));
#4151=LINE('',#4150,#4149);
#4152=CARTESIAN_POINT('',(-1.025E0,-6.55E0,-3.704316770520E0));
#4153=CARTESIAN_POINT('',(-1.025E0,-6.546388825477E0,-3.704316770520E0));
#4154=CARTESIAN_POINT('',(-1.024804247732E0,-6.539153671176E0,
-3.704167813820E0));
#4155=CARTESIAN_POINT('',(-1.023919251962E0,-6.528302065729E0,
-3.703494589067E0));
#4156=CARTESIAN_POINT('',(-1.022437081967E0,-6.517461877824E0,
-3.702367788427E0));
#4157=CARTESIAN_POINT('',(-1.020349118206E0,-6.506646788868E0,
-3.700781924608E0));
#4158=CARTESIAN_POINT('',(-1.017642173101E0,-6.495865175161E0,
-3.698728504534E0));
#4159=CARTESIAN_POINT('',(-1.014302792197E0,-6.485138205124E0,
-3.696199324137E0));
#4160=CARTESIAN_POINT('',(-1.010310536949E0,-6.474476661053E0,
-3.693181426155E0));
#4161=CARTESIAN_POINT('',(-1.005650674489E0,-6.463916182857E0,
-3.689666738652E0));
#4162=CARTESIAN_POINT('',(-1.000300098282E0,-6.453478055209E0,
-3.685641476479E0));
#4163=CARTESIAN_POINT('',(-9.942423401530E-1,-6.443204716303E0,
-3.681097507451E0));
#4164=CARTESIAN_POINT('',(-9.874621941659E-1,-6.433141082363E0,
-3.676028274972E0));
#4165=CARTESIAN_POINT('',(-9.799426221328E-1,-6.423332762361E0,
-3.670426518724E0));
#4166=CARTESIAN_POINT('',(-9.716826309694E-1,-6.413846132179E0,
-3.664297534647E0));
#4167=CARTESIAN_POINT('',(-9.626779301699E-1,-6.404740190239E0,
-3.657644659227E0));
#4168=CARTESIAN_POINT('',(-9.529363857982E-1,-6.396085091848E0,
-3.650480660474E0));
#4169=CARTESIAN_POINT('',(-9.424811049681E-1,-6.387958247227E0,
-3.642829708854E0));
#4170=CARTESIAN_POINT('',(-9.313409293717E-1,-6.380433877841E0,
-3.634720139921E0));
#4171=CARTESIAN_POINT('',(-9.195574405311E-1,-6.373586833147E0,
-3.626189306996E0));
#4172=CARTESIAN_POINT('',(-9.071788192485E-1,-6.367487731094E0,
-3.617278871911E0));
#4173=CARTESIAN_POINT('',(-8.942882582369E-1,-6.362211957963E0,
-3.608054779642E0));
#4174=CARTESIAN_POINT('',(-8.809499157498E-1,-6.357813179908E0,
-3.598568121781E0));
#4175=CARTESIAN_POINT('',(-8.672570206928E-1,-6.354344465851E0,
-3.588889420335E0));
#4176=CARTESIAN_POINT('',(-8.533036136224E-1,-6.351843302908E0,
-3.579088050090E0));
#4177=CARTESIAN_POINT('',(-8.391785911005E-1,-6.350334994135E0,
-3.569228201907E0));
#4178=CARTESIAN_POINT('',(-8.297290441213E-1,-6.35E0,-3.562673064964E0));
#4179=CARTESIAN_POINT('',(-8.25E-1,-6.35E0,-3.559402627941E0));
#4181=CARTESIAN_POINT('',(-1.025E0,-6.55E0,-4.75E0));
#4182=CARTESIAN_POINT('',(-1.025E0,-6.546653309747E0,-4.75E0));
#4183=CARTESIAN_POINT('',(-1.024831844031E0,-6.539944049365E0,
-4.749831844031E0));
#4184=CARTESIAN_POINT('',(-1.024070136872E0,-6.529867904247E0,
-4.749070136872E0));
#4185=CARTESIAN_POINT('',(-1.022791065002E0,-6.519776484126E0,
-4.747791065002E0));
#4186=CARTESIAN_POINT('',(-1.020982682807E0,-6.509672802897E0,
-4.745982682807E0));
#4187=CARTESIAN_POINT('',(-1.018628198793E0,-6.499556294742E0,
-4.743628198793E0));
#4188=CARTESIAN_POINT('',(-1.015706203444E0,-6.489429496987E0,
-4.740706203444E0));
#4189=CARTESIAN_POINT('',(-1.012190212996E0,-6.479297357629E0,
-4.737190212996E0));
#4190=CARTESIAN_POINT('',(-1.008052806427E0,-6.469176923833E0,
-4.733052806427E0));
#4191=CARTESIAN_POINT('',(-1.003258605051E0,-6.459080079930E0,
-4.728258605051E0));
#4192=CARTESIAN_POINT('',(-9.977784020177E-1,-6.449043071510E0,
-4.722778402018E0));
#4193=CARTESIAN_POINT('',(-9.915708213140E-1,-6.439089290241E0,
-4.716570821314E0));
#4194=CARTESIAN_POINT('',(-9.846085976648E-1,-6.429274537297E0,
-4.709608597665E0));
#4195=CARTESIAN_POINT('',(-9.768553756123E-1,-6.419645579879E0,
-4.701855375612E0));
#4196=CARTESIAN_POINT('',(-9.682847554180E-1,-6.410269199513E0,
-4.693284755418E0));
#4197=CARTESIAN_POINT('',(-9.588817535910E-1,-6.401225262454E0,
-4.683881753591E0));
#4198=CARTESIAN_POINT('',(-9.486324910222E-1,-6.392594799383E0,
-4.673632491022E0));
#4199=CARTESIAN_POINT('',(-9.375423017720E-1,-6.384474388085E0,
-4.662542301772E0));
#4200=CARTESIAN_POINT('',(-9.256338984884E-1,-6.376967157394E0,
-4.650633898488E0));
#4201=CARTESIAN_POINT('',(-9.129425130685E-1,-6.370176193805E0,
-4.637942513069E0));
#4202=CARTESIAN_POINT('',(-8.995250225725E-1,-6.364206619190E0,
-4.624525022572E0));
#4203=CARTESIAN_POINT('',(-8.854636240113E-1,-6.359160631835E0,
-4.610463624011E0));
#4204=CARTESIAN_POINT('',(-8.708552947378E-1,-6.355129026758E0,
-4.595855294738E0));
#4205=CARTESIAN_POINT('',(-8.558210368738E-1,-6.352189406834E0,
-4.580821036874E0));
#4206=CARTESIAN_POINT('',(-8.404823426637E-1,-6.350400565954E0,
-4.565482342664E0));
#4207=CARTESIAN_POINT('',(-8.301744154648E-1,-6.35E0,-4.555174415465E0));
#4208=CARTESIAN_POINT('',(-8.25E-1,-6.35E0,-4.55E0));
#4210=CARTESIAN_POINT('',(2.068322948010E-2,-6.55E0,-4.75E0));
#4211=CARTESIAN_POINT('',(2.068322948010E-2,-6.546388832974E0,-4.75E0));
#4212=CARTESIAN_POINT('',(2.083218555481E-2,-6.539153693836E0,
-4.749804248554E0));
#4213=CARTESIAN_POINT('',(2.150540751360E-2,-6.528302110939E0,
-4.748919256458E0));
#4214=CARTESIAN_POINT('',(2.263220327905E-2,-6.517461946673E0,
-4.747437092880E0));
#4215=CARTESIAN_POINT('',(2.421806048770E-2,-6.506646879382E0,
-4.745349137837E0));
#4216=CARTESIAN_POINT('',(2.627147158554E-2,-6.495865288984E0,
-4.742642204600E0));
#4217=CARTESIAN_POINT('',(2.880064122377E-2,-6.485138340172E0,
-4.739302837967E0));
#4218=CARTESIAN_POINT('',(3.181852599824E-2,-6.474476817873E0,
-4.735310600303E0));
#4219=CARTESIAN_POINT('',(3.533319814050E-2,-6.463916360126E0,
-4.730650758383E0));
#4220=CARTESIAN_POINT('',(3.935844274415E-2,-6.453478251670E0,
-4.725300205791E0));
#4221=CARTESIAN_POINT('',(4.390239125295E-2,-6.443204931727E0,
-4.719242475389E0));
#4222=CARTESIAN_POINT('',(4.897160210216E-2,-6.433141312319E0,
-4.712462358847E0));
#4223=CARTESIAN_POINT('',(5.457333348362E-2,-6.423333006666E0,
-4.704942820875E0));
#4224=CARTESIAN_POINT('',(6.070228789768E-2,-6.413846391431E0,
-4.696682870590E0));
#4225=CARTESIAN_POINT('',(6.735513944643E-2,-6.404740449279E0,
-4.687678203278E0));
#4226=CARTESIAN_POINT('',(7.451911506721E-2,-6.396085348281E0,
-4.677936691660E0));
#4227=CARTESIAN_POINT('',(8.216999113909E-2,-6.387958547389E0,
-4.667481515860E0));
#4228=CARTESIAN_POINT('',(9.027958158496E-2,-6.380434111941E0,
-4.656341313405E0));
#4229=CARTESIAN_POINT('',(9.881048220441E-2,-6.373586999815E0,
-4.644557731793E0));
#4230=CARTESIAN_POINT('',(1.077206838091E-1,-6.367487992726E0,
-4.632179439572E0));
#4231=CARTESIAN_POINT('',(1.169456398676E-1,-6.362211728526E0,
-4.619287671148E0));
#4232=CARTESIAN_POINT('',(1.264319072059E-1,-6.357813183097E0,
-4.605949873655E0));
#4233=CARTESIAN_POINT('',(1.361105966502E-1,-6.354344455754E0,
-4.592256996988E0));
#4234=CARTESIAN_POINT('',(1.459120110364E-1,-6.351843291670E0,
-4.578303526228E0));
#4235=CARTESIAN_POINT('',(1.557718013141E-1,-6.350334995198E0,
-4.564178586347E0));
#4236=CARTESIAN_POINT('',(1.623269358554E-1,-6.35E0,-4.554729042937E0));
#4237=CARTESIAN_POINT('',(1.655973720587E-1,-6.35E0,-4.55E0));
#4239=CARTESIAN_POINT('',(2.068322948010E-2,-6.55E0,-5.55E0));
#4240=CARTESIAN_POINT('',(2.068322948010E-2,-6.546388825477E0,-5.55E0));
#4241=CARTESIAN_POINT('',(2.083218618040E-2,-6.539153671176E0,
-5.550195752268E0));
#4242=CARTESIAN_POINT('',(2.150541093350E-2,-6.528302065729E0,
-5.551080748038E0));
#4243=CARTESIAN_POINT('',(2.263221157313E-2,-6.517461877824E0,
-5.552562918033E0));
#4244=CARTESIAN_POINT('',(2.421807539166E-2,-6.506646788868E0,
-5.554650881794E0));
#4245=CARTESIAN_POINT('',(2.627149546602E-2,-6.495865175161E0,
-5.557357826899E0));
#4246=CARTESIAN_POINT('',(2.880067586255E-2,-6.485138205124E0,
-5.560697207803E0));
#4247=CARTESIAN_POINT('',(3.181857384515E-2,-6.474476661053E0,
-5.564689463051E0));
#4248=CARTESIAN_POINT('',(3.533326134755E-2,-6.463916182857E0,
-5.569349325511E0));
#4249=CARTESIAN_POINT('',(3.935852352113E-2,-6.453478055209E0,
-5.574699901718E0));
#4250=CARTESIAN_POINT('',(4.390249254895E-2,-6.443204716303E0,
-5.580757659847E0));
#4251=CARTESIAN_POINT('',(4.897172502775E-2,-6.433141082363E0,
-5.587537805834E0));
#4252=CARTESIAN_POINT('',(5.457348127647E-2,-6.423332762361E0,
-5.595057377867E0));
#4253=CARTESIAN_POINT('',(6.070246535313E-2,-6.413846132179E0,
-5.603317369031E0));
#4254=CARTESIAN_POINT('',(6.735534077314E-2,-6.404740190239E0,
-5.612322069830E0));
#4255=CARTESIAN_POINT('',(7.451933952555E-2,-6.396085091848E0,
-5.622063614202E0));
#4256=CARTESIAN_POINT('',(8.217029114564E-2,-6.387958247227E0,
-5.632518895032E0));
#4257=CARTESIAN_POINT('',(9.027986007914E-2,-6.380433877841E0,
-5.643659070628E0));
#4258=CARTESIAN_POINT('',(9.881069300438E-2,-6.373586833147E0,
-5.655442559469E0));
#4259=CARTESIAN_POINT('',(1.077211280888E-1,-6.367487731094E0,
-5.667821180751E0));
#4260=CARTESIAN_POINT('',(1.169452203580E-1,-6.362211957963E0,
-5.680711741763E0));
#4261=CARTESIAN_POINT('',(1.264318782194E-1,-6.357813179908E0,
-5.694050084250E0));
#4262=CARTESIAN_POINT('',(1.361105796652E-1,-6.354344465851E0,
-5.707742979307E0));
#4263=CARTESIAN_POINT('',(1.459119499102E-1,-6.351843302908E0,
-5.721696386378E0));
#4264=CARTESIAN_POINT('',(1.557717980931E-1,-6.350334994135E0,
-5.735821408900E0));
#4265=CARTESIAN_POINT('',(1.623269350362E-1,-6.35E0,-5.745270955879E0));
#4266=CARTESIAN_POINT('',(1.655973720587E-1,-6.35E0,-5.75E0));
#4268=CARTESIAN_POINT('',(-1.025E0,-6.55E0,-5.55E0));
#4269=CARTESIAN_POINT('',(-1.025E0,-6.546653309747E0,-5.55E0));
#4270=CARTESIAN_POINT('',(-1.024831844031E0,-6.539944049365E0,
-5.550168155969E0));
#4271=CARTESIAN_POINT('',(-1.024070136872E0,-6.529867904247E0,
-5.550929863128E0));
#4272=CARTESIAN_POINT('',(-1.022791065002E0,-6.519776484126E0,
-5.552208934998E0));
#4273=CARTESIAN_POINT('',(-1.020982682807E0,-6.509672802897E0,
-5.554017317193E0));
#4274=CARTESIAN_POINT('',(-1.018628198793E0,-6.499556294742E0,
-5.556371801207E0));
#4275=CARTESIAN_POINT('',(-1.015706203444E0,-6.489429496987E0,
-5.559293796556E0));
#4276=CARTESIAN_POINT('',(-1.012190212996E0,-6.479297357629E0,
-5.562809787004E0));
#4277=CARTESIAN_POINT('',(-1.008052806427E0,-6.469176923833E0,
-5.566947193573E0));
#4278=CARTESIAN_POINT('',(-1.003258605051E0,-6.459080079930E0,
-5.571741394949E0));
#4279=CARTESIAN_POINT('',(-9.977784020177E-1,-6.449043071510E0,
-5.577221597982E0));
#4280=CARTESIAN_POINT('',(-9.915708213140E-1,-6.439089290241E0,
-5.583429178686E0));
#4281=CARTESIAN_POINT('',(-9.846085976648E-1,-6.429274537297E0,
-5.590391402335E0));
#4282=CARTESIAN_POINT('',(-9.768553756123E-1,-6.419645579879E0,
-5.598144624388E0));
#4283=CARTESIAN_POINT('',(-9.682847554180E-1,-6.410269199513E0,
-5.606715244582E0));
#4284=CARTESIAN_POINT('',(-9.588817535910E-1,-6.401225262454E0,
-5.616118246409E0));
#4285=CARTESIAN_POINT('',(-9.486324910222E-1,-6.392594799383E0,
-5.626367508978E0));
#4286=CARTESIAN_POINT('',(-9.375423017720E-1,-6.384474388085E0,
-5.637457698228E0));
#4287=CARTESIAN_POINT('',(-9.256338984884E-1,-6.376967157394E0,
-5.649366101512E0));
#4288=CARTESIAN_POINT('',(-9.129425130685E-1,-6.370176193805E0,
-5.662057486931E0));
#4289=CARTESIAN_POINT('',(-8.995250225725E-1,-6.364206619190E0,
-5.675474977428E0));
#4290=CARTESIAN_POINT('',(-8.854636240113E-1,-6.359160631835E0,
-5.689536375989E0));
#4291=CARTESIAN_POINT('',(-8.708552947378E-1,-6.355129026758E0,
-5.704144705262E0));
#4292=CARTESIAN_POINT('',(-8.558210368738E-1,-6.352189406834E0,
-5.719178963126E0));
#4293=CARTESIAN_POINT('',(-8.404823426637E-1,-6.350400565954E0,
-5.734517657336E0));
#4294=CARTESIAN_POINT('',(-8.301744154648E-1,-6.35E0,-5.744825584535E0));
#4295=CARTESIAN_POINT('',(-8.25E-1,-6.35E0,-5.75E0));
#4297=CARTESIAN_POINT('',(-1.025E0,-6.55E0,-6.595683229480E0));
#4298=CARTESIAN_POINT('',(-1.025E0,-6.546388832974E0,-6.595683229480E0));
#4299=CARTESIAN_POINT('',(-1.024804248554E0,-6.539153693836E0,
-6.595832185555E0));
#4300=CARTESIAN_POINT('',(-1.023919256458E0,-6.528302110939E0,
-6.596505407514E0));
#4301=CARTESIAN_POINT('',(-1.022437092880E0,-6.517461946673E0,
-6.597632203279E0));
#4302=CARTESIAN_POINT('',(-1.020349137837E0,-6.506646879382E0,
-6.599218060488E0));
#4303=CARTESIAN_POINT('',(-1.017642204600E0,-6.495865288984E0,
-6.601271471586E0));
#4304=CARTESIAN_POINT('',(-1.014302837967E0,-6.485138340172E0,
-6.603800641224E0));
#4305=CARTESIAN_POINT('',(-1.010310600303E0,-6.474476817874E0,
-6.606818525998E0));
#4306=CARTESIAN_POINT('',(-1.005650758383E0,-6.463916360126E0,
-6.610333198141E0));
#4307=CARTESIAN_POINT('',(-1.000300205791E0,-6.453478251670E0,
-6.614358442744E0));
#4308=CARTESIAN_POINT('',(-9.942424753895E-1,-6.443204931727E0,
-6.618902391253E0));
#4309=CARTESIAN_POINT('',(-9.874623588466E-1,-6.433141312319E0,
-6.623971602102E0));
#4310=CARTESIAN_POINT('',(-9.799428208748E-1,-6.423333006666E0,
-6.629573333484E0));
#4311=CARTESIAN_POINT('',(-9.716828705898E-1,-6.413846391431E0,
-6.635702287898E0));
#4312=CARTESIAN_POINT('',(-9.626782032779E-1,-6.404740449279E0,
-6.642355139446E0));
#4313=CARTESIAN_POINT('',(-9.529366916597E-1,-6.396085348281E0,
-6.649519115067E0));
#4314=CARTESIAN_POINT('',(-9.424815158601E-1,-6.387958547389E0,
-6.657169991139E0));
#4315=CARTESIAN_POINT('',(-9.313413134047E-1,-6.380434111941E0,
-6.665279581585E0));
#4316=CARTESIAN_POINT('',(-9.195577317934E-1,-6.373586999815E0,
-6.673810482204E0));
#4317=CARTESIAN_POINT('',(-9.071794395724E-1,-6.367487992726E0,
-6.682720683809E0));
#4318=CARTESIAN_POINT('',(-8.942876711480E-1,-6.362211728526E0,
-6.691945639868E0));
#4319=CARTESIAN_POINT('',(-8.809498736546E-1,-6.357813183097E0,
-6.701431907206E0));
#4320=CARTESIAN_POINT('',(-8.672569969878E-1,-6.354344455754E0,
-6.711110596650E0));
#4321=CARTESIAN_POINT('',(-8.533035262281E-1,-6.351843291670E0,
-6.720912011036E0));
#4322=CARTESIAN_POINT('',(-8.391785863469E-1,-6.350334995198E0,
-6.730771801314E0));
#4323=CARTESIAN_POINT('',(-8.297290429367E-1,-6.35E0,-6.737326935855E0));
#4324=CARTESIAN_POINT('',(-8.25E-1,-6.35E0,-6.740597372059E0));
#4326=CARTESIAN_POINT('',(-1.825E0,-6.55E0,-6.595683229480E0));
#4327=CARTESIAN_POINT('',(-1.825E0,-6.546388825477E0,-6.595683229480E0));
#4328=CARTESIAN_POINT('',(-1.825195752268E0,-6.539153671176E0,
-6.595832186180E0));
#4329=CARTESIAN_POINT('',(-1.826080748038E0,-6.528302065729E0,
-6.596505410933E0));
#4330=CARTESIAN_POINT('',(-1.827562918033E0,-6.517461877824E0,
-6.597632211573E0));
#4331=CARTESIAN_POINT('',(-1.829650881794E0,-6.506646788868E0,
-6.599218075392E0));
#4332=CARTESIAN_POINT('',(-1.832357826899E0,-6.495865175161E0,
-6.601271495466E0));
#4333=CARTESIAN_POINT('',(-1.835697207803E0,-6.485138205124E0,
-6.603800675863E0));
#4334=CARTESIAN_POINT('',(-1.839689463051E0,-6.474476661053E0,
-6.606818573845E0));
#4335=CARTESIAN_POINT('',(-1.844349325511E0,-6.463916182857E0,
-6.610333261348E0));
#4336=CARTESIAN_POINT('',(-1.849699901718E0,-6.453478055209E0,
-6.614358523521E0));
#4337=CARTESIAN_POINT('',(-1.855757659847E0,-6.443204716303E0,
-6.618902492549E0));
#4338=CARTESIAN_POINT('',(-1.862537805834E0,-6.433141082363E0,
-6.623971725028E0));
#4339=CARTESIAN_POINT('',(-1.870057377867E0,-6.423332762361E0,
-6.629573481276E0));
#4340=CARTESIAN_POINT('',(-1.878317369031E0,-6.413846132179E0,
-6.635702465353E0));
#4341=CARTESIAN_POINT('',(-1.887322069830E0,-6.404740190239E0,
-6.642355340773E0));
#4342=CARTESIAN_POINT('',(-1.897063614202E0,-6.396085091848E0,
-6.649519339526E0));
#4343=CARTESIAN_POINT('',(-1.907518895032E0,-6.387958247227E0,
-6.657170291146E0));
#4344=CARTESIAN_POINT('',(-1.918659070628E0,-6.380433877841E0,
-6.665279860079E0));
#4345=CARTESIAN_POINT('',(-1.930442559469E0,-6.373586833147E0,
-6.673810693004E0));
#4346=CARTESIAN_POINT('',(-1.942821180751E0,-6.367487731094E0,
-6.682721128089E0));
#4347=CARTESIAN_POINT('',(-1.955711741763E0,-6.362211957963E0,
-6.691945220358E0));
#4348=CARTESIAN_POINT('',(-1.969050084250E0,-6.357813179908E0,
-6.701431878219E0));
#4349=CARTESIAN_POINT('',(-1.982742979307E0,-6.354344465851E0,
-6.711110579665E0));
#4350=CARTESIAN_POINT('',(-1.996696386378E0,-6.351843302908E0,
-6.720911949910E0));
#4351=CARTESIAN_POINT('',(-2.010821408899E0,-6.350334994135E0,
-6.730771798093E0));
#4352=CARTESIAN_POINT('',(-2.020270955879E0,-6.35E0,-6.737326935036E0));
#4353=CARTESIAN_POINT('',(-2.025E0,-6.35E0,-6.740597372059E0));
#4355=CARTESIAN_POINT('',(-1.825E0,-6.55E0,-5.55E0));
#4356=CARTESIAN_POINT('',(-1.825E0,-6.546653309747E0,-5.55E0));
#4357=CARTESIAN_POINT('',(-1.825168155969E0,-6.539944049365E0,
-5.550168155969E0));
#4358=CARTESIAN_POINT('',(-1.825929863128E0,-6.529867904247E0,
-5.550929863128E0));
#4359=CARTESIAN_POINT('',(-1.827208934998E0,-6.519776484126E0,
-5.552208934998E0));
#4360=CARTESIAN_POINT('',(-1.829017317193E0,-6.509672802897E0,
-5.554017317193E0));
#4361=CARTESIAN_POINT('',(-1.831371801207E0,-6.499556294742E0,
-5.556371801207E0));
#4362=CARTESIAN_POINT('',(-1.834293796556E0,-6.489429496987E0,
-5.559293796556E0));
#4363=CARTESIAN_POINT('',(-1.837809787004E0,-6.479297357629E0,
-5.562809787004E0));
#4364=CARTESIAN_POINT('',(-1.841947193573E0,-6.469176923833E0,
-5.566947193573E0));
#4365=CARTESIAN_POINT('',(-1.846741394949E0,-6.459080079930E0,
-5.571741394949E0));
#4366=CARTESIAN_POINT('',(-1.852221597982E0,-6.449043071510E0,
-5.577221597982E0));
#4367=CARTESIAN_POINT('',(-1.858429178686E0,-6.439089290241E0,
-5.583429178686E0));
#4368=CARTESIAN_POINT('',(-1.865391402335E0,-6.429274537297E0,
-5.590391402335E0));
#4369=CARTESIAN_POINT('',(-1.873144624388E0,-6.419645579879E0,
-5.598144624388E0));
#4370=CARTESIAN_POINT('',(-1.881715244582E0,-6.410269199513E0,
-5.606715244582E0));
#4371=CARTESIAN_POINT('',(-1.891118246409E0,-6.401225262454E0,
-5.616118246409E0));
#4372=CARTESIAN_POINT('',(-1.901367508978E0,-6.392594799383E0,
-5.626367508978E0));
#4373=CARTESIAN_POINT('',(-1.912457698228E0,-6.384474388085E0,
-5.637457698228E0));
#4374=CARTESIAN_POINT('',(-1.924366101512E0,-6.376967157394E0,
-5.649366101512E0));
#4375=CARTESIAN_POINT('',(-1.937057486931E0,-6.370176193805E0,
-5.662057486931E0));
#4376=CARTESIAN_POINT('',(-1.950474977428E0,-6.364206619190E0,
-5.675474977428E0));
#4377=CARTESIAN_POINT('',(-1.964536375989E0,-6.359160631835E0,
-5.689536375989E0));
#4378=CARTESIAN_POINT('',(-1.979144705262E0,-6.355129026758E0,
-5.704144705262E0));
#4379=CARTESIAN_POINT('',(-1.994178963126E0,-6.352189406834E0,
-5.719178963126E0));
#4380=CARTESIAN_POINT('',(-2.009517657336E0,-6.350400565954E0,
-5.734517657336E0));
#4381=CARTESIAN_POINT('',(-2.019825584535E0,-6.35E0,-5.744825584535E0));
#4382=CARTESIAN_POINT('',(-2.025E0,-6.35E0,-5.75E0));
#4384=CARTESIAN_POINT('',(-2.870683229480E0,-6.55E0,-5.55E0));
#4385=CARTESIAN_POINT('',(-2.870683229480E0,-6.546388832974E0,-5.55E0));
#4386=CARTESIAN_POINT('',(-2.870832185555E0,-6.539153693836E0,
-5.550195751446E0));
#4387=CARTESIAN_POINT('',(-2.871505407514E0,-6.528302110939E0,
-5.551080743542E0));
#4388=CARTESIAN_POINT('',(-2.872632203279E0,-6.517461946673E0,
-5.552562907120E0));
#4389=CARTESIAN_POINT('',(-2.874218060488E0,-6.506646879382E0,
-5.554650862163E0));
#4390=CARTESIAN_POINT('',(-2.876271471586E0,-6.495865288984E0,
-5.557357795400E0));
#4391=CARTESIAN_POINT('',(-2.878800641224E0,-6.485138340172E0,
-5.560697162033E0));
#4392=CARTESIAN_POINT('',(-2.881818525998E0,-6.474476817874E0,
-5.564689399697E0));
#4393=CARTESIAN_POINT('',(-2.885333198141E0,-6.463916360126E0,
-5.569349241617E0));
#4394=CARTESIAN_POINT('',(-2.889358442744E0,-6.453478251670E0,
-5.574699794209E0));
#4395=CARTESIAN_POINT('',(-2.893902391253E0,-6.443204931727E0,
-5.580757524611E0));
#4396=CARTESIAN_POINT('',(-2.898971602102E0,-6.433141312319E0,
-5.587537641153E0));
#4397=CARTESIAN_POINT('',(-2.904573333484E0,-6.423333006666E0,
-5.595057179125E0));
#4398=CARTESIAN_POINT('',(-2.910702287898E0,-6.413846391431E0,
-5.603317129410E0));
#4399=CARTESIAN_POINT('',(-2.917355139446E0,-6.404740449279E0,
-5.612321796722E0));
#4400=CARTESIAN_POINT('',(-2.924519115067E0,-6.396085348281E0,
-5.622063308340E0));
#4401=CARTESIAN_POINT('',(-2.932169991139E0,-6.387958547389E0,
-5.632518484140E0));
#4402=CARTESIAN_POINT('',(-2.940279581585E0,-6.380434111941E0,
-5.643658686595E0));
#4403=CARTESIAN_POINT('',(-2.948810482204E0,-6.373586999815E0,
-5.655442268207E0));
#4404=CARTESIAN_POINT('',(-2.957720683809E0,-6.367487992726E0,
-5.667820560428E0));
#4405=CARTESIAN_POINT('',(-2.966945639868E0,-6.362211728526E0,
-5.680712328852E0));
#4406=CARTESIAN_POINT('',(-2.976431907206E0,-6.357813183097E0,
-5.694050126345E0));
#4407=CARTESIAN_POINT('',(-2.986110596650E0,-6.354344455754E0,
-5.707743003012E0));
#4408=CARTESIAN_POINT('',(-2.995912011036E0,-6.351843291670E0,
-5.721696473772E0));
#4409=CARTESIAN_POINT('',(-3.005771801314E0,-6.350334995198E0,
-5.735821413653E0));
#4410=CARTESIAN_POINT('',(-3.012326935855E0,-6.35E0,-5.745270957063E0));
#4411=CARTESIAN_POINT('',(-3.015597372059E0,-6.35E0,-5.75E0));
#4413=CARTESIAN_POINT('',(-2.870683229480E0,-6.55E0,-4.75E0));
#4414=CARTESIAN_POINT('',(-2.870683229480E0,-6.546388825477E0,-4.75E0));
#4415=CARTESIAN_POINT('',(-2.870832186180E0,-6.539153671176E0,
-4.749804247732E0));
#4416=CARTESIAN_POINT('',(-2.871505410933E0,-6.528302065729E0,
-4.748919251962E0));
#4417=CARTESIAN_POINT('',(-2.872632211573E0,-6.517461877824E0,
-4.747437081967E0));
#4418=CARTESIAN_POINT('',(-2.874218075392E0,-6.506646788868E0,
-4.745349118206E0));
#4419=CARTESIAN_POINT('',(-2.876271495466E0,-6.495865175161E0,
-4.742642173101E0));
#4420=CARTESIAN_POINT('',(-2.878800675863E0,-6.485138205124E0,
-4.739302792197E0));
#4421=CARTESIAN_POINT('',(-2.881818573845E0,-6.474476661053E0,
-4.735310536949E0));
#4422=CARTESIAN_POINT('',(-2.885333261348E0,-6.463916182857E0,
-4.730650674489E0));
#4423=CARTESIAN_POINT('',(-2.889358523521E0,-6.453478055209E0,
-4.725300098282E0));
#4424=CARTESIAN_POINT('',(-2.893902492549E0,-6.443204716303E0,
-4.719242340153E0));
#4425=CARTESIAN_POINT('',(-2.898971725028E0,-6.433141082363E0,
-4.712462194166E0));
#4426=CARTESIAN_POINT('',(-2.904573481276E0,-6.423332762361E0,
-4.704942622133E0));
#4427=CARTESIAN_POINT('',(-2.910702465353E0,-6.413846132179E0,
-4.696682630969E0));
#4428=CARTESIAN_POINT('',(-2.917355340773E0,-6.404740190239E0,
-4.687677930170E0));
#4429=CARTESIAN_POINT('',(-2.924519339526E0,-6.396085091848E0,
-4.677936385798E0));
#4430=CARTESIAN_POINT('',(-2.932170291146E0,-6.387958247227E0,
-4.667481104968E0));
#4431=CARTESIAN_POINT('',(-2.940279860079E0,-6.380433877841E0,
-4.656340929372E0));
#4432=CARTESIAN_POINT('',(-2.948810693004E0,-6.373586833147E0,
-4.644557440531E0));
#4433=CARTESIAN_POINT('',(-2.957721128089E0,-6.367487731094E0,
-4.632178819249E0));
#4434=CARTESIAN_POINT('',(-2.966945220358E0,-6.362211957963E0,
-4.619288258237E0));
#4435=CARTESIAN_POINT('',(-2.976431878219E0,-6.357813179908E0,
-4.605949915750E0));
#4436=CARTESIAN_POINT('',(-2.986110579665E0,-6.354344465851E0,
-4.592257020693E0));
#4437=CARTESIAN_POINT('',(-2.995911949910E0,-6.351843302908E0,
-4.578303613622E0));
#4438=CARTESIAN_POINT('',(-3.005771798093E0,-6.350334994135E0,
-4.564178591101E0));
#4439=CARTESIAN_POINT('',(-3.012326935036E0,-6.35E0,-4.554729044121E0));
#4440=CARTESIAN_POINT('',(-3.015597372059E0,-6.35E0,-4.55E0));
#4442=CARTESIAN_POINT('',(-1.425E0,-6.55E0,-5.15E0));
#4443=DIRECTION('',(0.E0,-1.E0,0.E0));
#4444=DIRECTION('',(-9.637888196534E-1,0.E0,2.666666666667E-1));
#4445=AXIS2_PLACEMENT_3D('',#4442,#4443,#4444);
#4447=DIRECTION('',(0.E0,-1.E0,0.E0));
#4448=VECTOR('',#4447,2.E-1);
#4449=CARTESIAN_POINT('',(-2.870683229480E0,-6.55E0,-4.75E0));
#4450=LINE('',#4449,#4448);
#4451=DIRECTION('',(-1.E0,0.E0,0.E0));
#4452=VECTOR('',#4451,1.045683229480E0);
#4453=CARTESIAN_POINT('',(-1.825E0,-6.55E0,-4.75E0));
#4454=LINE('',#4453,#4452);
#4455=DIRECTION('',(0.E0,-1.E0,0.E0));
#4456=VECTOR('',#4455,3.108040405071E0);
#4457=CARTESIAN_POINT('',(-1.825E0,-6.55E0,-4.75E0));
#4458=LINE('',#4457,#4456);
#4459=CARTESIAN_POINT('',(-2.341515138991E0,-9.05E0,-4.75E0));
#4460=CARTESIAN_POINT('',(-2.317273458397E0,-9.081105014163E0,-4.75E0));
#4461=CARTESIAN_POINT('',(-2.271347921862E0,-9.139634518709E0,-4.75E0));
#4462=CARTESIAN_POINT('',(-2.210695970986E0,-9.215858033236E0,-4.75E0));
#4463=CARTESIAN_POINT('',(-2.156961781248E0,-9.282386812710E0,-4.75E0));
#4464=CARTESIAN_POINT('',(-2.109216227107E0,-9.340568579318E0,-4.75E0));
#4465=CARTESIAN_POINT('',(-2.066317627557E0,-9.391973266615E0,-4.75E0));
#4466=CARTESIAN_POINT('',(-2.027430146945E0,-9.437749184015E0,-4.75E0));
#4467=CARTESIAN_POINT('',(-1.991889647275E0,-9.478804272876E0,-4.75E0));
#4468=CARTESIAN_POINT('',(-1.959156853329E0,-9.515868652252E0,-4.75E0));
#4469=CARTESIAN_POINT('',(-1.928801027858E0,-9.549521490057E0,-4.75E0));
#4470=CARTESIAN_POINT('',(-1.900467743230E0,-9.580234266434E0,-4.75E0));
#4471=CARTESIAN_POINT('',(-1.873849367795E0,-9.608406242208E0,-4.75E0));
#4472=CARTESIAN_POINT('',(-1.848727267970E0,-9.634326818599E0,-4.75E0));
#4473=CARTESIAN_POINT('',(-1.832763314955E0,-9.650355115362E0,-4.75E0));
#4474=CARTESIAN_POINT('',(-1.825E0,-9.658040405071E0,-4.75E0));
#4476=CARTESIAN_POINT('',(-1.425E0,-6.85E0,-5.15E0));
#4477=DIRECTION('',(0.E0,-1.E0,0.E0));
#4478=DIRECTION('',(-9.165151389912E-1,0.E0,4.E-1));
#4479=AXIS2_PLACEMENT_3D('',#4476,#4477,#4478);
#4481=DIRECTION('',(0.E0,-1.E0,0.E0));
#4482=VECTOR('',#4481,2.2E0);
#4483=CARTESIAN_POINT('',(-2.341515138991E0,-6.85E0,-4.75E0));
#4484=LINE('',#4483,#4482);
#4485=CARTESIAN_POINT('',(-1.425E0,-9.05E0,-5.15E0));
#4486=DIRECTION('',(0.E0,-1.E0,0.E0));
#4487=DIRECTION('',(-9.165151389912E-1,0.E0,4.E-1));
#4488=AXIS2_PLACEMENT_3D('',#4485,#4486,#4487);
#4490=CARTESIAN_POINT('',(-2.449695076596E0,-6.75E0,-4.75E0));
#4491=CARTESIAN_POINT('',(-2.446893412123E0,-6.75E0,-4.75E0));
#4492=CARTESIAN_POINT('',(-2.441302527240E0,-6.750203360873E0,-4.75E0));
#4493=CARTESIAN_POINT('',(-2.432914567772E0,-6.751122796201E0,-4.75E0));
#4494=CARTESIAN_POINT('',(-2.424641869071E0,-6.752648101660E0,-4.75E0));
#4495=CARTESIAN_POINT('',(-2.416559540042E0,-6.754755786326E0,-4.75E0));
#4496=CARTESIAN_POINT('',(-2.408687517114E0,-6.757432309936E0,-4.75E0));
#4497=CARTESIAN_POINT('',(-2.401049242062E0,-6.760669700903E0,-4.75E0));
#4498=CARTESIAN_POINT('',(-2.393732425987E0,-6.764428128406E0,-4.75E0));
#4499=CARTESIAN_POINT('',(-2.386802575441E0,-6.768659664788E0,-4.75E0));
#4500=CARTESIAN_POINT('',(-2.380287131711E0,-6.773329760393E0,-4.75E0));
#4501=CARTESIAN_POINT('',(-2.374203557158E0,-6.778412750557E0,-4.75E0));
#4502=CARTESIAN_POINT('',(-2.368598772759E0,-6.783852661946E0,-4.75E0));
#4503=CARTESIAN_POINT('',(-2.363480257930E0,-6.789624100626E0,-4.75E0));
#4504=CARTESIAN_POINT('',(-2.358882336147E0,-6.795667361591E0,-4.75E0));
#4505=CARTESIAN_POINT('',(-2.354799841116E0,-6.801968756470E0,-4.75E0));
#4506=CARTESIAN_POINT('',(-2.351260666982E0,-6.808461873572E0,-4.75E0));
#4507=CARTESIAN_POINT('',(-2.348253277061E0,-6.815144762496E0,-4.75E0));
#4508=CARTESIAN_POINT('',(-2.345797568463E0,-6.821948448942E0,-4.75E0));
#4509=CARTESIAN_POINT('',(-2.343882594820E0,-6.828875721094E0,-4.75E0));
#4510=CARTESIAN_POINT('',(-2.342517414908E0,-6.835868632964E0,-4.75E0));
#4511=CARTESIAN_POINT('',(-2.341696564587E0,-6.842931710841E0,-4.75E0));
#4512=CARTESIAN_POINT('',(-2.341515138991E0,-6.847641217313E0,-4.75E0));
#4513=CARTESIAN_POINT('',(-2.341515138991E0,-6.85E0,-4.75E0));
#4515=CARTESIAN_POINT('',(-2.341515138991E0,-6.85E0,-5.55E0));
#4516=CARTESIAN_POINT('',(-2.341515138991E0,-6.847641217313E0,-5.55E0));
#4517=CARTESIAN_POINT('',(-2.341696564587E0,-6.842931710841E0,-5.55E0));
#4518=CARTESIAN_POINT('',(-2.342517414908E0,-6.835868632964E0,-5.55E0));
#4519=CARTESIAN_POINT('',(-2.343882594820E0,-6.828875721094E0,-5.55E0));
#4520=CARTESIAN_POINT('',(-2.345797568463E0,-6.821948448942E0,-5.55E0));
#4521=CARTESIAN_POINT('',(-2.348253277061E0,-6.815144762496E0,-5.55E0));
#4522=CARTESIAN_POINT('',(-2.351260666982E0,-6.808461873572E0,-5.55E0));
#4523=CARTESIAN_POINT('',(-2.354799841116E0,-6.801968756470E0,-5.55E0));
#4524=CARTESIAN_POINT('',(-2.358882336147E0,-6.795667361591E0,-5.55E0));
#4525=CARTESIAN_POINT('',(-2.363480257930E0,-6.789624100626E0,-5.55E0));
#4526=CARTESIAN_POINT('',(-2.368598772759E0,-6.783852661946E0,-5.55E0));
#4527=CARTESIAN_POINT('',(-2.374203557158E0,-6.778412750557E0,-5.55E0));
#4528=CARTESIAN_POINT('',(-2.380287131711E0,-6.773329760393E0,-5.55E0));
#4529=CARTESIAN_POINT('',(-2.386802575441E0,-6.768659664788E0,-5.55E0));
#4530=CARTESIAN_POINT('',(-2.393732425987E0,-6.764428128406E0,-5.55E0));
#4531=CARTESIAN_POINT('',(-2.401049242062E0,-6.760669700903E0,-5.55E0));
#4532=CARTESIAN_POINT('',(-2.408687517114E0,-6.757432309936E0,-5.55E0));
#4533=CARTESIAN_POINT('',(-2.416559540042E0,-6.754755786326E0,-5.55E0));
#4534=CARTESIAN_POINT('',(-2.424641869071E0,-6.752648101660E0,-5.55E0));
#4535=CARTESIAN_POINT('',(-2.432914567772E0,-6.751122796201E0,-5.55E0));
#4536=CARTESIAN_POINT('',(-2.441302527240E0,-6.750203360873E0,-5.55E0));
#4537=CARTESIAN_POINT('',(-2.446893412123E0,-6.75E0,-5.55E0));
#4538=CARTESIAN_POINT('',(-2.449695076596E0,-6.75E0,-5.55E0));
#4540=CARTESIAN_POINT('',(-1.425E0,-6.75E0,-5.15E0));
#4541=DIRECTION('',(0.E0,-1.E0,0.E0));
#4542=DIRECTION('',(3.636363636364E-1,0.E0,9.315409787236E-1));
#4543=AXIS2_PLACEMENT_3D('',#4540,#4541,#4542);
#4545=DIRECTION('',(0.E0,0.E0,-1.E0));
#4546=VECTOR('',#4545,4.209881528841E-1);
#4547=CARTESIAN_POINT('',(-1.825E0,-6.75E0,-3.704316770520E0));
#4548=LINE('',#4547,#4546);
#4549=CARTESIAN_POINT('',(-1.425E0,-6.75E0,-5.15E0));
#4550=DIRECTION('',(0.E0,-1.E0,0.E0));
#4551=DIRECTION('',(2.666666666667E-1,0.E0,9.637888196534E-1));
#4552=AXIS2_PLACEMENT_3D('',#4549,#4550,#4551);
#4554=DIRECTION('',(0.E0,0.E0,1.E0));
#4555=VECTOR('',#4554,4.209881528841E-1);
#4556=CARTESIAN_POINT('',(-1.025E0,-6.75E0,-4.125304923404E0));
#4557=LINE('',#4556,#4555);
#4558=CARTESIAN_POINT('',(-1.425E0,-6.75E0,-5.15E0));
#4559=DIRECTION('',(0.E0,-1.E0,0.E0));
#4560=DIRECTION('',(9.315409787236E-1,0.E0,-3.636363636364E-1));
#4561=AXIS2_PLACEMENT_3D('',#4558,#4559,#4560);
#4563=DIRECTION('',(-1.E0,0.E0,0.E0));
#4564=VECTOR('',#4563,4.209881528841E-1);
#4565=CARTESIAN_POINT('',(2.068322948010E-2,-6.75E0,-4.75E0));
#4566=LINE('',#4565,#4564);
#4567=CARTESIAN_POINT('',(-1.425E0,-6.75E0,-5.15E0));
#4568=DIRECTION('',(0.E0,-1.E0,0.E0));
#4569=DIRECTION('',(9.637888196534E-1,0.E0,-2.666666666667E-1));
#4570=AXIS2_PLACEMENT_3D('',#4567,#4568,#4569);
#4572=DIRECTION('',(1.E0,0.E0,0.E0));
#4573=VECTOR('',#4572,4.209881528841E-1);
#4574=CARTESIAN_POINT('',(-4.003049234040E-1,-6.75E0,-5.55E0));
#4575=LINE('',#4574,#4573);
#4576=CARTESIAN_POINT('',(-1.425E0,-6.75E0,-5.15E0));
#4577=DIRECTION('',(0.E0,-1.E0,0.E0));
#4578=DIRECTION('',(-3.636363636364E-1,0.E0,-9.315409787236E-1));
#4579=AXIS2_PLACEMENT_3D('',#4576,#4577,#4578);
#4581=DIRECTION('',(0.E0,0.E0,1.E0));
#4582=VECTOR('',#4581,4.209881528841E-1);
#4583=CARTESIAN_POINT('',(-1.025E0,-6.75E0,-6.595683229480E0));
#4584=LINE('',#4583,#4582);
#4585=CARTESIAN_POINT('',(-1.425E0,-6.75E0,-5.15E0));
#4586=DIRECTION('',(0.E0,-1.E0,0.E0));
#4587=DIRECTION('',(-2.666666666667E-1,0.E0,-9.637888196534E-1));
#4588=AXIS2_PLACEMENT_3D('',#4585,#4586,#4587);
#4590=DIRECTION('',(0.E0,0.E0,-1.E0));
#4591=VECTOR('',#4590,4.209881528841E-1);
#4592=CARTESIAN_POINT('',(-1.825E0,-6.75E0,-6.174695076596E0));
#4593=LINE('',#4592,#4591);
#4594=CARTESIAN_POINT('',(-1.425E0,-6.75E0,-5.15E0));
#4595=DIRECTION('',(0.E0,-1.E0,0.E0));
#4596=DIRECTION('',(-9.315409787236E-1,0.E0,3.636363636364E-1));
#4597=AXIS2_PLACEMENT_3D('',#4594,#4595,#4596);
#4599=DIRECTION('',(1.E0,0.E0,0.E0));
#4600=VECTOR('',#4599,4.209881528841E-1);
#4601=CARTESIAN_POINT('',(-2.870683229480E0,-6.75E0,-5.55E0));
#4602=LINE('',#4601,#4600);
#4603=CARTESIAN_POINT('',(-1.425E0,-6.75E0,-5.15E0));
#4604=DIRECTION('',(0.E0,-1.E0,0.E0));
#4605=DIRECTION('',(-9.637888196534E-1,0.E0,2.666666666667E-1));
#4606=AXIS2_PLACEMENT_3D('',#4603,#4604,#4605);
#4608=DIRECTION('',(-1.E0,0.E0,0.E0));
#4609=VECTOR('',#4608,4.209881528841E-1);
#4610=CARTESIAN_POINT('',(-2.449695076596E0,-6.75E0,-4.75E0));
#4611=LINE('',#4610,#4609);
#4612=CARTESIAN_POINT('',(-1.025E0,-6.75E0,-4.125304923404E0));
#4613=CARTESIAN_POINT('',(-1.025E0,-6.75E0,-4.128106587877E0));
#4614=CARTESIAN_POINT('',(-1.025E0,-6.750203360873E0,-4.133697472760E0));
#4615=CARTESIAN_POINT('',(-1.025E0,-6.751122796201E0,-4.142085432228E0));
#4616=CARTESIAN_POINT('',(-1.025E0,-6.752648101660E0,-4.150358130929E0));
#4617=CARTESIAN_POINT('',(-1.025E0,-6.754755786326E0,-4.158440459958E0));
#4618=CARTESIAN_POINT('',(-1.025E0,-6.757432309936E0,-4.166312482886E0));
#4619=CARTESIAN_POINT('',(-1.025E0,-6.760669700903E0,-4.173950757938E0));
#4620=CARTESIAN_POINT('',(-1.025E0,-6.764428128406E0,-4.181267574013E0));
#4621=CARTESIAN_POINT('',(-1.025E0,-6.768659664788E0,-4.188197424559E0));
#4622=CARTESIAN_POINT('',(-1.025E0,-6.773329760393E0,-4.194712868289E0));
#4623=CARTESIAN_POINT('',(-1.025E0,-6.778412750557E0,-4.200796442842E0));
#4624=CARTESIAN_POINT('',(-1.025E0,-6.783852661946E0,-4.206401227241E0));
#4625=CARTESIAN_POINT('',(-1.025E0,-6.789624100626E0,-4.211519742070E0));
#4626=CARTESIAN_POINT('',(-1.025E0,-6.795667361591E0,-4.216117663853E0));
#4627=CARTESIAN_POINT('',(-1.025E0,-6.801968756470E0,-4.220200158884E0));
#4628=CARTESIAN_POINT('',(-1.025E0,-6.808461873572E0,-4.223739333018E0));
#4629=CARTESIAN_POINT('',(-1.025E0,-6.815144762496E0,-4.226746722939E0));
#4630=CARTESIAN_POINT('',(-1.025E0,-6.821948448942E0,-4.229202431537E0));
#4631=CARTESIAN_POINT('',(-1.025E0,-6.828875721094E0,-4.231117405180E0));
#4632=CARTESIAN_POINT('',(-1.025E0,-6.835868632964E0,-4.232482585092E0));
#4633=CARTESIAN_POINT('',(-1.025E0,-6.842931710841E0,-4.233303435413E0));
#4634=CARTESIAN_POINT('',(-1.025E0,-6.847641217313E0,-4.233484861009E0));
#4635=CARTESIAN_POINT('',(-1.025E0,-6.85E0,-4.233484861009E0));
#4637=CARTESIAN_POINT('',(-1.825E0,-6.85E0,-4.233484861009E0));
#4638=CARTESIAN_POINT('',(-1.825E0,-6.847641217313E0,-4.233484861009E0));
#4639=CARTESIAN_POINT('',(-1.825E0,-6.842931710841E0,-4.233303435413E0));
#4640=CARTESIAN_POINT('',(-1.825E0,-6.835868632964E0,-4.232482585092E0));
#4641=CARTESIAN_POINT('',(-1.825E0,-6.828875721094E0,-4.231117405180E0));
#4642=CARTESIAN_POINT('',(-1.825E0,-6.821948448942E0,-4.229202431537E0));
#4643=CARTESIAN_POINT('',(-1.825E0,-6.815144762496E0,-4.226746722939E0));
#4644=CARTESIAN_POINT('',(-1.825E0,-6.808461873572E0,-4.223739333018E0));
#4645=CARTESIAN_POINT('',(-1.825E0,-6.801968756470E0,-4.220200158884E0));
#4646=CARTESIAN_POINT('',(-1.825E0,-6.795667361591E0,-4.216117663853E0));
#4647=CARTESIAN_POINT('',(-1.825E0,-6.789624100626E0,-4.211519742070E0));
#4648=CARTESIAN_POINT('',(-1.825E0,-6.783852661946E0,-4.206401227241E0));
#4649=CARTESIAN_POINT('',(-1.825E0,-6.778412750557E0,-4.200796442842E0));
#4650=CARTESIAN_POINT('',(-1.825E0,-6.773329760393E0,-4.194712868289E0));
#4651=CARTESIAN_POINT('',(-1.825E0,-6.768659664788E0,-4.188197424559E0));
#4652=CARTESIAN_POINT('',(-1.825E0,-6.764428128406E0,-4.181267574013E0));
#4653=CARTESIAN_POINT('',(-1.825E0,-6.760669700903E0,-4.173950757938E0));
#4654=CARTESIAN_POINT('',(-1.825E0,-6.757432309936E0,-4.166312482886E0));
#4655=CARTESIAN_POINT('',(-1.825E0,-6.754755786326E0,-4.158440459958E0));
#4656=CARTESIAN_POINT('',(-1.825E0,-6.752648101660E0,-4.150358130929E0));
#4657=CARTESIAN_POINT('',(-1.825E0,-6.751122796201E0,-4.142085432228E0));
#4658=CARTESIAN_POINT('',(-1.825E0,-6.750203360873E0,-4.133697472760E0));
#4659=CARTESIAN_POINT('',(-1.825E0,-6.75E0,-4.128106587877E0));
#4660=CARTESIAN_POINT('',(-1.825E0,-6.75E0,-4.125304923404E0));
#4662=DIRECTION('',(0.E0,0.E0,1.E0));
#4663=VECTOR('',#4662,1.045683229480E0);
#4664=CARTESIAN_POINT('',(-1.025E0,-6.55E0,-4.75E0));
#4665=LINE('',#4664,#4663);
#4666=DIRECTION('',(0.E0,-1.E0,0.E0));
#4667=VECTOR('',#4666,3.108040405071E0);
#4668=CARTESIAN_POINT('',(-1.025E0,-6.55E0,-4.75E0));
#4669=LINE('',#4668,#4667);
#4670=CARTESIAN_POINT('',(-1.025E0,-9.05E0,-4.233484861009E0));
#4671=CARTESIAN_POINT('',(-1.025E0,-9.081105014163E0,-4.257726541603E0));
#4672=CARTESIAN_POINT('',(-1.025E0,-9.139634518709E0,-4.303652078138E0));
#4673=CARTESIAN_POINT('',(-1.025E0,-9.215858033236E0,-4.364304029014E0));
#4674=CARTESIAN_POINT('',(-1.025E0,-9.282386812710E0,-4.418038218752E0));
#4675=CARTESIAN_POINT('',(-1.025E0,-9.340568579318E0,-4.465783772893E0));
#4676=CARTESIAN_POINT('',(-1.025E0,-9.391973266615E0,-4.508682372443E0));
#4677=CARTESIAN_POINT('',(-1.025E0,-9.437749184015E0,-4.547569853055E0));
#4678=CARTESIAN_POINT('',(-1.025E0,-9.478804272876E0,-4.583110352725E0));
#4679=CARTESIAN_POINT('',(-1.025E0,-9.515868652252E0,-4.615843146671E0));
#4680=CARTESIAN_POINT('',(-1.025E0,-9.549521490057E0,-4.646198972142E0));
#4681=CARTESIAN_POINT('',(-1.025E0,-9.580234266434E0,-4.674532256770E0));
#4682=CARTESIAN_POINT('',(-1.025E0,-9.608406242208E0,-4.701150632205E0));
#4683=CARTESIAN_POINT('',(-1.025E0,-9.634326818599E0,-4.726272732030E0));
#4684=CARTESIAN_POINT('',(-1.025E0,-9.650355115362E0,-4.742236685045E0));
#4685=CARTESIAN_POINT('',(-1.025E0,-9.658040405071E0,-4.75E0));
#4687=CARTESIAN_POINT('',(-1.425E0,-6.85E0,-5.15E0));
#4688=DIRECTION('',(0.E0,-1.E0,0.E0));
#4689=DIRECTION('',(4.E-1,0.E0,9.165151389912E-1));
#4690=AXIS2_PLACEMENT_3D('',#4687,#4688,#4689);
#4692=DIRECTION('',(0.E0,-1.E0,0.E0));
#4693=VECTOR('',#4692,2.2E0);
#4694=CARTESIAN_POINT('',(-1.025E0,-6.85E0,-4.233484861009E0));
#4695=LINE('',#4694,#4693);
#4696=CARTESIAN_POINT('',(-1.425E0,-9.05E0,-5.15E0));
#4697=DIRECTION('',(0.E0,-1.E0,0.E0));
#4698=DIRECTION('',(4.E-1,0.E0,9.165151389912E-1));
#4699=AXIS2_PLACEMENT_3D('',#4696,#4697,#4698);
#4701=CARTESIAN_POINT('',(-1.425E0,-9.05E0,-5.15E0));
#4702=DIRECTION('',(0.E0,-1.E0,0.E0));
#4703=DIRECTION('',(0.E0,0.E0,1.E0));
#4704=AXIS2_PLACEMENT_3D('',#4701,#4702,#4703);
#4706=DIRECTION('',(0.E0,-1.E0,0.E0));
#4707=VECTOR('',#4706,2.2E0);
#4708=CARTESIAN_POINT('',(-1.025E0,-6.85E0,-6.066515138991E0));
#4709=LINE('',#4708,#4707);
#4710=CARTESIAN_POINT('',(-1.025E0,-9.658040405071E0,-5.55E0));
#4711=CARTESIAN_POINT('',(-1.025E0,-9.650351631020E0,-5.557766834673E0));
#4712=CARTESIAN_POINT('',(-1.025E0,-9.634316944739E0,-5.573737043010E0));
#4713=CARTESIAN_POINT('',(-1.025E0,-9.608387844482E0,-5.598867014420E0));
#4714=CARTESIAN_POINT('',(-1.025E0,-9.580210839477E0,-5.625489625876E0));
#4715=CARTESIAN_POINT('',(-1.025E0,-9.549494810933E0,-5.653825363547E0));
#4716=CARTESIAN_POINT('',(-1.025E0,-9.515842037160E0,-5.684180560521E0));
#4717=CARTESIAN_POINT('',(-1.025E0,-9.478785584695E0,-5.716905930948E0));
#4718=CARTESIAN_POINT('',(-1.025E0,-9.437738867704E0,-5.752438911965E0));
#4719=CARTESIAN_POINT('',(-1.025E0,-9.391983597540E0,-5.791308818047E0));
#4720=CARTESIAN_POINT('',(-1.025E0,-9.340604989270E0,-5.834185962347E0));
#4721=CARTESIAN_POINT('',(-1.025E0,-9.282466334181E0,-5.881896862939E0));
#4722=CARTESIAN_POINT('',(-1.025E0,-9.215977717798E0,-5.935600050702E0));
#4723=CARTESIAN_POINT('',(-1.025E0,-9.139724866129E0,-5.996276797574E0));
#4724=CARTESIAN_POINT('',(-1.025E0,-9.081141616075E0,-6.042244932711E0));
#4725=CARTESIAN_POINT('',(-1.025E0,-9.05E0,-6.066515138991E0));
#4727=DIRECTION('',(0.E0,0.E0,1.E0));
#4728=VECTOR('',#4727,1.045683229480E0);
#4729=CARTESIAN_POINT('',(-1.025E0,-6.55E0,-6.595683229480E0));
#4730=LINE('',#4729,#4728);
#4731=DIRECTION('',(0.E0,-1.E0,0.E0));
#4732=VECTOR('',#4731,2.E-1);
#4733=CARTESIAN_POINT('',(-1.025E0,-6.55E0,-6.595683229480E0));
#4734=LINE('',#4733,#4732);
#4735=CARTESIAN_POINT('',(-1.825E0,-6.75E0,-6.174695076596E0));
#4736=CARTESIAN_POINT('',(-1.825E0,-6.75E0,-6.171893412123E0));
#4737=CARTESIAN_POINT('',(-1.825E0,-6.750203360873E0,-6.166302527240E0));
#4738=CARTESIAN_POINT('',(-1.825E0,-6.751122796201E0,-6.157914567772E0));
#4739=CARTESIAN_POINT('',(-1.825E0,-6.752648101660E0,-6.149641869071E0));
#4740=CARTESIAN_POINT('',(-1.825E0,-6.754755786326E0,-6.141559540042E0));
#4741=CARTESIAN_POINT('',(-1.825E0,-6.757432309936E0,-6.133687517114E0));
#4742=CARTESIAN_POINT('',(-1.825E0,-6.760669700903E0,-6.126049242062E0));
#4743=CARTESIAN_POINT('',(-1.825E0,-6.764428128406E0,-6.118732425987E0));
#4744=CARTESIAN_POINT('',(-1.825E0,-6.768659664788E0,-6.111802575441E0));
#4745=CARTESIAN_POINT('',(-1.825E0,-6.773329760393E0,-6.105287131711E0));
#4746=CARTESIAN_POINT('',(-1.825E0,-6.778412750557E0,-6.099203557158E0));
#4747=CARTESIAN_POINT('',(-1.825E0,-6.783852661946E0,-6.093598772759E0));
#4748=CARTESIAN_POINT('',(-1.825E0,-6.789624100626E0,-6.088480257930E0));
#4749=CARTESIAN_POINT('',(-1.825E0,-6.795667361591E0,-6.083882336147E0));
#4750=CARTESIAN_POINT('',(-1.825E0,-6.801968756470E0,-6.079799841116E0));
#4751=CARTESIAN_POINT('',(-1.825E0,-6.808461873572E0,-6.076260666982E0));
#4752=CARTESIAN_POINT('',(-1.825E0,-6.815144762496E0,-6.073253277061E0));
#4753=CARTESIAN_POINT('',(-1.825E0,-6.821948448942E0,-6.070797568463E0));
#4754=CARTESIAN_POINT('',(-1.825E0,-6.828875721094E0,-6.068882594820E0));
#4755=CARTESIAN_POINT('',(-1.825E0,-6.835868632964E0,-6.067517414908E0));
#4756=CARTESIAN_POINT('',(-1.825E0,-6.842931710841E0,-6.066696564587E0));
#4757=CARTESIAN_POINT('',(-1.825E0,-6.847641217313E0,-6.066515138991E0));
#4758=CARTESIAN_POINT('',(-1.825E0,-6.85E0,-6.066515138991E0));
#4760=CARTESIAN_POINT('',(-1.025E0,-6.85E0,-6.066515138991E0));
#4761=CARTESIAN_POINT('',(-1.025E0,-6.847641217313E0,-6.066515138991E0));
#4762=CARTESIAN_POINT('',(-1.025E0,-6.842931710841E0,-6.066696564587E0));
#4763=CARTESIAN_POINT('',(-1.025E0,-6.835868632964E0,-6.067517414908E0));
#4764=CARTESIAN_POINT('',(-1.025E0,-6.828875721094E0,-6.068882594820E0));
#4765=CARTESIAN_POINT('',(-1.025E0,-6.821948448942E0,-6.070797568463E0));
#4766=CARTESIAN_POINT('',(-1.025E0,-6.815144762496E0,-6.073253277061E0));
#4767=CARTESIAN_POINT('',(-1.025E0,-6.808461873572E0,-6.076260666982E0));
#4768=CARTESIAN_POINT('',(-1.025E0,-6.801968756470E0,-6.079799841116E0));
#4769=CARTESIAN_POINT('',(-1.025E0,-6.795667361591E0,-6.083882336147E0));
#4770=CARTESIAN_POINT('',(-1.025E0,-6.789624100626E0,-6.088480257930E0));
#4771=CARTESIAN_POINT('',(-1.025E0,-6.783852661946E0,-6.093598772759E0));
#4772=CARTESIAN_POINT('',(-1.025E0,-6.778412750557E0,-6.099203557158E0));
#4773=CARTESIAN_POINT('',(-1.025E0,-6.773329760393E0,-6.105287131711E0));
#4774=CARTESIAN_POINT('',(-1.025E0,-6.768659664788E0,-6.111802575441E0));
#4775=CARTESIAN_POINT('',(-1.025E0,-6.764428128406E0,-6.118732425987E0));
#4776=CARTESIAN_POINT('',(-1.025E0,-6.760669700903E0,-6.126049242062E0));
#4777=CARTESIAN_POINT('',(-1.025E0,-6.757432309936E0,-6.133687517114E0));
#4778=CARTESIAN_POINT('',(-1.025E0,-6.754755786326E0,-6.141559540042E0));
#4779=CARTESIAN_POINT('',(-1.025E0,-6.752648101660E0,-6.149641869071E0));
#4780=CARTESIAN_POINT('',(-1.025E0,-6.751122796201E0,-6.157914567772E0));
#4781=CARTESIAN_POINT('',(-1.025E0,-6.750203360873E0,-6.166302527240E0));
#4782=CARTESIAN_POINT('',(-1.025E0,-6.75E0,-6.171893412123E0));
#4783=CARTESIAN_POINT('',(-1.025E0,-6.75E0,-6.174695076596E0));
#4785=DIRECTION('',(0.E0,0.E0,-1.E0));
#4786=VECTOR('',#4785,1.045683229480E0);
#4787=CARTESIAN_POINT('',(-1.825E0,-6.55E0,-5.55E0));
#4788=LINE('',#4787,#4786);
#4789=DIRECTION('',(0.E0,-1.E0,0.E0));
#4790=VECTOR('',#4789,3.108040405071E0);
#4791=CARTESIAN_POINT('',(-1.825E0,-6.55E0,-5.55E0));
#4792=LINE('',#4791,#4790);
#4793=CARTESIAN_POINT('',(-1.825E0,-9.05E0,-6.066515138991E0));
#4794=CARTESIAN_POINT('',(-1.825E0,-9.081105014163E0,-6.042273458397E0));
#4795=CARTESIAN_POINT('',(-1.825E0,-9.139634518709E0,-5.996347921862E0));
#4796=CARTESIAN_POINT('',(-1.825E0,-9.215858033236E0,-5.935695970986E0));
#4797=CARTESIAN_POINT('',(-1.825E0,-9.282386812710E0,-5.881961781248E0));
#4798=CARTESIAN_POINT('',(-1.825E0,-9.340568579318E0,-5.834216227107E0));
#4799=CARTESIAN_POINT('',(-1.825E0,-9.391973266615E0,-5.791317627557E0));
#4800=CARTESIAN_POINT('',(-1.825E0,-9.437749184015E0,-5.752430146945E0));
#4801=CARTESIAN_POINT('',(-1.825E0,-9.478804272876E0,-5.716889647275E0));
#4802=CARTESIAN_POINT('',(-1.825E0,-9.515868652252E0,-5.684156853329E0));
#4803=CARTESIAN_POINT('',(-1.825E0,-9.549521490057E0,-5.653801027858E0));
#4804=CARTESIAN_POINT('',(-1.825E0,-9.580234266434E0,-5.625467743230E0));
#4805=CARTESIAN_POINT('',(-1.825E0,-9.608406242208E0,-5.598849367795E0));
#4806=CARTESIAN_POINT('',(-1.825E0,-9.634326818599E0,-5.573727267970E0));
#4807=CARTESIAN_POINT('',(-1.825E0,-9.650355115362E0,-5.557763314955E0));
#4808=CARTESIAN_POINT('',(-1.825E0,-9.658040405071E0,-5.55E0));
#4810=CARTESIAN_POINT('',(-1.425E0,-6.85E0,-5.15E0));
#4811=DIRECTION('',(0.E0,-1.E0,0.E0));
#4812=DIRECTION('',(-4.E-1,0.E0,-9.165151389912E-1));
#4813=AXIS2_PLACEMENT_3D('',#4810,#4811,#4812);
#4815=DIRECTION('',(0.E0,-1.E0,0.E0));
#4816=VECTOR('',#4815,2.2E0);
#4817=CARTESIAN_POINT('',(-1.825E0,-6.85E0,-6.066515138991E0));
#4818=LINE('',#4817,#4816);
#4819=CARTESIAN_POINT('',(-1.425E0,-9.05E0,-5.15E0));
#4820=DIRECTION('',(0.E0,-1.E0,0.E0));
#4821=DIRECTION('',(-4.E-1,0.E0,-9.165151389912E-1));
#4822=AXIS2_PLACEMENT_3D('',#4819,#4820,#4821);
#4824=CARTESIAN_POINT('',(-1.425E0,-9.05E0,-5.15E0));
#4825=DIRECTION('',(0.E0,-1.E0,0.E0));
#4826=DIRECTION('',(0.E0,0.E0,-1.E0));
#4827=AXIS2_PLACEMENT_3D('',#4824,#4825,#4826);
#4829=DIRECTION('',(0.E0,-8.137334712067E-1,-5.812381937191E-1));
#4830=VECTOR('',#4829,8.602325267043E-1);
#4831=CARTESIAN_POINT('',(-1.425E0,-9.05E0,-4.15E0));
#4832=LINE('',#4831,#4830);
#4833=DIRECTION('',(0.E0,-8.137334712067E-1,5.812381937191E-1));
#4834=VECTOR('',#4833,8.602325267043E-1);
#4835=CARTESIAN_POINT('',(-1.425E0,-9.05E0,-6.15E0));
#4836=LINE('',#4835,#4834);
#4837=DIRECTION('',(0.E0,-1.E0,0.E0));
#4838=VECTOR('',#4837,2.2E0);
#4839=CARTESIAN_POINT('',(-2.341515138991E0,-6.85E0,-5.55E0));
#4840=LINE('',#4839,#4838);
#4841=CARTESIAN_POINT('',(-1.825E0,-9.658040405071E0,-5.55E0));
#4842=CARTESIAN_POINT('',(-1.832766834673E0,-9.650351631020E0,-5.55E0));
#4843=CARTESIAN_POINT('',(-1.848737043010E0,-9.634316944739E0,-5.55E0));
#4844=CARTESIAN_POINT('',(-1.873867014420E0,-9.608387844482E0,-5.55E0));
#4845=CARTESIAN_POINT('',(-1.900489625876E0,-9.580210839477E0,-5.55E0));
#4846=CARTESIAN_POINT('',(-1.928825363547E0,-9.549494810933E0,-5.55E0));
#4847=CARTESIAN_POINT('',(-1.959180560521E0,-9.515842037160E0,-5.55E0));
#4848=CARTESIAN_POINT('',(-1.991905930948E0,-9.478785584695E0,-5.55E0));
#4849=CARTESIAN_POINT('',(-2.027438911965E0,-9.437738867704E0,-5.55E0));
#4850=CARTESIAN_POINT('',(-2.066308818047E0,-9.391983597540E0,-5.55E0));
#4851=CARTESIAN_POINT('',(-2.109185962347E0,-9.340604989270E0,-5.55E0));
#4852=CARTESIAN_POINT('',(-2.156896862939E0,-9.282466334182E0,-5.55E0));
#4853=CARTESIAN_POINT('',(-2.210600050702E0,-9.215977717798E0,-5.55E0));
#4854=CARTESIAN_POINT('',(-2.271276797574E0,-9.139724866129E0,-5.55E0));
#4855=CARTESIAN_POINT('',(-2.317244932711E0,-9.081141616075E0,-5.55E0));
#4856=CARTESIAN_POINT('',(-2.341515138991E0,-9.05E0,-5.55E0));
#4858=DIRECTION('',(1.E0,0.E0,0.E0));
#4859=VECTOR('',#4858,1.045683229480E0);
#4860=CARTESIAN_POINT('',(-2.870683229480E0,-6.55E0,-5.55E0));
#4861=LINE('',#4860,#4859);
#4862=DIRECTION('',(0.E0,-1.E0,0.E0));
#4863=VECTOR('',#4862,2.E-1);
#4864=CARTESIAN_POINT('',(-2.870683229480E0,-6.55E0,-5.55E0));
#4865=LINE('',#4864,#4863);
#4866=DIRECTION('',(0.E0,-1.E0,0.E0));
#4867=VECTOR('',#4866,2.2E0);
#4868=CARTESIAN_POINT('',(-1.825E0,-6.85E0,-4.233484861009E0));
#4869=LINE('',#4868,#4867);
#4870=CARTESIAN_POINT('',(-1.825E0,-9.658040405071E0,-4.75E0));
#4871=CARTESIAN_POINT('',(-1.825E0,-9.650351631020E0,-4.742233165327E0));
#4872=CARTESIAN_POINT('',(-1.825E0,-9.634316944739E0,-4.726262956990E0));
#4873=CARTESIAN_POINT('',(-1.825E0,-9.608387844482E0,-4.701132985580E0));
#4874=CARTESIAN_POINT('',(-1.825E0,-9.580210839477E0,-4.674510374124E0));
#4875=CARTESIAN_POINT('',(-1.825E0,-9.549494810933E0,-4.646174636453E0));
#4876=CARTESIAN_POINT('',(-1.825E0,-9.515842037160E0,-4.615819439479E0));
#4877=CARTESIAN_POINT('',(-1.825E0,-9.478785584695E0,-4.583094069052E0));
#4878=CARTESIAN_POINT('',(-1.825E0,-9.437738867704E0,-4.547561088035E0));
#4879=CARTESIAN_POINT('',(-1.825E0,-9.391983597540E0,-4.508691181953E0));
#4880=CARTESIAN_POINT('',(-1.825E0,-9.340604989270E0,-4.465814037653E0));
#4881=CARTESIAN_POINT('',(-1.825E0,-9.282466334181E0,-4.418103137061E0));
#4882=CARTESIAN_POINT('',(-1.825E0,-9.215977717798E0,-4.364399949298E0));
#4883=CARTESIAN_POINT('',(-1.825E0,-9.139724866129E0,-4.303723202426E0));
#4884=CARTESIAN_POINT('',(-1.825E0,-9.081141616075E0,-4.257755067289E0));
#4885=CARTESIAN_POINT('',(-1.825E0,-9.05E0,-4.233484861009E0));
#4887=DIRECTION('',(0.E0,0.E0,-1.E0));
#4888=VECTOR('',#4887,1.045683229480E0);
#4889=CARTESIAN_POINT('',(-1.825E0,-6.55E0,-3.704316770520E0));
#4890=LINE('',#4889,#4888);
#4891=DIRECTION('',(0.E0,-1.E0,0.E0));
#4892=VECTOR('',#4891,2.E-1);
#4893=CARTESIAN_POINT('',(-1.825E0,-6.55E0,-3.704316770520E0));
#4894=LINE('',#4893,#4892);
#4895=CARTESIAN_POINT('',(-1.825E0,-6.55E0,-3.704316770520E0));
#4896=CARTESIAN_POINT('',(-1.825E0,-6.546388832974E0,-3.704316770520E0));
#4897=CARTESIAN_POINT('',(-1.825195751446E0,-6.539153693836E0,
-3.704167814445E0));
#4898=CARTESIAN_POINT('',(-1.826080743542E0,-6.528302110939E0,
-3.703494592486E0));
#4899=CARTESIAN_POINT('',(-1.827562907120E0,-6.517461946673E0,
-3.702367796721E0));
#4900=CARTESIAN_POINT('',(-1.829650862163E0,-6.506646879382E0,
-3.700781939512E0));
#4901=CARTESIAN_POINT('',(-1.832357795400E0,-6.495865288984E0,
-3.698728528414E0));
#4902=CARTESIAN_POINT('',(-1.835697162033E0,-6.485138340172E0,
-3.696199358776E0));
#4903=CARTESIAN_POINT('',(-1.839689399697E0,-6.474476817873E0,
-3.693181474002E0));
#4904=CARTESIAN_POINT('',(-1.844349241617E0,-6.463916360126E0,
-3.689666801859E0));
#4905=CARTESIAN_POINT('',(-1.849699794209E0,-6.453478251670E0,
-3.685641557256E0));
#4906=CARTESIAN_POINT('',(-1.855757524611E0,-6.443204931727E0,
-3.681097608747E0));
#4907=CARTESIAN_POINT('',(-1.862537641153E0,-6.433141312319E0,
-3.676028397898E0));
#4908=CARTESIAN_POINT('',(-1.870057179125E0,-6.423333006666E0,
-3.670426666516E0));
#4909=CARTESIAN_POINT('',(-1.878317129410E0,-6.413846391431E0,
-3.664297712102E0));
#4910=CARTESIAN_POINT('',(-1.887321796722E0,-6.404740449279E0,
-3.657644860554E0));
#4911=CARTESIAN_POINT('',(-1.897063308340E0,-6.396085348281E0,
-3.650480884933E0));
#4912=CARTESIAN_POINT('',(-1.907518484140E0,-6.387958547389E0,
-3.642830008861E0));
#4913=CARTESIAN_POINT('',(-1.918658686595E0,-6.380434111941E0,
-3.634720418415E0));
#4914=CARTESIAN_POINT('',(-1.930442268207E0,-6.373586999815E0,
-3.626189517796E0));
#4915=CARTESIAN_POINT('',(-1.942820560428E0,-6.367487992726E0,
-3.617279316191E0));
#4916=CARTESIAN_POINT('',(-1.955712328852E0,-6.362211728526E0,
-3.608054360132E0));
#4917=CARTESIAN_POINT('',(-1.969050126345E0,-6.357813183097E0,
-3.598568092794E0));
#4918=CARTESIAN_POINT('',(-1.982743003012E0,-6.354344455754E0,
-3.588889403350E0));
#4919=CARTESIAN_POINT('',(-1.996696473772E0,-6.351843291670E0,
-3.579087988964E0));
#4920=CARTESIAN_POINT('',(-2.010821413653E0,-6.350334995198E0,
-3.569228198686E0));
#4921=CARTESIAN_POINT('',(-2.020270957063E0,-6.35E0,-3.562673064145E0));
#4922=CARTESIAN_POINT('',(-2.025E0,-6.35E0,-3.559402627941E0));
#4924=CARTESIAN_POINT('',(-1.825E0,-6.55E0,-4.75E0));
#4925=CARTESIAN_POINT('',(-1.825E0,-6.546653309747E0,-4.75E0));
#4926=CARTESIAN_POINT('',(-1.825168155969E0,-6.539944049365E0,
-4.749831844031E0));
#4927=CARTESIAN_POINT('',(-1.825929863128E0,-6.529867904247E0,
-4.749070136872E0));
#4928=CARTESIAN_POINT('',(-1.827208934998E0,-6.519776484126E0,
-4.747791065002E0));
#4929=CARTESIAN_POINT('',(-1.829017317193E0,-6.509672802897E0,
-4.745982682807E0));
#4930=CARTESIAN_POINT('',(-1.831371801207E0,-6.499556294742E0,
-4.743628198793E0));
#4931=CARTESIAN_POINT('',(-1.834293796556E0,-6.489429496987E0,
-4.740706203444E0));
#4932=CARTESIAN_POINT('',(-1.837809787004E0,-6.479297357629E0,
-4.737190212996E0));
#4933=CARTESIAN_POINT('',(-1.841947193573E0,-6.469176923833E0,
-4.733052806427E0));
#4934=CARTESIAN_POINT('',(-1.846741394949E0,-6.459080079930E0,
-4.728258605051E0));
#4935=CARTESIAN_POINT('',(-1.852221597982E0,-6.449043071510E0,
-4.722778402018E0));
#4936=CARTESIAN_POINT('',(-1.858429178686E0,-6.439089290241E0,
-4.716570821314E0));
#4937=CARTESIAN_POINT('',(-1.865391402335E0,-6.429274537297E0,
-4.709608597665E0));
#4938=CARTESIAN_POINT('',(-1.873144624388E0,-6.419645579879E0,
-4.701855375612E0));
#4939=CARTESIAN_POINT('',(-1.881715244582E0,-6.410269199513E0,
-4.693284755418E0));
#4940=CARTESIAN_POINT('',(-1.891118246409E0,-6.401225262454E0,
-4.683881753591E0));
#4941=CARTESIAN_POINT('',(-1.901367508978E0,-6.392594799383E0,
-4.673632491022E0));
#4942=CARTESIAN_POINT('',(-1.912457698228E0,-6.384474388085E0,
-4.662542301772E0));
#4943=CARTESIAN_POINT('',(-1.924366101512E0,-6.376967157394E0,
-4.650633898488E0));
#4944=CARTESIAN_POINT('',(-1.937057486931E0,-6.370176193805E0,
-4.637942513069E0));
#4945=CARTESIAN_POINT('',(-1.950474977428E0,-6.364206619190E0,
-4.624525022572E0));
#4946=CARTESIAN_POINT('',(-1.964536375989E0,-6.359160631835E0,
-4.610463624011E0));
#4947=CARTESIAN_POINT('',(-1.979144705262E0,-6.355129026758E0,
-4.595855294738E0));
#4948=CARTESIAN_POINT('',(-1.994178963126E0,-6.352189406834E0,
-4.580821036874E0));
#4949=CARTESIAN_POINT('',(-2.009517657336E0,-6.350400565954E0,
-4.565482342664E0));
#4950=CARTESIAN_POINT('',(-2.019825584535E0,-6.35E0,-4.555174415465E0));
#4951=CARTESIAN_POINT('',(-2.025E0,-6.35E0,-4.55E0));
#4953=CARTESIAN_POINT('',(-1.425E0,-6.55E0,-5.15E0));
#4954=DIRECTION('',(0.E0,-1.E0,0.E0));
#4955=DIRECTION('',(2.666666666667E-1,0.E0,9.637888196534E-1));
#4956=AXIS2_PLACEMENT_3D('',#4953,#4954,#4955);
#4958=DIRECTION('',(0.E0,-1.E0,0.E0));
#4959=VECTOR('',#4958,2.E-1);
#4960=CARTESIAN_POINT('',(-1.025E0,-6.55E0,-3.704316770520E0));
#4961=LINE('',#4960,#4959);
#4962=CARTESIAN_POINT('',(-1.425E0,-9.75E0,-5.15E0));
#4963=DIRECTION('',(0.E0,1.E0,0.E0));
#4964=DIRECTION('',(0.E0,0.E0,1.E0));
#4965=AXIS2_PLACEMENT_3D('',#4962,#4963,#4964);
#4967=CARTESIAN_POINT('',(-1.425E0,-9.75E0,-5.15E0));
#4968=DIRECTION('',(0.E0,1.E0,0.E0));
#4969=DIRECTION('',(0.E0,0.E0,-1.E0));
#4970=AXIS2_PLACEMENT_3D('',#4967,#4968,#4969);
#4972=CARTESIAN_POINT('',(-1.425E0,-6.55E0,-5.15E0));
#4973=DIRECTION('',(0.E0,-1.E0,0.E0));
#4974=DIRECTION('',(-2.666666666667E-1,0.E0,-9.637888196534E-1));
#4975=AXIS2_PLACEMENT_3D('',#4972,#4973,#4974);
#4977=DIRECTION('',(0.E0,-1.E0,0.E0));
#4978=VECTOR('',#4977,2.E-1);
#4979=CARTESIAN_POINT('',(-1.825E0,-6.55E0,-6.595683229480E0));
#4980=LINE('',#4979,#4978);
#4981=DIRECTION('',(1.E0,0.E0,0.E0));
#4982=VECTOR('',#4981,1.045683229480E0);
#4983=CARTESIAN_POINT('',(-1.025E0,-6.55E0,-5.55E0));
#4984=LINE('',#4983,#4982);
#4985=DIRECTION('',(0.E0,-1.E0,0.E0));
#4986=VECTOR('',#4985,3.108040405071E0);
#4987=CARTESIAN_POINT('',(-1.025E0,-6.55E0,-5.55E0));
#4988=LINE('',#4987,#4986);
#4989=CARTESIAN_POINT('',(-5.084848610088E-1,-9.05E0,-5.55E0));
#4990=CARTESIAN_POINT('',(-5.327265416030E-1,-9.081105014163E0,-5.55E0));
#4991=CARTESIAN_POINT('',(-5.786520781377E-1,-9.139634518709E0,-5.55E0));
#4992=CARTESIAN_POINT('',(-6.393040290139E-1,-9.215858033236E0,-5.55E0));
#4993=CARTESIAN_POINT('',(-6.930382187524E-1,-9.282386812710E0,-5.55E0));
#4994=CARTESIAN_POINT('',(-7.407837728930E-1,-9.340568579318E0,-5.55E0));
#4995=CARTESIAN_POINT('',(-7.836823724432E-1,-9.391973266615E0,-5.55E0));
#4996=CARTESIAN_POINT('',(-8.225698530554E-1,-9.437749184015E0,-5.55E0));
#4997=CARTESIAN_POINT('',(-8.581103527249E-1,-9.478804272876E0,-5.55E0));
#4998=CARTESIAN_POINT('',(-8.908431466713E-1,-9.515868652252E0,-5.55E0));
#4999=CARTESIAN_POINT('',(-9.211989721418E-1,-9.549521490057E0,-5.55E0));
#5000=CARTESIAN_POINT('',(-9.495322567695E-1,-9.580234266434E0,-5.55E0));
#5001=CARTESIAN_POINT('',(-9.761506322045E-1,-9.608406242208E0,-5.55E0));
#5002=CARTESIAN_POINT('',(-1.001272732030E0,-9.634326818599E0,-5.55E0));
#5003=CARTESIAN_POINT('',(-1.017236685045E0,-9.650355115362E0,-5.55E0));
#5004=CARTESIAN_POINT('',(-1.025E0,-9.658040405071E0,-5.55E0));
#5006=CARTESIAN_POINT('',(-1.425E0,-6.85E0,-5.15E0));
#5007=DIRECTION('',(0.E0,-1.E0,0.E0));
#5008=DIRECTION('',(9.165151389912E-1,0.E0,-4.E-1));
#5009=AXIS2_PLACEMENT_3D('',#5006,#5007,#5008);
#5011=DIRECTION('',(0.E0,-1.E0,0.E0));
#5012=VECTOR('',#5011,2.2E0);
#5013=CARTESIAN_POINT('',(-5.084848610088E-1,-6.85E0,-5.55E0));
#5014=LINE('',#5013,#5012);
#5015=CARTESIAN_POINT('',(-1.425E0,-9.05E0,-5.15E0));
#5016=DIRECTION('',(0.E0,-1.E0,0.E0));
#5017=DIRECTION('',(9.165151389912E-1,0.E0,-4.E-1));
#5018=AXIS2_PLACEMENT_3D('',#5015,#5016,#5017);
#5020=CARTESIAN_POINT('',(-4.003049234040E-1,-6.75E0,-5.55E0));
#5021=CARTESIAN_POINT('',(-4.031065878773E-1,-6.75E0,-5.55E0));
#5022=CARTESIAN_POINT('',(-4.086974727598E-1,-6.750203360873E0,-5.55E0));
#5023=CARTESIAN_POINT('',(-4.170854322277E-1,-6.751122796201E0,-5.55E0));
#5024=CARTESIAN_POINT('',(-4.253581309285E-1,-6.752648101660E0,-5.55E0));
#5025=CARTESIAN_POINT('',(-4.334404599578E-1,-6.754755786326E0,-5.55E0));
#5026=CARTESIAN_POINT('',(-4.413124828864E-1,-6.757432309936E0,-5.55E0));
#5027=CARTESIAN_POINT('',(-4.489507579379E-1,-6.760669700903E0,-5.55E0));
#5028=CARTESIAN_POINT('',(-4.562675740125E-1,-6.764428128406E0,-5.55E0));
#5029=CARTESIAN_POINT('',(-4.631974245587E-1,-6.768659664788E0,-5.55E0));
#5030=CARTESIAN_POINT('',(-4.697128682890E-1,-6.773329760393E0,-5.55E0));
#5031=CARTESIAN_POINT('',(-4.757964428421E-1,-6.778412750557E0,-5.55E0));
#5032=CARTESIAN_POINT('',(-4.814012272415E-1,-6.783852661946E0,-5.55E0));
#5033=CARTESIAN_POINT('',(-4.865197420696E-1,-6.789624100626E0,-5.55E0));
#5034=CARTESIAN_POINT('',(-4.911176638534E-1,-6.795667361591E0,-5.55E0));
#5035=CARTESIAN_POINT('',(-4.952001588841E-1,-6.801968756470E0,-5.55E0));
#5036=CARTESIAN_POINT('',(-4.987393330183E-1,-6.808461873572E0,-5.55E0));
#5037=CARTESIAN_POINT('',(-5.017467229393E-1,-6.815144762496E0,-5.55E0));
#5038=CARTESIAN_POINT('',(-5.042024315368E-1,-6.821948448942E0,-5.55E0));
#5039=CARTESIAN_POINT('',(-5.061174051799E-1,-6.828875721094E0,-5.55E0));
#5040=CARTESIAN_POINT('',(-5.074825850921E-1,-6.835868632964E0,-5.55E0));
#5041=CARTESIAN_POINT('',(-5.083034354133E-1,-6.842931710841E0,-5.55E0));
#5042=CARTESIAN_POINT('',(-5.084848610088E-1,-6.847641217313E0,-5.55E0));
#5043=CARTESIAN_POINT('',(-5.084848610088E-1,-6.85E0,-5.55E0));
#5045=CARTESIAN_POINT('',(-5.084848610088E-1,-6.85E0,-4.75E0));
#5046=CARTESIAN_POINT('',(-5.084848610088E-1,-6.847641217313E0,-4.75E0));
#5047=CARTESIAN_POINT('',(-5.083034354133E-1,-6.842931710841E0,-4.75E0));
#5048=CARTESIAN_POINT('',(-5.074825850921E-1,-6.835868632964E0,-4.75E0));
#5049=CARTESIAN_POINT('',(-5.061174051799E-1,-6.828875721094E0,-4.75E0));
#5050=CARTESIAN_POINT('',(-5.042024315368E-1,-6.821948448942E0,-4.75E0));
#5051=CARTESIAN_POINT('',(-5.017467229393E-1,-6.815144762496E0,-4.75E0));
#5052=CARTESIAN_POINT('',(-4.987393330183E-1,-6.808461873572E0,-4.75E0));
#5053=CARTESIAN_POINT('',(-4.952001588841E-1,-6.801968756470E0,-4.75E0));
#5054=CARTESIAN_POINT('',(-4.911176638534E-1,-6.795667361591E0,-4.75E0));
#5055=CARTESIAN_POINT('',(-4.865197420696E-1,-6.789624100626E0,-4.75E0));
#5056=CARTESIAN_POINT('',(-4.814012272415E-1,-6.783852661946E0,-4.75E0));
#5057=CARTESIAN_POINT('',(-4.757964428421E-1,-6.778412750557E0,-4.75E0));
#5058=CARTESIAN_POINT('',(-4.697128682890E-1,-6.773329760393E0,-4.75E0));
#5059=CARTESIAN_POINT('',(-4.631974245587E-1,-6.768659664788E0,-4.75E0));
#5060=CARTESIAN_POINT('',(-4.562675740125E-1,-6.764428128406E0,-4.75E0));
#5061=CARTESIAN_POINT('',(-4.489507579379E-1,-6.760669700903E0,-4.75E0));
#5062=CARTESIAN_POINT('',(-4.413124828864E-1,-6.757432309936E0,-4.75E0));
#5063=CARTESIAN_POINT('',(-4.334404599578E-1,-6.754755786326E0,-4.75E0));
#5064=CARTESIAN_POINT('',(-4.253581309285E-1,-6.752648101660E0,-4.75E0));
#5065=CARTESIAN_POINT('',(-4.170854322277E-1,-6.751122796201E0,-4.75E0));
#5066=CARTESIAN_POINT('',(-4.086974727598E-1,-6.750203360873E0,-4.75E0));
#5067=CARTESIAN_POINT('',(-4.031065878773E-1,-6.75E0,-4.75E0));
#5068=CARTESIAN_POINT('',(-4.003049234040E-1,-6.75E0,-4.75E0));
#5070=DIRECTION('',(0.E0,-1.E0,0.E0));
#5071=VECTOR('',#5070,2.2E0);
#5072=CARTESIAN_POINT('',(-5.084848610088E-1,-6.85E0,-4.75E0));
#5073=LINE('',#5072,#5071);
#5074=CARTESIAN_POINT('',(-1.025E0,-9.658040405071E0,-4.75E0));
#5075=CARTESIAN_POINT('',(-1.017233165327E0,-9.650351631020E0,-4.75E0));
#5076=CARTESIAN_POINT('',(-1.001262956990E0,-9.634316944739E0,-4.75E0));
#5077=CARTESIAN_POINT('',(-9.761329855803E-1,-9.608387844482E0,-4.75E0));
#5078=CARTESIAN_POINT('',(-9.495103741242E-1,-9.580210839477E0,-4.75E0));
#5079=CARTESIAN_POINT('',(-9.211746364534E-1,-9.549494810933E0,-4.75E0));
#5080=CARTESIAN_POINT('',(-8.908194394793E-1,-9.515842037160E0,-4.75E0));
#5081=CARTESIAN_POINT('',(-8.580940690521E-1,-9.478785584695E0,-4.75E0));
#5082=CARTESIAN_POINT('',(-8.225610880346E-1,-9.437738867704E0,-4.75E0));
#5083=CARTESIAN_POINT('',(-7.836911819534E-1,-9.391983597540E0,-4.75E0));
#5084=CARTESIAN_POINT('',(-7.408140376526E-1,-9.340604989270E0,-4.75E0));
#5085=CARTESIAN_POINT('',(-6.931031370608E-1,-9.282466334181E0,-4.75E0));
#5086=CARTESIAN_POINT('',(-6.393999492981E-1,-9.215977717798E0,-4.75E0));
#5087=CARTESIAN_POINT('',(-5.787232024255E-1,-9.139724866129E0,-4.75E0));
#5088=CARTESIAN_POINT('',(-5.327550672887E-1,-9.081141616075E0,-4.75E0));
#5089=CARTESIAN_POINT('',(-5.084848610088E-1,-9.05E0,-4.75E0));
#5091=DIRECTION('',(-1.E0,0.E0,0.E0));
#5092=VECTOR('',#5091,1.045683229480E0);
#5093=CARTESIAN_POINT('',(2.068322948010E-2,-6.55E0,-4.75E0));
#5094=LINE('',#5093,#5092);
#5095=DIRECTION('',(0.E0,-1.E0,0.E0));
#5096=VECTOR('',#5095,2.E-1);
#5097=CARTESIAN_POINT('',(2.068322948010E-2,-6.55E0,-4.75E0));
#5098=LINE('',#5097,#5096);
#5099=CARTESIAN_POINT('',(-1.425E0,-6.55E0,-5.15E0));
#5100=DIRECTION('',(0.E0,-1.E0,0.E0));
#5101=DIRECTION('',(9.637888196534E-1,0.E0,-2.666666666667E-1));
#5102=AXIS2_PLACEMENT_3D('',#5099,#5100,#5101);
#5104=DIRECTION('',(0.E0,-1.E0,0.E0));
#5105=VECTOR('',#5104,2.E-1);
#5106=CARTESIAN_POINT('',(2.068322948010E-2,-6.55E0,-5.55E0));
#5107=LINE('',#5106,#5105);
#5108=DIRECTION('',(0.E0,0.E0,-1.E0));
#5109=VECTOR('',#5108,2.E0);
#5110=CARTESIAN_POINT('',(-3.49E0,-2.16E0,-1.545E1));
#5111=LINE('',#5110,#5109);
#5112=DIRECTION('',(0.E0,0.E0,-1.E0));
#5113=VECTOR('',#5112,2.E0);
#5114=CARTESIAN_POINT('',(-3.49E0,-1.55E0,-1.545E1));
#5115=LINE('',#5114,#5113);
#5116=DIRECTION('',(0.E0,0.E0,-1.E0));
#5117=VECTOR('',#5116,9.E-1);
#5118=CARTESIAN_POINT('',(-1.1E0,-1.25E0,-1.745E1));
#5119=LINE('',#5118,#5117);
#5120=CARTESIAN_POINT('',(-1.1E0,-1.85E0,-1.835E1));
#5121=DIRECTION('',(-1.E0,0.E0,0.E0));
#5122=DIRECTION('',(0.E0,1.E0,0.E0));
#5123=AXIS2_PLACEMENT_3D('',#5120,#5121,#5122);
#5125=DIRECTION('',(0.E0,-1.E0,0.E0));
#5126=VECTOR('',#5125,3.9E0);
#5127=CARTESIAN_POINT('',(-1.1E0,-1.85E0,-1.895E1));
#5128=LINE('',#5127,#5126);
#5129=DIRECTION('',(0.E0,0.E0,-1.E0));
#5130=VECTOR('',#5129,4.E-1);
#5131=CARTESIAN_POINT('',(-1.1E0,-5.75E0,-1.895E1));
#5132=LINE('',#5131,#5130);
#5133=DIRECTION('',(0.E0,1.E0,0.E0));
#5134=VECTOR('',#5133,3.9E0);
#5135=CARTESIAN_POINT('',(-1.1E0,-5.75E0,-1.935E1));
#5136=LINE('',#5135,#5134);
#5137=CARTESIAN_POINT('',(-1.1E0,-1.85E0,-1.835E1));
#5138=DIRECTION('',(1.E0,0.E0,0.E0));
#5139=DIRECTION('',(0.E0,0.E0,-1.E0));
#5140=AXIS2_PLACEMENT_3D('',#5137,#5138,#5139);
#5142=DIRECTION('',(0.E0,0.E0,1.E0));
#5143=VECTOR('',#5142,9.E-1);
#5144=CARTESIAN_POINT('',(-1.1E0,-8.5E-1,-1.835E1));
#5145=LINE('',#5144,#5143);
#5146=DIRECTION('',(0.E0,0.E0,1.E0));
#5147=VECTOR('',#5146,9.E-1);
#5148=CARTESIAN_POINT('',(5.E-2,-8.5E-1,-1.835E1));
#5149=LINE('',#5148,#5147);
#5150=CARTESIAN_POINT('',(5.E-2,-1.85E0,-1.835E1));
#5151=DIRECTION('',(1.E0,0.E0,0.E0));
#5152=DIRECTION('',(0.E0,0.E0,-1.E0));
#5153=AXIS2_PLACEMENT_3D('',#5150,#5151,#5152);
#5155=DIRECTION('',(0.E0,1.E0,0.E0));
#5156=VECTOR('',#5155,3.9E0);
#5157=CARTESIAN_POINT('',(5.E-2,-5.75E0,-1.935E1));
#5158=LINE('',#5157,#5156);
#5159=DIRECTION('',(0.E0,0.E0,-1.E0));
#5160=VECTOR('',#5159,4.E-1);
#5161=CARTESIAN_POINT('',(5.E-2,-5.75E0,-1.895E1));
#5162=LINE('',#5161,#5160);
#5163=DIRECTION('',(0.E0,-1.E0,0.E0));
#5164=VECTOR('',#5163,3.9E0);
#5165=CARTESIAN_POINT('',(5.E-2,-1.85E0,-1.895E1));
#5166=LINE('',#5165,#5164);
#5167=CARTESIAN_POINT('',(5.E-2,-1.85E0,-1.835E1));
#5168=DIRECTION('',(-1.E0,0.E0,0.E0));
#5169=DIRECTION('',(0.E0,1.E0,0.E0));
#5170=AXIS2_PLACEMENT_3D('',#5167,#5168,#5169);
#5172=DIRECTION('',(0.E0,0.E0,-1.E0));
#5173=VECTOR('',#5172,9.E-1);
#5174=CARTESIAN_POINT('',(5.E-2,-1.25E0,-1.745E1));
#5175=LINE('',#5174,#5173);
#5176=DIRECTION('',(1.E0,0.E0,0.E0));
#5177=VECTOR('',#5176,1.15E0);
#5178=CARTESIAN_POINT('',(-1.1E0,-8.5E-1,-1.835E1));
#5179=LINE('',#5178,#5177);
#5180=DIRECTION('',(1.E0,0.E0,0.E0));
#5181=VECTOR('',#5180,1.15E0);
#5182=CARTESIAN_POINT('',(-1.1E0,-1.85E0,-1.935E1));
#5183=LINE('',#5182,#5181);
#5184=DIRECTION('',(1.E0,0.E0,-1.821904450667E-14));
#5185=VECTOR('',#5184,1.95E-1);
#5186=CARTESIAN_POINT('',(-1.1E0,-5.75E0,-1.935E1));
#5187=LINE('',#5186,#5185);
#5188=DIRECTION('',(0.E0,-1.E0,0.E0));
#5189=VECTOR('',#5188,3.27E0);
#5190=CARTESIAN_POINT('',(-7.75E-1,-5.88E0,-1.935E1));
#5191=LINE('',#5190,#5189);
#5192=DIRECTION('',(1.E0,0.E0,0.E0));
#5193=VECTOR('',#5192,1.95E-1);
#5194=CARTESIAN_POINT('',(-1.45E-1,-5.75E0,-1.935E1));
#5195=LINE('',#5194,#5193);
#5196=DIRECTION('',(0.E0,0.E0,1.E0));
#5197=VECTOR('',#5196,4.E-1);
#5198=CARTESIAN_POINT('',(-1.45E-1,-5.75E0,-1.935E1));
#5199=LINE('',#5198,#5197);
#5200=DIRECTION('',(1.E0,0.E0,0.E0));
#5201=VECTOR('',#5200,1.95E-1);
#5202=CARTESIAN_POINT('',(-1.45E-1,-5.75E0,-1.895E1));
#5203=LINE('',#5202,#5201);
#5204=DIRECTION('',(0.E0,0.E0,-1.E0));
#5205=VECTOR('',#5204,4.E-1);
#5206=CARTESIAN_POINT('',(-9.05E-1,-5.75E0,-1.895E1));
#5207=LINE('',#5206,#5205);
#5208=DIRECTION('',(1.E0,0.E0,1.821904450667E-14));
#5209=VECTOR('',#5208,1.95E-1);
#5210=CARTESIAN_POINT('',(-1.1E0,-5.75E0,-1.895E1));
#5211=LINE('',#5210,#5209);
#5212=CARTESIAN_POINT('',(-1.45E-1,-5.88E0,-1.935E1));
#5213=DIRECTION('',(0.E0,0.E0,1.E0));
#5214=DIRECTION('',(0.E0,1.E0,0.E0));
#5215=AXIS2_PLACEMENT_3D('',#5212,#5213,#5214);
#5217=CARTESIAN_POINT('',(-1.45E-1,-5.88E0,-1.895E1));
#5218=DIRECTION('',(0.E0,0.E0,-1.E0));
#5219=DIRECTION('',(-1.E0,0.E0,0.E0));
#5220=AXIS2_PLACEMENT_3D('',#5217,#5218,#5219);
#5222=DIRECTION('',(0.E0,0.E0,1.E0));
#5223=VECTOR('',#5222,4.E-1);
#5224=CARTESIAN_POINT('',(-2.75E-1,-5.88E0,-1.935E1));
#5225=LINE('',#5224,#5223);
#5226=DIRECTION('',(0.E0,-1.E0,0.E0));
#5227=VECTOR('',#5226,3.27E0);
#5228=CARTESIAN_POINT('',(-2.75E-1,-5.88E0,-1.935E1));
#5229=LINE('',#5228,#5227);
#5230=DIRECTION('',(0.E0,0.E0,1.E0));
#5231=VECTOR('',#5230,4.E-1);
#5232=CARTESIAN_POINT('',(-2.75E-1,-9.15E0,-1.935E1));
#5233=LINE('',#5232,#5231);
#5234=DIRECTION('',(1.E0,0.E0,0.E0));
#5235=VECTOR('',#5234,5.E-1);
#5236=CARTESIAN_POINT('',(-7.75E-1,-9.15E0,-1.935E1));
#5237=LINE('',#5236,#5235);
#5238=DIRECTION('',(0.E0,0.E0,-1.E0));
#5239=VECTOR('',#5238,4.E-1);
#5240=CARTESIAN_POINT('',(-7.75E-1,-9.15E0,-1.895E1));
#5241=LINE('',#5240,#5239);
#5242=DIRECTION('',(-1.E0,0.E0,0.E0));
#5243=VECTOR('',#5242,5.E-1);
#5244=CARTESIAN_POINT('',(-2.75E-1,-9.15E0,-1.895E1));
#5245=LINE('',#5244,#5243);
#5246=DIRECTION('',(0.E0,0.E0,-1.E0));
#5247=VECTOR('',#5246,4.E-1);
#5248=CARTESIAN_POINT('',(-7.75E-1,-5.88E0,-1.895E1));
#5249=LINE('',#5248,#5247);
#5250=DIRECTION('',(0.E0,-1.E0,0.E0));
#5251=VECTOR('',#5250,3.27E0);
#5252=CARTESIAN_POINT('',(-7.75E-1,-5.88E0,-1.895E1));
#5253=LINE('',#5252,#5251);
#5254=CARTESIAN_POINT('',(-9.05E-1,-5.88E0,-1.895E1));
#5255=DIRECTION('',(0.E0,0.E0,-1.E0));
#5256=DIRECTION('',(0.E0,1.E0,0.E0));
#5257=AXIS2_PLACEMENT_3D('',#5254,#5255,#5256);
#5259=CARTESIAN_POINT('',(-9.05E-1,-5.88E0,-1.935E1));
#5260=DIRECTION('',(0.E0,0.E0,1.E0));
#5261=DIRECTION('',(1.E0,0.E0,0.E0));
#5262=AXIS2_PLACEMENT_3D('',#5259,#5260,#5261);
#5264=DIRECTION('',(1.E0,0.E0,0.E0));
#5265=VECTOR('',#5264,1.15E0);
#5266=CARTESIAN_POINT('',(-1.1E0,-1.85E0,-1.895E1));
#5267=LINE('',#5266,#5265);
#5268=DIRECTION('',(0.E0,-1.E0,0.E0));
#5269=VECTOR('',#5268,3.27E0);
#5270=CARTESIAN_POINT('',(-2.75E-1,-5.88E0,-1.895E1));
#5271=LINE('',#5270,#5269);
#5272=DIRECTION('',(1.E0,0.E0,0.E0));
#5273=VECTOR('',#5272,1.15E0);
#5274=CARTESIAN_POINT('',(-1.1E0,-1.25E0,-1.835E1));
#5275=LINE('',#5274,#5273);
#5276=DIRECTION('',(0.E0,0.E0,1.E0));
#5277=VECTOR('',#5276,9.E-1);
#5278=CARTESIAN_POINT('',(-2.9E0,-8.5E-1,-1.835E1));
#5279=LINE('',#5278,#5277);
#5280=DIRECTION('',(0.E0,0.E0,-1.E0));
#5281=VECTOR('',#5280,9.E-1);
#5282=CARTESIAN_POINT('',(-2.9E0,-1.25E0,-1.745E1));
#5283=LINE('',#5282,#5281);
#5284=CARTESIAN_POINT('',(-2.9E0,-1.85E0,-1.835E1));
#5285=DIRECTION('',(-1.E0,0.E0,0.E0));
#5286=DIRECTION('',(0.E0,1.E0,0.E0));
#5287=AXIS2_PLACEMENT_3D('',#5284,#5285,#5286);
#5289=DIRECTION('',(0.E0,-1.E0,0.E0));
#5290=VECTOR('',#5289,3.9E0);
#5291=CARTESIAN_POINT('',(-2.9E0,-1.85E0,-1.895E1));
#5292=LINE('',#5291,#5290);
#5293=DIRECTION('',(0.E0,0.E0,-1.E0));
#5294=VECTOR('',#5293,4.E-1);
#5295=CARTESIAN_POINT('',(-2.9E0,-5.75E0,-1.895E1));
#5296=LINE('',#5295,#5294);
#5297=DIRECTION('',(0.E0,1.E0,0.E0));
#5298=VECTOR('',#5297,3.9E0);
#5299=CARTESIAN_POINT('',(-2.9E0,-5.75E0,-1.935E1));
#5300=LINE('',#5299,#5298);
#5301=CARTESIAN_POINT('',(-2.9E0,-1.85E0,-1.835E1));
#5302=DIRECTION('',(1.E0,0.E0,0.E0));
#5303=DIRECTION('',(0.E0,0.E0,-1.E0));
#5304=AXIS2_PLACEMENT_3D('',#5301,#5302,#5303);
#5306=DIRECTION('',(1.E0,0.E0,0.E0));
#5307=VECTOR('',#5306,1.15E0);
#5308=CARTESIAN_POINT('',(-2.9E0,-8.5E-1,-1.835E1));
#5309=LINE('',#5308,#5307);
#5310=DIRECTION('',(1.E0,0.E0,0.E0));
#5311=VECTOR('',#5310,1.15E0);
#5312=CARTESIAN_POINT('',(-2.9E0,-1.85E0,-1.935E1));
#5313=LINE('',#5312,#5311);
#5314=DIRECTION('',(1.E0,0.E0,-1.821904450667E-14));
#5315=VECTOR('',#5314,1.95E-1);
#5316=CARTESIAN_POINT('',(-2.9E0,-5.75E0,-1.935E1));
#5317=LINE('',#5316,#5315);
#5318=DIRECTION('',(0.E0,-1.E0,0.E0));
#5319=VECTOR('',#5318,3.27E0);
#5320=CARTESIAN_POINT('',(-2.575E0,-5.88E0,-1.935E1));
#5321=LINE('',#5320,#5319);
#5322=DIRECTION('',(1.E0,0.E0,0.E0));
#5323=VECTOR('',#5322,1.95E-1);
#5324=CARTESIAN_POINT('',(-1.945E0,-5.75E0,-1.935E1));
#5325=LINE('',#5324,#5323);
#5326=DIRECTION('',(0.E0,0.E0,1.E0));
#5327=VECTOR('',#5326,4.E-1);
#5328=CARTESIAN_POINT('',(-1.945E0,-5.75E0,-1.935E1));
#5329=LINE('',#5328,#5327);
#5330=DIRECTION('',(1.E0,0.E0,0.E0));
#5331=VECTOR('',#5330,1.95E-1);
#5332=CARTESIAN_POINT('',(-1.945E0,-5.75E0,-1.895E1));
#5333=LINE('',#5332,#5331);
#5334=DIRECTION('',(0.E0,0.E0,-1.E0));
#5335=VECTOR('',#5334,4.E-1);
#5336=CARTESIAN_POINT('',(-2.705E0,-5.75E0,-1.895E1));
#5337=LINE('',#5336,#5335);
#5338=DIRECTION('',(1.E0,0.E0,1.821904450667E-14));
#5339=VECTOR('',#5338,1.95E-1);
#5340=CARTESIAN_POINT('',(-2.9E0,-5.75E0,-1.895E1));
#5341=LINE('',#5340,#5339);
#5342=CARTESIAN_POINT('',(-1.945E0,-5.88E0,-1.935E1));
#5343=DIRECTION('',(0.E0,0.E0,1.E0));
#5344=DIRECTION('',(0.E0,1.E0,0.E0));
#5345=AXIS2_PLACEMENT_3D('',#5342,#5343,#5344);
#5347=CARTESIAN_POINT('',(-1.945E0,-5.88E0,-1.895E1));
#5348=DIRECTION('',(0.E0,0.E0,-1.E0));
#5349=DIRECTION('',(-1.E0,0.E0,0.E0));
#5350=AXIS2_PLACEMENT_3D('',#5347,#5348,#5349);
#5352=DIRECTION('',(0.E0,0.E0,1.E0));
#5353=VECTOR('',#5352,4.E-1);
#5354=CARTESIAN_POINT('',(-2.075E0,-5.88E0,-1.935E1));
#5355=LINE('',#5354,#5353);
#5356=DIRECTION('',(0.E0,-1.E0,0.E0));
#5357=VECTOR('',#5356,3.27E0);
#5358=CARTESIAN_POINT('',(-2.075E0,-5.88E0,-1.935E1));
#5359=LINE('',#5358,#5357);
#5360=DIRECTION('',(0.E0,0.E0,1.E0));
#5361=VECTOR('',#5360,4.E-1);
#5362=CARTESIAN_POINT('',(-2.075E0,-9.15E0,-1.935E1));
#5363=LINE('',#5362,#5361);
#5364=DIRECTION('',(1.E0,0.E0,0.E0));
#5365=VECTOR('',#5364,5.E-1);
#5366=CARTESIAN_POINT('',(-2.575E0,-9.15E0,-1.935E1));
#5367=LINE('',#5366,#5365);
#5368=DIRECTION('',(0.E0,0.E0,-1.E0));
#5369=VECTOR('',#5368,4.E-1);
#5370=CARTESIAN_POINT('',(-2.575E0,-9.15E0,-1.895E1));
#5371=LINE('',#5370,#5369);
#5372=DIRECTION('',(-1.E0,0.E0,0.E0));
#5373=VECTOR('',#5372,5.E-1);
#5374=CARTESIAN_POINT('',(-2.075E0,-9.15E0,-1.895E1));
#5375=LINE('',#5374,#5373);
#5376=DIRECTION('',(0.E0,0.E0,-1.E0));
#5377=VECTOR('',#5376,4.E-1);
#5378=CARTESIAN_POINT('',(-2.575E0,-5.88E0,-1.895E1));
#5379=LINE('',#5378,#5377);
#5380=DIRECTION('',(0.E0,-1.E0,0.E0));
#5381=VECTOR('',#5380,3.27E0);
#5382=CARTESIAN_POINT('',(-2.575E0,-5.88E0,-1.895E1));
#5383=LINE('',#5382,#5381);
#5384=CARTESIAN_POINT('',(-2.705E0,-5.88E0,-1.895E1));
#5385=DIRECTION('',(0.E0,0.E0,-1.E0));
#5386=DIRECTION('',(0.E0,1.E0,0.E0));
#5387=AXIS2_PLACEMENT_3D('',#5384,#5385,#5386);
#5389=CARTESIAN_POINT('',(-2.705E0,-5.88E0,-1.935E1));
#5390=DIRECTION('',(0.E0,0.E0,1.E0));
#5391=DIRECTION('',(1.E0,0.E0,0.E0));
#5392=AXIS2_PLACEMENT_3D('',#5389,#5390,#5391);
#5394=DIRECTION('',(1.E0,0.E0,0.E0));
#5395=VECTOR('',#5394,1.15E0);
#5396=CARTESIAN_POINT('',(-2.9E0,-1.85E0,-1.895E1));
#5397=LINE('',#5396,#5395);
#5398=DIRECTION('',(0.E0,-1.E0,0.E0));
#5399=VECTOR('',#5398,3.27E0);
#5400=CARTESIAN_POINT('',(-2.075E0,-5.88E0,-1.895E1));
#5401=LINE('',#5400,#5399);
#5402=DIRECTION('',(1.E0,0.E0,0.E0));
#5403=VECTOR('',#5402,1.15E0);
#5404=CARTESIAN_POINT('',(-2.9E0,-1.25E0,-1.835E1));
#5405=LINE('',#5404,#5403);
#5406=DIRECTION('',(0.E0,0.E0,1.E0));
#5407=VECTOR('',#5406,9.E-1);
#5408=CARTESIAN_POINT('',(-1.75E0,-8.5E-1,-1.835E1));
#5409=LINE('',#5408,#5407);
#5410=CARTESIAN_POINT('',(-1.75E0,-1.85E0,-1.835E1));
#5411=DIRECTION('',(1.E0,0.E0,0.E0));
#5412=DIRECTION('',(0.E0,0.E0,-1.E0));
#5413=AXIS2_PLACEMENT_3D('',#5410,#5411,#5412);
#5415=DIRECTION('',(0.E0,1.E0,0.E0));
#5416=VECTOR('',#5415,3.9E0);
#5417=CARTESIAN_POINT('',(-1.75E0,-5.75E0,-1.935E1));
#5418=LINE('',#5417,#5416);
#5419=DIRECTION('',(0.E0,0.E0,-1.E0));
#5420=VECTOR('',#5419,4.E-1);
#5421=CARTESIAN_POINT('',(-1.75E0,-5.75E0,-1.895E1));
#5422=LINE('',#5421,#5420);
#5423=DIRECTION('',(0.E0,-1.E0,0.E0));
#5424=VECTOR('',#5423,3.9E0);
#5425=CARTESIAN_POINT('',(-1.75E0,-1.85E0,-1.895E1));
#5426=LINE('',#5425,#5424);
#5427=CARTESIAN_POINT('',(-1.75E0,-1.85E0,-1.835E1));
#5428=DIRECTION('',(-1.E0,0.E0,0.E0));
#5429=DIRECTION('',(0.E0,1.E0,0.E0));
#5430=AXIS2_PLACEMENT_3D('',#5427,#5428,#5429);
#5432=DIRECTION('',(0.E0,0.E0,-1.E0));
#5433=VECTOR('',#5432,9.E-1);
#5434=CARTESIAN_POINT('',(-1.75E0,-1.25E0,-1.745E1));
#5435=LINE('',#5434,#5433);
#5436=CARTESIAN_POINT('',(-5.525E0,-6.25E0,-1.97E1));
#5437=DIRECTION('',(1.E0,0.E0,0.E0));
#5438=DIRECTION('',(0.E0,1.E0,0.E0));
#5439=AXIS2_PLACEMENT_3D('',#5436,#5437,#5438);
#5441=CARTESIAN_POINT('',(-5.125E0,-6.25E0,-1.97E1));
#5442=DIRECTION('',(-1.E0,0.E0,0.E0));
#5443=DIRECTION('',(0.E0,0.E0,1.E0));
#5444=AXIS2_PLACEMENT_3D('',#5441,#5442,#5443);
#5446=DIRECTION('',(0.E0,0.E0,1.E0));
#5447=VECTOR('',#5446,1.1E0);
#5448=CARTESIAN_POINT('',(-5.525E0,-5.95E0,-1.97E1));
#5449=LINE('',#5448,#5447);
#5450=DIRECTION('',(0.E0,-1.E0,0.E0));
#5451=VECTOR('',#5450,2.9E0);
#5452=CARTESIAN_POINT('',(-5.525E0,-6.25E0,-1.89E1));
#5453=LINE('',#5452,#5451);
#5454=CARTESIAN_POINT('',(-5.125E0,-6.25E0,-1.86E1));
#5455=DIRECTION('',(-1.E0,0.E0,0.E0));
#5456=DIRECTION('',(0.E0,1.E0,0.E0));
#5457=AXIS2_PLACEMENT_3D('',#5454,#5455,#5456);
#5459=CARTESIAN_POINT('',(-5.525E0,-6.25E0,-1.86E1));
#5460=DIRECTION('',(1.E0,0.E0,0.E0));
#5461=DIRECTION('',(0.E0,0.E0,-1.E0));
#5462=AXIS2_PLACEMENT_3D('',#5459,#5460,#5461);
#5464=DIRECTION('',(0.E0,0.E0,-1.E0));
#5465=VECTOR('',#5464,1.1E0);
#5466=CARTESIAN_POINT('',(-5.125E0,-5.95E0,-1.86E1));
#5467=LINE('',#5466,#5465);
#5468=DIRECTION('',(0.E0,-1.E0,0.E0));
#5469=VECTOR('',#5468,2.9E0);
#5470=CARTESIAN_POINT('',(-5.125E0,-6.25E0,-1.94E1));
#5471=LINE('',#5470,#5469);
#5472=DIRECTION('',(-1.E0,0.E0,0.E0));
#5473=VECTOR('',#5472,4.E-1);
#5474=CARTESIAN_POINT('',(-5.125E0,-6.25E0,-1.89E1));
#5475=LINE('',#5474,#5473);
#5476=DIRECTION('',(0.E0,-1.E0,0.E0));
#5477=VECTOR('',#5476,2.9E0);
#5478=CARTESIAN_POINT('',(-5.125E0,-6.25E0,-1.89E1));
#5479=LINE('',#5478,#5477);
#5480=DIRECTION('',(-1.E0,0.E0,0.E0));
#5481=VECTOR('',#5480,4.E-1);
#5482=CARTESIAN_POINT('',(-5.125E0,-9.15E0,-4.9E0));
#5483=LINE('',#5482,#5481);
#5484=DIRECTION('',(0.E0,0.E0,1.E0));
#5485=VECTOR('',#5484,5.E-1);
#5486=CARTESIAN_POINT('',(-5.125E0,-9.15E0,-5.4E0));
#5487=LINE('',#5486,#5485);
#5488=DIRECTION('',(1.E0,0.E0,0.E0));
#5489=VECTOR('',#5488,4.E-1);
#5490=CARTESIAN_POINT('',(-5.525E0,-9.15E0,-5.4E0));
#5491=LINE('',#5490,#5489);
#5492=DIRECTION('',(0.E0,0.E0,-1.E0));
#5493=VECTOR('',#5492,5.E-1);
#5494=CARTESIAN_POINT('',(-5.525E0,-9.15E0,-4.9E0));
#5495=LINE('',#5494,#5493);
#5496=DIRECTION('',(0.E0,0.E0,-1.E0));
#5497=VECTOR('',#5496,5.E-1);
#5498=CARTESIAN_POINT('',(-5.525E0,-9.15E0,-1.19E1));
#5499=LINE('',#5498,#5497);
#5500=DIRECTION('',(-1.E0,0.E0,0.E0));
#5501=VECTOR('',#5500,4.E-1);
#5502=CARTESIAN_POINT('',(-5.125E0,-9.15E0,-1.19E1));
#5503=LINE('',#5502,#5501);
#5504=DIRECTION('',(0.E0,0.E0,1.E0));
#5505=VECTOR('',#5504,5.E-1);
#5506=CARTESIAN_POINT('',(-5.125E0,-9.15E0,-1.24E1));
#5507=LINE('',#5506,#5505);
#5508=DIRECTION('',(1.E0,0.E0,0.E0));
#5509=VECTOR('',#5508,4.E-1);
#5510=CARTESIAN_POINT('',(-5.525E0,-9.15E0,-1.24E1));
#5511=LINE('',#5510,#5509);
#5512=DIRECTION('',(0.E0,0.E0,-1.E0));
#5513=VECTOR('',#5512,5.E-1);
#5514=CARTESIAN_POINT('',(-5.525E0,-9.15E0,-1.89E1));
#5515=LINE('',#5514,#5513);
#5516=DIRECTION('',(-1.E0,0.E0,0.E0));
#5517=VECTOR('',#5516,4.E-1);
#5518=CARTESIAN_POINT('',(-5.125E0,-9.15E0,-1.89E1));
#5519=LINE('',#5518,#5517);
#5520=DIRECTION('',(0.E0,0.E0,1.E0));
#5521=VECTOR('',#5520,5.E-1);
#5522=CARTESIAN_POINT('',(-5.125E0,-9.15E0,-1.94E1));
#5523=LINE('',#5522,#5521);
#5524=DIRECTION('',(1.E0,0.E0,0.E0));
#5525=VECTOR('',#5524,4.E-1);
#5526=CARTESIAN_POINT('',(-5.525E0,-9.15E0,-1.94E1));
#5527=LINE('',#5526,#5525);
#5528=DIRECTION('',(-1.E0,0.E0,0.E0));
#5529=VECTOR('',#5528,4.E-1);
#5530=CARTESIAN_POINT('',(-5.125E0,-6.25E0,-4.9E0));
#5531=LINE('',#5530,#5529);
#5532=DIRECTION('',(0.E0,-1.E0,0.E0));
#5533=VECTOR('',#5532,2.9E0);
#5534=CARTESIAN_POINT('',(-5.125E0,-6.25E0,-4.9E0));
#5535=LINE('',#5534,#5533);
#5536=CARTESIAN_POINT('',(-5.125E0,-6.25E0,-4.6E0));
#5537=DIRECTION('',(-1.E0,0.E0,0.E0));
#5538=DIRECTION('',(0.E0,1.E0,0.E0));
#5539=AXIS2_PLACEMENT_3D('',#5536,#5537,#5538);
#5541=CARTESIAN_POINT('',(-5.525E0,-6.25E0,-4.6E0));
#5542=DIRECTION('',(1.E0,0.E0,0.E0));
#5543=DIRECTION('',(0.E0,0.E0,-1.E0));
#5544=AXIS2_PLACEMENT_3D('',#5541,#5542,#5543);
#5546=DIRECTION('',(0.E0,0.E0,-1.E0));
#5547=VECTOR('',#5546,1.1E0);
#5548=CARTESIAN_POINT('',(-5.125E0,-5.95E0,-4.6E0));
#5549=LINE('',#5548,#5547);
#5550=DIRECTION('',(0.E0,-1.E0,0.E0));
#5551=VECTOR('',#5550,2.9E0);
#5552=CARTESIAN_POINT('',(-5.125E0,-6.25E0,-5.4E0));
#5553=LINE('',#5552,#5551);
#5554=CARTESIAN_POINT('',(-5.525E0,-6.25E0,-5.7E0));
#5555=DIRECTION('',(1.E0,0.E0,0.E0));
#5556=DIRECTION('',(0.E0,1.E0,0.E0));
#5557=AXIS2_PLACEMENT_3D('',#5554,#5555,#5556);
#5559=CARTESIAN_POINT('',(-5.125E0,-6.25E0,-5.7E0));
#5560=DIRECTION('',(-1.E0,0.E0,0.E0));
#5561=DIRECTION('',(0.E0,0.E0,1.E0));
#5562=AXIS2_PLACEMENT_3D('',#5559,#5560,#5561);
#5564=DIRECTION('',(0.E0,0.E0,1.E0));
#5565=VECTOR('',#5564,1.1E0);
#5566=CARTESIAN_POINT('',(-5.525E0,-5.95E0,-5.7E0));
#5567=LINE('',#5566,#5565);
#5568=DIRECTION('',(0.E0,-1.E0,0.E0));
#5569=VECTOR('',#5568,2.9E0);
#5570=CARTESIAN_POINT('',(-5.525E0,-6.25E0,-4.9E0));
#5571=LINE('',#5570,#5569);
#5572=DIRECTION('',(1.E0,0.E0,0.E0));
#5573=VECTOR('',#5572,4.E-1);
#5574=CARTESIAN_POINT('',(-5.525E0,-6.25E0,-5.4E0));
#5575=LINE('',#5574,#5573);
#5576=DIRECTION('',(0.E0,-1.E0,0.E0));
#5577=VECTOR('',#5576,2.9E0);
#5578=CARTESIAN_POINT('',(-5.525E0,-6.25E0,-5.4E0));
#5579=LINE('',#5578,#5577);
#5580=DIRECTION('',(0.E0,0.E0,1.E0));
#5581=VECTOR('',#5580,1.1E0);
#5582=CARTESIAN_POINT('',(-5.525E0,-5.95E0,-1.27E1));
#5583=LINE('',#5582,#5581);
#5584=DIRECTION('',(0.E0,-1.E0,0.E0));
#5585=VECTOR('',#5584,2.9E0);
#5586=CARTESIAN_POINT('',(-5.525E0,-6.25E0,-1.19E1));
#5587=LINE('',#5586,#5585);
#5588=CARTESIAN_POINT('',(-5.125E0,-6.25E0,-1.16E1));
#5589=DIRECTION('',(-1.E0,0.E0,0.E0));
#5590=DIRECTION('',(0.E0,1.E0,0.E0));
#5591=AXIS2_PLACEMENT_3D('',#5588,#5589,#5590);
#5593=CARTESIAN_POINT('',(-5.525E0,-6.25E0,-1.16E1));
#5594=DIRECTION('',(1.E0,0.E0,0.E0));
#5595=DIRECTION('',(0.E0,0.E0,-1.E0));
#5596=AXIS2_PLACEMENT_3D('',#5593,#5594,#5595);
#5598=DIRECTION('',(0.E0,0.E0,-1.E0));
#5599=VECTOR('',#5598,1.1E0);
#5600=CARTESIAN_POINT('',(-5.125E0,-5.95E0,-1.16E1));
#5601=LINE('',#5600,#5599);
#5602=DIRECTION('',(0.E0,-1.E0,0.E0));
#5603=VECTOR('',#5602,2.9E0);
#5604=CARTESIAN_POINT('',(-5.125E0,-6.25E0,-1.24E1));
#5605=LINE('',#5604,#5603);
#5606=DIRECTION('',(-1.E0,0.E0,0.E0));
#5607=VECTOR('',#5606,4.E-1);
#5608=CARTESIAN_POINT('',(-5.125E0,-6.25E0,-1.19E1));
#5609=LINE('',#5608,#5607);
#5610=DIRECTION('',(0.E0,-1.E0,0.E0));
#5611=VECTOR('',#5610,2.9E0);
#5612=CARTESIAN_POINT('',(-5.125E0,-6.25E0,-1.19E1));
#5613=LINE('',#5612,#5611);
#5614=CARTESIAN_POINT('',(-5.525E0,-6.25E0,-1.27E1));
#5615=DIRECTION('',(1.E0,0.E0,0.E0));
#5616=DIRECTION('',(0.E0,1.E0,0.E0));
#5617=AXIS2_PLACEMENT_3D('',#5614,#5615,#5616);
#5619=CARTESIAN_POINT('',(-5.125E0,-6.25E0,-1.27E1));
#5620=DIRECTION('',(-1.E0,0.E0,0.E0));
#5621=DIRECTION('',(0.E0,0.E0,1.E0));
#5622=AXIS2_PLACEMENT_3D('',#5619,#5620,#5621);
#5624=DIRECTION('',(1.E0,0.E0,0.E0));
#5625=VECTOR('',#5624,4.E-1);
#5626=CARTESIAN_POINT('',(-5.525E0,-6.25E0,-1.24E1));
#5627=LINE('',#5626,#5625);
#5628=DIRECTION('',(0.E0,-1.E0,0.E0));
#5629=VECTOR('',#5628,2.9E0);
#5630=CARTESIAN_POINT('',(-5.525E0,-6.25E0,-1.24E1));
#5631=LINE('',#5630,#5629);
#5632=DIRECTION('',(1.E0,0.E0,0.E0));
#5633=VECTOR('',#5632,4.E-1);
#5634=CARTESIAN_POINT('',(-5.525E0,-6.25E0,-1.94E1));
#5635=LINE('',#5634,#5633);
#5636=DIRECTION('',(0.E0,-1.E0,0.E0));
#5637=VECTOR('',#5636,2.9E0);
#5638=CARTESIAN_POINT('',(-5.525E0,-6.25E0,-1.94E1));
#5639=LINE('',#5638,#5637);
#5640=CARTESIAN_POINT('',(-5.525E0,-5.83E0,-2.155964425627E0));
#5641=DIRECTION('',(-1.E0,0.E0,0.E0));
#5642=DIRECTION('',(0.E0,-1.E0,0.E0));
#5643=AXIS2_PLACEMENT_3D('',#5640,#5641,#5642);
#5645=CARTESIAN_POINT('',(-5.525E0,-5.67E0,-3.390322664607E0));
#5646=DIRECTION('',(-1.E0,0.E0,0.E0));
#5647=DIRECTION('',(0.E0,-4.117647058824E-1,-9.112901991076E-1));
#5648=AXIS2_PLACEMENT_3D('',#5645,#5646,#5647);
#5650=DIRECTION('',(-1.E0,0.E0,0.E0));
#5651=VECTOR('',#5650,4.E-1);
#5652=CARTESIAN_POINT('',(-5.125E0,-6.35E0,-2.155964425627E0));
#5653=LINE('',#5652,#5651);
#5654=DIRECTION('',(0.E0,0.E0,1.E0));
#5655=VECTOR('',#5654,1.234358238980E0);
#5656=CARTESIAN_POINT('',(-5.125E0,-6.35E0,-3.390322664607E0));
#5657=LINE('',#5656,#5655);
#5658=DIRECTION('',(1.E0,0.E0,0.E0));
#5659=VECTOR('',#5658,4.E-1);
#5660=CARTESIAN_POINT('',(-5.525E0,-6.35E0,-3.390322664607E0));
#5661=LINE('',#5660,#5659);
#5662=DIRECTION('',(0.E0,0.E0,-1.E0));
#5663=VECTOR('',#5662,1.234358238980E0);
#5664=CARTESIAN_POINT('',(-5.525E0,-6.35E0,-2.155964425627E0));
#5665=LINE('',#5664,#5663);
#5666=DIRECTION('',(-1.E0,0.E0,1.332267629550E-14));
#5667=VECTOR('',#5666,4.E-1);
#5668=CARTESIAN_POINT('',(-5.125E0,-6.35E0,-6.908820323028E0));
#5669=LINE('',#5668,#5667);
#5670=DIRECTION('',(0.E0,0.E0,1.E0));
#5671=VECTOR('',#5670,3.481502341579E0);
#5672=CARTESIAN_POINT('',(-5.125E0,-6.35E0,-1.039032266461E1));
#5673=LINE('',#5672,#5671);
#5674=DIRECTION('',(1.E0,0.E0,0.E0));
#5675=VECTOR('',#5674,4.E-1);
#5676=CARTESIAN_POINT('',(-5.525E0,-6.35E0,-1.039032266461E1));
#5677=LINE('',#5676,#5675);
#5678=DIRECTION('',(0.E0,0.E0,-1.E0));
#5679=VECTOR('',#5678,3.481502341579E0);
#5680=CARTESIAN_POINT('',(-5.525E0,-6.35E0,-6.908820323028E0));
#5681=LINE('',#5680,#5679);
#5682=DIRECTION('',(1.E0,0.E0,0.E0));
#5683=VECTOR('',#5682,4.E-1);
#5684=CARTESIAN_POINT('',(-5.525E0,-6.35E0,-1.739032266461E1));
#5685=LINE('',#5684,#5683);
#5686=DIRECTION('',(0.E0,0.E0,-1.E0));
#5687=VECTOR('',#5686,3.481502341579E0);
#5688=CARTESIAN_POINT('',(-5.525E0,-6.35E0,-1.390882032303E1));
#5689=LINE('',#5688,#5687);
#5690=DIRECTION('',(-1.E0,0.E0,0.E0));
#5691=VECTOR('',#5690,4.E-1);
#5692=CARTESIAN_POINT('',(-5.125E0,-6.35E0,-1.390882032303E1));
#5693=LINE('',#5692,#5691);
#5694=DIRECTION('',(0.E0,0.E0,1.E0));
#5695=VECTOR('',#5694,3.481502341579E0);
#5696=CARTESIAN_POINT('',(-5.125E0,-6.35E0,-1.739032266461E1));
#5697=LINE('',#5696,#5695);
#5698=CARTESIAN_POINT('',(-5.125E0,-5.83E0,-2.155964425627E0));
#5699=DIRECTION('',(1.E0,0.E0,0.E0));
#5700=DIRECTION('',(0.E0,-2.307692307692E-1,9.730085108210E-1));
#5701=AXIS2_PLACEMENT_3D('',#5698,#5699,#5700);
#5703=CARTESIAN_POINT('',(-5.125E0,-5.67E0,-3.390322664607E0));
#5704=DIRECTION('',(1.E0,0.E0,0.E0));
#5705=DIRECTION('',(0.E0,-1.E0,0.E0));
#5706=AXIS2_PLACEMENT_3D('',#5703,#5704,#5705);
#5708=CARTESIAN_POINT('',(-5.525E0,-5.55E0,-6.908820323028E0));
#5709=DIRECTION('',(-1.E0,0.E0,0.E0));
#5710=DIRECTION('',(0.E0,-1.E0,1.221245327088E-14));
#5711=AXIS2_PLACEMENT_3D('',#5708,#5709,#5710);
#5713=CARTESIAN_POINT('',(-5.525E0,-5.67E0,-1.039032266461E1));
#5714=DIRECTION('',(-1.E0,0.E0,0.E0));
#5715=DIRECTION('',(0.E0,-4.117647058824E-1,-9.112901991076E-1));
#5716=AXIS2_PLACEMENT_3D('',#5713,#5714,#5715);
#5718=CARTESIAN_POINT('',(-5.125E0,-5.55E0,-6.908820323028E0));
#5719=DIRECTION('',(1.E0,0.E0,0.E0));
#5720=DIRECTION('',(0.E0,-5.E-1,8.660254037844E-1));
#5721=AXIS2_PLACEMENT_3D('',#5718,#5719,#5720);
#5723=CARTESIAN_POINT('',(-5.125E0,-5.67E0,-1.039032266461E1));
#5724=DIRECTION('',(1.E0,0.E0,0.E0));
#5725=DIRECTION('',(0.E0,-1.E0,0.E0));
#5726=AXIS2_PLACEMENT_3D('',#5723,#5724,#5725);
#5728=CARTESIAN_POINT('',(-5.125E0,-5.67E0,-1.739032266461E1));
#5729=DIRECTION('',(1.E0,0.E0,0.E0));
#5730=DIRECTION('',(0.E0,-1.E0,0.E0));
#5731=AXIS2_PLACEMENT_3D('',#5728,#5729,#5730);
#5733=CARTESIAN_POINT('',(-5.125E0,-5.55E0,-1.390882032303E1));
#5734=DIRECTION('',(1.E0,0.E0,0.E0));
#5735=DIRECTION('',(0.E0,-5.E-1,8.660254037844E-1));
#5736=AXIS2_PLACEMENT_3D('',#5733,#5734,#5735);
#5738=CARTESIAN_POINT('',(-5.525E0,-5.67E0,-1.739032266461E1));
#5739=DIRECTION('',(-1.E0,0.E0,0.E0));
#5740=DIRECTION('',(0.E0,-4.117647058824E-1,-9.112901991076E-1));
#5741=AXIS2_PLACEMENT_3D('',#5738,#5739,#5740);
#5743=CARTESIAN_POINT('',(-5.525E0,-5.55E0,-1.390882032303E1));
#5744=DIRECTION('',(-1.E0,0.E0,0.E0));
#5745=DIRECTION('',(0.E0,-1.E0,0.E0));
#5746=AXIS2_PLACEMENT_3D('',#5743,#5744,#5745);
#5748=CARTESIAN_POINT('',(2.275E0,-6.25E0,-1.97E1));
#5749=DIRECTION('',(1.E0,0.E0,0.E0));
#5750=DIRECTION('',(0.E0,1.E0,0.E0));
#5751=AXIS2_PLACEMENT_3D('',#5748,#5749,#5750);
#5753=CARTESIAN_POINT('',(2.675E0,-6.25E0,-1.97E1));
#5754=DIRECTION('',(-1.E0,0.E0,0.E0));
#5755=DIRECTION('',(0.E0,0.E0,1.E0));
#5756=AXIS2_PLACEMENT_3D('',#5753,#5754,#5755);
#5758=DIRECTION('',(0.E0,0.E0,1.E0));
#5759=VECTOR('',#5758,1.1E0);
#5760=CARTESIAN_POINT('',(2.275E0,-5.95E0,-1.97E1));
#5761=LINE('',#5760,#5759);
#5762=DIRECTION('',(0.E0,-1.E0,0.E0));
#5763=VECTOR('',#5762,2.9E0);
#5764=CARTESIAN_POINT('',(2.275E0,-6.25E0,-1.89E1));
#5765=LINE('',#5764,#5763);
#5766=CARTESIAN_POINT('',(2.675E0,-6.25E0,-1.86E1));
#5767=DIRECTION('',(-1.E0,0.E0,0.E0));
#5768=DIRECTION('',(0.E0,1.E0,0.E0));
#5769=AXIS2_PLACEMENT_3D('',#5766,#5767,#5768);
#5771=CARTESIAN_POINT('',(2.275E0,-6.25E0,-1.86E1));
#5772=DIRECTION('',(1.E0,0.E0,0.E0));
#5773=DIRECTION('',(0.E0,0.E0,-1.E0));
#5774=AXIS2_PLACEMENT_3D('',#5771,#5772,#5773);
#5776=DIRECTION('',(0.E0,0.E0,-1.E0));
#5777=VECTOR('',#5776,1.1E0);
#5778=CARTESIAN_POINT('',(2.675E0,-5.95E0,-1.86E1));
#5779=LINE('',#5778,#5777);
#5780=DIRECTION('',(0.E0,-1.E0,0.E0));
#5781=VECTOR('',#5780,2.9E0);
#5782=CARTESIAN_POINT('',(2.675E0,-6.25E0,-1.94E1));
#5783=LINE('',#5782,#5781);
#5784=DIRECTION('',(-1.E0,0.E0,0.E0));
#5785=VECTOR('',#5784,4.E-1);
#5786=CARTESIAN_POINT('',(2.675E0,-6.25E0,-1.89E1));
#5787=LINE('',#5786,#5785);
#5788=DIRECTION('',(0.E0,-1.E0,0.E0));
#5789=VECTOR('',#5788,2.9E0);
#5790=CARTESIAN_POINT('',(2.675E0,-6.25E0,-1.89E1));
#5791=LINE('',#5790,#5789);
#5792=DIRECTION('',(-1.E0,0.E0,0.E0));
#5793=VECTOR('',#5792,4.E-1);
#5794=CARTESIAN_POINT('',(2.675E0,-9.15E0,-4.9E0));
#5795=LINE('',#5794,#5793);
#5796=DIRECTION('',(0.E0,0.E0,1.E0));
#5797=VECTOR('',#5796,5.E-1);
#5798=CARTESIAN_POINT('',(2.675E0,-9.15E0,-5.4E0));
#5799=LINE('',#5798,#5797);
#5800=DIRECTION('',(1.E0,0.E0,0.E0));
#5801=VECTOR('',#5800,4.E-1);
#5802=CARTESIAN_POINT('',(2.275E0,-9.15E0,-5.4E0));
#5803=LINE('',#5802,#5801);
#5804=DIRECTION('',(0.E0,0.E0,-1.E0));
#5805=VECTOR('',#5804,5.E-1);
#5806=CARTESIAN_POINT('',(2.275E0,-9.15E0,-4.9E0));
#5807=LINE('',#5806,#5805);
#5808=DIRECTION('',(0.E0,0.E0,-1.E0));
#5809=VECTOR('',#5808,5.E-1);
#5810=CARTESIAN_POINT('',(2.275E0,-9.15E0,-1.19E1));
#5811=LINE('',#5810,#5809);
#5812=DIRECTION('',(-1.E0,0.E0,0.E0));
#5813=VECTOR('',#5812,4.E-1);
#5814=CARTESIAN_POINT('',(2.675E0,-9.15E0,-1.19E1));
#5815=LINE('',#5814,#5813);
#5816=DIRECTION('',(0.E0,0.E0,1.E0));
#5817=VECTOR('',#5816,5.E-1);
#5818=CARTESIAN_POINT('',(2.675E0,-9.15E0,-1.24E1));
#5819=LINE('',#5818,#5817);
#5820=DIRECTION('',(1.E0,0.E0,0.E0));
#5821=VECTOR('',#5820,4.E-1);
#5822=CARTESIAN_POINT('',(2.275E0,-9.15E0,-1.24E1));
#5823=LINE('',#5822,#5821);
#5824=DIRECTION('',(0.E0,0.E0,-1.E0));
#5825=VECTOR('',#5824,5.E-1);
#5826=CARTESIAN_POINT('',(2.275E0,-9.15E0,-1.89E1));
#5827=LINE('',#5826,#5825);
#5828=DIRECTION('',(-1.E0,0.E0,0.E0));
#5829=VECTOR('',#5828,4.E-1);
#5830=CARTESIAN_POINT('',(2.675E0,-9.15E0,-1.89E1));
#5831=LINE('',#5830,#5829);
#5832=DIRECTION('',(0.E0,0.E0,1.E0));
#5833=VECTOR('',#5832,5.E-1);
#5834=CARTESIAN_POINT('',(2.675E0,-9.15E0,-1.94E1));
#5835=LINE('',#5834,#5833);
#5836=DIRECTION('',(1.E0,0.E0,0.E0));
#5837=VECTOR('',#5836,4.E-1);
#5838=CARTESIAN_POINT('',(2.275E0,-9.15E0,-1.94E1));
#5839=LINE('',#5838,#5837);
#5840=DIRECTION('',(-1.E0,0.E0,0.E0));
#5841=VECTOR('',#5840,4.E-1);
#5842=CARTESIAN_POINT('',(2.675E0,-6.25E0,-4.9E0));
#5843=LINE('',#5842,#5841);
#5844=DIRECTION('',(0.E0,-1.E0,0.E0));
#5845=VECTOR('',#5844,2.9E0);
#5846=CARTESIAN_POINT('',(2.675E0,-6.25E0,-4.9E0));
#5847=LINE('',#5846,#5845);
#5848=CARTESIAN_POINT('',(2.675E0,-6.25E0,-4.6E0));
#5849=DIRECTION('',(-1.E0,0.E0,0.E0));
#5850=DIRECTION('',(0.E0,1.E0,0.E0));
#5851=AXIS2_PLACEMENT_3D('',#5848,#5849,#5850);
#5853=CARTESIAN_POINT('',(2.275E0,-6.25E0,-4.6E0));
#5854=DIRECTION('',(1.E0,0.E0,0.E0));
#5855=DIRECTION('',(0.E0,0.E0,-1.E0));
#5856=AXIS2_PLACEMENT_3D('',#5853,#5854,#5855);
#5858=DIRECTION('',(0.E0,0.E0,-1.E0));
#5859=VECTOR('',#5858,1.1E0);
#5860=CARTESIAN_POINT('',(2.675E0,-5.95E0,-4.6E0));
#5861=LINE('',#5860,#5859);
#5862=DIRECTION('',(0.E0,-1.E0,0.E0));
#5863=VECTOR('',#5862,2.9E0);
#5864=CARTESIAN_POINT('',(2.675E0,-6.25E0,-5.4E0));
#5865=LINE('',#5864,#5863);
#5866=CARTESIAN_POINT('',(2.275E0,-6.25E0,-5.7E0));
#5867=DIRECTION('',(1.E0,0.E0,0.E0));
#5868=DIRECTION('',(0.E0,1.E0,0.E0));
#5869=AXIS2_PLACEMENT_3D('',#5866,#5867,#5868);
#5871=CARTESIAN_POINT('',(2.675E0,-6.25E0,-5.7E0));
#5872=DIRECTION('',(-1.E0,0.E0,0.E0));
#5873=DIRECTION('',(0.E0,0.E0,1.E0));
#5874=AXIS2_PLACEMENT_3D('',#5871,#5872,#5873);
#5876=DIRECTION('',(0.E0,0.E0,1.E0));
#5877=VECTOR('',#5876,1.1E0);
#5878=CARTESIAN_POINT('',(2.275E0,-5.95E0,-5.7E0));
#5879=LINE('',#5878,#5877);
#5880=DIRECTION('',(0.E0,-1.E0,0.E0));
#5881=VECTOR('',#5880,2.9E0);
#5882=CARTESIAN_POINT('',(2.275E0,-6.25E0,-4.9E0));
#5883=LINE('',#5882,#5881);
#5884=DIRECTION('',(1.E0,0.E0,0.E0));
#5885=VECTOR('',#5884,4.E-1);
#5886=CARTESIAN_POINT('',(2.275E0,-6.25E0,-5.4E0));
#5887=LINE('',#5886,#5885);
#5888=DIRECTION('',(0.E0,-1.E0,0.E0));
#5889=VECTOR('',#5888,2.9E0);
#5890=CARTESIAN_POINT('',(2.275E0,-6.25E0,-5.4E0));
#5891=LINE('',#5890,#5889);
#5892=DIRECTION('',(0.E0,0.E0,1.E0));
#5893=VECTOR('',#5892,1.1E0);
#5894=CARTESIAN_POINT('',(2.275E0,-5.95E0,-1.27E1));
#5895=LINE('',#5894,#5893);
#5896=DIRECTION('',(0.E0,-1.E0,0.E0));
#5897=VECTOR('',#5896,2.9E0);
#5898=CARTESIAN_POINT('',(2.275E0,-6.25E0,-1.19E1));
#5899=LINE('',#5898,#5897);
#5900=CARTESIAN_POINT('',(2.675E0,-6.25E0,-1.16E1));
#5901=DIRECTION('',(-1.E0,0.E0,0.E0));
#5902=DIRECTION('',(0.E0,1.E0,0.E0));
#5903=AXIS2_PLACEMENT_3D('',#5900,#5901,#5902);
#5905=CARTESIAN_POINT('',(2.275E0,-6.25E0,-1.16E1));
#5906=DIRECTION('',(1.E0,0.E0,0.E0));
#5907=DIRECTION('',(0.E0,0.E0,-1.E0));
#5908=AXIS2_PLACEMENT_3D('',#5905,#5906,#5907);
#5910=DIRECTION('',(0.E0,0.E0,-1.E0));
#5911=VECTOR('',#5910,1.1E0);
#5912=CARTESIAN_POINT('',(2.675E0,-5.95E0,-1.16E1));
#5913=LINE('',#5912,#5911);
#5914=DIRECTION('',(0.E0,-1.E0,0.E0));
#5915=VECTOR('',#5914,2.9E0);
#5916=CARTESIAN_POINT('',(2.675E0,-6.25E0,-1.24E1));
#5917=LINE('',#5916,#5915);
#5918=DIRECTION('',(-1.E0,0.E0,0.E0));
#5919=VECTOR('',#5918,4.E-1);
#5920=CARTESIAN_POINT('',(2.675E0,-6.25E0,-1.19E1));
#5921=LINE('',#5920,#5919);
#5922=DIRECTION('',(0.E0,-1.E0,0.E0));
#5923=VECTOR('',#5922,2.9E0);
#5924=CARTESIAN_POINT('',(2.675E0,-6.25E0,-1.19E1));
#5925=LINE('',#5924,#5923);
#5926=CARTESIAN_POINT('',(2.275E0,-6.25E0,-1.27E1));
#5927=DIRECTION('',(1.E0,0.E0,0.E0));
#5928=DIRECTION('',(0.E0,1.E0,0.E0));
#5929=AXIS2_PLACEMENT_3D('',#5926,#5927,#5928);
#5931=CARTESIAN_POINT('',(2.675E0,-6.25E0,-1.27E1));
#5932=DIRECTION('',(-1.E0,0.E0,0.E0));
#5933=DIRECTION('',(0.E0,0.E0,1.E0));
#5934=AXIS2_PLACEMENT_3D('',#5931,#5932,#5933);
#5936=DIRECTION('',(1.E0,0.E0,0.E0));
#5937=VECTOR('',#5936,4.E-1);
#5938=CARTESIAN_POINT('',(2.275E0,-6.25E0,-1.24E1));
#5939=LINE('',#5938,#5937);
#5940=DIRECTION('',(0.E0,-1.E0,0.E0));
#5941=VECTOR('',#5940,2.9E0);
#5942=CARTESIAN_POINT('',(2.275E0,-6.25E0,-1.24E1));
#5943=LINE('',#5942,#5941);
#5944=DIRECTION('',(1.E0,0.E0,0.E0));
#5945=VECTOR('',#5944,4.E-1);
#5946=CARTESIAN_POINT('',(2.275E0,-6.25E0,-1.94E1));
#5947=LINE('',#5946,#5945);
#5948=DIRECTION('',(0.E0,-1.E0,0.E0));
#5949=VECTOR('',#5948,2.9E0);
#5950=CARTESIAN_POINT('',(2.275E0,-6.25E0,-1.94E1));
#5951=LINE('',#5950,#5949);
#5952=CARTESIAN_POINT('',(2.275E0,-5.55E0,-1.390882032303E1));
#5953=DIRECTION('',(-1.E0,0.E0,0.E0));
#5954=DIRECTION('',(0.E0,-1.E0,0.E0));
#5955=AXIS2_PLACEMENT_3D('',#5952,#5953,#5954);
#5957=CARTESIAN_POINT('',(2.275E0,-5.67E0,-1.739032266461E1));
#5958=DIRECTION('',(-1.E0,0.E0,0.E0));
#5959=DIRECTION('',(0.E0,-4.117647058824E-1,-9.112901991076E-1));
#5960=AXIS2_PLACEMENT_3D('',#5957,#5958,#5959);
#5962=DIRECTION('',(-1.E0,0.E0,0.E0));
#5963=VECTOR('',#5962,4.E-1);
#5964=CARTESIAN_POINT('',(2.675E0,-6.35E0,-1.390882032303E1));
#5965=LINE('',#5964,#5963);
#5966=DIRECTION('',(0.E0,0.E0,1.E0));
#5967=VECTOR('',#5966,3.481502341579E0);
#5968=CARTESIAN_POINT('',(2.675E0,-6.35E0,-1.739032266461E1));
#5969=LINE('',#5968,#5967);
#5970=DIRECTION('',(1.E0,0.E0,1.776356839400E-14));
#5971=VECTOR('',#5970,4.E-1);
#5972=CARTESIAN_POINT('',(2.275E0,-6.35E0,-1.739032266461E1));
#5973=LINE('',#5972,#5971);
#5974=DIRECTION('',(0.E0,0.E0,-1.E0));
#5975=VECTOR('',#5974,3.481502341579E0);
#5976=CARTESIAN_POINT('',(2.275E0,-6.35E0,-1.390882032303E1));
#5977=LINE('',#5976,#5975);
#5978=DIRECTION('',(-1.E0,0.E0,0.E0));
#5979=VECTOR('',#5978,4.E-1);
#5980=CARTESIAN_POINT('',(2.675E0,-6.35E0,-6.908820323028E0));
#5981=LINE('',#5980,#5979);
#5982=DIRECTION('',(0.E0,0.E0,1.E0));
#5983=VECTOR('',#5982,3.481502341579E0);
#5984=CARTESIAN_POINT('',(2.675E0,-6.35E0,-1.039032266461E1));
#5985=LINE('',#5984,#5983);
#5986=DIRECTION('',(1.E0,0.E0,0.E0));
#5987=VECTOR('',#5986,4.E-1);
#5988=CARTESIAN_POINT('',(2.275E0,-6.35E0,-1.039032266461E1));
#5989=LINE('',#5988,#5987);
#5990=DIRECTION('',(0.E0,0.E0,-1.E0));
#5991=VECTOR('',#5990,3.481502341579E0);
#5992=CARTESIAN_POINT('',(2.275E0,-6.35E0,-6.908820323028E0));
#5993=LINE('',#5992,#5991);
#5994=DIRECTION('',(1.E0,0.E0,0.E0));
#5995=VECTOR('',#5994,4.E-1);
#5996=CARTESIAN_POINT('',(2.275E0,-6.35E0,-3.390322664607E0));
#5997=LINE('',#5996,#5995);
#5998=DIRECTION('',(0.E0,0.E0,-1.E0));
#5999=VECTOR('',#5998,1.234358238980E0);
#6000=CARTESIAN_POINT('',(2.275E0,-6.35E0,-2.155964425627E0));
#6001=LINE('',#6000,#5999);
#6002=DIRECTION('',(-1.E0,0.E0,0.E0));
#6003=VECTOR('',#6002,4.E-1);
#6004=CARTESIAN_POINT('',(2.675E0,-6.35E0,-2.155964425627E0));
#6005=LINE('',#6004,#6003);
#6006=DIRECTION('',(0.E0,0.E0,1.E0));
#6007=VECTOR('',#6006,1.234358238980E0);
#6008=CARTESIAN_POINT('',(2.675E0,-6.35E0,-3.390322664607E0));
#6009=LINE('',#6008,#6007);
#6010=CARTESIAN_POINT('',(2.675E0,-5.55E0,-1.390882032303E1));
#6011=DIRECTION('',(1.E0,0.E0,0.E0));
#6012=DIRECTION('',(0.E0,-5.E-1,8.660254037844E-1));
#6013=AXIS2_PLACEMENT_3D('',#6010,#6011,#6012);
#6015=CARTESIAN_POINT('',(2.675E0,-5.67E0,-1.739032266461E1));
#6016=DIRECTION('',(1.E0,0.E0,0.E0));
#6017=DIRECTION('',(0.E0,-1.E0,0.E0));
#6018=AXIS2_PLACEMENT_3D('',#6015,#6016,#6017);
#6020=CARTESIAN_POINT('',(2.275E0,-5.55E0,-6.908820323028E0));
#6021=DIRECTION('',(-1.E0,0.E0,0.E0));
#6022=DIRECTION('',(0.E0,-1.E0,0.E0));
#6023=AXIS2_PLACEMENT_3D('',#6020,#6021,#6022);
#6025=CARTESIAN_POINT('',(2.275E0,-5.67E0,-1.039032266461E1));
#6026=DIRECTION('',(-1.E0,0.E0,0.E0));
#6027=DIRECTION('',(0.E0,-4.117647058824E-1,-9.112901991076E-1));
#6028=AXIS2_PLACEMENT_3D('',#6025,#6026,#6027);
#6030=CARTESIAN_POINT('',(2.675E0,-5.55E0,-6.908820323028E0));
#6031=DIRECTION('',(1.E0,0.E0,0.E0));
#6032=DIRECTION('',(0.E0,-5.E-1,8.660254037844E-1));
#6033=AXIS2_PLACEMENT_3D('',#6030,#6031,#6032);
#6035=CARTESIAN_POINT('',(2.675E0,-5.67E0,-1.039032266461E1));
#6036=DIRECTION('',(1.E0,0.E0,0.E0));
#6037=DIRECTION('',(0.E0,-1.E0,0.E0));
#6038=AXIS2_PLACEMENT_3D('',#6035,#6036,#6037);
#6040=CARTESIAN_POINT('',(2.675E0,-5.67E0,-3.390322664607E0));
#6041=DIRECTION('',(1.E0,0.E0,0.E0));
#6042=DIRECTION('',(0.E0,-1.E0,0.E0));
#6043=AXIS2_PLACEMENT_3D('',#6040,#6041,#6042);
#6045=CARTESIAN_POINT('',(2.675E0,-5.83E0,-2.155964425627E0));
#6046=DIRECTION('',(1.E0,0.E0,0.E0));
#6047=DIRECTION('',(0.E0,-2.307692307692E-1,9.730085108210E-1));
#6048=AXIS2_PLACEMENT_3D('',#6045,#6046,#6047);
#6050=CARTESIAN_POINT('',(2.275E0,-5.67E0,-3.390322664607E0));
#6051=DIRECTION('',(-1.E0,0.E0,0.E0));
#6052=DIRECTION('',(0.E0,-4.117647058824E-1,-9.112901991076E-1));
#6053=AXIS2_PLACEMENT_3D('',#6050,#6051,#6052);
#6055=CARTESIAN_POINT('',(2.275E0,-5.83E0,-2.155964425627E0));
#6056=DIRECTION('',(-1.E0,0.E0,0.E0));
#6057=DIRECTION('',(0.E0,-1.E0,0.E0));
#6058=AXIS2_PLACEMENT_3D('',#6055,#6056,#6057);
#6060=CARTESIAN_POINT('',(8.575E0,4.75E0,-9.E-1));
#6061=DIRECTION('',(0.E0,-1.E0,0.E0));
#6062=DIRECTION('',(0.E0,0.E0,-1.E0));
#6063=AXIS2_PLACEMENT_3D('',#6060,#6061,#6062);
#6065=CARTESIAN_POINT('',(6.875E0,6.45E0,-9.E-1));
#6066=DIRECTION('',(1.E0,0.E0,0.E0));
#6067=DIRECTION('',(0.E0,0.E0,-1.E0));
#6068=AXIS2_PLACEMENT_3D('',#6065,#6066,#6067);
#6070=CARTESIAN_POINT('',(6.875E0,4.75E0,-9.E-1));
#6071=DIRECTION('',(0.E0,0.E0,-1.E0));
#6072=DIRECTION('',(0.E0,1.E0,0.E0));
#6073=AXIS2_PLACEMENT_3D('',#6070,#6071,#6072);
#6075=DIRECTION('',(0.E0,0.E0,-1.E0));
#6076=VECTOR('',#6075,6.E-1);
#6077=CARTESIAN_POINT('',(8.875E0,4.75E0,-3.E-1));
#6078=LINE('',#6077,#6076);
#6079=CARTESIAN_POINT('',(6.875E0,4.75E0,-3.E-1));
#6080=DIRECTION('',(0.E0,0.E0,1.E0));
#6081=DIRECTION('',(1.E0,0.E0,0.E0));
#6082=AXIS2_PLACEMENT_3D('',#6079,#6080,#6081);
#6084=DIRECTION('',(1.E0,0.E0,0.E0));
#6085=VECTOR('',#6084,1.375E1);
#6086=CARTESIAN_POINT('',(-6.875E0,6.75E0,-9.E-1));
#6087=LINE('',#6086,#6085);
#6088=DIRECTION('',(0.E0,0.E0,-1.E0));
#6089=VECTOR('',#6088,6.E-1);
#6090=CARTESIAN_POINT('',(6.875E0,6.75E0,-3.E-1));
#6091=LINE('',#6090,#6089);
#6092=DIRECTION('',(-1.E0,0.E0,0.E0));
#6093=VECTOR('',#6092,1.375E1);
#6094=CARTESIAN_POINT('',(6.875E0,6.75E0,-3.E-1));
#6095=LINE('',#6094,#6093);
#6096=CARTESIAN_POINT('',(-6.875E0,6.45E0,-9.E-1));
#6097=DIRECTION('',(1.E0,0.E0,0.E0));
#6098=DIRECTION('',(0.E0,0.E0,-1.E0));
#6099=AXIS2_PLACEMENT_3D('',#6096,#6097,#6098);
#6101=CARTESIAN_POINT('',(-8.575E0,4.75E0,-9.E-1));
#6102=DIRECTION('',(0.E0,1.E0,0.E0));
#6103=DIRECTION('',(0.E0,0.E0,-1.E0));
#6104=AXIS2_PLACEMENT_3D('',#6101,#6102,#6103);
#6106=CARTESIAN_POINT('',(-6.875E0,4.75E0,-9.E-1));
#6107=DIRECTION('',(0.E0,0.E0,-1.E0));
#6108=DIRECTION('',(-1.E0,0.E0,0.E0));
#6109=AXIS2_PLACEMENT_3D('',#6106,#6107,#6108);
#6111=DIRECTION('',(0.E0,0.E0,-1.E0));
#6112=VECTOR('',#6111,6.E-1);
#6113=CARTESIAN_POINT('',(-6.875E0,6.75E0,-3.E-1));
#6114=LINE('',#6113,#6112);
#6115=CARTESIAN_POINT('',(-6.875E0,4.75E0,-3.E-1));
#6116=DIRECTION('',(0.E0,0.E0,1.E0));
#6117=DIRECTION('',(0.E0,1.E0,0.E0));
#6118=AXIS2_PLACEMENT_3D('',#6115,#6116,#6117);
#6120=CARTESIAN_POINT('',(8.575E0,-6.45E0,-9.E-1));
#6121=DIRECTION('',(1.E0,0.E0,0.E0));
#6122=DIRECTION('',(0.E0,-1.E0,0.E0));
#6123=AXIS2_PLACEMENT_3D('',#6120,#6121,#6122);
#6125=CARTESIAN_POINT('',(8.575E0,-6.45E0,-9.E-1));
#6126=DIRECTION('',(0.E0,0.E0,-1.E0));
#6127=DIRECTION('',(1.E0,0.E0,0.E0));
#6128=AXIS2_PLACEMENT_3D('',#6125,#6126,#6127);
#6130=CARTESIAN_POINT('',(8.575E0,-6.45E0,-9.E-1));
#6131=DIRECTION('',(0.E0,-1.E0,0.E0));
#6132=DIRECTION('',(0.E0,0.E0,-1.E0));
#6133=AXIS2_PLACEMENT_3D('',#6130,#6131,#6132);
#6135=CARTESIAN_POINT('',(-8.575E0,-6.45E0,-9.E-1));
#6136=DIRECTION('',(0.E0,0.E0,-1.E0));
#6137=DIRECTION('',(0.E0,-1.E0,0.E0));
#6138=AXIS2_PLACEMENT_3D('',#6135,#6136,#6137);
#6140=CARTESIAN_POINT('',(-8.575E0,-6.45E0,-9.E-1));
#6141=DIRECTION('',(-1.E0,0.E0,0.E0));
#6142=DIRECTION('',(0.E0,0.E0,-1.E0));
#6143=AXIS2_PLACEMENT_3D('',#6140,#6141,#6142);
#6145=CARTESIAN_POINT('',(-8.575E0,-6.45E0,-9.E-1));
#6146=DIRECTION('',(0.E0,-1.E0,0.E0));
#6147=DIRECTION('',(-1.E0,0.E0,0.E0));
#6148=AXIS2_PLACEMENT_3D('',#6145,#6146,#6147);
#6150=CARTESIAN_POINT('',(-8.575E0,-6.45E0,-3.E-1));
#6151=DIRECTION('',(0.E0,-1.E0,0.E0));
#6152=DIRECTION('',(0.E0,0.E0,1.E0));
#6153=AXIS2_PLACEMENT_3D('',#6150,#6151,#6152);
#6155=CARTESIAN_POINT('',(-8.575E0,-6.45E0,-3.E-1));
#6156=DIRECTION('',(-1.E0,0.E0,0.E0));
#6157=DIRECTION('',(0.E0,-1.E0,0.E0));
#6158=AXIS2_PLACEMENT_3D('',#6155,#6156,#6157);
#6160=CARTESIAN_POINT('',(-8.575E0,-6.45E0,-3.E-1));
#6161=DIRECTION('',(0.E0,0.E0,1.E0));
#6162=DIRECTION('',(-1.E0,0.E0,0.E0));
#6163=AXIS2_PLACEMENT_3D('',#6160,#6161,#6162);
#6165=CARTESIAN_POINT('',(8.575E0,-6.45E0,-3.E-1));
#6166=DIRECTION('',(0.E0,-1.E0,0.E0));
#6167=DIRECTION('',(1.E0,0.E0,0.E0));
#6168=AXIS2_PLACEMENT_3D('',#6165,#6166,#6167);
#6170=CARTESIAN_POINT('',(8.575E0,-6.45E0,-3.E-1));
#6171=DIRECTION('',(0.E0,0.E0,1.E0));
#6172=DIRECTION('',(0.E0,-1.E0,0.E0));
#6173=AXIS2_PLACEMENT_3D('',#6170,#6171,#6172);
#6175=CARTESIAN_POINT('',(8.575E0,-6.45E0,-3.E-1));
#6176=DIRECTION('',(1.E0,0.E0,0.E0));
#6177=DIRECTION('',(0.E0,0.E0,1.E0));
#6178=AXIS2_PLACEMENT_3D('',#6175,#6176,#6177);
#6180=CARTESIAN_POINT('',(-3.175E0,-6.35E0,-1.2E0));
#6181=CARTESIAN_POINT('',(3.25E-1,-6.35E0,-1.2E0));
#6182=VERTEX_POINT('',#6180);
#6183=VERTEX_POINT('',#6181);
#6184=CARTESIAN_POINT('',(3.25E-1,-5.95E0,-1.2E0));
#6185=VERTEX_POINT('',#6184);
#6186=CARTESIAN_POINT('',(-3.175E0,-5.95E0,-1.2E0));
#6187=VERTEX_POINT('',#6186);
#6188=CARTESIAN_POINT('',(-5.675E0,2.75E0,-1.425E1));
#6189=CARTESIAN_POINT('',(-5.675E0,-3.7E0,-1.425E1));
#6190=VERTEX_POINT('',#6188);
#6191=VERTEX_POINT('',#6189);
#6192=CARTESIAN_POINT('',(-1.975E0,-4.55E0,-1.425E1));
#6193=CARTESIAN_POINT('',(-1.975E0,-5.35E0,-1.425E1));
#6194=VERTEX_POINT('',#6192);
#6195=VERTEX_POINT('',#6193);
#6196=CARTESIAN_POINT('',(-8.75E-1,-5.35E0,-1.425E1));
#6197=VERTEX_POINT('',#6196);
#6198=CARTESIAN_POINT('',(-8.75E-1,-4.55E0,-1.425E1));
#6199=VERTEX_POINT('',#6198);
#6200=CARTESIAN_POINT('',(3.375E0,-3.7E0,-1.425E1));
#6201=CARTESIAN_POINT('',(3.375E0,-4.55E0,-1.425E1));
#6202=VERTEX_POINT('',#6200);
#6203=VERTEX_POINT('',#6201);
#6204=CARTESIAN_POINT('',(5.675E0,-4.55E0,-1.425E1));
#6205=CARTESIAN_POINT('',(5.675E0,2.75E0,-1.425E1));
#6206=VERTEX_POINT('',#6204);
#6207=VERTEX_POINT('',#6205);
#6208=CARTESIAN_POINT('',(3.375E0,2.75E0,-1.425E1));
#6209=CARTESIAN_POINT('',(3.375E0,2.E0,-1.425E1));
#6210=VERTEX_POINT('',#6208);
#6211=VERTEX_POINT('',#6209);
#6212=CARTESIAN_POINT('',(2.175E0,2.E0,-1.425E1));
#6213=VERTEX_POINT('',#6212);
#6214=CARTESIAN_POINT('',(2.175E0,2.75E0,-1.425E1));
#6215=VERTEX_POINT('',#6214);
#6216=CARTESIAN_POINT('',(-1.825E0,-6.75E0,-6.595683229480E0));
#6217=CARTESIAN_POINT('',(-1.025E0,-6.75E0,-6.595683229480E0));
#6218=VERTEX_POINT('',#6216);
#6219=VERTEX_POINT('',#6217);
#6220=CARTESIAN_POINT('',(2.068322948010E-2,-6.75E0,-5.55E0));
#6221=CARTESIAN_POINT('',(2.068322948010E-2,-6.75E0,-4.75E0));
#6222=VERTEX_POINT('',#6220);
#6223=VERTEX_POINT('',#6221);
#6224=CARTESIAN_POINT('',(-1.025E0,-6.75E0,-3.704316770520E0));
#6225=CARTESIAN_POINT('',(-1.825E0,-6.75E0,-3.704316770520E0));
#6226=VERTEX_POINT('',#6224);
#6227=VERTEX_POINT('',#6225);
#6228=CARTESIAN_POINT('',(-2.870683229480E0,-6.75E0,-4.75E0));
#6229=CARTESIAN_POINT('',(-2.870683229480E0,-6.75E0,-5.55E0));
#6230=VERTEX_POINT('',#6228);
#6231=VERTEX_POINT('',#6229);
#6232=CARTESIAN_POINT('',(3.760786437627E0,-6.75E0,-4.65E0));
#6233=CARTESIAN_POINT('',(3.760786437627E0,-6.75E0,-5.65E0));
#6234=VERTEX_POINT('',#6232);
#6235=VERTEX_POINT('',#6233);
#6236=CARTESIAN_POINT('',(4.675E0,-6.75E0,-6.564213562373E0));
#6237=CARTESIAN_POINT('',(5.675E0,-6.75E0,-6.564213562373E0));
#6238=VERTEX_POINT('',#6236);
#6239=VERTEX_POINT('',#6237);
#6240=CARTESIAN_POINT('',(5.675E0,-6.75E0,-3.735786437627E0));
#6241=CARTESIAN_POINT('',(4.675E0,-6.75E0,-3.735786437627E0));
#6242=VERTEX_POINT('',#6240);
#6243=VERTEX_POINT('',#6241);
#6244=VERTEX_POINT('',#4841);
#6245=VERTEX_POINT('',#4856);
#6246=VERTEX_POINT('',#4793);
#6247=VERTEX_POINT('',#4710);
#6248=VERTEX_POINT('',#4725);
#6249=VERTEX_POINT('',#4989);
#6250=VERTEX_POINT('',#5074);
#6251=VERTEX_POINT('',#5089);
#6252=VERTEX_POINT('',#4670);
#6253=VERTEX_POINT('',#4870);
#6254=VERTEX_POINT('',#4885);
#6255=VERTEX_POINT('',#4459);
#6256=CARTESIAN_POINT('',(-1.425E0,-9.75E0,-4.65E0));
#6257=CARTESIAN_POINT('',(-1.425E0,-9.75E0,-5.65E0));
#6258=VERTEX_POINT('',#6256);
#6259=VERTEX_POINT('',#6257);
#6260=CARTESIAN_POINT('',(-1.425E0,-9.05E0,-6.15E0));
#6261=VERTEX_POINT('',#6260);
#6262=CARTESIAN_POINT('',(-1.425E0,-9.05E0,-4.15E0));
#6263=VERTEX_POINT('',#6262);
#6264=VERTEX_POINT('',#1490);
#6265=VERTEX_POINT('',#1499);
#6266=VERTEX_POINT('',#1479);
#6267=VERTEX_POINT('',#1488);
#6268=VERTEX_POINT('',#1692);
#6269=VERTEX_POINT('',#1701);
#6270=VERTEX_POINT('',#1681);
#6271=VERTEX_POINT('',#1690);
#6272=CARTESIAN_POINT('',(1.025E0,-5.95E0,-1.545E1));
#6273=CARTESIAN_POINT('',(3.25E-1,-5.95E0,-1.545E1));
#6274=VERTEX_POINT('',#6272);
#6275=VERTEX_POINT('',#6273);
#6276=CARTESIAN_POINT('',(-3.175E0,-5.95E0,-1.545E1));
#6277=CARTESIAN_POINT('',(-3.875E0,-5.95E0,-1.545E1));
#6278=VERTEX_POINT('',#6276);
#6279=VERTEX_POINT('',#6277);
#6280=CARTESIAN_POINT('',(3.25E-1,-6.35E0,-1.545E1));
#6281=VERTEX_POINT('',#6280);
#6282=CARTESIAN_POINT('',(-3.175E0,-6.35E0,-1.545E1));
#6283=VERTEX_POINT('',#6282);
#6284=CARTESIAN_POINT('',(-1.320124921973E0,-6.35E0,-1.945E1));
#6285=CARTESIAN_POINT('',(-1.220249688085E0,-6.35E0,-1.935499376169E1));
#6286=VERTEX_POINT('',#6284);
#6287=VERTEX_POINT('',#6285);
#6288=CARTESIAN_POINT('',(-1.125623830561E0,-6.35E0,-1.746247661122E1));
#6289=VERTEX_POINT('',#6288);
#6290=CARTESIAN_POINT('',(-1.125E0,-6.35E0,-1.743750780275E1));
#6291=VERTEX_POINT('',#6290);
#6292=CARTESIAN_POINT('',(-1.125E0,-6.35E0,-1.575E1));
#6293=VERTEX_POINT('',#6292);
#6294=CARTESIAN_POINT('',(-1.725E0,-6.35E0,-1.575E1));
#6295=CARTESIAN_POINT('',(-1.725E0,-6.35E0,-1.743750780275E1));
#6296=VERTEX_POINT('',#6294);
#6297=VERTEX_POINT('',#6295);
#6298=CARTESIAN_POINT('',(-1.724376169439E0,-6.35E0,-1.746247661122E1));
#6299=VERTEX_POINT('',#6298);
#6300=CARTESIAN_POINT('',(-1.629750311915E0,-6.35E0,-1.935499376169E1));
#6301=VERTEX_POINT('',#6300);
#6302=CARTESIAN_POINT('',(-1.529875078027E0,-6.35E0,-1.945E1));
#6303=VERTEX_POINT('',#6302);
#6304=CARTESIAN_POINT('',(-1.320124921973E0,1.45E0,-1.945E1));
#6305=CARTESIAN_POINT('',(-1.220249688085E0,1.45E0,-1.935499376169E1));
#6306=VERTEX_POINT('',#6304);
#6307=VERTEX_POINT('',#6305);
#6308=CARTESIAN_POINT('',(-1.125623830561E0,1.45E0,-1.746247661122E1));
#6309=VERTEX_POINT('',#6308);
#6310=CARTESIAN_POINT('',(-1.724376169439E0,1.45E0,-1.746247661122E1));
#6311=CARTESIAN_POINT('',(-1.629750311915E0,1.45E0,-1.935499376169E1));
#6312=VERTEX_POINT('',#6310);
#6313=VERTEX_POINT('',#6311);
#6314=CARTESIAN_POINT('',(-1.529875078027E0,1.45E0,-1.945E1));
#6315=VERTEX_POINT('',#6314);
#6316=CARTESIAN_POINT('',(-2.025E0,-6.35E0,-1.545E1));
#6317=VERTEX_POINT('',#6316);
#6318=CARTESIAN_POINT('',(-8.25E-1,-6.35E0,-1.545E1));
#6319=VERTEX_POINT('',#6318);
#6320=CARTESIAN_POINT('',(1.025E0,1.45E0,-1.745E1));
#6321=CARTESIAN_POINT('',(-1.125156079353E0,1.45E0,-1.745E1));
#6322=VERTEX_POINT('',#6320);
#6323=VERTEX_POINT('',#6321);
#6324=CARTESIAN_POINT('',(-1.724843920647E0,1.45E0,-1.745E1));
#6325=CARTESIAN_POINT('',(-3.875E0,1.45E0,-1.745E1));
#6326=VERTEX_POINT('',#6324);
#6327=VERTEX_POINT('',#6325);
#6328=CARTESIAN_POINT('',(-3.875E0,-1.55E0,-1.745E1));
#6329=VERTEX_POINT('',#6328);
#6330=CARTESIAN_POINT('',(1.025E0,-1.55E0,-1.745E1));
#6331=VERTEX_POINT('',#6330);
#6332=CARTESIAN_POINT('',(-1.125156079353E0,-2.16E0,-1.745E1));
#6333=VERTEX_POINT('',#6332);
#6334=CARTESIAN_POINT('',(-1.724843920647E0,-2.16E0,-1.745E1));
#6335=VERTEX_POINT('',#6334);
#6336=CARTESIAN_POINT('',(1.025E0,-1.55E0,-1.545E1));
#6337=VERTEX_POINT('',#6336);
#6338=CARTESIAN_POINT('',(-3.875E0,-1.55E0,-1.545E1));
#6339=VERTEX_POINT('',#6338);
#6340=CARTESIAN_POINT('',(-8.25E-1,-2.16E0,-1.545E1));
#6341=VERTEX_POINT('',#6340);
#6342=CARTESIAN_POINT('',(-2.025E0,-2.16E0,-1.545E1));
#6343=VERTEX_POINT('',#6342);
#6344=CARTESIAN_POINT('',(-1.125E0,-2.16E0,-1.743750780275E1));
#6345=VERTEX_POINT('',#6344);
#6346=CARTESIAN_POINT('',(-1.125E0,-2.16E0,-1.575E1));
#6347=VERTEX_POINT('',#6346);
#6348=CARTESIAN_POINT('',(-1.725E0,-2.16E0,-1.575E1));
#6349=VERTEX_POINT('',#6348);
#6350=CARTESIAN_POINT('',(-1.725E0,-2.16E0,-1.743750780275E1));
#6351=VERTEX_POINT('',#6350);
#6352=CARTESIAN_POINT('',(-1.75E-1,-6.35E0,-1.5E1));
#6353=CARTESIAN_POINT('',(-1.75E-1,-6.35E0,-1.4E1));
#6354=VERTEX_POINT('',#6352);
#6355=VERTEX_POINT('',#6353);
#6356=CARTESIAN_POINT('',(-2.675E0,-6.35E0,-1.4E1));
#6357=VERTEX_POINT('',#6356);
#6358=CARTESIAN_POINT('',(-2.675E0,-6.35E0,-1.5E1));
#6359=VERTEX_POINT('',#6358);
#6360=CARTESIAN_POINT('',(6.875E0,7.5E-1,-1.95E0));
#6361=CARTESIAN_POINT('',(6.875E0,7.5E-1,-4.15E0));
#6362=VERTEX_POINT('',#6360);
#6363=VERTEX_POINT('',#6361);
#6364=CARTESIAN_POINT('',(5.675E0,-4.55E0,-1.95E0));
#6365=CARTESIAN_POINT('',(5.675E0,-4.55E0,-4.15E0));
#6366=VERTEX_POINT('',#6364);
#6367=VERTEX_POINT('',#6365);
#6368=CARTESIAN_POINT('',(5.675E0,7.5E-1,-4.15E0));
#6369=VERTEX_POINT('',#6368);
#6370=CARTESIAN_POINT('',(5.675E0,7.5E-1,-1.95E0));
#6371=VERTEX_POINT('',#6370);
#6372=CARTESIAN_POINT('',(5.675E0,-5.95E0,-1.95E0));
#6373=VERTEX_POINT('',#6372);
#6374=CARTESIAN_POINT('',(6.4E-1,-1.55E0,-1.745E1));
#6375=CARTESIAN_POINT('',(6.4E-1,-2.16E0,-1.745E1));
#6376=VERTEX_POINT('',#6374);
#6377=VERTEX_POINT('',#6375);
#6378=CARTESIAN_POINT('',(-3.49E0,-2.16E0,-1.745E1));
#6379=CARTESIAN_POINT('',(-3.49E0,-1.55E0,-1.745E1));
#6380=VERTEX_POINT('',#6378);
#6381=VERTEX_POINT('',#6379);
#6382=CARTESIAN_POINT('',(6.4E-1,-1.55E0,-1.545E1));
#6383=VERTEX_POINT('',#6382);
#6384=CARTESIAN_POINT('',(6.4E-1,-2.16E0,-1.545E1));
#6385=VERTEX_POINT('',#6384);
#6386=CARTESIAN_POINT('',(-3.49E0,-2.16E0,-1.545E1));
#6387=VERTEX_POINT('',#6386);
#6388=CARTESIAN_POINT('',(-3.49E0,-1.55E0,-1.545E1));
#6389=VERTEX_POINT('',#6388);
#6390=CARTESIAN_POINT('',(-5.818675134595E0,-6.35E0,-2.22E0));
#6391=CARTESIAN_POINT('',(-6.875E0,-6.35E0,-2.22E0));
#6392=VERTEX_POINT('',#6390);
#6393=VERTEX_POINT('',#6391);
#6394=CARTESIAN_POINT('',(-6.875E0,-5.95E0,-2.22E0));
#6395=CARTESIAN_POINT('',(-5.587735026919E0,-5.95E0,-2.22E0));
#6396=VERTEX_POINT('',#6394);
#6397=VERTEX_POINT('',#6395);
#6398=CARTESIAN_POINT('',(-4.12E0,-5.95E0,-1.2E0));
#6399=VERTEX_POINT('',#6398);
#6400=CARTESIAN_POINT('',(-6.875E0,-6.35E0,-1.2E0));
#6401=VERTEX_POINT('',#6400);
#6402=CARTESIAN_POINT('',(-4.12E0,-6.35E0,-2.22E0));
#6403=CARTESIAN_POINT('',(-4.831324865405E0,-6.35E0,-2.22E0));
#6404=VERTEX_POINT('',#6402);
#6405=VERTEX_POINT('',#6403);
#6406=CARTESIAN_POINT('',(1.981324865405E0,-6.35E0,-2.22E0));
#6407=CARTESIAN_POINT('',(1.27E0,-6.35E0,-2.22E0));
#6408=VERTEX_POINT('',#6406);
#6409=VERTEX_POINT('',#6407);
#6410=CARTESIAN_POINT('',(3.18E0,-6.35E0,-2.22E0));
#6411=CARTESIAN_POINT('',(2.968675134595E0,-6.35E0,-2.22E0));
#6412=VERTEX_POINT('',#6410);
#6413=VERTEX_POINT('',#6411);
#6414=CARTESIAN_POINT('',(-4.12E0,-6.35E0,-1.2E0));
#6415=VERTEX_POINT('',#6414);
#6416=CARTESIAN_POINT('',(1.27E0,-6.35E0,-1.2E0));
#6417=CARTESIAN_POINT('',(1.27E0,-5.95E0,-1.2E0));
#6418=VERTEX_POINT('',#6416);
#6419=VERTEX_POINT('',#6417);
#6420=CARTESIAN_POINT('',(3.18E0,-5.95E0,-1.2E0));
#6421=CARTESIAN_POINT('',(3.18E0,-6.35E0,-1.2E0));
#6422=VERTEX_POINT('',#6420);
#6423=VERTEX_POINT('',#6421);
#6424=CARTESIAN_POINT('',(-5.062264973081E0,-5.95E0,-2.22E0));
#6425=CARTESIAN_POINT('',(-4.12E0,-5.95E0,-2.22E0));
#6426=VERTEX_POINT('',#6424);
#6427=VERTEX_POINT('',#6425);
#6428=CARTESIAN_POINT('',(1.27E0,-5.95E0,-2.22E0));
#6429=CARTESIAN_POINT('',(2.212264973081E0,-5.95E0,-2.22E0));
#6430=VERTEX_POINT('',#6428);
#6431=VERTEX_POINT('',#6429);
#6432=CARTESIAN_POINT('',(2.737735026919E0,-5.95E0,-2.22E0));
#6433=CARTESIAN_POINT('',(3.18E0,-5.95E0,-2.22E0));
#6434=VERTEX_POINT('',#6432);
#6435=VERTEX_POINT('',#6433);
#6436=CARTESIAN_POINT('',(-5.587735026919E0,-5.95E0,-1.2215E0));
#6437=CARTESIAN_POINT('',(-5.062264973081E0,-5.95E0,-1.2215E0));
#6438=VERTEX_POINT('',#6436);
#6439=VERTEX_POINT('',#6437);
#6440=CARTESIAN_POINT('',(2.212264973081E0,-5.95E0,-1.2215E0));
#6441=CARTESIAN_POINT('',(2.737735026919E0,-5.95E0,-1.2215E0));
#6442=VERTEX_POINT('',#6440);
#6443=VERTEX_POINT('',#6441);
#6444=CARTESIAN_POINT('',(-5.818675134595E0,-6.35E0,-1.2215E0));
#6445=VERTEX_POINT('',#6444);
#6446=CARTESIAN_POINT('',(-4.831324865405E0,-6.35E0,-1.2215E0));
#6447=VERTEX_POINT('',#6446);
#6448=CARTESIAN_POINT('',(1.981324865405E0,-6.35E0,-1.2215E0));
#6449=VERTEX_POINT('',#6448);
#6450=CARTESIAN_POINT('',(2.968675134595E0,-6.35E0,-1.2215E0));
#6451=VERTEX_POINT('',#6450);
#6452=CARTESIAN_POINT('',(-3.875E0,-6.35E0,-1.988E1));
#6453=CARTESIAN_POINT('',(-6.875E0,-6.35E0,-1.988E1));
#6454=VERTEX_POINT('',#6452);
#6455=VERTEX_POINT('',#6453);
#6456=CARTESIAN_POINT('',(3.925E0,-6.35E0,-1.988E1));
#6457=CARTESIAN_POINT('',(1.025E0,-6.35E0,-1.988E1));
#6458=VERTEX_POINT('',#6456);
#6459=VERTEX_POINT('',#6457);
#6460=CARTESIAN_POINT('',(-6.875E0,-5.95E0,-1.988E1));
#6461=CARTESIAN_POINT('',(-3.875E0,-5.95E0,-1.988E1));
#6462=VERTEX_POINT('',#6460);
#6463=VERTEX_POINT('',#6461);
#6464=CARTESIAN_POINT('',(3.925E0,-5.95E0,-1.988E1));
#6465=CARTESIAN_POINT('',(1.025E0,-5.95E0,-1.988E1));
#6466=VERTEX_POINT('',#6464);
#6467=VERTEX_POINT('',#6465);
#6468=CARTESIAN_POINT('',(-4.875E0,-6.35E0,-2.11E1));
#6469=CARTESIAN_POINT('',(-4.875E0,1.45E0,-2.11E1));
#6470=VERTEX_POINT('',#6468);
#6471=VERTEX_POINT('',#6469);
#6472=CARTESIAN_POINT('',(-3.875E0,-6.35E0,-2.01E1));
#6473=VERTEX_POINT('',#6472);
#6474=CARTESIAN_POINT('',(-3.875E0,1.45E0,-2.01E1));
#6475=VERTEX_POINT('',#6474);
#6476=CARTESIAN_POINT('',(1.025E0,-6.35E0,-2.01E1));
#6477=CARTESIAN_POINT('',(2.025E0,-6.35E0,-2.11E1));
#6478=VERTEX_POINT('',#6476);
#6479=VERTEX_POINT('',#6477);
#6480=CARTESIAN_POINT('',(2.025E0,1.45E0,-2.11E1));
#6481=VERTEX_POINT('',#6480);
#6482=CARTESIAN_POINT('',(1.025E0,1.45E0,-2.01E1));
#6483=VERTEX_POINT('',#6482);
#6484=CARTESIAN_POINT('',(-5.875E0,-6.35E0,-2.11E1));
#6485=VERTEX_POINT('',#6484);
#6486=CARTESIAN_POINT('',(2.925E0,-6.35E0,-2.11E1));
#6487=VERTEX_POINT('',#6486);
#6488=CARTESIAN_POINT('',(-6.875E0,-6.35E0,-2.01E1));
#6489=VERTEX_POINT('',#6488);
#6490=CARTESIAN_POINT('',(-5.875E0,2.05E0,-2.11E1));
#6491=VERTEX_POINT('',#6490);
#6492=CARTESIAN_POINT('',(-6.875E0,2.05E0,-2.01E1));
#6493=VERTEX_POINT('',#6492);
#6494=CARTESIAN_POINT('',(2.925E0,2.05E0,-2.11E1));
#6495=VERTEX_POINT('',#6494);
#6496=CARTESIAN_POINT('',(3.925E0,-6.35E0,-2.01E1));
#6497=VERTEX_POINT('',#6496);
#6498=CARTESIAN_POINT('',(3.925E0,2.05E0,-2.01E1));
#6499=VERTEX_POINT('',#6498);
#6500=CARTESIAN_POINT('',(-6.875E0,2.05E0,-1.525E1));
#6501=VERTEX_POINT('',#6500);
#6502=CARTESIAN_POINT('',(-6.675E0,2.25E0,-1.545E1));
#6503=CARTESIAN_POINT('',(-6.675E0,2.25E0,-2.01E1));
#6504=VERTEX_POINT('',#6502);
#6505=VERTEX_POINT('',#6503);
#6506=CARTESIAN_POINT('',(3.725E0,2.25E0,-2.01E1));
#6507=CARTESIAN_POINT('',(3.725E0,2.25E0,-1.545E1));
#6508=VERTEX_POINT('',#6506);
#6509=VERTEX_POINT('',#6507);
#6510=CARTESIAN_POINT('',(3.925E0,2.05E0,-1.545E1));
#6511=VERTEX_POINT('',#6510);
#6512=CARTESIAN_POINT('',(-5.875E0,2.25E0,-2.09E1));
#6513=CARTESIAN_POINT('',(2.925E0,2.25E0,-2.09E1));
#6514=VERTEX_POINT('',#6512);
#6515=VERTEX_POINT('',#6513);
#6516=CARTESIAN_POINT('',(6.675E0,-5.95E0,-4.15E0));
#6517=CARTESIAN_POINT('',(6.875E0,-5.75E0,-4.15E0));
#6518=VERTEX_POINT('',#6516);
#6519=VERTEX_POINT('',#6517);
#6520=CARTESIAN_POINT('',(6.875E0,-5.75E0,-1.525E1));
#6521=VERTEX_POINT('',#6520);
#6522=CARTESIAN_POINT('',(6.675E0,-5.95E0,-1.545E1));
#6523=VERTEX_POINT('',#6522);
#6524=CARTESIAN_POINT('',(6.675E0,4.55E0,-1.545E1));
#6525=VERTEX_POINT('',#6524);
#6526=CARTESIAN_POINT('',(6.875E0,4.55E0,-1.525E1));
#6527=VERTEX_POINT('',#6526);
#6528=CARTESIAN_POINT('',(6.675E0,4.75E0,-1.525E1));
#6529=CARTESIAN_POINT('',(6.675E0,4.75E0,-2.7E0));
#6530=VERTEX_POINT('',#6528);
#6531=VERTEX_POINT('',#6529);
#6532=CARTESIAN_POINT('',(6.875E0,4.55E0,-2.7E0));
#6533=VERTEX_POINT('',#6532);
#6534=CARTESIAN_POINT('',(-6.675E0,4.75E0,-1.525E1));
#6535=VERTEX_POINT('',#6534);
#6536=CARTESIAN_POINT('',(-6.675E0,4.55E0,-1.545E1));
#6537=VERTEX_POINT('',#6536);
#6538=CARTESIAN_POINT('',(-6.875E0,4.55E0,-2.7E0));
#6539=CARTESIAN_POINT('',(-6.875E0,4.55E0,-1.525E1));
#6540=VERTEX_POINT('',#6538);
#6541=VERTEX_POINT('',#6539);
#6542=CARTESIAN_POINT('',(-6.675E0,4.75E0,-2.7E0));
#6543=VERTEX_POINT('',#6542);
#6544=CARTESIAN_POINT('',(-8.575E0,-6.75E0,-3.E-1));
#6545=CARTESIAN_POINT('',(8.575E0,-6.75E0,-3.E-1));
#6546=VERTEX_POINT('',#6544);
#6547=VERTEX_POINT('',#6545);
#6548=CARTESIAN_POINT('',(-8.575E0,-6.45E0,0.E0));
#6549=CARTESIAN_POINT('',(8.575E0,-6.45E0,0.E0));
#6550=VERTEX_POINT('',#6548);
#6551=VERTEX_POINT('',#6549);
#6552=CARTESIAN_POINT('',(8.875E0,-6.45E0,-3.E-1));
#6553=CARTESIAN_POINT('',(8.875E0,-6.45E0,-9.E-1));
#6554=VERTEX_POINT('',#6552);
#6555=VERTEX_POINT('',#6553);
#6556=CARTESIAN_POINT('',(8.575E0,-6.75E0,-9.E-1));
#6557=VERTEX_POINT('',#6556);
#6558=CARTESIAN_POINT('',(8.875E0,4.75E0,-9.E-1));
#6559=VERTEX_POINT('',#6558);
#6560=CARTESIAN_POINT('',(8.575E0,4.75E0,-1.2E0));
#6561=CARTESIAN_POINT('',(8.575E0,-6.45E0,-1.2E0));
#6562=VERTEX_POINT('',#6560);
#6563=VERTEX_POINT('',#6561);
#6564=CARTESIAN_POINT('',(6.875E0,6.45E0,-1.2E0));
#6565=VERTEX_POINT('',#6564);
#6566=CARTESIAN_POINT('',(6.875E0,6.75E0,-9.E-1));
#6567=VERTEX_POINT('',#6566);
#6568=CARTESIAN_POINT('',(-6.875E0,6.45E0,-1.2E0));
#6569=VERTEX_POINT('',#6568);
#6570=CARTESIAN_POINT('',(-6.875E0,6.75E0,-9.E-1));
#6571=VERTEX_POINT('',#6570);
#6572=CARTESIAN_POINT('',(-8.575E0,4.75E0,-1.2E0));
#6573=VERTEX_POINT('',#6572);
#6574=CARTESIAN_POINT('',(-8.875E0,4.75E0,-9.E-1));
#6575=VERTEX_POINT('',#6574);
#6576=CARTESIAN_POINT('',(-8.575E0,-6.45E0,-1.2E0));
#6577=VERTEX_POINT('',#6576);
#6578=CARTESIAN_POINT('',(-8.875E0,-6.45E0,-9.E-1));
#6579=VERTEX_POINT('',#6578);
#6580=CARTESIAN_POINT('',(-8.575E0,-6.75E0,-9.E-1));
#6581=VERTEX_POINT('',#6580);
#6582=CARTESIAN_POINT('',(-8.875E0,-6.45E0,-3.E-1));
#6583=VERTEX_POINT('',#6582);
#6584=CARTESIAN_POINT('',(8.575E0,4.75E0,0.E0));
#6585=VERTEX_POINT('',#6584);
#6586=CARTESIAN_POINT('',(8.875E0,4.75E0,-3.E-1));
#6587=VERTEX_POINT('',#6586);
#6588=CARTESIAN_POINT('',(6.875E0,6.45E0,0.E0));
#6589=VERTEX_POINT('',#6588);
#6590=CARTESIAN_POINT('',(6.875E0,6.75E0,-3.E-1));
#6591=VERTEX_POINT('',#6590);
#6592=CARTESIAN_POINT('',(-6.875E0,6.45E0,0.E0));
#6593=VERTEX_POINT('',#6592);
#6594=CARTESIAN_POINT('',(-6.875E0,6.75E0,-3.E-1));
#6595=VERTEX_POINT('',#6594);
#6596=CARTESIAN_POINT('',(-8.575E0,4.75E0,0.E0));
#6597=VERTEX_POINT('',#6596);
#6598=CARTESIAN_POINT('',(-8.875E0,4.75E0,-3.E-1));
#6599=VERTEX_POINT('',#6598);
#6600=CARTESIAN_POINT('',(-4.875E0,4.95E0,-1.2E0));
#6601=CARTESIAN_POINT('',(4.875E0,4.95E0,-1.2E0));
#6602=VERTEX_POINT('',#6600);
#6603=VERTEX_POINT('',#6601);
#6604=CARTESIAN_POINT('',(-4.875E0,4.75E0,-1.4E0));
#6605=CARTESIAN_POINT('',(4.875E0,4.75E0,-1.4E0));
#6606=VERTEX_POINT('',#6604);
#6607=VERTEX_POINT('',#6605);
#6608=CARTESIAN_POINT('',(-5.675E0,-3.7E0,-5.E-1));
#6609=CARTESIAN_POINT('',(-5.675E0,2.75E0,-5.E-1));
#6610=VERTEX_POINT('',#6608);
#6611=VERTEX_POINT('',#6609);
#6612=CARTESIAN_POINT('',(-5.963675134595E0,-3.7E0,0.E0));
#6613=CARTESIAN_POINT('',(-5.963675134595E0,2.75E0,0.E0));
#6614=VERTEX_POINT('',#6612);
#6615=VERTEX_POINT('',#6613);
#6616=CARTESIAN_POINT('',(-5.081829525578E0,-3.7E0,0.E0));
#6617=VERTEX_POINT('',#6616);
#6618=VERTEX_POINT('',#1949);
#6619=VERTEX_POINT('',#1954);
#6620=CARTESIAN_POINT('',(3.086324865405E0,-3.7E0,0.E0));
#6621=VERTEX_POINT('',#6620);
#6622=CARTESIAN_POINT('',(-4.77E0,-3.7E0,-5.E-1));
#6623=CARTESIAN_POINT('',(-4.77E0,-3.7E0,-1.425E1));
#6624=VERTEX_POINT('',#6622);
#6625=VERTEX_POINT('',#6623);
#6626=CARTESIAN_POINT('',(-1.975E0,-4.55E0,-5.E-1));
#6627=VERTEX_POINT('',#6626);
#6628=CARTESIAN_POINT('',(-8.75E-1,-4.55E0,-5.E-1));
#6629=VERTEX_POINT('',#6628);
#6630=CARTESIAN_POINT('',(1.92E0,-3.7E0,-1.425E1));
#6631=VERTEX_POINT('',#6630);
#6632=CARTESIAN_POINT('',(-8.75E-1,-5.35E0,-5.E-1));
#6633=CARTESIAN_POINT('',(-1.975E0,-5.35E0,-5.E-1));
#6634=VERTEX_POINT('',#6632);
#6635=VERTEX_POINT('',#6633);
#6636=CARTESIAN_POINT('',(-5.863248654052E-1,-5.638675134595E0,0.E0));
#6637=CARTESIAN_POINT('',(-2.263675134595E0,-5.638675134595E0,0.E0));
#6638=VERTEX_POINT('',#6636);
#6639=VERTEX_POINT('',#6637);
#6640=CARTESIAN_POINT('',(-1.75E-1,-6.55E0,-1.4E1));
#6641=CARTESIAN_POINT('',(-2.675E0,-6.55E0,-1.4E1));
#6642=VERTEX_POINT('',#6640);
#6643=VERTEX_POINT('',#6641);
#6644=CARTESIAN_POINT('',(-3.75E-1,-6.75E0,-1.42E1));
#6645=CARTESIAN_POINT('',(-2.475E0,-6.75E0,-1.42E1));
#6646=VERTEX_POINT('',#6644);
#6647=VERTEX_POINT('',#6645);
#6648=CARTESIAN_POINT('',(-2.675E0,-6.55E0,-1.5E1));
#6649=VERTEX_POINT('',#6648);
#6650=CARTESIAN_POINT('',(-2.475E0,-6.75E0,-1.48E1));
#6651=VERTEX_POINT('',#6650);
#6652=CARTESIAN_POINT('',(-3.75E-1,-6.75E0,-1.48E1));
#6653=VERTEX_POINT('',#6652);
#6654=CARTESIAN_POINT('',(-1.75E-1,-6.55E0,-1.5E1));
#6655=VERTEX_POINT('',#6654);
#6656=CARTESIAN_POINT('',(6.875E0,5.05E0,-2.7E0));
#6657=CARTESIAN_POINT('',(4.875E0,5.05E0,-2.7E0));
#6658=VERTEX_POINT('',#6656);
#6659=VERTEX_POINT('',#6657);
#6660=CARTESIAN_POINT('',(-4.875E0,5.05E0,-2.7E0));
#6661=CARTESIAN_POINT('',(-6.875E0,5.05E0,-2.7E0));
#6662=VERTEX_POINT('',#6660);
#6663=VERTEX_POINT('',#6661);
#6664=CARTESIAN_POINT('',(-4.875E0,5.05E0,-1.2E0));
#6665=CARTESIAN_POINT('',(-6.875E0,5.05E0,-1.2E0));
#6666=VERTEX_POINT('',#6664);
#6667=VERTEX_POINT('',#6665);
#6668=CARTESIAN_POINT('',(4.875E0,5.05E0,-1.2E0));
#6669=VERTEX_POINT('',#6668);
#6670=CARTESIAN_POINT('',(4.875E0,4.75E0,-2.7E0));
#6671=VERTEX_POINT('',#6670);
#6672=CARTESIAN_POINT('',(-4.875E0,4.75E0,-2.7E0));
#6673=VERTEX_POINT('',#6672);
#6674=CARTESIAN_POINT('',(6.875E0,-5.75E0,-1.4E0));
#6675=CARTESIAN_POINT('',(6.875E0,5.05E0,-1.4E0));
#6676=VERTEX_POINT('',#6674);
#6677=VERTEX_POINT('',#6675);
#6678=CARTESIAN_POINT('',(7.075E0,-5.75E0,-1.2E0));
#6679=CARTESIAN_POINT('',(7.075E0,5.05E0,-1.2E0));
#6680=VERTEX_POINT('',#6678);
#6681=VERTEX_POINT('',#6679);
#6682=CARTESIAN_POINT('',(6.875E0,-5.75E0,-1.95E0));
#6683=CARTESIAN_POINT('',(6.675E0,-5.95E0,-1.95E0));
#6684=VERTEX_POINT('',#6682);
#6685=VERTEX_POINT('',#6683);
#6686=CARTESIAN_POINT('',(6.675E0,-5.95E0,-1.4E0));
#6687=VERTEX_POINT('',#6686);
#6688=CARTESIAN_POINT('',(6.728589838486E0,-5.95E0,-1.2E0));
#6689=VERTEX_POINT('',#6688);
#6690=CARTESIAN_POINT('',(-8.25E-1,-6.35E0,-3.559402627941E0));
#6691=CARTESIAN_POINT('',(-2.025E0,-6.35E0,-3.559402627941E0));
#6692=VERTEX_POINT('',#6690);
#6693=VERTEX_POINT('',#6691);
#6694=CARTESIAN_POINT('',(-1.025E0,-6.55E0,-3.704316770520E0));
#6695=CARTESIAN_POINT('',(-1.825E0,-6.55E0,-3.704316770520E0));
#6696=VERTEX_POINT('',#6694);
#6697=VERTEX_POINT('',#6695);
#6698=CARTESIAN_POINT('',(-1.025E0,-6.75E0,-4.125304923404E0));
#6699=CARTESIAN_POINT('',(-1.825E0,-6.75E0,-4.125304923404E0));
#6700=VERTEX_POINT('',#6698);
#6701=VERTEX_POINT('',#6699);
#6702=CARTESIAN_POINT('',(-1.025E0,-6.85E0,-4.233484861009E0));
#6703=CARTESIAN_POINT('',(-1.825E0,-6.85E0,-4.233484861009E0));
#6704=VERTEX_POINT('',#6702);
#6705=VERTEX_POINT('',#6703);
#6706=CARTESIAN_POINT('',(1.655973720587E-1,-6.35E0,-4.55E0));
#6707=CARTESIAN_POINT('',(-8.25E-1,-6.35E0,-4.55E0));
#6708=VERTEX_POINT('',#6706);
#6709=VERTEX_POINT('',#6707);
#6710=CARTESIAN_POINT('',(2.068322948010E-2,-6.55E0,-4.75E0));
#6711=CARTESIAN_POINT('',(-1.025E0,-6.55E0,-4.75E0));
#6712=VERTEX_POINT('',#6710);
#6713=VERTEX_POINT('',#6711);
#6714=CARTESIAN_POINT('',(-2.025E0,-6.35E0,-4.55E0));
#6715=VERTEX_POINT('',#6714);
#6716=CARTESIAN_POINT('',(-1.825E0,-6.55E0,-4.75E0));
#6717=VERTEX_POINT('',#6716);
#6718=CARTESIAN_POINT('',(-3.015597372059E0,-6.35E0,-4.55E0));
#6719=VERTEX_POINT('',#6718);
#6720=CARTESIAN_POINT('',(-2.870683229480E0,-6.55E0,-4.75E0));
#6721=VERTEX_POINT('',#6720);
#6722=CARTESIAN_POINT('',(-2.870683229480E0,-6.55E0,-5.55E0));
#6723=VERTEX_POINT('',#6722);
#6724=CARTESIAN_POINT('',(-3.015597372059E0,-6.35E0,-5.75E0));
#6725=VERTEX_POINT('',#6724);
#6726=CARTESIAN_POINT('',(-2.025E0,-6.35E0,-5.75E0));
#6727=VERTEX_POINT('',#6726);
#6728=CARTESIAN_POINT('',(-1.825E0,-6.55E0,-5.55E0));
#6729=VERTEX_POINT('',#6728);
#6730=CARTESIAN_POINT('',(-2.025E0,-6.35E0,-6.740597372059E0));
#6731=VERTEX_POINT('',#6730);
#6732=CARTESIAN_POINT('',(-1.825E0,-6.55E0,-6.595683229480E0));
#6733=VERTEX_POINT('',#6732);
#6734=CARTESIAN_POINT('',(-8.25E-1,-6.35E0,-6.740597372059E0));
#6735=VERTEX_POINT('',#6734);
#6736=CARTESIAN_POINT('',(-1.025E0,-6.55E0,-6.595683229480E0));
#6737=VERTEX_POINT('',#6736);
#6738=CARTESIAN_POINT('',(-8.25E-1,-6.35E0,-5.75E0));
#6739=VERTEX_POINT('',#6738);
#6740=CARTESIAN_POINT('',(-1.025E0,-6.55E0,-5.55E0));
#6741=VERTEX_POINT('',#6740);
#6742=CARTESIAN_POINT('',(1.655973720587E-1,-6.35E0,-5.75E0));
#6743=VERTEX_POINT('',#6742);
#6744=CARTESIAN_POINT('',(2.068322948010E-2,-6.55E0,-5.55E0));
#6745=VERTEX_POINT('',#6744);
#6746=CARTESIAN_POINT('',(4.475E0,-5.95E0,-6.699193338483E0));
#6747=CARTESIAN_POINT('',(5.875E0,-5.95E0,-6.699193338483E0));
#6748=VERTEX_POINT('',#6746);
#6749=VERTEX_POINT('',#6747);
#6750=CARTESIAN_POINT('',(4.675E0,-6.15E0,-6.564213562373E0));
#6751=CARTESIAN_POINT('',(5.675E0,-6.15E0,-6.564213562373E0));
#6752=VERTEX_POINT('',#6750);
#6753=VERTEX_POINT('',#6751);
#6754=CARTESIAN_POINT('',(4.475E0,-5.95E0,-5.85E0));
#6755=VERTEX_POINT('',#6754);
#6756=CARTESIAN_POINT('',(4.675E0,-6.15E0,-5.65E0));
#6757=VERTEX_POINT('',#6756);
#6758=CARTESIAN_POINT('',(3.625806661517E0,-5.95E0,-5.85E0));
#6759=VERTEX_POINT('',#6758);
#6760=CARTESIAN_POINT('',(3.760786437627E0,-6.15E0,-5.65E0));
#6761=VERTEX_POINT('',#6760);
#6762=CARTESIAN_POINT('',(3.625806661517E0,-5.95E0,-4.45E0));
#6763=VERTEX_POINT('',#6762);
#6764=CARTESIAN_POINT('',(3.760786437627E0,-6.15E0,-4.65E0));
#6765=VERTEX_POINT('',#6764);
#6766=CARTESIAN_POINT('',(4.675E0,-6.15E0,-4.65E0));
#6767=VERTEX_POINT('',#6766);
#6768=CARTESIAN_POINT('',(4.475E0,-5.95E0,-4.45E0));
#6769=VERTEX_POINT('',#6768);
#6770=CARTESIAN_POINT('',(4.475E0,-5.95E0,-3.600806661517E0));
#6771=VERTEX_POINT('',#6770);
#6772=CARTESIAN_POINT('',(4.675E0,-6.15E0,-3.735786437627E0));
#6773=VERTEX_POINT('',#6772);
#6774=CARTESIAN_POINT('',(5.675E0,-6.15E0,-3.735786437627E0));
#6775=VERTEX_POINT('',#6774);
#6776=CARTESIAN_POINT('',(5.675E0,-5.95E0,-3.525192319073E0));
#6777=VERTEX_POINT('',#6776);
#6778=CARTESIAN_POINT('',(5.875E0,-5.95E0,-4.15E0));
#6779=VERTEX_POINT('',#6778);
#6780=CARTESIAN_POINT('',(5.675E0,-6.15E0,-4.15E0));
#6781=VERTEX_POINT('',#6780);
#6782=CARTESIAN_POINT('',(4.675E0,-6.75E0,-6.240871211464E0));
#6783=CARTESIAN_POINT('',(5.675E0,-6.75E0,-6.240871211464E0));
#6784=VERTEX_POINT('',#6782);
#6785=VERTEX_POINT('',#6783);
#6786=CARTESIAN_POINT('',(4.675E0,-6.95E0,-6.016025403784E0));
#6787=CARTESIAN_POINT('',(5.675E0,-6.95E0,-6.016025403784E0));
#6788=VERTEX_POINT('',#6786);
#6789=VERTEX_POINT('',#6787);
#6790=CARTESIAN_POINT('',(4.475E0,-6.75E0,-4.65E0));
#6791=CARTESIAN_POINT('',(4.475E0,-6.75E0,-5.65E0));
#6792=VERTEX_POINT('',#6790);
#6793=VERTEX_POINT('',#6791);
#6794=CARTESIAN_POINT('',(4.675E0,-6.95E0,-4.65E0));
#6795=CARTESIAN_POINT('',(4.675E0,-6.95E0,-5.65E0));
#6796=VERTEX_POINT('',#6794);
#6797=VERTEX_POINT('',#6795);
#6798=CARTESIAN_POINT('',(5.675E0,-6.75E0,-4.059128788536E0));
#6799=CARTESIAN_POINT('',(4.675E0,-6.75E0,-4.059128788536E0));
#6800=VERTEX_POINT('',#6798);
#6801=VERTEX_POINT('',#6799);
#6802=CARTESIAN_POINT('',(5.675E0,-6.95E0,-4.283974596216E0));
#6803=CARTESIAN_POINT('',(4.675E0,-6.95E0,-4.283974596216E0));
#6804=VERTEX_POINT('',#6802);
#6805=VERTEX_POINT('',#6803);
#6806=CARTESIAN_POINT('',(-4.003049234040E-1,-6.75E0,-5.55E0));
#6807=CARTESIAN_POINT('',(-4.003049234040E-1,-6.75E0,-4.75E0));
#6808=VERTEX_POINT('',#6806);
#6809=VERTEX_POINT('',#6807);
#6810=CARTESIAN_POINT('',(-5.084848610088E-1,-6.85E0,-5.55E0));
#6811=CARTESIAN_POINT('',(-5.084848610088E-1,-6.85E0,-4.75E0));
#6812=VERTEX_POINT('',#6810);
#6813=VERTEX_POINT('',#6811);
#6814=CARTESIAN_POINT('',(-1.825E0,-6.75E0,-6.174695076596E0));
#6815=CARTESIAN_POINT('',(-1.025E0,-6.75E0,-6.174695076596E0));
#6816=VERTEX_POINT('',#6814);
#6817=VERTEX_POINT('',#6815);
#6818=CARTESIAN_POINT('',(-1.825E0,-6.85E0,-6.066515138991E0));
#6819=CARTESIAN_POINT('',(-1.025E0,-6.85E0,-6.066515138991E0));
#6820=VERTEX_POINT('',#6818);
#6821=VERTEX_POINT('',#6819);
#6822=CARTESIAN_POINT('',(-2.449695076596E0,-6.75E0,-4.75E0));
#6823=CARTESIAN_POINT('',(-2.449695076596E0,-6.75E0,-5.55E0));
#6824=VERTEX_POINT('',#6822);
#6825=VERTEX_POINT('',#6823);
#6826=CARTESIAN_POINT('',(-2.341515138991E0,-6.85E0,-4.75E0));
#6827=CARTESIAN_POINT('',(-2.341515138991E0,-6.85E0,-5.55E0));
#6828=VERTEX_POINT('',#6826);
#6829=VERTEX_POINT('',#6827);
#6830=CARTESIAN_POINT('',(-5.125E0,7.5E-1,-1.425E1));
#6831=CARTESIAN_POINT('',(-5.125E0,-3.7E0,-1.425E1));
#6832=VERTEX_POINT('',#6830);
#6833=VERTEX_POINT('',#6831);
#6834=CARTESIAN_POINT('',(-5.525E0,7.5E-1,-1.425E1));
#6835=CARTESIAN_POINT('',(-5.525E0,-3.7E0,-1.425E1));
#6836=VERTEX_POINT('',#6834);
#6837=VERTEX_POINT('',#6835);
#6838=CARTESIAN_POINT('',(-5.125E0,-3.7E0,-1.45E0));
#6839=VERTEX_POINT('',#6838);
#6840=CARTESIAN_POINT('',(-5.525E0,-3.7E0,-1.45E0));
#6841=VERTEX_POINT('',#6840);
#6842=CARTESIAN_POINT('',(-5.125E0,7.5E-1,-1.952572950590E0));
#6843=VERTEX_POINT('',#6842);
#6844=CARTESIAN_POINT('',(-5.525E0,7.5E-1,-1.95E0));
#6845=VERTEX_POINT('',#6844);
#6846=CARTESIAN_POINT('',(-5.344501838912E0,-3.35E0,-1.45E0));
#6847=CARTESIAN_POINT('',(-5.344501838912E0,2.5E-1,-1.45E0));
#6848=VERTEX_POINT('',#6846);
#6849=VERTEX_POINT('',#6847);
#6850=CARTESIAN_POINT('',(-5.305501838912E0,-3.35E0,-1.45E0));
#6851=CARTESIAN_POINT('',(-5.305501838912E0,2.5E-1,-1.45E0));
#6852=VERTEX_POINT('',#6850);
#6853=VERTEX_POINT('',#6851);
#6854=CARTESIAN_POINT('',(-5.125003677824E0,7.5E-1,-1.95E0));
#6855=VERTEX_POINT('',#6854);
#6856=VERTEX_POINT('',#3278);
#6857=VERTEX_POINT('',#3280);
#6858=CARTESIAN_POINT('',(-5.386825580910E0,-3.35E0,-1.473378254947E0));
#6859=VERTEX_POINT('',#6858);
#6860=CARTESIAN_POINT('',(-5.263178096914E0,-3.35E0,-1.473378254947E0));
#6861=VERTEX_POINT('',#6860);
#6862=CARTESIAN_POINT('',(-5.125E0,-3.45E0,-1.45E0));
#6863=CARTESIAN_POINT('',(-5.225E0,-3.35E0,-1.45E0));
#6864=VERTEX_POINT('',#6862);
#6865=VERTEX_POINT('',#6863);
#6866=CARTESIAN_POINT('',(-5.225E0,-3.35E0,-1.540262240278E0));
#6867=VERTEX_POINT('',#6866);
#6868=CARTESIAN_POINT('',(-5.125E0,-3.45E0,-1.952572950590E0));
#6869=VERTEX_POINT('',#6868);
#6870=CARTESIAN_POINT('',(-5.425E0,-3.35E0,-1.45E0));
#6871=CARTESIAN_POINT('',(-5.425E0,-3.35E0,-1.540255104325E0));
#6872=VERTEX_POINT('',#6870);
#6873=VERTEX_POINT('',#6871);
#6874=CARTESIAN_POINT('',(-5.525E0,-3.45E0,-1.45E0));
#6875=VERTEX_POINT('',#6874);
#6876=CARTESIAN_POINT('',(-5.525E0,-3.45E0,-1.95E0));
#6877=VERTEX_POINT('',#6876);
#6878=CARTESIAN_POINT('',(-5.525E0,-6.35E0,-2.155964425627E0));
#6879=CARTESIAN_POINT('',(-5.525E0,-5.95E0,-1.65E0));
#6880=VERTEX_POINT('',#6878);
#6881=VERTEX_POINT('',#6879);
#6882=CARTESIAN_POINT('',(-5.125E0,-5.95E0,-1.65E0));
#6883=VERTEX_POINT('',#6882);
#6884=CARTESIAN_POINT('',(-5.125E0,-6.35E0,-2.155964425627E0));
#6885=VERTEX_POINT('',#6884);
#6886=CARTESIAN_POINT('',(-5.125E0,-6.35E0,-3.390322664607E0));
#6887=CARTESIAN_POINT('',(-5.125E0,-5.95E0,-4.01E0));
#6888=VERTEX_POINT('',#6886);
#6889=VERTEX_POINT('',#6887);
#6890=CARTESIAN_POINT('',(-5.525E0,-5.95E0,-4.01E0));
#6891=VERTEX_POINT('',#6890);
#6892=CARTESIAN_POINT('',(-5.525E0,-6.35E0,-3.390322664607E0));
#6893=VERTEX_POINT('',#6892);
#6894=CARTESIAN_POINT('',(-5.525E0,-6.35E0,-6.908820323028E0));
#6895=CARTESIAN_POINT('',(-5.525E0,-5.95E0,-6.216E0));
#6896=VERTEX_POINT('',#6894);
#6897=VERTEX_POINT('',#6895);
#6898=CARTESIAN_POINT('',(-5.125E0,-5.95E0,-6.216E0));
#6899=VERTEX_POINT('',#6898);
#6900=CARTESIAN_POINT('',(-5.125E0,-6.35E0,-6.908820323028E0));
#6901=VERTEX_POINT('',#6900);
#6902=CARTESIAN_POINT('',(-5.525E0,-6.35E0,-1.039032266461E1));
#6903=VERTEX_POINT('',#6902);
#6904=CARTESIAN_POINT('',(-5.125E0,-6.35E0,-1.039032266461E1));
#6905=VERTEX_POINT('',#6904);
#6906=CARTESIAN_POINT('',(-5.525E0,-5.95E0,-1.101E1));
#6907=VERTEX_POINT('',#6906);
#6908=CARTESIAN_POINT('',(-5.125E0,-5.95E0,-1.101E1));
#6909=VERTEX_POINT('',#6908);
#6910=CARTESIAN_POINT('',(-5.125E0,-6.35E0,-1.739032266461E1));
#6911=CARTESIAN_POINT('',(-5.125E0,-5.95E0,-1.801E1));
#6912=VERTEX_POINT('',#6910);
#6913=VERTEX_POINT('',#6911);
#6914=CARTESIAN_POINT('',(-5.525E0,-5.95E0,-1.801E1));
#6915=VERTEX_POINT('',#6914);
#6916=CARTESIAN_POINT('',(-5.525E0,-6.35E0,-1.739032266461E1));
#6917=VERTEX_POINT('',#6916);
#6918=CARTESIAN_POINT('',(-5.525E0,-6.35E0,-1.390882032303E1));
#6919=CARTESIAN_POINT('',(-5.525E0,-5.95E0,-1.3216E1));
#6920=VERTEX_POINT('',#6918);
#6921=VERTEX_POINT('',#6919);
#6922=CARTESIAN_POINT('',(-5.125E0,-5.95E0,-1.3216E1));
#6923=VERTEX_POINT('',#6922);
#6924=CARTESIAN_POINT('',(-5.125E0,-6.35E0,-1.390882032303E1));
#6925=VERTEX_POINT('',#6924);
#6926=CARTESIAN_POINT('',(-5.125E0,-9.15E0,-4.9E0));
#6927=CARTESIAN_POINT('',(-5.525E0,-9.15E0,-4.9E0));
#6928=VERTEX_POINT('',#6926);
#6929=VERTEX_POINT('',#6927);
#6930=CARTESIAN_POINT('',(-5.525E0,-9.15E0,-5.4E0));
#6931=VERTEX_POINT('',#6930);
#6932=CARTESIAN_POINT('',(-5.125E0,-9.15E0,-5.4E0));
#6933=VERTEX_POINT('',#6932);
#6934=CARTESIAN_POINT('',(-5.525E0,-9.15E0,-1.19E1));
#6935=CARTESIAN_POINT('',(-5.525E0,-9.15E0,-1.24E1));
#6936=VERTEX_POINT('',#6934);
#6937=VERTEX_POINT('',#6935);
#6938=CARTESIAN_POINT('',(-5.125E0,-9.15E0,-1.24E1));
#6939=VERTEX_POINT('',#6938);
#6940=CARTESIAN_POINT('',(-5.125E0,-9.15E0,-1.19E1));
#6941=VERTEX_POINT('',#6940);
#6942=CARTESIAN_POINT('',(-5.525E0,-9.15E0,-1.89E1));
#6943=CARTESIAN_POINT('',(-5.525E0,-9.15E0,-1.94E1));
#6944=VERTEX_POINT('',#6942);
#6945=VERTEX_POINT('',#6943);
#6946=CARTESIAN_POINT('',(-5.125E0,-9.15E0,-1.94E1));
#6947=VERTEX_POINT('',#6946);
#6948=CARTESIAN_POINT('',(-5.125E0,-9.15E0,-1.89E1));
#6949=VERTEX_POINT('',#6948);
#6950=CARTESIAN_POINT('',(-5.525E0,-5.95E0,-1.97E1));
#6951=CARTESIAN_POINT('',(-5.125E0,-5.95E0,-1.97E1));
#6952=VERTEX_POINT('',#6950);
#6953=VERTEX_POINT('',#6951);
#6954=CARTESIAN_POINT('',(-5.525E0,-6.25E0,-1.94E1));
#6955=CARTESIAN_POINT('',(-5.125E0,-6.25E0,-1.94E1));
#6956=VERTEX_POINT('',#6954);
#6957=VERTEX_POINT('',#6955);
#6958=CARTESIAN_POINT('',(-5.125E0,-5.95E0,-1.86E1));
#6959=CARTESIAN_POINT('',(-5.525E0,-5.95E0,-1.86E1));
#6960=VERTEX_POINT('',#6958);
#6961=VERTEX_POINT('',#6959);
#6962=CARTESIAN_POINT('',(-5.125E0,-6.25E0,-1.89E1));
#6963=CARTESIAN_POINT('',(-5.525E0,-6.25E0,-1.89E1));
#6964=VERTEX_POINT('',#6962);
#6965=VERTEX_POINT('',#6963);
#6966=CARTESIAN_POINT('',(-5.525E0,-5.95E0,-1.27E1));
#6967=CARTESIAN_POINT('',(-5.125E0,-5.95E0,-1.27E1));
#6968=VERTEX_POINT('',#6966);
#6969=VERTEX_POINT('',#6967);
#6970=CARTESIAN_POINT('',(-5.525E0,-6.25E0,-1.24E1));
#6971=CARTESIAN_POINT('',(-5.125E0,-6.25E0,-1.24E1));
#6972=VERTEX_POINT('',#6970);
#6973=VERTEX_POINT('',#6971);
#6974=CARTESIAN_POINT('',(-5.125E0,-5.95E0,-1.16E1));
#6975=CARTESIAN_POINT('',(-5.525E0,-5.95E0,-1.16E1));
#6976=VERTEX_POINT('',#6974);
#6977=VERTEX_POINT('',#6975);
#6978=CARTESIAN_POINT('',(-5.125E0,-6.25E0,-1.19E1));
#6979=CARTESIAN_POINT('',(-5.525E0,-6.25E0,-1.19E1));
#6980=VERTEX_POINT('',#6978);
#6981=VERTEX_POINT('',#6979);
#6982=CARTESIAN_POINT('',(-5.525E0,-5.95E0,-5.7E0));
#6983=CARTESIAN_POINT('',(-5.125E0,-5.95E0,-5.7E0));
#6984=VERTEX_POINT('',#6982);
#6985=VERTEX_POINT('',#6983);
#6986=CARTESIAN_POINT('',(-5.525E0,-6.25E0,-5.4E0));
#6987=CARTESIAN_POINT('',(-5.125E0,-6.25E0,-5.4E0));
#6988=VERTEX_POINT('',#6986);
#6989=VERTEX_POINT('',#6987);
#6990=CARTESIAN_POINT('',(-5.125E0,-5.95E0,-4.6E0));
#6991=CARTESIAN_POINT('',(-5.525E0,-5.95E0,-4.6E0));
#6992=VERTEX_POINT('',#6990);
#6993=VERTEX_POINT('',#6991);
#6994=CARTESIAN_POINT('',(-5.125E0,-6.25E0,-4.9E0));
#6995=CARTESIAN_POINT('',(-5.525E0,-6.25E0,-4.9E0));
#6996=VERTEX_POINT('',#6994);
#6997=VERTEX_POINT('',#6995);
#6998=CARTESIAN_POINT('',(2.455498161088E0,-3.35E0,-1.45E0));
#6999=CARTESIAN_POINT('',(2.413174419090E0,-3.35E0,-1.473378254947E0));
#7000=VERTEX_POINT('',#6998);
#7001=VERTEX_POINT('',#6999);
#7002=CARTESIAN_POINT('',(2.536821903086E0,-3.35E0,-1.473378254947E0));
#7003=CARTESIAN_POINT('',(2.494498161088E0,-3.35E0,-1.45E0));
#7004=VERTEX_POINT('',#7002);
#7005=VERTEX_POINT('',#7003);
#7006=CARTESIAN_POINT('',(2.413174419090E0,4.011016616141E-1,
-1.473378254947E0));
#7007=VERTEX_POINT('',#7006);
#7008=CARTESIAN_POINT('',(2.536821903086E0,4.011016616141E-1,
-1.473378254947E0));
#7009=VERTEX_POINT('',#7008);
#7010=CARTESIAN_POINT('',(2.675E0,-9.15E0,-4.9E0));
#7011=CARTESIAN_POINT('',(2.275E0,-9.15E0,-4.9E0));
#7012=VERTEX_POINT('',#7010);
#7013=VERTEX_POINT('',#7011);
#7014=CARTESIAN_POINT('',(2.275E0,-9.15E0,-5.4E0));
#7015=VERTEX_POINT('',#7014);
#7016=CARTESIAN_POINT('',(2.675E0,-9.15E0,-5.4E0));
#7017=VERTEX_POINT('',#7016);
#7018=CARTESIAN_POINT('',(2.275E0,-9.15E0,-1.19E1));
#7019=CARTESIAN_POINT('',(2.275E0,-9.15E0,-1.24E1));
#7020=VERTEX_POINT('',#7018);
#7021=VERTEX_POINT('',#7019);
#7022=CARTESIAN_POINT('',(2.675E0,-9.15E0,-1.24E1));
#7023=VERTEX_POINT('',#7022);
#7024=CARTESIAN_POINT('',(2.675E0,-9.15E0,-1.19E1));
#7025=VERTEX_POINT('',#7024);
#7026=CARTESIAN_POINT('',(2.275E0,-9.15E0,-1.89E1));
#7027=CARTESIAN_POINT('',(2.275E0,-9.15E0,-1.94E1));
#7028=VERTEX_POINT('',#7026);
#7029=VERTEX_POINT('',#7027);
#7030=CARTESIAN_POINT('',(2.675E0,-9.15E0,-1.94E1));
#7031=VERTEX_POINT('',#7030);
#7032=CARTESIAN_POINT('',(2.675E0,-9.15E0,-1.89E1));
#7033=VERTEX_POINT('',#7032);
#7034=CARTESIAN_POINT('',(2.675E0,-3.7E0,-1.425E1));
#7035=CARTESIAN_POINT('',(2.675E0,7.5E-1,-1.425E1));
#7036=VERTEX_POINT('',#7034);
#7037=VERTEX_POINT('',#7035);
#7038=CARTESIAN_POINT('',(2.275E0,-3.7E0,-1.425E1));
#7039=CARTESIAN_POINT('',(2.275E0,7.5E-1,-1.425E1));
#7040=VERTEX_POINT('',#7038);
#7041=VERTEX_POINT('',#7039);
#7042=CARTESIAN_POINT('',(2.675E0,-3.7E0,-1.45E0));
#7043=VERTEX_POINT('',#7042);
#7044=CARTESIAN_POINT('',(2.275E0,-3.7E0,-1.45E0));
#7045=VERTEX_POINT('',#7044);
#7046=CARTESIAN_POINT('',(2.455498161088E0,2.5E-1,-1.45E0));
#7047=VERTEX_POINT('',#7046);
#7048=CARTESIAN_POINT('',(2.494498161088E0,2.5E-1,-1.45E0));
#7049=VERTEX_POINT('',#7048);
#7050=CARTESIAN_POINT('',(2.674996322176E0,7.5E-1,-1.95E0));
#7051=CARTESIAN_POINT('',(2.675E0,7.5E-1,-1.952572950590E0));
#7052=VERTEX_POINT('',#7050);
#7053=VERTEX_POINT('',#7051);
#7054=VERTEX_POINT('',#2066);
#7055=CARTESIAN_POINT('',(2.675E0,-3.45E0,-1.45E0));
#7056=CARTESIAN_POINT('',(2.575E0,-3.35E0,-1.45E0));
#7057=VERTEX_POINT('',#7055);
#7058=VERTEX_POINT('',#7056);
#7059=CARTESIAN_POINT('',(2.575E0,-3.35E0,-1.540262240278E0));
#7060=VERTEX_POINT('',#7059);
#7061=CARTESIAN_POINT('',(2.675E0,-3.45E0,-1.952572950590E0));
#7062=VERTEX_POINT('',#7061);
#7063=CARTESIAN_POINT('',(2.375E0,-3.35E0,-1.45E0));
#7064=CARTESIAN_POINT('',(2.375E0,-3.35E0,-1.540255104325E0));
#7065=VERTEX_POINT('',#7063);
#7066=VERTEX_POINT('',#7064);
#7067=CARTESIAN_POINT('',(2.275E0,-3.45E0,-1.45E0));
#7068=VERTEX_POINT('',#7067);
#7069=CARTESIAN_POINT('',(2.275E0,-3.45E0,-1.95E0));
#7070=VERTEX_POINT('',#7069);
#7071=CARTESIAN_POINT('',(2.275E0,-5.95E0,-1.97E1));
#7072=CARTESIAN_POINT('',(2.675E0,-5.95E0,-1.97E1));
#7073=VERTEX_POINT('',#7071);
#7074=VERTEX_POINT('',#7072);
#7075=CARTESIAN_POINT('',(2.275E0,-6.25E0,-1.94E1));
#7076=CARTESIAN_POINT('',(2.675E0,-6.25E0,-1.94E1));
#7077=VERTEX_POINT('',#7075);
#7078=VERTEX_POINT('',#7076);
#7079=CARTESIAN_POINT('',(2.675E0,-5.95E0,-1.86E1));
#7080=CARTESIAN_POINT('',(2.275E0,-5.95E0,-1.86E1));
#7081=VERTEX_POINT('',#7079);
#7082=VERTEX_POINT('',#7080);
#7083=CARTESIAN_POINT('',(2.675E0,-6.25E0,-1.89E1));
#7084=CARTESIAN_POINT('',(2.275E0,-6.25E0,-1.89E1));
#7085=VERTEX_POINT('',#7083);
#7086=VERTEX_POINT('',#7084);
#7087=CARTESIAN_POINT('',(2.275E0,-5.95E0,-1.27E1));
#7088=CARTESIAN_POINT('',(2.675E0,-5.95E0,-1.27E1));
#7089=VERTEX_POINT('',#7087);
#7090=VERTEX_POINT('',#7088);
#7091=CARTESIAN_POINT('',(2.275E0,-6.25E0,-1.24E1));
#7092=CARTESIAN_POINT('',(2.675E0,-6.25E0,-1.24E1));
#7093=VERTEX_POINT('',#7091);
#7094=VERTEX_POINT('',#7092);
#7095=CARTESIAN_POINT('',(2.675E0,-5.95E0,-1.16E1));
#7096=CARTESIAN_POINT('',(2.275E0,-5.95E0,-1.16E1));
#7097=VERTEX_POINT('',#7095);
#7098=VERTEX_POINT('',#7096);
#7099=CARTESIAN_POINT('',(2.675E0,-6.25E0,-1.19E1));
#7100=CARTESIAN_POINT('',(2.275E0,-6.25E0,-1.19E1));
#7101=VERTEX_POINT('',#7099);
#7102=VERTEX_POINT('',#7100);
#7103=CARTESIAN_POINT('',(2.275E0,-5.95E0,-5.7E0));
#7104=CARTESIAN_POINT('',(2.675E0,-5.95E0,-5.7E0));
#7105=VERTEX_POINT('',#7103);
#7106=VERTEX_POINT('',#7104);
#7107=CARTESIAN_POINT('',(2.275E0,-6.25E0,-5.4E0));
#7108=CARTESIAN_POINT('',(2.675E0,-6.25E0,-5.4E0));
#7109=VERTEX_POINT('',#7107);
#7110=VERTEX_POINT('',#7108);
#7111=CARTESIAN_POINT('',(2.675E0,-5.95E0,-4.6E0));
#7112=CARTESIAN_POINT('',(2.275E0,-5.95E0,-4.6E0));
#7113=VERTEX_POINT('',#7111);
#7114=VERTEX_POINT('',#7112);
#7115=CARTESIAN_POINT('',(2.675E0,-6.25E0,-4.9E0));
#7116=CARTESIAN_POINT('',(2.275E0,-6.25E0,-4.9E0));
#7117=VERTEX_POINT('',#7115);
#7118=VERTEX_POINT('',#7116);
#7119=CARTESIAN_POINT('',(2.275E0,-6.35E0,-1.390882032303E1));
#7120=CARTESIAN_POINT('',(2.275E0,-5.95E0,-1.3216E1));
#7121=VERTEX_POINT('',#7119);
#7122=VERTEX_POINT('',#7120);
#7123=CARTESIAN_POINT('',(2.675E0,-5.95E0,-1.3216E1));
#7124=VERTEX_POINT('',#7123);
#7125=CARTESIAN_POINT('',(2.675E0,-6.35E0,-1.390882032303E1));
#7126=VERTEX_POINT('',#7125);
#7127=CARTESIAN_POINT('',(2.275E0,-6.35E0,-6.908820323028E0));
#7128=CARTESIAN_POINT('',(2.275E0,-5.95E0,-6.216E0));
#7129=VERTEX_POINT('',#7127);
#7130=VERTEX_POINT('',#7128);
#7131=CARTESIAN_POINT('',(2.675E0,-5.95E0,-6.216E0));
#7132=VERTEX_POINT('',#7131);
#7133=CARTESIAN_POINT('',(2.675E0,-6.35E0,-6.908820323028E0));
#7134=VERTEX_POINT('',#7133);
#7135=CARTESIAN_POINT('',(2.675E0,-6.35E0,-1.739032266461E1));
#7136=CARTESIAN_POINT('',(2.675E0,-5.95E0,-1.801E1));
#7137=VERTEX_POINT('',#7135);
#7138=VERTEX_POINT('',#7136);
#7139=CARTESIAN_POINT('',(2.275E0,-5.95E0,-1.801E1));
#7140=VERTEX_POINT('',#7139);
#7141=CARTESIAN_POINT('',(2.275E0,-6.35E0,-1.739032266461E1));
#7142=VERTEX_POINT('',#7141);
#7143=CARTESIAN_POINT('',(2.675E0,-6.35E0,-1.039032266461E1));
#7144=CARTESIAN_POINT('',(2.675E0,-5.95E0,-1.101E1));
#7145=VERTEX_POINT('',#7143);
#7146=VERTEX_POINT('',#7144);
#7147=CARTESIAN_POINT('',(2.275E0,-5.95E0,-1.101E1));
#7148=VERTEX_POINT('',#7147);
#7149=CARTESIAN_POINT('',(2.275E0,-6.35E0,-1.039032266461E1));
#7150=VERTEX_POINT('',#7149);
#7151=CARTESIAN_POINT('',(2.675E0,-6.35E0,-3.390322664607E0));
#7152=CARTESIAN_POINT('',(2.675E0,-5.95E0,-4.01E0));
#7153=VERTEX_POINT('',#7151);
#7154=VERTEX_POINT('',#7152);
#7155=CARTESIAN_POINT('',(2.275E0,-5.95E0,-4.01E0));
#7156=VERTEX_POINT('',#7155);
#7157=CARTESIAN_POINT('',(2.275E0,-6.35E0,-3.390322664607E0));
#7158=VERTEX_POINT('',#7157);
#7159=CARTESIAN_POINT('',(2.275E0,-6.35E0,-2.155964425627E0));
#7160=CARTESIAN_POINT('',(2.275E0,-5.95E0,-1.65E0));
#7161=VERTEX_POINT('',#7159);
#7162=VERTEX_POINT('',#7160);
#7163=CARTESIAN_POINT('',(2.675E0,-5.95E0,-1.65E0));
#7164=VERTEX_POINT('',#7163);
#7165=CARTESIAN_POINT('',(2.675E0,-6.35E0,-2.155964425627E0));
#7166=VERTEX_POINT('',#7165);
#7167=CARTESIAN_POINT('',(-1.1E0,-1.85E0,-1.935E1));
#7168=CARTESIAN_POINT('',(-1.1E0,-8.5E-1,-1.835E1));
#7169=VERTEX_POINT('',#7167);
#7170=VERTEX_POINT('',#7168);
#7171=CARTESIAN_POINT('',(-1.1E0,-1.25E0,-1.835E1));
#7172=CARTESIAN_POINT('',(-1.1E0,-1.85E0,-1.895E1));
#7173=VERTEX_POINT('',#7171);
#7174=VERTEX_POINT('',#7172);
#7175=CARTESIAN_POINT('',(-1.1E0,-5.75E0,-1.895E1));
#7176=VERTEX_POINT('',#7175);
#7177=CARTESIAN_POINT('',(-1.1E0,-5.75E0,-1.935E1));
#7178=VERTEX_POINT('',#7177);
#7179=CARTESIAN_POINT('',(5.E-2,-1.85E0,-1.935E1));
#7180=CARTESIAN_POINT('',(5.E-2,-8.5E-1,-1.835E1));
#7181=VERTEX_POINT('',#7179);
#7182=VERTEX_POINT('',#7180);
#7183=CARTESIAN_POINT('',(5.E-2,-1.25E0,-1.835E1));
#7184=CARTESIAN_POINT('',(5.E-2,-1.85E0,-1.895E1));
#7185=VERTEX_POINT('',#7183);
#7186=VERTEX_POINT('',#7184);
#7187=CARTESIAN_POINT('',(5.E-2,-5.75E0,-1.895E1));
#7188=VERTEX_POINT('',#7187);
#7189=CARTESIAN_POINT('',(5.E-2,-5.75E0,-1.935E1));
#7190=VERTEX_POINT('',#7189);
#7191=CARTESIAN_POINT('',(-1.1E0,-1.25E0,-1.745E1));
#7192=CARTESIAN_POINT('',(-1.1E0,-8.5E-1,-1.745E1));
#7193=VERTEX_POINT('',#7191);
#7194=VERTEX_POINT('',#7192);
#7195=CARTESIAN_POINT('',(5.E-2,-1.25E0,-1.745E1));
#7196=CARTESIAN_POINT('',(5.E-2,-8.5E-1,-1.745E1));
#7197=VERTEX_POINT('',#7195);
#7198=VERTEX_POINT('',#7196);
#7199=CARTESIAN_POINT('',(-2.75E-1,-9.15E0,-1.935E1));
#7200=CARTESIAN_POINT('',(-2.75E-1,-9.15E0,-1.895E1));
#7201=VERTEX_POINT('',#7199);
#7202=VERTEX_POINT('',#7200);
#7203=CARTESIAN_POINT('',(-7.75E-1,-9.15E0,-1.895E1));
#7204=VERTEX_POINT('',#7203);
#7205=CARTESIAN_POINT('',(-7.75E-1,-9.15E0,-1.935E1));
#7206=VERTEX_POINT('',#7205);
#7207=CARTESIAN_POINT('',(-7.75E-1,-8.5E-1,-7.25E0));
#7208=CARTESIAN_POINT('',(-7.75E-1,-1.25E0,-7.25E0));
#7209=VERTEX_POINT('',#7207);
#7210=VERTEX_POINT('',#7208);
#7211=CARTESIAN_POINT('',(-2.75E-1,-1.25E0,-7.25E0));
#7212=VERTEX_POINT('',#7211);
#7213=CARTESIAN_POINT('',(-2.75E-1,-8.5E-1,-7.25E0));
#7214=VERTEX_POINT('',#7213);
#7215=CARTESIAN_POINT('',(-7.75E-1,-8.5E-1,-1.425E1));
#7216=CARTESIAN_POINT('',(-7.75E-1,-1.25E0,-1.425E1));
#7217=VERTEX_POINT('',#7215);
#7218=VERTEX_POINT('',#7216);
#7219=CARTESIAN_POINT('',(-2.75E-1,-1.25E0,-1.425E1));
#7220=VERTEX_POINT('',#7219);
#7221=CARTESIAN_POINT('',(-2.75E-1,-8.5E-1,-1.425E1));
#7222=VERTEX_POINT('',#7221);
#7223=CARTESIAN_POINT('',(-1.45E-1,-5.75E0,-1.935E1));
#7224=CARTESIAN_POINT('',(-1.45E-1,-5.75E0,-1.895E1));
#7225=VERTEX_POINT('',#7223);
#7226=VERTEX_POINT('',#7224);
#7227=CARTESIAN_POINT('',(-2.75E-1,-5.88E0,-1.935E1));
#7228=CARTESIAN_POINT('',(-2.75E-1,-5.88E0,-1.895E1));
#7229=VERTEX_POINT('',#7227);
#7230=VERTEX_POINT('',#7228);
#7231=CARTESIAN_POINT('',(-9.05E-1,-5.75E0,-1.895E1));
#7232=CARTESIAN_POINT('',(-9.05E-1,-5.75E0,-1.935E1));
#7233=VERTEX_POINT('',#7231);
#7234=VERTEX_POINT('',#7232);
#7235=CARTESIAN_POINT('',(-7.75E-1,-5.88E0,-1.895E1));
#7236=CARTESIAN_POINT('',(-7.75E-1,-5.88E0,-1.935E1));
#7237=VERTEX_POINT('',#7235);
#7238=VERTEX_POINT('',#7236);
#7239=CARTESIAN_POINT('',(3.925E0,-5.35E0,-1.545E1));
#7240=CARTESIAN_POINT('',(5.075E0,-5.35E0,-1.545E1));
#7241=VERTEX_POINT('',#7239);
#7242=VERTEX_POINT('',#7240);
#7243=CARTESIAN_POINT('',(3.925E0,-5.35E0,-1.745E1));
#7244=VERTEX_POINT('',#7243);
#7245=CARTESIAN_POINT('',(3.925E0,-5.95E0,-1.745E1));
#7246=VERTEX_POINT('',#7245);
#7247=CARTESIAN_POINT('',(5.075E0,-5.95E0,-1.545E1));
#7248=VERTEX_POINT('',#7247);
#7249=CARTESIAN_POINT('',(3.375E0,-3.7E0,-5.E-1));
#7250=VERTEX_POINT('',#7249);
#7251=CARTESIAN_POINT('',(3.375E0,-4.55E0,-5.E-1));
#7252=VERTEX_POINT('',#7251);
#7253=CARTESIAN_POINT('',(3.086324865405E0,-4.838675134595E0,0.E0));
#7254=VERTEX_POINT('',#7253);
#7255=CARTESIAN_POINT('',(5.675E0,-4.55E0,-5.E-1));
#7256=VERTEX_POINT('',#7255);
#7257=CARTESIAN_POINT('',(5.963675134595E0,3.038675134595E0,0.E0));
#7258=CARTESIAN_POINT('',(5.963675134595E0,-4.838675134595E0,0.E0));
#7259=VERTEX_POINT('',#7257);
#7260=VERTEX_POINT('',#7258);
#7261=CARTESIAN_POINT('',(5.675E0,2.75E0,-5.E-1));
#7262=VERTEX_POINT('',#7261);
#7263=CARTESIAN_POINT('',(2.463675134595E0,2.75E0,0.E0));
#7264=CARTESIAN_POINT('',(2.463675134595E0,2.288675134595E0,0.E0));
#7265=VERTEX_POINT('',#7263);
#7266=VERTEX_POINT('',#7264);
#7267=CARTESIAN_POINT('',(2.175E0,2.75E0,-5.E-1));
#7268=CARTESIAN_POINT('',(2.175E0,2.E0,-5.E-1));
#7269=VERTEX_POINT('',#7267);
#7270=VERTEX_POINT('',#7268);
#7271=CARTESIAN_POINT('',(3.086324865405E0,2.288675134595E0,0.E0));
#7272=VERTEX_POINT('',#7271);
#7273=CARTESIAN_POINT('',(3.375E0,2.E0,-5.E-1));
#7274=VERTEX_POINT('',#7273);
#7275=CARTESIAN_POINT('',(3.086324865405E0,3.038675134595E0,0.E0));
#7276=VERTEX_POINT('',#7275);
#7277=CARTESIAN_POINT('',(3.375E0,2.75E0,-5.E-1));
#7278=VERTEX_POINT('',#7277);
#7279=CARTESIAN_POINT('',(-5.863248654052E-1,-4.838675134595E0,0.E0));
#7280=VERTEX_POINT('',#7279);
#7281=CARTESIAN_POINT('',(-2.263675134595E0,-4.838675134595E0,0.E0));
#7282=VERTEX_POINT('',#7281);
#7283=CARTESIAN_POINT('',(-2.9E0,-1.85E0,-1.935E1));
#7284=CARTESIAN_POINT('',(-2.9E0,-8.5E-1,-1.835E1));
#7285=VERTEX_POINT('',#7283);
#7286=VERTEX_POINT('',#7284);
#7287=CARTESIAN_POINT('',(-2.9E0,-1.25E0,-1.835E1));
#7288=CARTESIAN_POINT('',(-2.9E0,-1.85E0,-1.895E1));
#7289=VERTEX_POINT('',#7287);
#7290=VERTEX_POINT('',#7288);
#7291=CARTESIAN_POINT('',(-2.9E0,-5.75E0,-1.895E1));
#7292=VERTEX_POINT('',#7291);
#7293=CARTESIAN_POINT('',(-2.9E0,-5.75E0,-1.935E1));
#7294=VERTEX_POINT('',#7293);
#7295=CARTESIAN_POINT('',(-1.75E0,-1.85E0,-1.935E1));
#7296=CARTESIAN_POINT('',(-1.75E0,-8.5E-1,-1.835E1));
#7297=VERTEX_POINT('',#7295);
#7298=VERTEX_POINT('',#7296);
#7299=CARTESIAN_POINT('',(-1.75E0,-1.25E0,-1.835E1));
#7300=CARTESIAN_POINT('',(-1.75E0,-1.85E0,-1.895E1));
#7301=VERTEX_POINT('',#7299);
#7302=VERTEX_POINT('',#7300);
#7303=CARTESIAN_POINT('',(-1.75E0,-5.75E0,-1.895E1));
#7304=VERTEX_POINT('',#7303);
#7305=CARTESIAN_POINT('',(-1.75E0,-5.75E0,-1.935E1));
#7306=VERTEX_POINT('',#7305);
#7307=CARTESIAN_POINT('',(-2.9E0,-8.5E-1,-1.745E1));
#7308=VERTEX_POINT('',#7307);
#7309=CARTESIAN_POINT('',(-2.9E0,-1.25E0,-1.745E1));
#7310=VERTEX_POINT('',#7309);
#7311=CARTESIAN_POINT('',(-1.75E0,-8.5E-1,-1.745E1));
#7312=VERTEX_POINT('',#7311);
#7313=CARTESIAN_POINT('',(-1.75E0,-1.25E0,-1.745E1));
#7314=VERTEX_POINT('',#7313);
#7315=CARTESIAN_POINT('',(-2.075E0,-9.15E0,-1.935E1));
#7316=CARTESIAN_POINT('',(-2.075E0,-9.15E0,-1.895E1));
#7317=VERTEX_POINT('',#7315);
#7318=VERTEX_POINT('',#7316);
#7319=CARTESIAN_POINT('',(-2.575E0,-9.15E0,-1.895E1));
#7320=VERTEX_POINT('',#7319);
#7321=CARTESIAN_POINT('',(-2.575E0,-9.15E0,-1.935E1));
#7322=VERTEX_POINT('',#7321);
#7323=CARTESIAN_POINT('',(-2.575E0,-8.5E-1,-7.25E0));
#7324=CARTESIAN_POINT('',(-2.575E0,-1.25E0,-7.25E0));
#7325=VERTEX_POINT('',#7323);
#7326=VERTEX_POINT('',#7324);
#7327=CARTESIAN_POINT('',(-2.075E0,-1.25E0,-7.25E0));
#7328=VERTEX_POINT('',#7327);
#7329=CARTESIAN_POINT('',(-2.075E0,-8.5E-1,-7.25E0));
#7330=VERTEX_POINT('',#7329);
#7331=CARTESIAN_POINT('',(-2.575E0,-8.5E-1,-1.425E1));
#7332=VERTEX_POINT('',#7331);
#7333=CARTESIAN_POINT('',(-2.575E0,-1.25E0,-1.425E1));
#7334=VERTEX_POINT('',#7333);
#7335=CARTESIAN_POINT('',(-2.075E0,-1.25E0,-1.425E1));
#7336=VERTEX_POINT('',#7335);
#7337=CARTESIAN_POINT('',(-2.075E0,-8.5E-1,-1.425E1));
#7338=VERTEX_POINT('',#7337);
#7339=CARTESIAN_POINT('',(-1.945E0,-5.75E0,-1.935E1));
#7340=CARTESIAN_POINT('',(-1.945E0,-5.75E0,-1.895E1));
#7341=VERTEX_POINT('',#7339);
#7342=VERTEX_POINT('',#7340);
#7343=CARTESIAN_POINT('',(-2.075E0,-5.88E0,-1.935E1));
#7344=CARTESIAN_POINT('',(-2.075E0,-5.88E0,-1.895E1));
#7345=VERTEX_POINT('',#7343);
#7346=VERTEX_POINT('',#7344);
#7347=CARTESIAN_POINT('',(-2.705E0,-5.75E0,-1.895E1));
#7348=CARTESIAN_POINT('',(-2.705E0,-5.75E0,-1.935E1));
#7349=VERTEX_POINT('',#7347);
#7350=VERTEX_POINT('',#7348);
#7351=CARTESIAN_POINT('',(-2.575E0,-5.88E0,-1.895E1));
#7352=CARTESIAN_POINT('',(-2.575E0,-5.88E0,-1.935E1));
#7353=VERTEX_POINT('',#7351);
#7354=VERTEX_POINT('',#7352);
#7355=CARTESIAN_POINT('',(-3.459682525836E0,-1.969188308055E0,-1.425E1));
#7356=CARTESIAN_POINT('',(-3.459682525836E0,8.5E-1,-1.425E1));
#7357=VERTEX_POINT('',#7355);
#7358=VERTEX_POINT('',#7356);
#7359=CARTESIAN_POINT('',(-3.3E0,1.009682525836E0,-1.425E1));
#7360=VERTEX_POINT('',#7359);
#7361=CARTESIAN_POINT('',(4.5E-1,1.009682525836E0,-1.425E1));
#7362=VERTEX_POINT('',#7361);
#7363=CARTESIAN_POINT('',(6.096825258361E-1,8.5E-1,-1.425E1));
#7364=VERTEX_POINT('',#7363);
#7365=CARTESIAN_POINT('',(6.096825258361E-1,-1.969188308055E0,-1.425E1));
#7366=VERTEX_POINT('',#7365);
#7367=CARTESIAN_POINT('',(3.091825258361E-1,-2.489188308055E0,-1.425E1));
#7368=VERTEX_POINT('',#7367);
#7369=CARTESIAN_POINT('',(3.091825258361E-1,-3.109682525836E0,-1.425E1));
#7370=VERTEX_POINT('',#7369);
#7371=CARTESIAN_POINT('',(-4.091825258361E-1,-3.109682525836E0,-1.425E1));
#7372=VERTEX_POINT('',#7371);
#7373=CARTESIAN_POINT('',(-4.091825258361E-1,-2.459682525836E0,-1.425E1));
#7374=VERTEX_POINT('',#7373);
#7375=CARTESIAN_POINT('',(-2.440817474164E0,-2.459682525836E0,-1.425E1));
#7376=VERTEX_POINT('',#7375);
#7377=CARTESIAN_POINT('',(-2.440817474164E0,-3.109682525836E0,-1.425E1));
#7378=VERTEX_POINT('',#7377);
#7379=CARTESIAN_POINT('',(-3.159182525836E0,-3.109682525836E0,-1.425E1));
#7380=VERTEX_POINT('',#7379);
#7381=CARTESIAN_POINT('',(-3.159182525836E0,-2.489188308055E0,-1.425E1));
#7382=VERTEX_POINT('',#7381);
#7383=CARTESIAN_POINT('',(-1.864360147529E0,-3.035605614467E0,-6.55E0));
#7384=CARTESIAN_POINT('',(-9.856398524709E-1,-3.035605614467E0,-6.55E0));
#7385=VERTEX_POINT('',#7383);
#7386=VERTEX_POINT('',#7384);
#7387=CARTESIAN_POINT('',(7.5E-1,1.690317474164E0,-1.425E1));
#7388=CARTESIAN_POINT('',(-3.6E0,1.690317474164E0,-1.425E1));
#7389=VERTEX_POINT('',#7387);
#7390=VERTEX_POINT('',#7388);
#7391=CARTESIAN_POINT('',(-4.140317474164E0,1.15E0,-1.425E1));
#7392=VERTEX_POINT('',#7391);
#7393=CARTESIAN_POINT('',(-4.140317474164E0,-2.222728707138E0,-1.425E1));
#7394=VERTEX_POINT('',#7393);
#7395=CARTESIAN_POINT('',(-3.832238253537E0,-2.677281164695E0,-1.425E1));
#7396=VERTEX_POINT('',#7395);
#7397=CARTESIAN_POINT('',(-1.824042673365E0,-3.790223088631E0,-1.425E1));
#7398=CARTESIAN_POINT('',(-1.824042673365E0,-3.075923088631E0,-1.425E1));
#7399=VERTEX_POINT('',#7397);
#7400=VERTEX_POINT('',#7398);
#7401=CARTESIAN_POINT('',(-1.025957326635E0,-3.075923088631E0,-1.425E1));
#7402=VERTEX_POINT('',#7401);
#7403=CARTESIAN_POINT('',(-1.025957326635E0,-3.790317474164E0,-1.425E1));
#7404=VERTEX_POINT('',#7403);
#7405=CARTESIAN_POINT('',(9.734488950786E-1,-2.645227269243E0,-1.425E1));
#7406=CARTESIAN_POINT('',(1.290317474164E0,-1.989227269243E0,-1.425E1));
#7407=VERTEX_POINT('',#7405);
#7408=VERTEX_POINT('',#7406);
#7409=CARTESIAN_POINT('',(1.290317474164E0,1.15E0,-1.425E1));
#7410=VERTEX_POINT('',#7409);
#7411=CARTESIAN_POINT('',(-3.832238253537E0,-3.651399876767E0,-1.425E1));
#7412=VERTEX_POINT('',#7411);
#7413=CARTESIAN_POINT('',(9.734488950786E-1,-3.657714111190E0,-1.425E1));
#7414=VERTEX_POINT('',#7413);
#7415=CARTESIAN_POINT('',(-3.791920779374E0,-2.664905614467E0,-6.55E0));
#7416=VERTEX_POINT('',#7415);
#7417=CARTESIAN_POINT('',(9.331314209147E-1,-2.636E0,-6.55E0));
#7418=VERTEX_POINT('',#7417);
#7419=CARTESIAN_POINT('',(-3.4E0,-3.790223088631E0,-1.425E1));
#7420=VERTEX_POINT('',#7419);
#7421=CARTESIAN_POINT('',(5.5E-1,-3.790317474164E0,-1.425E1));
#7422=VERTEX_POINT('',#7421);
#7423=CARTESIAN_POINT('',(-3.197405614467E0,-3.147905614467E0,
-6.949994516899E0));
#7424=CARTESIAN_POINT('',(-3.197405614467E0,-2.499438361364E0,
-6.949994516899E0));
#7425=VERTEX_POINT('',#7423);
#7426=VERTEX_POINT('',#7424);
#7427=CARTESIAN_POINT('',(-3.536625633599E0,-3.487125633599E0,-6.55E0));
#7428=CARTESIAN_POINT('',(-3.536625633599E0,-2.590404931680E0,-6.55E0));
#7429=VERTEX_POINT('',#7427);
#7430=VERTEX_POINT('',#7428);
#7431=CARTESIAN_POINT('',(-2.402594385533E0,-3.147905614467E0,
-6.949994516899E0));
#7432=VERTEX_POINT('',#7431);
#7433=CARTESIAN_POINT('',(-2.063374366401E0,-3.487125633599E0,-6.55E0));
#7434=VERTEX_POINT('',#7433);
#7435=CARTESIAN_POINT('',(-2.402594385533E0,-2.497905614467E0,
-6.949994516899E0));
#7436=VERTEX_POINT('',#7435);
#7437=CARTESIAN_POINT('',(-2.063374366401E0,-2.837125633599E0,-6.55E0));
#7438=VERTEX_POINT('',#7437);
#7439=CARTESIAN_POINT('',(-4.474056144674E-1,-2.497905614467E0,
-6.949994516899E0));
#7440=VERTEX_POINT('',#7439);
#7441=CARTESIAN_POINT('',(-7.866256335991E-1,-2.837125633599E0,-6.55E0));
#7442=VERTEX_POINT('',#7441);
#7443=CARTESIAN_POINT('',(-4.474056144674E-1,-3.147905614467E0,
-6.949994516899E0));
#7444=VERTEX_POINT('',#7443);
#7445=CARTESIAN_POINT('',(-7.866256335991E-1,-3.487125633599E0,-6.55E0));
#7446=VERTEX_POINT('',#7445);
#7447=CARTESIAN_POINT('',(3.474056144674E-1,-3.147905614467E0,
-6.949994516899E0));
#7448=VERTEX_POINT('',#7447);
#7449=CARTESIAN_POINT('',(6.866256335991E-1,-3.487125633599E0,-6.55E0));
#7450=VERTEX_POINT('',#7449);
#7451=CARTESIAN_POINT('',(3.474056144674E-1,-2.499438361364E0,
-6.949994516899E0));
#7452=VERTEX_POINT('',#7451);
#7453=CARTESIAN_POINT('',(6.866256335991E-1,-2.590404931680E0,-6.55E0));
#7454=VERTEX_POINT('',#7453);
#7455=CARTESIAN_POINT('',(6.479056144674E-1,-1.979438361364E0,
-6.949994516899E0));
#7456=VERTEX_POINT('',#7455);
#7457=CARTESIAN_POINT('',(9.871256335991E-1,-2.070404931680E0,-6.55E0));
#7458=VERTEX_POINT('',#7457);
#7459=CARTESIAN_POINT('',(6.479056144674E-1,8.499999999997E-1,
-6.949994516899E0));
#7460=VERTEX_POINT('',#7459);
#7461=CARTESIAN_POINT('',(9.871256335991E-1,8.499999999991E-1,-6.55E0));
#7462=VERTEX_POINT('',#7461);
#7463=CARTESIAN_POINT('',(4.5E-1,1.387125633599E0,-6.55E0));
#7464=VERTEX_POINT('',#7463);
#7465=CARTESIAN_POINT('',(4.5E-1,1.047905614467E0,-6.949994516899E0));
#7466=VERTEX_POINT('',#7465);
#7467=CARTESIAN_POINT('',(-3.299999999999E0,1.387125633599E0,-6.55E0));
#7468=VERTEX_POINT('',#7467);
#7469=CARTESIAN_POINT('',(-3.3E0,1.047905614467E0,-6.949994516899E0));
#7470=VERTEX_POINT('',#7469);
#7471=CARTESIAN_POINT('',(-3.837125633599E0,8.5E-1,-6.55E0));
#7472=VERTEX_POINT('',#7471);
#7473=CARTESIAN_POINT('',(-3.497905614467E0,8.5E-1,-6.949994516899E0));
#7474=VERTEX_POINT('',#7473);
#7475=CARTESIAN_POINT('',(-3.837125633599E0,-2.070404931680E0,-6.55E0));
#7476=VERTEX_POINT('',#7475);
#7477=CARTESIAN_POINT('',(-3.497905614467E0,-1.979438361364E0,
-6.949994516899E0));
#7478=VERTEX_POINT('',#7477);
#7479=CARTESIAN_POINT('',(-3.954131920869E0,-2.425572780335E0,-6.55E0));
#7480=CARTESIAN_POINT('',(-4.102094385533E0,-2.210996033824E0,
-6.949994516899E0));
#7481=VERTEX_POINT('',#7479);
#7482=VERTEX_POINT('',#7480);
#7483=CARTESIAN_POINT('',(-4.102094385533E0,1.15E0,-6.949994516899E0));
#7484=VERTEX_POINT('',#7483);
#7485=CARTESIAN_POINT('',(-3.954131920869E0,1.15E0,-6.55E0));
#7486=VERTEX_POINT('',#7485);
#7487=CARTESIAN_POINT('',(-3.6E0,1.504131920869E0,-6.55E0));
#7488=VERTEX_POINT('',#7487);
#7489=CARTESIAN_POINT('',(-3.6E0,1.652094385533E0,-6.949994516899E0));
#7490=VERTEX_POINT('',#7489);
#7491=CARTESIAN_POINT('',(7.499999999998E-1,1.504131920869E0,-6.55E0));
#7492=VERTEX_POINT('',#7491);
#7493=CARTESIAN_POINT('',(7.499999999998E-1,1.652094385533E0,
-6.949994516899E0));
#7494=VERTEX_POINT('',#7493);
#7495=CARTESIAN_POINT('',(1.104131920869E0,1.15E0,-6.55E0));
#7496=VERTEX_POINT('',#7495);
#7497=CARTESIAN_POINT('',(1.252094385533E0,1.15E0,-6.949994516899E0));
#7498=VERTEX_POINT('',#7497);
#7499=CARTESIAN_POINT('',(1.252094385533E0,-1.980479332091E0,
-6.949994516899E0));
#7500=CARTESIAN_POINT('',(1.104131920869E0,-2.281984690897E0,-6.55E0));
#7501=VERTEX_POINT('',#7499);
#7502=VERTEX_POINT('',#7500);
#7503=CARTESIAN_POINT('',(-1.864360147529E0,-3.604037535336E0,-6.55E0));
#7504=CARTESIAN_POINT('',(-1.862265761997E0,-3.752E0,-6.949994516899E0));
#7505=VERTEX_POINT('',#7503);
#7506=VERTEX_POINT('',#7504);
#7507=CARTESIAN_POINT('',(-3.4E0,-3.752E0,-6.949994516899E0));
#7508=VERTEX_POINT('',#7507);
#7509=CARTESIAN_POINT('',(-3.399999599100E0,-3.604037536565E0,
-6.550000003322E0));
#7510=VERTEX_POINT('',#7509);
#7511=VERTEX_POINT('',#2823);
#7512=VERTEX_POINT('',#2833);
#7513=VERTEX_POINT('',#2867);
#7514=VERTEX_POINT('',#2877);
#7515=CARTESIAN_POINT('',(5.5E-1,-3.752094385533E0,-6.949994516899E0));
#7516=VERTEX_POINT('',#7515);
#7517=CARTESIAN_POINT('',(5.5E-1,-3.604131920869E0,-6.55E0));
#7518=VERTEX_POINT('',#7517);
#7519=CARTESIAN_POINT('',(-9.877342380035E-1,-3.752094385533E0,
-6.949994516899E0));
#7520=CARTESIAN_POINT('',(-9.856398524709E-1,-3.604131920869E0,-6.55E0));
#7521=VERTEX_POINT('',#7519);
#7522=VERTEX_POINT('',#7520);
#7523=CARTESIAN_POINT('',(1.975E0,3.85E0,-1.425E1));
#7524=CARTESIAN_POINT('',(-4.825E0,3.85E0,-1.425E1));
#7525=VERTEX_POINT('',#7523);
#7526=VERTEX_POINT('',#7524);
#7527=CARTESIAN_POINT('',(5.325E0,3.85E0,-1.425E1));
#7528=CARTESIAN_POINT('',(3.625E0,3.85E0,-1.425E1));
#7529=VERTEX_POINT('',#7527);
#7530=VERTEX_POINT('',#7528);
#7531=CARTESIAN_POINT('',(-4.175E0,-5.35E0,-1.425E1));
#7532=CARTESIAN_POINT('',(-2.675E0,-5.35E0,-1.425E1));
#7533=VERTEX_POINT('',#7531);
#7534=VERTEX_POINT('',#7532);
#7535=CARTESIAN_POINT('',(-1.75E-1,-5.35E0,-1.425E1));
#7536=CARTESIAN_POINT('',(1.325E0,-5.35E0,-1.425E1));
#7537=VERTEX_POINT('',#7535);
#7538=VERTEX_POINT('',#7536);
#7539=CARTESIAN_POINT('',(3.625E0,-5.35E0,-1.425E1));
#7540=CARTESIAN_POINT('',(5.325E0,-5.35E0,-1.425E1));
#7541=VERTEX_POINT('',#7539);
#7542=VERTEX_POINT('',#7540);
#7543=CARTESIAN_POINT('',(-4.825E0,3.85E0,0.E0));
#7544=CARTESIAN_POINT('',(-4.825E0,2.75E0,0.E0));
#7545=VERTEX_POINT('',#7543);
#7546=VERTEX_POINT('',#7544);
#7547=CARTESIAN_POINT('',(1.975E0,2.75E0,0.E0));
#7548=CARTESIAN_POINT('',(1.975E0,3.85E0,0.E0));
#7549=VERTEX_POINT('',#7547);
#7550=VERTEX_POINT('',#7548);
#7551=CARTESIAN_POINT('',(3.625E0,3.85E0,0.E0));
#7552=CARTESIAN_POINT('',(3.625E0,3.038675134595E0,0.E0));
#7553=VERTEX_POINT('',#7551);
#7554=VERTEX_POINT('',#7552);
#7555=CARTESIAN_POINT('',(5.325E0,3.038675134595E0,0.E0));
#7556=CARTESIAN_POINT('',(5.325E0,3.85E0,0.E0));
#7557=VERTEX_POINT('',#7555);
#7558=VERTEX_POINT('',#7556);
#7559=CARTESIAN_POINT('',(-4.175E0,-5.35E0,0.E0));
#7560=CARTESIAN_POINT('',(-2.675E0,-5.35E0,0.E0));
#7561=VERTEX_POINT('',#7559);
#7562=VERTEX_POINT('',#7560);
#7563=CARTESIAN_POINT('',(-2.675E0,-4.838675134595E0,0.E0));
#7564=VERTEX_POINT('',#7563);
#7565=CARTESIAN_POINT('',(-4.175E0,-4.680288359373E0,0.E0));
#7566=VERTEX_POINT('',#7565);
#7567=CARTESIAN_POINT('',(-1.75E-1,-4.838675134595E0,0.E0));
#7568=CARTESIAN_POINT('',(-1.75E-1,-5.35E0,0.E0));
#7569=VERTEX_POINT('',#7567);
#7570=VERTEX_POINT('',#7568);
#7571=CARTESIAN_POINT('',(1.325E0,-5.35E0,0.E0));
#7572=VERTEX_POINT('',#7571);
#7573=CARTESIAN_POINT('',(1.325E0,-4.680288359373E0,0.E0));
#7574=VERTEX_POINT('',#7573);
#7575=CARTESIAN_POINT('',(3.625E0,-4.838675134595E0,0.E0));
#7576=CARTESIAN_POINT('',(3.625E0,-5.35E0,0.E0));
#7577=VERTEX_POINT('',#7575);
#7578=VERTEX_POINT('',#7576);
#7579=CARTESIAN_POINT('',(5.325E0,-5.35E0,0.E0));
#7580=VERTEX_POINT('',#7579);
#7581=CARTESIAN_POINT('',(5.325E0,-4.838675134595E0,0.E0));
#7582=VERTEX_POINT('',#7581);
#7583=CARTESIAN_POINT('',(-4.175E0,-4.355714965711E0,-1.425E1));
#7584=CARTESIAN_POINT('',(-4.175E0,-4.355714965711E0,-5.E-1));
#7585=VERTEX_POINT('',#7583);
#7586=VERTEX_POINT('',#7584);
#7587=CARTESIAN_POINT('',(-2.675E0,-4.55E0,-5.E-1));
#7588=CARTESIAN_POINT('',(-2.675E0,-4.55E0,-1.425E1));
#7589=VERTEX_POINT('',#7587);
#7590=VERTEX_POINT('',#7588);
#7591=CARTESIAN_POINT('',(-1.75E-1,-4.55E0,-5.E-1));
#7592=CARTESIAN_POINT('',(-1.75E-1,-4.55E0,-1.425E1));
#7593=VERTEX_POINT('',#7591);
#7594=VERTEX_POINT('',#7592);
#7595=CARTESIAN_POINT('',(1.325E0,-4.355714965711E0,-1.425E1));
#7596=CARTESIAN_POINT('',(1.325E0,-4.355714965711E0,-5.E-1));
#7597=VERTEX_POINT('',#7595);
#7598=VERTEX_POINT('',#7596);
#7599=CARTESIAN_POINT('',(3.625E0,-4.55E0,-5.E-1));
#7600=CARTESIAN_POINT('',(3.625E0,-4.55E0,-1.425E1));
#7601=VERTEX_POINT('',#7599);
#7602=VERTEX_POINT('',#7600);
#7603=CARTESIAN_POINT('',(5.325E0,-4.55E0,-5.E-1));
#7604=CARTESIAN_POINT('',(5.325E0,-4.55E0,-1.425E1));
#7605=VERTEX_POINT('',#7603);
#7606=VERTEX_POINT('',#7604);
#7607=CARTESIAN_POINT('',(3.625E0,2.75E0,-5.E-1));
#7608=CARTESIAN_POINT('',(3.625E0,2.75E0,-1.425E1));
#7609=VERTEX_POINT('',#7607);
#7610=VERTEX_POINT('',#7608);
#7611=CARTESIAN_POINT('',(5.325E0,2.75E0,-5.E-1));
#7612=CARTESIAN_POINT('',(5.325E0,2.75E0,-1.425E1));
#7613=VERTEX_POINT('',#7611);
#7614=VERTEX_POINT('',#7612);
#7615=CARTESIAN_POINT('',(-4.825E0,2.75E0,-1.425E1));
#7616=VERTEX_POINT('',#7615);
#7617=CARTESIAN_POINT('',(1.975E0,2.75E0,-1.425E1));
#7618=VERTEX_POINT('',#7617);
#7619=CARTESIAN_POINT('',(0.E0,0.E0,0.E0));
#7620=DIRECTION('',(0.E0,0.E0,1.E0));
#7621=DIRECTION('',(1.E0,0.E0,0.E0));
#7622=AXIS2_PLACEMENT_3D('',#7619,#7620,#7621);
#7623=PLANE('',#7622);
#7625=ORIENTED_EDGE('',*,*,#7624,.F.);
#7627=ORIENTED_EDGE('',*,*,#7626,.F.);
#7629=ORIENTED_EDGE('',*,*,#7628,.F.);
#7631=ORIENTED_EDGE('',*,*,#7630,.F.);
#7633=ORIENTED_EDGE('',*,*,#7632,.F.);
#7635=ORIENTED_EDGE('',*,*,#7634,.F.);
#7636=EDGE_LOOP('',(#7625,#7627,#7629,#7631,#7633,#7635));
#7637=FACE_OUTER_BOUND('',#7636,.F.);
#7639=ORIENTED_EDGE('',*,*,#7638,.T.);
#7641=ORIENTED_EDGE('',*,*,#7640,.F.);
#7643=ORIENTED_EDGE('',*,*,#7642,.F.);
#7645=ORIENTED_EDGE('',*,*,#7644,.F.);
#7647=ORIENTED_EDGE('',*,*,#7646,.F.);
#7649=ORIENTED_EDGE('',*,*,#7648,.T.);
#7651=ORIENTED_EDGE('',*,*,#7650,.T.);
#7653=ORIENTED_EDGE('',*,*,#7652,.T.);
#7655=ORIENTED_EDGE('',*,*,#7654,.F.);
#7657=ORIENTED_EDGE('',*,*,#7656,.F.);
#7659=ORIENTED_EDGE('',*,*,#7658,.F.);
#7661=ORIENTED_EDGE('',*,*,#7660,.F.);
#7663=ORIENTED_EDGE('',*,*,#7662,.F.);
#7665=ORIENTED_EDGE('',*,*,#7664,.T.);
#7667=ORIENTED_EDGE('',*,*,#7666,.T.);
#7669=ORIENTED_EDGE('',*,*,#7668,.T.);
#7671=ORIENTED_EDGE('',*,*,#7670,.F.);
#7673=ORIENTED_EDGE('',*,*,#7672,.T.);
#7675=ORIENTED_EDGE('',*,*,#7674,.F.);
#7677=ORIENTED_EDGE('',*,*,#7676,.F.);
#7679=ORIENTED_EDGE('',*,*,#7678,.T.);
#7681=ORIENTED_EDGE('',*,*,#7680,.T.);
#7683=ORIENTED_EDGE('',*,*,#7682,.T.);
#7685=ORIENTED_EDGE('',*,*,#7684,.F.);
#7687=ORIENTED_EDGE('',*,*,#7686,.F.);
#7689=ORIENTED_EDGE('',*,*,#7688,.F.);
#7691=ORIENTED_EDGE('',*,*,#7690,.T.);
#7693=ORIENTED_EDGE('',*,*,#7692,.T.);
#7695=ORIENTED_EDGE('',*,*,#7694,.T.);
#7697=ORIENTED_EDGE('',*,*,#7696,.F.);
#7699=ORIENTED_EDGE('',*,*,#7698,.F.);
#7701=ORIENTED_EDGE('',*,*,#7700,.F.);
#7703=ORIENTED_EDGE('',*,*,#7702,.F.);
#7705=ORIENTED_EDGE('',*,*,#7704,.F.);
#7707=ORIENTED_EDGE('',*,*,#7706,.T.);
#7709=ORIENTED_EDGE('',*,*,#7708,.T.);
#7710=EDGE_LOOP('',(#7639,#7641,#7643,#7645,#7647,#7649,#7651,#7653,#7655,#7657,
#7659,#7661,#7663,#7665,#7667,#7669,#7671,#7673,#7675,#7677,#7679,#7681,#7683,
#7685,#7687,#7689,#7691,#7693,#7695,#7697,#7699,#7701,#7703,#7705,#7707,#7709));
#7711=FACE_BOUND('',#7710,.F.);
#7713=CARTESIAN_POINT('',(-3.20139E1,-6.45E0,-3.E-1));
#7714=DIRECTION('',(1.E0,0.E0,0.E0));
#7715=DIRECTION('',(0.E0,0.E0,1.E0));
#7716=AXIS2_PLACEMENT_3D('',#7713,#7714,#7715);
#7717=CYLINDRICAL_SURFACE('',#7716,3.E-1);
#7719=ORIENTED_EDGE('',*,*,#7718,.F.);
#7721=ORIENTED_EDGE('',*,*,#7720,.T.);
#7722=ORIENTED_EDGE('',*,*,#7624,.T.);
#7724=ORIENTED_EDGE('',*,*,#7723,.T.);
#7725=EDGE_LOOP('',(#7719,#7721,#7722,#7724));
#7726=FACE_OUTER_BOUND('',#7725,.F.);
#7728=CARTESIAN_POINT('',(-8.875E0,-6.75E0,0.E0));
#7729=DIRECTION('',(0.E0,-1.E0,0.E0));
#7730=DIRECTION('',(1.E0,0.E0,0.E0));
#7731=AXIS2_PLACEMENT_3D('',#7728,#7729,#7730);
#7732=PLANE('',#7731);
#7733=ORIENTED_EDGE('',*,*,#7718,.T.);
#7735=ORIENTED_EDGE('',*,*,#7734,.T.);
#7737=ORIENTED_EDGE('',*,*,#7736,.T.);
#7739=ORIENTED_EDGE('',*,*,#7738,.F.);
#7740=EDGE_LOOP('',(#7733,#7735,#7737,#7739));
#7741=FACE_OUTER_BOUND('',#7740,.F.);
#7743=CARTESIAN_POINT('',(8.575E0,-6.45E0,2.750596E1));
#7744=DIRECTION('',(0.E0,0.E0,-1.E0));
#7745=DIRECTION('',(1.E0,0.E0,0.E0));
#7746=AXIS2_PLACEMENT_3D('',#7743,#7744,#7745);
#7747=CYLINDRICAL_SURFACE('',#7746,3.E-1);
#7749=ORIENTED_EDGE('',*,*,#7748,.T.);
#7751=ORIENTED_EDGE('',*,*,#7750,.T.);
#7752=ORIENTED_EDGE('',*,*,#7734,.F.);
#7754=ORIENTED_EDGE('',*,*,#7753,.T.);
#7755=EDGE_LOOP('',(#7749,#7751,#7752,#7754));
#7756=FACE_OUTER_BOUND('',#7755,.F.);
#7758=CARTESIAN_POINT('',(8.875E0,-6.75E0,0.E0));
#7759=DIRECTION('',(1.E0,0.E0,0.E0));
#7760=DIRECTION('',(0.E0,1.E0,0.E0));
#7761=AXIS2_PLACEMENT_3D('',#7758,#7759,#7760);
#7762=PLANE('',#7761);
#7763=ORIENTED_EDGE('',*,*,#7748,.F.);
#7765=ORIENTED_EDGE('',*,*,#7764,.T.);
#7767=ORIENTED_EDGE('',*,*,#7766,.T.);
#7769=ORIENTED_EDGE('',*,*,#7768,.T.);
#7770=EDGE_LOOP('',(#7763,#7765,#7767,#7769));
#7771=FACE_OUTER_BOUND('',#7770,.F.);
#7773=CARTESIAN_POINT('',(8.575E0,-3.12594E1,-3.E-1));
#7774=DIRECTION('',(0.E0,1.E0,0.E0));
#7775=DIRECTION('',(0.E0,0.E0,1.E0));
#7776=AXIS2_PLACEMENT_3D('',#7773,#7774,#7775);
#7777=CYLINDRICAL_SURFACE('',#7776,3.E-1);
#7778=ORIENTED_EDGE('',*,*,#7634,.T.);
#7780=ORIENTED_EDGE('',*,*,#7779,.T.);
#7781=ORIENTED_EDGE('',*,*,#7764,.F.);
#7783=ORIENTED_EDGE('',*,*,#7782,.T.);
#7784=EDGE_LOOP('',(#7778,#7780,#7781,#7783));
#7785=FACE_OUTER_BOUND('',#7784,.F.);
#7787=CARTESIAN_POINT('',(6.875E0,4.75E0,-3.E-1));
#7788=DIRECTION('',(0.E0,0.E0,1.E0));
#7789=DIRECTION('',(9.999997044425E-1,-7.688399242542E-4,0.E0));
#7790=AXIS2_PLACEMENT_3D('',#7787,#7788,#7789);
#7791=TOROIDAL_SURFACE('',#7790,1.7E0,3.E-1);
#7792=ORIENTED_EDGE('',*,*,#7632,.T.);
#7794=ORIENTED_EDGE('',*,*,#7793,.T.);
#7796=ORIENTED_EDGE('',*,*,#7795,.F.);
#7797=ORIENTED_EDGE('',*,*,#7779,.F.);
#7798=EDGE_LOOP('',(#7792,#7794,#7796,#7797));
#7799=FACE_OUTER_BOUND('',#7798,.F.);
#7801=CARTESIAN_POINT('',(6.87653768E0,6.45E0,-3.E-1));
#7802=DIRECTION('',(-1.E0,0.E0,0.E0));
#7803=DIRECTION('',(0.E0,0.E0,1.E0));
#7804=AXIS2_PLACEMENT_3D('',#7801,#7802,#7803);
#7805=CYLINDRICAL_SURFACE('',#7804,3.E-1);
#7806=ORIENTED_EDGE('',*,*,#7630,.T.);
#7808=ORIENTED_EDGE('',*,*,#7807,.T.);
#7810=ORIENTED_EDGE('',*,*,#7809,.F.);
#7811=ORIENTED_EDGE('',*,*,#7793,.F.);
#7812=EDGE_LOOP('',(#7806,#7808,#7810,#7811));
#7813=FACE_OUTER_BOUND('',#7812,.F.);
#7815=CARTESIAN_POINT('',(-6.875E0,4.75E0,-3.E-1));
#7816=DIRECTION('',(0.E0,0.E0,1.E0));
#7817=DIRECTION('',(7.688399242547E-4,9.999997044425E-1,0.E0));
#7818=AXIS2_PLACEMENT_3D('',#7815,#7816,#7817);
#7819=TOROIDAL_SURFACE('',#7818,1.7E0,3.E-1);
#7820=ORIENTED_EDGE('',*,*,#7628,.T.);
#7822=ORIENTED_EDGE('',*,*,#7821,.T.);
#7824=ORIENTED_EDGE('',*,*,#7823,.F.);
#7825=ORIENTED_EDGE('',*,*,#7807,.F.);
#7826=EDGE_LOOP('',(#7820,#7822,#7824,#7825));
#7827=FACE_OUTER_BOUND('',#7826,.F.);
#7829=CARTESIAN_POINT('',(-8.575E0,4.75153768E0,-3.E-1));
#7830=DIRECTION('',(0.E0,-1.E0,0.E0));
#7831=DIRECTION('',(0.E0,0.E0,1.E0));
#7832=AXIS2_PLACEMENT_3D('',#7829,#7830,#7831);
#7833=CYLINDRICAL_SURFACE('',#7832,3.E-1);
#7835=ORIENTED_EDGE('',*,*,#7834,.F.);
#7836=ORIENTED_EDGE('',*,*,#7821,.F.);
#7837=ORIENTED_EDGE('',*,*,#7626,.T.);
#7839=ORIENTED_EDGE('',*,*,#7838,.T.);
#7840=EDGE_LOOP('',(#7835,#7836,#7837,#7839));
#7841=FACE_OUTER_BOUND('',#7840,.F.);
#7843=CARTESIAN_POINT('',(-8.875E0,4.75E0,0.E0));
#7844=DIRECTION('',(-1.E0,0.E0,0.E0));
#7845=DIRECTION('',(0.E0,-1.E0,0.E0));
#7846=AXIS2_PLACEMENT_3D('',#7843,#7844,#7845);
#7847=PLANE('',#7846);
#7849=ORIENTED_EDGE('',*,*,#7848,.T.);
#7851=ORIENTED_EDGE('',*,*,#7850,.F.);
#7852=ORIENTED_EDGE('',*,*,#7834,.T.);
#7854=ORIENTED_EDGE('',*,*,#7853,.T.);
#7855=EDGE_LOOP('',(#7849,#7851,#7852,#7854));
#7856=FACE_OUTER_BOUND('',#7855,.F.);
#7858=CARTESIAN_POINT('',(-8.575E0,-3.12594E1,-9.E-1));
#7859=DIRECTION('',(0.E0,1.E0,0.E0));
#7860=DIRECTION('',(0.E0,0.E0,-1.E0));
#7861=AXIS2_PLACEMENT_3D('',#7858,#7859,#7860);
#7862=CYLINDRICAL_SURFACE('',#7861,3.E-1);
#7864=ORIENTED_EDGE('',*,*,#7863,.T.);
#7866=ORIENTED_EDGE('',*,*,#7865,.T.);
#7867=ORIENTED_EDGE('',*,*,#7848,.F.);
#7869=ORIENTED_EDGE('',*,*,#7868,.T.);
#7870=EDGE_LOOP('',(#7864,#7866,#7867,#7869));
#7871=FACE_OUTER_BOUND('',#7870,.F.);
#7873=CARTESIAN_POINT('',(0.E0,0.E0,-1.2E0));
#7874=DIRECTION('',(0.E0,0.E0,1.E0));
#7875=DIRECTION('',(1.E0,0.E0,0.E0));
#7876=AXIS2_PLACEMENT_3D('',#7873,#7874,#7875);
#7877=PLANE('',#7876);
#7879=ORIENTED_EDGE('',*,*,#7878,.F.);
#7881=ORIENTED_EDGE('',*,*,#7880,.F.);
#7883=ORIENTED_EDGE('',*,*,#7882,.F.);
#7885=ORIENTED_EDGE('',*,*,#7884,.F.);
#7886=ORIENTED_EDGE('',*,*,#7863,.F.);
#7888=ORIENTED_EDGE('',*,*,#7887,.F.);
#7889=EDGE_LOOP('',(#7879,#7881,#7883,#7885,#7886,#7888));
#7890=FACE_OUTER_BOUND('',#7889,.F.);
#7892=ORIENTED_EDGE('',*,*,#7891,.T.);
#7894=ORIENTED_EDGE('',*,*,#7893,.T.);
#7896=ORIENTED_EDGE('',*,*,#7895,.T.);
#7898=ORIENTED_EDGE('',*,*,#7897,.F.);
#7900=ORIENTED_EDGE('',*,*,#7899,.T.);
#7902=ORIENTED_EDGE('',*,*,#7901,.T.);
#7904=ORIENTED_EDGE('',*,*,#7903,.F.);
#7906=ORIENTED_EDGE('',*,*,#7905,.F.);
#7908=ORIENTED_EDGE('',*,*,#7907,.T.);
#7910=ORIENTED_EDGE('',*,*,#7909,.T.);
#7912=ORIENTED_EDGE('',*,*,#7911,.T.);
#7914=ORIENTED_EDGE('',*,*,#7913,.F.);
#7916=ORIENTED_EDGE('',*,*,#7915,.F.);
#7918=ORIENTED_EDGE('',*,*,#7917,.F.);
#7920=ORIENTED_EDGE('',*,*,#7919,.F.);
#7922=ORIENTED_EDGE('',*,*,#7921,.T.);
#7924=ORIENTED_EDGE('',*,*,#7923,.T.);
#7926=ORIENTED_EDGE('',*,*,#7925,.F.);
#7928=ORIENTED_EDGE('',*,*,#7927,.F.);
#7929=EDGE_LOOP('',(#7892,#7894,#7896,#7898,#7900,#7902,#7904,#7906,#7908,#7910,
#7912,#7914,#7916,#7918,#7920,#7922,#7924,#7926,#7928));
#7930=FACE_BOUND('',#7929,.F.);
#7932=CARTESIAN_POINT('',(7.075E0,-5.75E0,-1.4E0));
#7933=DIRECTION('',(0.E0,1.E0,0.E0));
#7934=DIRECTION('',(7.078755045445E-1,0.E0,-7.063372212094E-1));
#7935=AXIS2_PLACEMENT_3D('',#7932,#7933,#7934);
#7936=TOROIDAL_SURFACE('',#7935,4.E-1,2.E-1);
#7938=ORIENTED_EDGE('',*,*,#7937,.F.);
#7939=ORIENTED_EDGE('',*,*,#7891,.F.);
#7941=ORIENTED_EDGE('',*,*,#7940,.F.);
#7943=ORIENTED_EDGE('',*,*,#7942,.F.);
#7944=EDGE_LOOP('',(#7938,#7939,#7941,#7943));
#7945=FACE_OUTER_BOUND('',#7944,.F.);
#7947=CARTESIAN_POINT('',(-6.875E0,-5.95E0,0.E0));
#7948=DIRECTION('',(0.E0,-1.E0,0.E0));
#7949=DIRECTION('',(-1.E0,0.E0,0.E0));
#7950=AXIS2_PLACEMENT_3D('',#7947,#7948,#7949);
#7951=PLANE('',#7950);
#7953=ORIENTED_EDGE('',*,*,#7952,.F.);
#7955=ORIENTED_EDGE('',*,*,#7954,.F.);
#7957=ORIENTED_EDGE('',*,*,#7956,.T.);
#7959=ORIENTED_EDGE('',*,*,#7958,.F.);
#7961=ORIENTED_EDGE('',*,*,#7960,.T.);
#7963=ORIENTED_EDGE('',*,*,#7962,.T.);
#7965=ORIENTED_EDGE('',*,*,#7964,.T.);
#7967=ORIENTED_EDGE('',*,*,#7966,.F.);
#7968=ORIENTED_EDGE('',*,*,#7909,.F.);
#7970=ORIENTED_EDGE('',*,*,#7969,.F.);
#7972=ORIENTED_EDGE('',*,*,#7971,.T.);
#7974=ORIENTED_EDGE('',*,*,#7973,.F.);
#7975=EDGE_LOOP('',(#7953,#7955,#7957,#7959,#7961,#7963,#7965,#7967,#7968,#7970,
#7972,#7974));
#7976=FACE_OUTER_BOUND('',#7975,.F.);
#7978=ORIENTED_EDGE('',*,*,#7977,.T.);
#7980=ORIENTED_EDGE('',*,*,#7979,.F.);
#7982=ORIENTED_EDGE('',*,*,#7981,.T.);
#7984=ORIENTED_EDGE('',*,*,#7983,.F.);
#7985=EDGE_LOOP('',(#7978,#7980,#7982,#7984));
#7986=FACE_BOUND('',#7985,.F.);
#7988=ORIENTED_EDGE('',*,*,#7987,.T.);
#7990=ORIENTED_EDGE('',*,*,#7989,.F.);
#7992=ORIENTED_EDGE('',*,*,#7991,.T.);
#7994=ORIENTED_EDGE('',*,*,#7993,.F.);
#7995=EDGE_LOOP('',(#7988,#7990,#7992,#7994));
#7996=FACE_BOUND('',#7995,.F.);
#7998=ORIENTED_EDGE('',*,*,#7997,.T.);
#8000=ORIENTED_EDGE('',*,*,#7999,.F.);
#8002=ORIENTED_EDGE('',*,*,#8001,.T.);
#8004=ORIENTED_EDGE('',*,*,#8003,.F.);
#8005=EDGE_LOOP('',(#7998,#8000,#8002,#8004));
#8006=FACE_BOUND('',#8005,.F.);
#8008=ORIENTED_EDGE('',*,*,#8007,.T.);
#8010=ORIENTED_EDGE('',*,*,#8009,.T.);
#8012=ORIENTED_EDGE('',*,*,#8011,.T.);
#8014=ORIENTED_EDGE('',*,*,#8013,.T.);
#8015=EDGE_LOOP('',(#8008,#8010,#8012,#8014));
#8016=FACE_BOUND('',#8015,.F.);
#8018=ORIENTED_EDGE('',*,*,#8017,.T.);
#8020=ORIENTED_EDGE('',*,*,#8019,.T.);
#8022=ORIENTED_EDGE('',*,*,#8021,.T.);
#8024=ORIENTED_EDGE('',*,*,#8023,.T.);
#8025=EDGE_LOOP('',(#8018,#8020,#8022,#8024));
#8026=FACE_BOUND('',#8025,.F.);
#8028=ORIENTED_EDGE('',*,*,#8027,.T.);
#8030=ORIENTED_EDGE('',*,*,#8029,.T.);
#8032=ORIENTED_EDGE('',*,*,#8031,.T.);
#8034=ORIENTED_EDGE('',*,*,#8033,.T.);
#8035=EDGE_LOOP('',(#8028,#8030,#8032,#8034));
#8036=FACE_BOUND('',#8035,.F.);
#8038=CARTESIAN_POINT('',(-6.875E0,-5.95E0,0.E0));
#8039=DIRECTION('',(0.E0,-1.E0,0.E0));
#8040=DIRECTION('',(-1.E0,0.E0,0.E0));
#8041=AXIS2_PLACEMENT_3D('',#8038,#8039,#8040);
#8042=PLANE('',#8041);
#8044=ORIENTED_EDGE('',*,*,#8043,.T.);
#8046=ORIENTED_EDGE('',*,*,#8045,.F.);
#8048=ORIENTED_EDGE('',*,*,#8047,.F.);
#8050=ORIENTED_EDGE('',*,*,#8049,.F.);
#8052=ORIENTED_EDGE('',*,*,#8051,.T.);
#8054=ORIENTED_EDGE('',*,*,#8053,.T.);
#8056=ORIENTED_EDGE('',*,*,#8055,.T.);
#8058=ORIENTED_EDGE('',*,*,#8057,.F.);
#8059=ORIENTED_EDGE('',*,*,#7901,.F.);
#8061=ORIENTED_EDGE('',*,*,#8060,.T.);
#8063=ORIENTED_EDGE('',*,*,#8062,.T.);
#8065=ORIENTED_EDGE('',*,*,#8064,.F.);
#8067=ORIENTED_EDGE('',*,*,#8066,.T.);
#8069=ORIENTED_EDGE('',*,*,#8068,.T.);
#8071=ORIENTED_EDGE('',*,*,#8070,.T.);
#8073=ORIENTED_EDGE('',*,*,#8072,.F.);
#8074=ORIENTED_EDGE('',*,*,#7893,.F.);
#8075=ORIENTED_EDGE('',*,*,#7937,.T.);
#8077=ORIENTED_EDGE('',*,*,#8076,.T.);
#8079=ORIENTED_EDGE('',*,*,#8078,.T.);
#8081=ORIENTED_EDGE('',*,*,#8080,.T.);
#8083=ORIENTED_EDGE('',*,*,#8082,.T.);
#8085=ORIENTED_EDGE('',*,*,#8084,.T.);
#8087=ORIENTED_EDGE('',*,*,#8086,.T.);
#8089=ORIENTED_EDGE('',*,*,#8088,.T.);
#8091=ORIENTED_EDGE('',*,*,#8090,.T.);
#8093=ORIENTED_EDGE('',*,*,#8092,.T.);
#8095=ORIENTED_EDGE('',*,*,#8094,.T.);
#8097=ORIENTED_EDGE('',*,*,#8096,.T.);
#8099=ORIENTED_EDGE('',*,*,#8098,.F.);
#8100=EDGE_LOOP('',(#8044,#8046,#8048,#8050,#8052,#8054,#8056,#8058,#8059,#8061,
#8063,#8065,#8067,#8069,#8071,#8073,#8074,#8075,#8077,#8079,#8081,#8083,#8085,
#8087,#8089,#8091,#8093,#8095,#8097,#8099));
#8101=FACE_OUTER_BOUND('',#8100,.F.);
#8103=ORIENTED_EDGE('',*,*,#8102,.T.);
#8105=ORIENTED_EDGE('',*,*,#8104,.F.);
#8107=ORIENTED_EDGE('',*,*,#8106,.T.);
#8109=ORIENTED_EDGE('',*,*,#8108,.F.);
#8110=EDGE_LOOP('',(#8103,#8105,#8107,#8109));
#8111=FACE_BOUND('',#8110,.F.);
#8113=ORIENTED_EDGE('',*,*,#8112,.T.);
#8115=ORIENTED_EDGE('',*,*,#8114,.F.);
#8117=ORIENTED_EDGE('',*,*,#8116,.T.);
#8119=ORIENTED_EDGE('',*,*,#8118,.F.);
#8120=EDGE_LOOP('',(#8113,#8115,#8117,#8119));
#8121=FACE_BOUND('',#8120,.F.);
#8123=ORIENTED_EDGE('',*,*,#8122,.T.);
#8125=ORIENTED_EDGE('',*,*,#8124,.F.);
#8127=ORIENTED_EDGE('',*,*,#8126,.T.);
#8129=ORIENTED_EDGE('',*,*,#8128,.F.);
#8130=EDGE_LOOP('',(#8123,#8125,#8127,#8129));
#8131=FACE_BOUND('',#8130,.F.);
#8133=ORIENTED_EDGE('',*,*,#8132,.T.);
#8135=ORIENTED_EDGE('',*,*,#8134,.T.);
#8137=ORIENTED_EDGE('',*,*,#8136,.T.);
#8139=ORIENTED_EDGE('',*,*,#8138,.T.);
#8140=EDGE_LOOP('',(#8133,#8135,#8137,#8139));
#8141=FACE_BOUND('',#8140,.F.);
#8143=ORIENTED_EDGE('',*,*,#8142,.T.);
#8145=ORIENTED_EDGE('',*,*,#8144,.T.);
#8147=ORIENTED_EDGE('',*,*,#8146,.T.);
#8149=ORIENTED_EDGE('',*,*,#8148,.T.);
#8150=EDGE_LOOP('',(#8143,#8145,#8147,#8149));
#8151=FACE_BOUND('',#8150,.F.);
#8153=ORIENTED_EDGE('',*,*,#8152,.T.);
#8155=ORIENTED_EDGE('',*,*,#8154,.T.);
#8157=ORIENTED_EDGE('',*,*,#8156,.T.);
#8159=ORIENTED_EDGE('',*,*,#8158,.T.);
#8160=EDGE_LOOP('',(#8153,#8155,#8157,#8159));
#8161=FACE_BOUND('',#8160,.F.);
#8163=CARTESIAN_POINT('',(-3.875E0,-5.95E0,-1.988E1));
#8164=DIRECTION('',(0.E0,0.E0,1.E0));
#8165=DIRECTION('',(-1.E0,0.E0,0.E0));
#8166=AXIS2_PLACEMENT_3D('',#8163,#8164,#8165);
#8167=PLANE('',#8166);
#8168=ORIENTED_EDGE('',*,*,#7952,.T.);
#8170=ORIENTED_EDGE('',*,*,#8169,.T.);
#8172=ORIENTED_EDGE('',*,*,#8171,.T.);
#8174=ORIENTED_EDGE('',*,*,#8173,.F.);
#8175=EDGE_LOOP('',(#8168,#8170,#8172,#8174));
#8176=FACE_OUTER_BOUND('',#8175,.F.);
#8178=CARTESIAN_POINT('',(-3.875E0,-6.35E0,-1.545E1));
#8179=DIRECTION('',(-1.E0,0.E0,0.E0));
#8180=DIRECTION('',(0.E0,0.E0,-1.E0));
#8181=AXIS2_PLACEMENT_3D('',#8178,#8179,#8180);
#8182=PLANE('',#8181);
#8184=ORIENTED_EDGE('',*,*,#8183,.F.);
#8186=ORIENTED_EDGE('',*,*,#8185,.T.);
#8187=ORIENTED_EDGE('',*,*,#8169,.F.);
#8188=ORIENTED_EDGE('',*,*,#7973,.T.);
#8190=ORIENTED_EDGE('',*,*,#8189,.F.);
#8192=ORIENTED_EDGE('',*,*,#8191,.T.);
#8194=ORIENTED_EDGE('',*,*,#8193,.F.);
#8196=ORIENTED_EDGE('',*,*,#8195,.T.);
#8197=EDGE_LOOP('',(#8184,#8186,#8187,#8188,#8190,#8192,#8194,#8196));
#8198=FACE_OUTER_BOUND('',#8197,.F.);
#8200=CARTESIAN_POINT('',(-4.875E0,-3.12594E1,-2.01E1));
#8201=DIRECTION('',(0.E0,1.E0,0.E0));
#8202=DIRECTION('',(1.E0,0.E0,0.E0));
#8203=AXIS2_PLACEMENT_3D('',#8200,#8201,#8202);
#8204=CYLINDRICAL_SURFACE('',#8203,1.E0);
#8206=ORIENTED_EDGE('',*,*,#8205,.F.);
#8208=ORIENTED_EDGE('',*,*,#8207,.T.);
#8209=ORIENTED_EDGE('',*,*,#8183,.T.);
#8211=ORIENTED_EDGE('',*,*,#8210,.T.);
#8212=EDGE_LOOP('',(#8206,#8208,#8209,#8211));
#8213=FACE_OUTER_BOUND('',#8212,.F.);
#8215=CARTESIAN_POINT('',(-6.875E0,2.25E0,-2.11E1));
#8216=DIRECTION('',(0.E0,0.E0,-1.E0));
#8217=DIRECTION('',(0.E0,-1.E0,0.E0));
#8218=AXIS2_PLACEMENT_3D('',#8215,#8216,#8217);
#8219=PLANE('',#8218);
#8220=ORIENTED_EDGE('',*,*,#8205,.T.);
#8222=ORIENTED_EDGE('',*,*,#8221,.F.);
#8224=ORIENTED_EDGE('',*,*,#8223,.T.);
#8226=ORIENTED_EDGE('',*,*,#8225,.T.);
#8228=ORIENTED_EDGE('',*,*,#8227,.T.);
#8230=ORIENTED_EDGE('',*,*,#8229,.F.);
#8232=ORIENTED_EDGE('',*,*,#8231,.T.);
#8234=ORIENTED_EDGE('',*,*,#8233,.T.);
#8235=EDGE_LOOP('',(#8220,#8222,#8224,#8226,#8228,#8230,#8232,#8234));
#8236=FACE_OUTER_BOUND('',#8235,.F.);
#8238=CARTESIAN_POINT('',(-6.875E0,1.45E0,0.E0));
#8239=DIRECTION('',(0.E0,-1.E0,0.E0));
#8240=DIRECTION('',(-1.E0,0.E0,0.E0));
#8241=AXIS2_PLACEMENT_3D('',#8238,#8239,#8240);
#8242=PLANE('',#8241);
#8243=ORIENTED_EDGE('',*,*,#8221,.T.);
#8244=ORIENTED_EDGE('',*,*,#8210,.F.);
#8245=ORIENTED_EDGE('',*,*,#8195,.F.);
#8247=ORIENTED_EDGE('',*,*,#8246,.F.);
#8249=ORIENTED_EDGE('',*,*,#8248,.T.);
#8251=ORIENTED_EDGE('',*,*,#8250,.T.);
#8253=ORIENTED_EDGE('',*,*,#8252,.T.);
#8255=ORIENTED_EDGE('',*,*,#8254,.T.);
#8257=ORIENTED_EDGE('',*,*,#8256,.T.);
#8259=ORIENTED_EDGE('',*,*,#8258,.T.);
#8261=ORIENTED_EDGE('',*,*,#8260,.T.);
#8263=ORIENTED_EDGE('',*,*,#8262,.F.);
#8265=ORIENTED_EDGE('',*,*,#8264,.F.);
#8267=ORIENTED_EDGE('',*,*,#8266,.F.);
#8268=EDGE_LOOP('',(#8243,#8244,#8245,#8247,#8249,#8251,#8253,#8255,#8257,#8259,
#8261,#8263,#8265,#8267));
#8269=FACE_OUTER_BOUND('',#8268,.F.);
#8271=CARTESIAN_POINT('',(-6.875E0,1.45E0,-1.745E1));
#8272=DIRECTION('',(0.E0,0.E0,-1.E0));
#8273=DIRECTION('',(-1.E0,0.E0,0.E0));
#8274=AXIS2_PLACEMENT_3D('',#8271,#8272,#8273);
#8275=PLANE('',#8274);
#8276=ORIENTED_EDGE('',*,*,#8262,.T.);
#8278=ORIENTED_EDGE('',*,*,#8277,.T.);
#8280=ORIENTED_EDGE('',*,*,#8279,.F.);
#8282=ORIENTED_EDGE('',*,*,#8281,.F.);
#8284=ORIENTED_EDGE('',*,*,#8283,.F.);
#8286=ORIENTED_EDGE('',*,*,#8285,.F.);
#8287=EDGE_LOOP('',(#8276,#8278,#8280,#8282,#8284,#8286));
#8288=FACE_OUTER_BOUND('',#8287,.F.);
#8290=ORIENTED_EDGE('',*,*,#8289,.T.);
#8292=ORIENTED_EDGE('',*,*,#8291,.T.);
#8294=ORIENTED_EDGE('',*,*,#8293,.F.);
#8296=ORIENTED_EDGE('',*,*,#8295,.F.);
#8297=EDGE_LOOP('',(#8290,#8292,#8294,#8296));
#8298=FACE_BOUND('',#8297,.F.);
#8300=CARTESIAN_POINT('',(-6.875E0,1.45E0,-1.745E1));
#8301=DIRECTION('',(0.E0,0.E0,-1.E0));
#8302=DIRECTION('',(-1.E0,0.E0,0.E0));
#8303=AXIS2_PLACEMENT_3D('',#8300,#8301,#8302);
#8304=PLANE('',#8303);
#8305=ORIENTED_EDGE('',*,*,#8246,.T.);
#8306=ORIENTED_EDGE('',*,*,#8193,.T.);
#8308=ORIENTED_EDGE('',*,*,#8307,.F.);
#8310=ORIENTED_EDGE('',*,*,#8309,.F.);
#8312=ORIENTED_EDGE('',*,*,#8311,.F.);
#8314=ORIENTED_EDGE('',*,*,#8313,.F.);
#8315=EDGE_LOOP('',(#8305,#8306,#8308,#8310,#8312,#8314));
#8316=FACE_OUTER_BOUND('',#8315,.F.);
#8318=ORIENTED_EDGE('',*,*,#8317,.T.);
#8320=ORIENTED_EDGE('',*,*,#8319,.T.);
#8322=ORIENTED_EDGE('',*,*,#8321,.F.);
#8324=ORIENTED_EDGE('',*,*,#8323,.F.);
#8325=EDGE_LOOP('',(#8318,#8320,#8322,#8324));
#8326=FACE_BOUND('',#8325,.F.);
#8328=CARTESIAN_POINT('',(-1.625E0,1.45E0,-1.743750780275E1));
#8329=DIRECTION('',(0.E0,-1.E0,0.E0));
#8330=DIRECTION('',(-1.E0,0.E0,0.E0));
#8331=AXIS2_PLACEMENT_3D('',#8328,#8329,#8330);
#8332=CYLINDRICAL_SURFACE('',#8331,5.E-1);
#8333=ORIENTED_EDGE('',*,*,#8277,.F.);
#8334=ORIENTED_EDGE('',*,*,#8260,.F.);
#8336=ORIENTED_EDGE('',*,*,#8335,.T.);
#8338=ORIENTED_EDGE('',*,*,#8337,.T.);
#8340=ORIENTED_EDGE('',*,*,#8339,.F.);
#8342=ORIENTED_EDGE('',*,*,#8341,.F.);
#8343=EDGE_LOOP('',(#8333,#8334,#8336,#8338,#8340,#8342));
#8344=FACE_OUTER_BOUND('',#8343,.F.);
#8346=CARTESIAN_POINT('',(-1.220249688085E0,1.45E0,-1.935499376169E1));
#8347=DIRECTION('',(9.987523388778E-1,0.E0,-4.993761694390E-2));
#8348=DIRECTION('',(4.993761694390E-2,0.E0,9.987523388778E-1));
#8349=AXIS2_PLACEMENT_3D('',#8346,#8347,#8348);
#8350=PLANE('',#8349);
#8351=ORIENTED_EDGE('',*,*,#8258,.F.);
#8353=ORIENTED_EDGE('',*,*,#8352,.T.);
#8355=ORIENTED_EDGE('',*,*,#8354,.T.);
#8356=ORIENTED_EDGE('',*,*,#8335,.F.);
#8357=EDGE_LOOP('',(#8351,#8353,#8355,#8356));
#8358=FACE_OUTER_BOUND('',#8357,.F.);
#8360=CARTESIAN_POINT('',(-1.320124921973E0,1.45E0,-1.935E1));
#8361=DIRECTION('',(0.E0,-1.E0,0.E0));
#8362=DIRECTION('',(-1.E0,0.E0,0.E0));
#8363=AXIS2_PLACEMENT_3D('',#8360,#8361,#8362);
#8364=CYLINDRICAL_SURFACE('',#8363,1.E-1);
#8365=ORIENTED_EDGE('',*,*,#8256,.F.);
#8367=ORIENTED_EDGE('',*,*,#8366,.T.);
#8369=ORIENTED_EDGE('',*,*,#8368,.T.);
#8370=ORIENTED_EDGE('',*,*,#8352,.F.);
#8371=EDGE_LOOP('',(#8365,#8367,#8369,#8370));
#8372=FACE_OUTER_BOUND('',#8371,.F.);
#8374=CARTESIAN_POINT('',(-1.529875078027E0,1.45E0,-1.945E1));
#8375=DIRECTION('',(0.E0,0.E0,-1.E0));
#8376=DIRECTION('',(1.E0,0.E0,0.E0));
#8377=AXIS2_PLACEMENT_3D('',#8374,#8375,#8376);
#8378=PLANE('',#8377);
#8379=ORIENTED_EDGE('',*,*,#8254,.F.);
#8381=ORIENTED_EDGE('',*,*,#8380,.T.);
#8383=ORIENTED_EDGE('',*,*,#8382,.T.);
#8384=ORIENTED_EDGE('',*,*,#8366,.F.);
#8385=EDGE_LOOP('',(#8379,#8381,#8383,#8384));
#8386=FACE_OUTER_BOUND('',#8385,.F.);
#8388=CARTESIAN_POINT('',(-1.529875078027E0,1.45E0,-1.935E1));
#8389=DIRECTION('',(0.E0,-1.E0,0.E0));
#8390=DIRECTION('',(-1.E0,0.E0,0.E0));
#8391=AXIS2_PLACEMENT_3D('',#8388,#8389,#8390);
#8392=CYLINDRICAL_SURFACE('',#8391,1.E-1);
#8393=ORIENTED_EDGE('',*,*,#8252,.F.);
#8395=ORIENTED_EDGE('',*,*,#8394,.T.);
#8397=ORIENTED_EDGE('',*,*,#8396,.T.);
#8398=ORIENTED_EDGE('',*,*,#8380,.F.);
#8399=EDGE_LOOP('',(#8393,#8395,#8397,#8398));
#8400=FACE_OUTER_BOUND('',#8399,.F.);
#8402=CARTESIAN_POINT('',(-1.724376169439E0,1.45E0,-1.746247661122E1));
#8403=DIRECTION('',(-9.987523388778E-1,0.E0,-4.993761694390E-2));
#8404=DIRECTION('',(4.993761694390E-2,0.E0,-9.987523388778E-1));
#8405=AXIS2_PLACEMENT_3D('',#8402,#8403,#8404);
#8406=PLANE('',#8405);
#8407=ORIENTED_EDGE('',*,*,#8250,.F.);
#8409=ORIENTED_EDGE('',*,*,#8408,.T.);
#8411=ORIENTED_EDGE('',*,*,#8410,.T.);
#8412=ORIENTED_EDGE('',*,*,#8394,.F.);
#8413=EDGE_LOOP('',(#8407,#8409,#8411,#8412));
#8414=FACE_OUTER_BOUND('',#8413,.F.);
#8416=CARTESIAN_POINT('',(-1.225E0,1.45E0,-1.743750780275E1));
#8417=DIRECTION('',(0.E0,-1.E0,0.E0));
#8418=DIRECTION('',(-1.E0,0.E0,0.E0));
#8419=AXIS2_PLACEMENT_3D('',#8416,#8417,#8418);
#8420=CYLINDRICAL_SURFACE('',#8419,5.E-1);
#8421=ORIENTED_EDGE('',*,*,#8313,.T.);
#8423=ORIENTED_EDGE('',*,*,#8422,.F.);
#8425=ORIENTED_EDGE('',*,*,#8424,.T.);
#8427=ORIENTED_EDGE('',*,*,#8426,.T.);
#8428=ORIENTED_EDGE('',*,*,#8408,.F.);
#8429=ORIENTED_EDGE('',*,*,#8248,.F.);
#8430=EDGE_LOOP('',(#8421,#8423,#8425,#8427,#8428,#8429));
#8431=FACE_OUTER_BOUND('',#8430,.F.);
#8433=CARTESIAN_POINT('',(6.4E-1,-2.16E0,-1.545E1));
#8434=DIRECTION('',(0.E0,-1.E0,0.E0));
#8435=DIRECTION('',(-1.E0,0.E0,0.E0));
#8436=AXIS2_PLACEMENT_3D('',#8433,#8434,#8435);
#8437=PLANE('',#8436);
#8439=ORIENTED_EDGE('',*,*,#8438,.F.);
#8441=ORIENTED_EDGE('',*,*,#8440,.T.);
#8442=ORIENTED_EDGE('',*,*,#8279,.T.);
#8443=ORIENTED_EDGE('',*,*,#8341,.T.);
#8445=ORIENTED_EDGE('',*,*,#8444,.T.);
#8447=ORIENTED_EDGE('',*,*,#8446,.F.);
#8448=EDGE_LOOP('',(#8439,#8441,#8442,#8443,#8445,#8447));
#8449=FACE_OUTER_BOUND('',#8448,.F.);
#8451=CARTESIAN_POINT('',(6.4E-1,-2.16E0,-1.545E1));
#8452=DIRECTION('',(0.E0,-1.E0,0.E0));
#8453=DIRECTION('',(-1.E0,0.E0,0.E0));
#8454=AXIS2_PLACEMENT_3D('',#8451,#8452,#8453);
#8455=PLANE('',#8454);
#8457=ORIENTED_EDGE('',*,*,#8456,.F.);
#8459=ORIENTED_EDGE('',*,*,#8458,.F.);
#8461=ORIENTED_EDGE('',*,*,#8460,.T.);
#8462=ORIENTED_EDGE('',*,*,#8422,.T.);
#8463=ORIENTED_EDGE('',*,*,#8311,.T.);
#8465=ORIENTED_EDGE('',*,*,#8464,.F.);
#8466=EDGE_LOOP('',(#8457,#8459,#8461,#8462,#8463,#8465));
#8467=FACE_OUTER_BOUND('',#8466,.F.);
#8469=CARTESIAN_POINT('',(1.025E0,-6.35E0,-1.545E1));
#8470=DIRECTION('',(0.E0,0.E0,1.E0));
#8471=DIRECTION('',(-1.E0,0.E0,0.E0));
#8472=AXIS2_PLACEMENT_3D('',#8469,#8470,#8471);
#8473=PLANE('',#8472);
#8475=ORIENTED_EDGE('',*,*,#8474,.F.);
#8477=ORIENTED_EDGE('',*,*,#8476,.T.);
#8479=ORIENTED_EDGE('',*,*,#8478,.T.);
#8480=ORIENTED_EDGE('',*,*,#8438,.T.);
#8482=ORIENTED_EDGE('',*,*,#8481,.T.);
#8484=ORIENTED_EDGE('',*,*,#8483,.T.);
#8486=ORIENTED_EDGE('',*,*,#8485,.F.);
#8487=ORIENTED_EDGE('',*,*,#8055,.F.);
#8488=EDGE_LOOP('',(#8475,#8477,#8479,#8480,#8482,#8484,#8486,#8487));
#8489=FACE_OUTER_BOUND('',#8488,.F.);
#8491=CARTESIAN_POINT('',(1.025E0,-6.35E0,-1.545E1));
#8492=DIRECTION('',(0.E0,0.E0,1.E0));
#8493=DIRECTION('',(-1.E0,0.E0,0.E0));
#8494=AXIS2_PLACEMENT_3D('',#8491,#8492,#8493);
#8495=PLANE('',#8494);
#8496=ORIENTED_EDGE('',*,*,#8189,.T.);
#8497=ORIENTED_EDGE('',*,*,#7971,.F.);
#8499=ORIENTED_EDGE('',*,*,#8498,.T.);
#8501=ORIENTED_EDGE('',*,*,#8500,.T.);
#8503=ORIENTED_EDGE('',*,*,#8502,.F.);
#8504=ORIENTED_EDGE('',*,*,#8456,.T.);
#8506=ORIENTED_EDGE('',*,*,#8505,.T.);
#8508=ORIENTED_EDGE('',*,*,#8507,.F.);
#8509=EDGE_LOOP('',(#8496,#8497,#8499,#8501,#8503,#8504,#8506,#8508));
#8510=FACE_OUTER_BOUND('',#8509,.F.);
#8512=CARTESIAN_POINT('',(1.025E0,-6.35E0,-2.11E1));
#8513=DIRECTION('',(1.E0,0.E0,0.E0));
#8514=DIRECTION('',(0.E0,0.E0,1.E0));
#8515=AXIS2_PLACEMENT_3D('',#8512,#8513,#8514);
#8516=PLANE('',#8515);
#8518=ORIENTED_EDGE('',*,*,#8517,.F.);
#8519=ORIENTED_EDGE('',*,*,#8264,.T.);
#8520=ORIENTED_EDGE('',*,*,#8285,.T.);
#8522=ORIENTED_EDGE('',*,*,#8521,.F.);
#8523=ORIENTED_EDGE('',*,*,#8474,.T.);
#8524=ORIENTED_EDGE('',*,*,#8053,.F.);
#8526=ORIENTED_EDGE('',*,*,#8525,.T.);
#8528=ORIENTED_EDGE('',*,*,#8527,.T.);
#8529=EDGE_LOOP('',(#8518,#8519,#8520,#8522,#8523,#8524,#8526,#8528));
#8530=FACE_OUTER_BOUND('',#8529,.F.);
#8532=CARTESIAN_POINT('',(2.025E0,2.82594E1,-2.01E1));
#8533=DIRECTION('',(0.E0,-1.E0,0.E0));
#8534=DIRECTION('',(-1.E0,0.E0,0.E0));
#8535=AXIS2_PLACEMENT_3D('',#8532,#8533,#8534);
#8536=CYLINDRICAL_SURFACE('',#8535,1.E0);
#8538=ORIENTED_EDGE('',*,*,#8537,.T.);
#8539=ORIENTED_EDGE('',*,*,#8223,.F.);
#8540=ORIENTED_EDGE('',*,*,#8266,.T.);
#8541=ORIENTED_EDGE('',*,*,#8517,.T.);
#8542=EDGE_LOOP('',(#8538,#8539,#8540,#8541));
#8543=FACE_OUTER_BOUND('',#8542,.F.);
#8545=CARTESIAN_POINT('',(-6.875E0,-6.35E0,0.E0));
#8546=DIRECTION('',(0.E0,-1.E0,0.E0));
#8547=DIRECTION('',(0.E0,0.E0,1.E0));
#8548=AXIS2_PLACEMENT_3D('',#8545,#8546,#8547);
#8549=PLANE('',#8548);
#8550=ORIENTED_EDGE('',*,*,#8207,.F.);
#8551=ORIENTED_EDGE('',*,*,#8233,.F.);
#8553=ORIENTED_EDGE('',*,*,#8552,.F.);
#8555=ORIENTED_EDGE('',*,*,#8554,.F.);
#8556=ORIENTED_EDGE('',*,*,#8171,.F.);
#8557=ORIENTED_EDGE('',*,*,#8185,.F.);
#8558=EDGE_LOOP('',(#8550,#8551,#8553,#8555,#8556,#8557));
#8559=FACE_OUTER_BOUND('',#8558,.F.);
#8561=CARTESIAN_POINT('',(-6.875E0,-6.35E0,0.E0));
#8562=DIRECTION('',(0.E0,-1.E0,0.E0));
#8563=DIRECTION('',(0.E0,0.E0,1.E0));
#8564=AXIS2_PLACEMENT_3D('',#8561,#8562,#8563);
#8565=PLANE('',#8564);
#8566=ORIENTED_EDGE('',*,*,#8537,.F.);
#8567=ORIENTED_EDGE('',*,*,#8527,.F.);
#8569=ORIENTED_EDGE('',*,*,#8568,.F.);
#8571=ORIENTED_EDGE('',*,*,#8570,.F.);
#8573=ORIENTED_EDGE('',*,*,#8572,.F.);
#8574=ORIENTED_EDGE('',*,*,#8225,.F.);
#8575=EDGE_LOOP('',(#8566,#8567,#8569,#8571,#8573,#8574));
#8576=FACE_OUTER_BOUND('',#8575,.F.);
#8578=CARTESIAN_POINT('',(-5.875E0,2.82594E1,-2.01E1));
#8579=DIRECTION('',(0.E0,-1.E0,0.E0));
#8580=DIRECTION('',(-1.E0,0.E0,0.E0));
#8581=AXIS2_PLACEMENT_3D('',#8578,#8579,#8580);
#8582=CYLINDRICAL_SURFACE('',#8581,1.E0);
#8583=ORIENTED_EDGE('',*,*,#8552,.T.);
#8584=ORIENTED_EDGE('',*,*,#8231,.F.);
#8586=ORIENTED_EDGE('',*,*,#8585,.T.);
#8588=ORIENTED_EDGE('',*,*,#8587,.T.);
#8589=EDGE_LOOP('',(#8583,#8584,#8586,#8588));
#8590=FACE_OUTER_BOUND('',#8589,.F.);
#8592=CARTESIAN_POINT('',(-5.875E0,2.05E0,-2.01E1));
#8593=DIRECTION('',(0.E0,-1.E0,0.E0));
#8594=DIRECTION('',(-1.E0,0.E0,0.E0));
#8595=AXIS2_PLACEMENT_3D('',#8592,#8593,#8594);
#8596=TOROIDAL_SURFACE('',#8595,8.E-1,2.E-1);
#8598=ORIENTED_EDGE('',*,*,#8597,.T.);
#8600=ORIENTED_EDGE('',*,*,#8599,.F.);
#8601=ORIENTED_EDGE('',*,*,#8585,.F.);
#8603=ORIENTED_EDGE('',*,*,#8602,.F.);
#8604=EDGE_LOOP('',(#8598,#8600,#8601,#8603));
#8605=FACE_OUTER_BOUND('',#8604,.F.);
#8607=CARTESIAN_POINT('',(-6.875E0,2.25E0,-1.545E1));
#8608=DIRECTION('',(0.E0,1.E0,0.E0));
#8609=DIRECTION('',(0.E0,0.E0,-1.E0));
#8610=AXIS2_PLACEMENT_3D('',#8607,#8608,#8609);
#8611=PLANE('',#8610);
#8613=ORIENTED_EDGE('',*,*,#8612,.T.);
#8614=ORIENTED_EDGE('',*,*,#8597,.F.);
#8616=ORIENTED_EDGE('',*,*,#8615,.T.);
#8618=ORIENTED_EDGE('',*,*,#8617,.F.);
#8620=ORIENTED_EDGE('',*,*,#8619,.T.);
#8622=ORIENTED_EDGE('',*,*,#8621,.F.);
#8623=EDGE_LOOP('',(#8613,#8614,#8616,#8618,#8620,#8622));
#8624=FACE_OUTER_BOUND('',#8623,.F.);
#8626=CARTESIAN_POINT('',(-6.675E0,2.05E0,2.750596E1));
#8627=DIRECTION('',(0.E0,0.E0,-1.E0));
#8628=DIRECTION('',(-1.E0,0.E0,0.E0));
#8629=AXIS2_PLACEMENT_3D('',#8626,#8627,#8628);
#8630=CYLINDRICAL_SURFACE('',#8629,2.E-1);
#8632=ORIENTED_EDGE('',*,*,#8631,.T.);
#8633=ORIENTED_EDGE('',*,*,#8599,.T.);
#8634=ORIENTED_EDGE('',*,*,#8612,.F.);
#8636=ORIENTED_EDGE('',*,*,#8635,.T.);
#8637=EDGE_LOOP('',(#8632,#8633,#8634,#8636));
#8638=FACE_OUTER_BOUND('',#8637,.F.);
#8640=CARTESIAN_POINT('',(-6.875E0,0.E0,0.E0));
#8641=DIRECTION('',(1.E0,0.E0,0.E0));
#8642=DIRECTION('',(0.E0,0.E0,-1.E0));
#8643=AXIS2_PLACEMENT_3D('',#8640,#8641,#8642);
#8644=PLANE('',#8643);
#8645=ORIENTED_EDGE('',*,*,#8587,.F.);
#8646=ORIENTED_EDGE('',*,*,#8631,.F.);
#8648=ORIENTED_EDGE('',*,*,#8647,.F.);
#8650=ORIENTED_EDGE('',*,*,#8649,.F.);
#8652=ORIENTED_EDGE('',*,*,#8651,.F.);
#8654=ORIENTED_EDGE('',*,*,#8653,.T.);
#8655=ORIENTED_EDGE('',*,*,#7915,.T.);
#8657=ORIENTED_EDGE('',*,*,#8656,.T.);
#8659=ORIENTED_EDGE('',*,*,#8658,.T.);
#8660=ORIENTED_EDGE('',*,*,#7954,.T.);
#8661=ORIENTED_EDGE('',*,*,#8173,.T.);
#8662=ORIENTED_EDGE('',*,*,#8554,.T.);
#8663=EDGE_LOOP('',(#8645,#8646,#8648,#8650,#8652,#8654,#8655,#8657,#8659,#8660,
#8661,#8662));
#8664=FACE_OUTER_BOUND('',#8663,.F.);
#8666=CARTESIAN_POINT('',(-6.675E0,2.82594E1,-1.525E1));
#8667=DIRECTION('',(0.E0,-1.E0,0.E0));
#8668=DIRECTION('',(-1.E0,0.E0,0.E0));
#8669=AXIS2_PLACEMENT_3D('',#8666,#8667,#8668);
#8670=CYLINDRICAL_SURFACE('',#8669,2.E-1);
#8672=ORIENTED_EDGE('',*,*,#8671,.F.);
#8674=ORIENTED_EDGE('',*,*,#8673,.T.);
#8675=ORIENTED_EDGE('',*,*,#8647,.T.);
#8676=ORIENTED_EDGE('',*,*,#8635,.F.);
#8677=EDGE_LOOP('',(#8672,#8674,#8675,#8676));
#8678=FACE_OUTER_BOUND('',#8677,.F.);
#8680=CARTESIAN_POINT('',(-6.875E0,-6.35E0,-1.545E1));
#8681=DIRECTION('',(0.E0,0.E0,-1.E0));
#8682=DIRECTION('',(0.E0,1.E0,0.E0));
#8683=AXIS2_PLACEMENT_3D('',#8680,#8681,#8682);
#8684=PLANE('',#8683);
#8685=ORIENTED_EDGE('',*,*,#8621,.T.);
#8687=ORIENTED_EDGE('',*,*,#8686,.F.);
#8689=ORIENTED_EDGE('',*,*,#8688,.F.);
#8691=ORIENTED_EDGE('',*,*,#8690,.T.);
#8693=ORIENTED_EDGE('',*,*,#8692,.T.);
#8694=ORIENTED_EDGE('',*,*,#8045,.T.);
#8696=ORIENTED_EDGE('',*,*,#8695,.T.);
#8698=ORIENTED_EDGE('',*,*,#8697,.T.);
#8699=ORIENTED_EDGE('',*,*,#8671,.T.);
#8700=EDGE_LOOP('',(#8685,#8687,#8689,#8691,#8693,#8694,#8696,#8698,#8699));
#8701=FACE_OUTER_BOUND('',#8700,.F.);
#8703=CARTESIAN_POINT('',(3.725E0,2.05E0,-4.860596E1));
#8704=DIRECTION('',(0.E0,0.E0,1.E0));
#8705=DIRECTION('',(1.E0,0.E0,0.E0));
#8706=AXIS2_PLACEMENT_3D('',#8703,#8704,#8705);
#8707=CYLINDRICAL_SURFACE('',#8706,2.E-1);
#8708=ORIENTED_EDGE('',*,*,#8619,.F.);
#8710=ORIENTED_EDGE('',*,*,#8709,.T.);
#8712=ORIENTED_EDGE('',*,*,#8711,.T.);
#8713=ORIENTED_EDGE('',*,*,#8686,.T.);
#8714=EDGE_LOOP('',(#8708,#8710,#8712,#8713));
#8715=FACE_OUTER_BOUND('',#8714,.F.);
#8717=CARTESIAN_POINT('',(2.925E0,2.05E0,-2.01E1));
#8718=DIRECTION('',(0.E0,1.E0,0.E0));
#8719=DIRECTION('',(0.E0,0.E0,-1.E0));
#8720=AXIS2_PLACEMENT_3D('',#8717,#8718,#8719);
#8721=TOROIDAL_SURFACE('',#8720,8.E-1,2.E-1);
#8722=ORIENTED_EDGE('',*,*,#8617,.T.);
#8724=ORIENTED_EDGE('',*,*,#8723,.F.);
#8726=ORIENTED_EDGE('',*,*,#8725,.F.);
#8727=ORIENTED_EDGE('',*,*,#8709,.F.);
#8728=EDGE_LOOP('',(#8722,#8724,#8726,#8727));
#8729=FACE_OUTER_BOUND('',#8728,.F.);
#8731=CARTESIAN_POINT('',(-3.20139E1,2.05E0,-2.09E1));
#8732=DIRECTION('',(1.E0,0.E0,0.E0));
#8733=DIRECTION('',(0.E0,0.E0,-1.E0));
#8734=AXIS2_PLACEMENT_3D('',#8731,#8732,#8733);
#8735=CYLINDRICAL_SURFACE('',#8734,2.E-1);
#8736=ORIENTED_EDGE('',*,*,#8615,.F.);
#8737=ORIENTED_EDGE('',*,*,#8602,.T.);
#8738=ORIENTED_EDGE('',*,*,#8229,.T.);
#8739=ORIENTED_EDGE('',*,*,#8723,.T.);
#8740=EDGE_LOOP('',(#8736,#8737,#8738,#8739));
#8741=FACE_OUTER_BOUND('',#8740,.F.);
#8743=CARTESIAN_POINT('',(2.925E0,-3.12594E1,-2.01E1));
#8744=DIRECTION('',(0.E0,1.E0,0.E0));
#8745=DIRECTION('',(1.E0,0.E0,0.E0));
#8746=AXIS2_PLACEMENT_3D('',#8743,#8744,#8745);
#8747=CYLINDRICAL_SURFACE('',#8746,1.E0);
#8748=ORIENTED_EDGE('',*,*,#8227,.F.);
#8749=ORIENTED_EDGE('',*,*,#8572,.T.);
#8751=ORIENTED_EDGE('',*,*,#8750,.T.);
#8752=ORIENTED_EDGE('',*,*,#8725,.T.);
#8753=EDGE_LOOP('',(#8748,#8749,#8751,#8752));
#8754=FACE_OUTER_BOUND('',#8753,.F.);
#8756=CARTESIAN_POINT('',(3.925E0,0.E0,0.E0));
#8757=DIRECTION('',(-1.E0,0.E0,0.E0));
#8758=DIRECTION('',(0.E0,0.E0,1.E0));
#8759=AXIS2_PLACEMENT_3D('',#8756,#8757,#8758);
#8760=PLANE('',#8759);
#8761=ORIENTED_EDGE('',*,*,#8750,.F.);
#8762=ORIENTED_EDGE('',*,*,#8570,.T.);
#8764=ORIENTED_EDGE('',*,*,#8763,.F.);
#8765=ORIENTED_EDGE('',*,*,#8049,.T.);
#8767=ORIENTED_EDGE('',*,*,#8766,.F.);
#8769=ORIENTED_EDGE('',*,*,#8768,.F.);
#8770=ORIENTED_EDGE('',*,*,#8688,.T.);
#8771=ORIENTED_EDGE('',*,*,#8711,.F.);
#8772=EDGE_LOOP('',(#8761,#8762,#8764,#8765,#8767,#8769,#8770,#8771));
#8773=FACE_OUTER_BOUND('',#8772,.F.);
#8775=CARTESIAN_POINT('',(3.925E0,-5.95E0,-1.988E1));
#8776=DIRECTION('',(0.E0,0.E0,1.E0));
#8777=DIRECTION('',(-1.E0,0.E0,0.E0));
#8778=AXIS2_PLACEMENT_3D('',#8775,#8776,#8777);
#8779=PLANE('',#8778);
#8780=ORIENTED_EDGE('',*,*,#8051,.F.);
#8781=ORIENTED_EDGE('',*,*,#8763,.T.);
#8782=ORIENTED_EDGE('',*,*,#8568,.T.);
#8783=ORIENTED_EDGE('',*,*,#8525,.F.);
#8784=EDGE_LOOP('',(#8780,#8781,#8782,#8783));
#8785=FACE_OUTER_BOUND('',#8784,.F.);
#8787=CARTESIAN_POINT('',(6.239130434783E0,-5.95E0,-1.745E1));
#8788=DIRECTION('',(0.E0,-1.E0,0.E0));
#8789=DIRECTION('',(0.E0,0.E0,-1.E0));
#8790=AXIS2_PLACEMENT_3D('',#8787,#8788,#8789);
#8791=CYLINDRICAL_SURFACE('',#8790,2.314130434783E0);
#8792=ORIENTED_EDGE('',*,*,#8692,.F.);
#8794=ORIENTED_EDGE('',*,*,#8793,.F.);
#8795=ORIENTED_EDGE('',*,*,#8766,.T.);
#8796=ORIENTED_EDGE('',*,*,#8047,.T.);
#8797=EDGE_LOOP('',(#8792,#8794,#8795,#8796));
#8798=FACE_OUTER_BOUND('',#8797,.F.);
#8800=CARTESIAN_POINT('',(-6.875E0,-5.35E0,0.E0));
#8801=DIRECTION('',(0.E0,-1.E0,0.E0));
#8802=DIRECTION('',(0.E0,0.E0,-1.E0));
#8803=AXIS2_PLACEMENT_3D('',#8800,#8801,#8802);
#8804=PLANE('',#8803);
#8805=ORIENTED_EDGE('',*,*,#8690,.F.);
#8806=ORIENTED_EDGE('',*,*,#8768,.T.);
#8807=ORIENTED_EDGE('',*,*,#8793,.T.);
#8808=EDGE_LOOP('',(#8805,#8806,#8807));
#8809=FACE_OUTER_BOUND('',#8808,.F.);
#8811=CARTESIAN_POINT('',(6.675E0,-3.12594E1,-1.525E1));
#8812=DIRECTION('',(0.E0,1.E0,0.E0));
#8813=DIRECTION('',(1.E0,0.E0,0.E0));
#8814=AXIS2_PLACEMENT_3D('',#8811,#8812,#8813);
#8815=CYLINDRICAL_SURFACE('',#8814,2.E-1);
#8816=ORIENTED_EDGE('',*,*,#8695,.F.);
#8818=ORIENTED_EDGE('',*,*,#8817,.T.);
#8820=ORIENTED_EDGE('',*,*,#8819,.T.);
#8822=ORIENTED_EDGE('',*,*,#8821,.T.);
#8823=EDGE_LOOP('',(#8816,#8818,#8820,#8822));
#8824=FACE_OUTER_BOUND('',#8823,.F.);
#8826=CARTESIAN_POINT('',(6.675E0,-5.75E0,2.750596E1));
#8827=DIRECTION('',(0.E0,0.E0,-1.E0));
#8828=DIRECTION('',(1.E0,0.E0,0.E0));
#8829=AXIS2_PLACEMENT_3D('',#8826,#8827,#8828);
#8830=CYLINDRICAL_SURFACE('',#8829,2.E-1);
#8832=ORIENTED_EDGE('',*,*,#8831,.T.);
#8834=ORIENTED_EDGE('',*,*,#8833,.T.);
#8835=ORIENTED_EDGE('',*,*,#8817,.F.);
#8836=ORIENTED_EDGE('',*,*,#8043,.F.);
#8837=EDGE_LOOP('',(#8832,#8834,#8835,#8836));
#8838=FACE_OUTER_BOUND('',#8837,.F.);
#8840=CARTESIAN_POINT('',(6.875E0,-5.95E0,-4.15E0));
#8841=DIRECTION('',(0.E0,0.E0,-1.E0));
#8842=DIRECTION('',(0.E0,1.E0,0.E0));
#8843=AXIS2_PLACEMENT_3D('',#8840,#8841,#8842);
#8844=PLANE('',#8843);
#8845=ORIENTED_EDGE('',*,*,#8831,.F.);
#8846=ORIENTED_EDGE('',*,*,#8098,.T.);
#8848=ORIENTED_EDGE('',*,*,#8847,.F.);
#8850=ORIENTED_EDGE('',*,*,#8849,.T.);
#8852=ORIENTED_EDGE('',*,*,#8851,.T.);
#8854=ORIENTED_EDGE('',*,*,#8853,.F.);
#8856=ORIENTED_EDGE('',*,*,#8855,.F.);
#8857=EDGE_LOOP('',(#8845,#8846,#8848,#8850,#8852,#8854,#8856));
#8858=FACE_OUTER_BOUND('',#8857,.F.);
#8860=CARTESIAN_POINT('',(5.875E0,-6.15E0,-4.860596E1));
#8861=DIRECTION('',(0.E0,0.E0,1.E0));
#8862=DIRECTION('',(0.E0,1.E0,0.E0));
#8863=AXIS2_PLACEMENT_3D('',#8860,#8861,#8862);
#8864=CYLINDRICAL_SURFACE('',#8863,2.E-1);
#8865=ORIENTED_EDGE('',*,*,#8096,.F.);
#8867=ORIENTED_EDGE('',*,*,#8866,.F.);
#8869=ORIENTED_EDGE('',*,*,#8868,.T.);
#8870=ORIENTED_EDGE('',*,*,#8847,.T.);
#8871=EDGE_LOOP('',(#8865,#8867,#8869,#8870));
#8872=FACE_OUTER_BOUND('',#8871,.F.);
#8874=CARTESIAN_POINT('',(5.175E0,-6.15E0,-5.15E0));
#8875=DIRECTION('',(0.E0,-1.E0,0.E0));
#8876=DIRECTION('',(-1.774879068129E-3,0.E0,9.999984249009E-1));
#8877=AXIS2_PLACEMENT_3D('',#8874,#8875,#8876);
#8878=TOROIDAL_SURFACE('',#8877,1.7E0,2.E-1);
#8879=ORIENTED_EDGE('',*,*,#8094,.F.);
#8881=ORIENTED_EDGE('',*,*,#8880,.F.);
#8883=ORIENTED_EDGE('',*,*,#8882,.T.);
#8884=ORIENTED_EDGE('',*,*,#8866,.T.);
#8885=EDGE_LOOP('',(#8879,#8881,#8883,#8884));
#8886=FACE_OUTER_BOUND('',#8885,.F.);
#8888=CARTESIAN_POINT('',(4.475E0,-6.15E0,2.750596E1));
#8889=DIRECTION('',(0.E0,0.E0,-1.E0));
#8890=DIRECTION('',(0.E0,1.E0,0.E0));
#8891=AXIS2_PLACEMENT_3D('',#8888,#8889,#8890);
#8892=CYLINDRICAL_SURFACE('',#8891,2.E-1);
#8893=ORIENTED_EDGE('',*,*,#8092,.F.);
#8895=ORIENTED_EDGE('',*,*,#8894,.F.);
#8897=ORIENTED_EDGE('',*,*,#8896,.T.);
#8898=ORIENTED_EDGE('',*,*,#8880,.T.);
#8899=EDGE_LOOP('',(#8893,#8895,#8897,#8898));
#8900=FACE_OUTER_BOUND('',#8899,.F.);
#8902=CARTESIAN_POINT('',(-3.20139E1,-6.15E0,-5.85E0));
#8903=DIRECTION('',(1.E0,0.E0,0.E0));
#8904=DIRECTION('',(0.E0,1.E0,0.E0));
#8905=AXIS2_PLACEMENT_3D('',#8902,#8903,#8904);
#8906=CYLINDRICAL_SURFACE('',#8905,2.E-1);
#8907=ORIENTED_EDGE('',*,*,#8090,.F.);
#8909=ORIENTED_EDGE('',*,*,#8908,.F.);
#8911=ORIENTED_EDGE('',*,*,#8910,.T.);
#8912=ORIENTED_EDGE('',*,*,#8894,.T.);
#8913=EDGE_LOOP('',(#8907,#8909,#8911,#8912));
#8914=FACE_OUTER_BOUND('',#8913,.F.);
#8916=CARTESIAN_POINT('',(5.175E0,-6.15E0,-5.15E0));
#8917=DIRECTION('',(0.E0,-1.E0,0.E0));
#8918=DIRECTION('',(9.999984249009E-1,0.E0,1.774879068130E-3));
#8919=AXIS2_PLACEMENT_3D('',#8916,#8917,#8918);
#8920=TOROIDAL_SURFACE('',#8919,1.7E0,2.E-1);
#8921=ORIENTED_EDGE('',*,*,#8088,.F.);
#8923=ORIENTED_EDGE('',*,*,#8922,.F.);
#8925=ORIENTED_EDGE('',*,*,#8924,.T.);
#8926=ORIENTED_EDGE('',*,*,#8908,.T.);
#8927=EDGE_LOOP('',(#8921,#8923,#8925,#8926));
#8928=FACE_OUTER_BOUND('',#8927,.F.);
#8930=CARTESIAN_POINT('',(3.20139E1,-6.15E0,-4.45E0));
#8931=DIRECTION('',(-1.E0,0.E0,0.E0));
#8932=DIRECTION('',(0.E0,1.E0,0.E0));
#8933=AXIS2_PLACEMENT_3D('',#8930,#8931,#8932);
#8934=CYLINDRICAL_SURFACE('',#8933,2.E-1);
#8936=ORIENTED_EDGE('',*,*,#8935,.T.);
#8937=ORIENTED_EDGE('',*,*,#8922,.T.);
#8938=ORIENTED_EDGE('',*,*,#8086,.F.);
#8940=ORIENTED_EDGE('',*,*,#8939,.F.);
#8941=EDGE_LOOP('',(#8936,#8937,#8938,#8940));
#8942=FACE_OUTER_BOUND('',#8941,.F.);
#8944=CARTESIAN_POINT('',(4.675E0,-5.95E0,-4.65E0));
#8945=DIRECTION('',(0.E0,0.E0,1.E0));
#8946=DIRECTION('',(-1.E0,0.E0,0.E0));
#8947=AXIS2_PLACEMENT_3D('',#8944,#8945,#8946);
#8948=PLANE('',#8947);
#8950=ORIENTED_EDGE('',*,*,#8949,.T.);
#8952=ORIENTED_EDGE('',*,*,#8951,.F.);
#8954=ORIENTED_EDGE('',*,*,#8953,.T.);
#8956=ORIENTED_EDGE('',*,*,#8955,.F.);
#8957=ORIENTED_EDGE('',*,*,#8935,.F.);
#8958=EDGE_LOOP('',(#8950,#8952,#8954,#8956,#8957));
#8959=FACE_OUTER_BOUND('',#8958,.F.);
#8961=CARTESIAN_POINT('',(4.675E0,-5.95E0,-5.65E0));
#8962=DIRECTION('',(-1.E0,0.E0,0.E0));
#8963=DIRECTION('',(0.E0,0.E0,-1.E0));
#8964=AXIS2_PLACEMENT_3D('',#8961,#8962,#8963);
#8965=PLANE('',#8964);
#8967=ORIENTED_EDGE('',*,*,#8966,.T.);
#8969=ORIENTED_EDGE('',*,*,#8968,.F.);
#8971=ORIENTED_EDGE('',*,*,#8970,.T.);
#8973=ORIENTED_EDGE('',*,*,#8972,.F.);
#8975=ORIENTED_EDGE('',*,*,#8974,.T.);
#8977=ORIENTED_EDGE('',*,*,#8976,.F.);
#8979=ORIENTED_EDGE('',*,*,#8978,.F.);
#8981=ORIENTED_EDGE('',*,*,#8980,.F.);
#8983=ORIENTED_EDGE('',*,*,#8982,.T.);
#8985=ORIENTED_EDGE('',*,*,#8984,.F.);
#8986=ORIENTED_EDGE('',*,*,#8896,.F.);
#8988=ORIENTED_EDGE('',*,*,#8987,.F.);
#8990=ORIENTED_EDGE('',*,*,#8989,.F.);
#8991=ORIENTED_EDGE('',*,*,#8949,.F.);
#8993=ORIENTED_EDGE('',*,*,#8992,.F.);
#8995=ORIENTED_EDGE('',*,*,#8994,.T.);
#8996=EDGE_LOOP('',(#8967,#8969,#8971,#8973,#8975,#8977,#8979,#8981,#8983,#8985,
#8986,#8988,#8990,#8991,#8993,#8995));
#8997=FACE_OUTER_BOUND('',#8996,.F.);
#8999=CARTESIAN_POINT('',(-6.875E0,-6.75E0,0.E0));
#9000=DIRECTION('',(0.E0,-1.E0,0.E0));
#9001=DIRECTION('',(1.E0,0.E0,0.E0));
#9002=AXIS2_PLACEMENT_3D('',#8999,#9000,#9001);
#9003=PLANE('',#9002);
#9005=ORIENTED_EDGE('',*,*,#9004,.T.);
#9007=ORIENTED_EDGE('',*,*,#9006,.F.);
#9009=ORIENTED_EDGE('',*,*,#9008,.F.);
#9010=ORIENTED_EDGE('',*,*,#8982,.F.);
#9011=EDGE_LOOP('',(#9005,#9007,#9009,#9010));
#9012=FACE_OUTER_BOUND('',#9011,.F.);
#9014=CARTESIAN_POINT('',(-6.875E0,-6.75E0,0.E0));
#9015=DIRECTION('',(0.E0,-1.E0,0.E0));
#9016=DIRECTION('',(1.E0,0.E0,0.E0));
#9017=AXIS2_PLACEMENT_3D('',#9014,#9015,#9016);
#9018=PLANE('',#9017);
#9020=ORIENTED_EDGE('',*,*,#9019,.T.);
#9022=ORIENTED_EDGE('',*,*,#9021,.F.);
#9024=ORIENTED_EDGE('',*,*,#9023,.F.);
#9025=ORIENTED_EDGE('',*,*,#8953,.F.);
#9026=EDGE_LOOP('',(#9020,#9022,#9024,#9025));
#9027=FACE_OUTER_BOUND('',#9026,.F.);
#9029=CARTESIAN_POINT('',(-6.875E0,-6.75E0,0.E0));
#9030=DIRECTION('',(0.E0,-1.E0,0.E0));
#9031=DIRECTION('',(1.E0,0.E0,0.E0));
#9032=AXIS2_PLACEMENT_3D('',#9029,#9030,#9031);
#9033=PLANE('',#9032);
#9035=ORIENTED_EDGE('',*,*,#9034,.T.);
#9036=ORIENTED_EDGE('',*,*,#8966,.F.);
#9038=ORIENTED_EDGE('',*,*,#9037,.F.);
#9040=ORIENTED_EDGE('',*,*,#9039,.F.);
#9041=EDGE_LOOP('',(#9035,#9036,#9038,#9040));
#9042=FACE_OUTER_BOUND('',#9041,.F.);
#9044=CARTESIAN_POINT('',(5.175E0,-6.95E0,-5.15E0));
#9045=DIRECTION('',(0.E0,-1.E0,0.E0));
#9046=DIRECTION('',(-1.485959642859E-3,0.E0,9.999988959614E-1));
#9047=AXIS2_PLACEMENT_3D('',#9044,#9045,#9046);
#9048=TOROIDAL_SURFACE('',#9047,1.2E0,2.E-1);
#9049=ORIENTED_EDGE('',*,*,#9004,.F.);
#9050=ORIENTED_EDGE('',*,*,#8980,.T.);
#9052=ORIENTED_EDGE('',*,*,#9051,.T.);
#9054=ORIENTED_EDGE('',*,*,#9053,.T.);
#9055=EDGE_LOOP('',(#9049,#9050,#9052,#9054));
#9056=FACE_OUTER_BOUND('',#9055,.F.);
#9058=CARTESIAN_POINT('',(5.175E0,-6.75E0,-5.15E0));
#9059=DIRECTION('',(0.E0,-1.E0,0.E0));
#9060=DIRECTION('',(1.E0,0.E0,0.E0));
#9061=AXIS2_PLACEMENT_3D('',#9058,#9059,#9060);
#9062=CYLINDRICAL_SURFACE('',#9061,1.E0);
#9063=ORIENTED_EDGE('',*,*,#9051,.F.);
#9064=ORIENTED_EDGE('',*,*,#8978,.T.);
#9066=ORIENTED_EDGE('',*,*,#9065,.F.);
#9068=ORIENTED_EDGE('',*,*,#9067,.F.);
#9069=EDGE_LOOP('',(#9063,#9064,#9066,#9068));
#9070=FACE_OUTER_BOUND('',#9069,.F.);
#9072=CARTESIAN_POINT('',(5.175E0,-9.25E0,-5.15E0));
#9073=DIRECTION('',(0.E0,1.E0,0.E0));
#9074=DIRECTION('',(0.E0,0.E0,-1.E0));
#9075=AXIS2_PLACEMENT_3D('',#9072,#9073,#9074);
#9076=CONICAL_SURFACE('',#9075,8.5E-1,1.669924423399E1);
#9078=ORIENTED_EDGE('',*,*,#9077,.T.);
#9080=ORIENTED_EDGE('',*,*,#9079,.T.);
#9081=ORIENTED_EDGE('',*,*,#9065,.T.);
#9082=ORIENTED_EDGE('',*,*,#8976,.T.);
#9083=EDGE_LOOP('',(#9078,#9080,#9081,#9082));
#9084=FACE_OUTER_BOUND('',#9083,.F.);
#9086=CARTESIAN_POINT('',(5.175E0,-9.25E0,-5.15E0));
#9087=DIRECTION('',(0.E0,1.E0,0.E0));
#9088=DIRECTION('',(0.E0,0.E0,-1.E0));
#9089=AXIS2_PLACEMENT_3D('',#9086,#9087,#9088);
#9090=CONICAL_SURFACE('',#9089,8.5E-1,1.669924423399E1);
#9092=ORIENTED_EDGE('',*,*,#9091,.T.);
#9094=ORIENTED_EDGE('',*,*,#9093,.T.);
#9096=ORIENTED_EDGE('',*,*,#9095,.T.);
#9097=ORIENTED_EDGE('',*,*,#8972,.T.);
#9098=EDGE_LOOP('',(#9092,#9094,#9096,#9097));
#9099=FACE_OUTER_BOUND('',#9098,.F.);
#9101=CARTESIAN_POINT('',(0.E0,-9.75E0,0.E0));
#9102=DIRECTION('',(0.E0,-1.E0,0.E0));
#9103=DIRECTION('',(1.E0,0.E0,0.E0));
#9104=AXIS2_PLACEMENT_3D('',#9101,#9102,#9103);
#9105=PLANE('',#9104);
#9106=ORIENTED_EDGE('',*,*,#9077,.F.);
#9107=ORIENTED_EDGE('',*,*,#8974,.F.);
#9108=ORIENTED_EDGE('',*,*,#9095,.F.);
#9110=ORIENTED_EDGE('',*,*,#9109,.F.);
#9111=EDGE_LOOP('',(#9106,#9107,#9108,#9110));
#9112=FACE_OUTER_BOUND('',#9111,.F.);
#9114=CARTESIAN_POINT('',(5.675E0,-5.95E0,-6.564213562373E0));
#9115=DIRECTION('',(1.E0,0.E0,0.E0));
#9116=DIRECTION('',(0.E0,0.E0,1.E0));
#9117=AXIS2_PLACEMENT_3D('',#9114,#9115,#9116);
#9118=PLANE('',#9117);
#9120=ORIENTED_EDGE('',*,*,#9119,.F.);
#9122=ORIENTED_EDGE('',*,*,#9121,.F.);
#9123=ORIENTED_EDGE('',*,*,#9039,.T.);
#9125=ORIENTED_EDGE('',*,*,#9124,.F.);
#9127=ORIENTED_EDGE('',*,*,#9126,.F.);
#9128=ORIENTED_EDGE('',*,*,#8080,.F.);
#9130=ORIENTED_EDGE('',*,*,#9129,.F.);
#9132=ORIENTED_EDGE('',*,*,#9131,.T.);
#9133=ORIENTED_EDGE('',*,*,#8849,.F.);
#9134=ORIENTED_EDGE('',*,*,#8868,.F.);
#9136=ORIENTED_EDGE('',*,*,#9135,.T.);
#9137=ORIENTED_EDGE('',*,*,#9006,.T.);
#9138=ORIENTED_EDGE('',*,*,#9053,.F.);
#9139=ORIENTED_EDGE('',*,*,#9067,.T.);
#9140=ORIENTED_EDGE('',*,*,#9079,.F.);
#9141=ORIENTED_EDGE('',*,*,#9109,.T.);
#9142=ORIENTED_EDGE('',*,*,#9093,.F.);
#9143=EDGE_LOOP('',(#9120,#9122,#9123,#9125,#9127,#9128,#9130,#9132,#9133,#9134,
#9136,#9137,#9138,#9139,#9140,#9141,#9142));
#9144=FACE_OUTER_BOUND('',#9143,.F.);
#9146=CARTESIAN_POINT('',(5.175E0,-6.75E0,-5.15E0));
#9147=DIRECTION('',(0.E0,-1.E0,0.E0));
#9148=DIRECTION('',(1.E0,0.E0,0.E0));
#9149=AXIS2_PLACEMENT_3D('',#9146,#9147,#9148);
#9150=CYLINDRICAL_SURFACE('',#9149,1.E0);
#9152=ORIENTED_EDGE('',*,*,#9151,.F.);
#9153=ORIENTED_EDGE('',*,*,#9119,.T.);
#9154=ORIENTED_EDGE('',*,*,#9091,.F.);
#9155=ORIENTED_EDGE('',*,*,#8970,.F.);
#9156=EDGE_LOOP('',(#9152,#9153,#9154,#9155));
#9157=FACE_OUTER_BOUND('',#9156,.F.);
#9159=CARTESIAN_POINT('',(5.175E0,-6.95E0,-5.15E0));
#9160=DIRECTION('',(0.E0,-1.E0,0.E0));
#9161=DIRECTION('',(1.485959642860E-3,0.E0,-9.999988959614E-1));
#9162=AXIS2_PLACEMENT_3D('',#9159,#9160,#9161);
#9163=TOROIDAL_SURFACE('',#9162,1.2E0,2.E-1);
#9164=ORIENTED_EDGE('',*,*,#9034,.F.);
#9165=ORIENTED_EDGE('',*,*,#9121,.T.);
#9166=ORIENTED_EDGE('',*,*,#9151,.T.);
#9167=ORIENTED_EDGE('',*,*,#8968,.T.);
#9168=EDGE_LOOP('',(#9164,#9165,#9166,#9167));
#9169=FACE_OUTER_BOUND('',#9168,.F.);
#9171=CARTESIAN_POINT('',(5.175E0,-5.95E0,-5.15E0));
#9172=DIRECTION('',(0.E0,-1.E0,0.E0));
#9173=DIRECTION('',(1.E0,0.E0,0.E0));
#9174=AXIS2_PLACEMENT_3D('',#9171,#9172,#9173);
#9175=CYLINDRICAL_SURFACE('',#9174,1.5E0);
#9177=ORIENTED_EDGE('',*,*,#9176,.F.);
#9178=ORIENTED_EDGE('',*,*,#9124,.T.);
#9179=ORIENTED_EDGE('',*,*,#9037,.T.);
#9180=ORIENTED_EDGE('',*,*,#8994,.F.);
#9181=EDGE_LOOP('',(#9177,#9178,#9179,#9180));
#9182=FACE_OUTER_BOUND('',#9181,.F.);
#9184=CARTESIAN_POINT('',(5.175E0,-6.15E0,-5.15E0));
#9185=DIRECTION('',(0.E0,-1.E0,0.E0));
#9186=DIRECTION('',(1.774879068129E-3,0.E0,-9.999984249009E-1));
#9187=AXIS2_PLACEMENT_3D('',#9184,#9185,#9186);
#9188=TOROIDAL_SURFACE('',#9187,1.7E0,2.E-1);
#9189=ORIENTED_EDGE('',*,*,#9176,.T.);
#9191=ORIENTED_EDGE('',*,*,#9190,.T.);
#9192=ORIENTED_EDGE('',*,*,#8082,.F.);
#9193=ORIENTED_EDGE('',*,*,#9126,.T.);
#9194=EDGE_LOOP('',(#9189,#9191,#9192,#9193));
#9195=FACE_OUTER_BOUND('',#9194,.F.);
#9197=CARTESIAN_POINT('',(4.475E0,-6.15E0,2.750596E1));
#9198=DIRECTION('',(0.E0,0.E0,-1.E0));
#9199=DIRECTION('',(0.E0,1.E0,0.E0));
#9200=AXIS2_PLACEMENT_3D('',#9197,#9198,#9199);
#9201=CYLINDRICAL_SURFACE('',#9200,2.E-1);
#9202=ORIENTED_EDGE('',*,*,#8084,.F.);
#9203=ORIENTED_EDGE('',*,*,#9190,.F.);
#9204=ORIENTED_EDGE('',*,*,#8992,.T.);
#9205=ORIENTED_EDGE('',*,*,#8939,.T.);
#9206=EDGE_LOOP('',(#9202,#9203,#9204,#9205));
#9207=FACE_OUTER_BOUND('',#9206,.F.);
#9209=CARTESIAN_POINT('',(6.875E0,7.5E-1,-1.95E0));
#9210=DIRECTION('',(0.E0,0.E0,1.E0));
#9211=DIRECTION('',(0.E0,-1.E0,0.E0));
#9212=AXIS2_PLACEMENT_3D('',#9209,#9210,#9211);
#9213=PLANE('',#9212);
#9215=ORIENTED_EDGE('',*,*,#9214,.F.);
#9217=ORIENTED_EDGE('',*,*,#9216,.T.);
#9219=ORIENTED_EDGE('',*,*,#9218,.T.);
#9221=ORIENTED_EDGE('',*,*,#9220,.F.);
#9222=ORIENTED_EDGE('',*,*,#9129,.T.);
#9223=ORIENTED_EDGE('',*,*,#8078,.F.);
#9224=EDGE_LOOP('',(#9215,#9217,#9219,#9221,#9222,#9223));
#9225=FACE_OUTER_BOUND('',#9224,.F.);
#9227=CARTESIAN_POINT('',(6.675E0,-5.75E0,2.750596E1));
#9228=DIRECTION('',(0.E0,0.E0,-1.E0));
#9229=DIRECTION('',(1.E0,0.E0,0.E0));
#9230=AXIS2_PLACEMENT_3D('',#9227,#9228,#9229);
#9231=CYLINDRICAL_SURFACE('',#9230,2.E-1);
#9232=ORIENTED_EDGE('',*,*,#9214,.T.);
#9233=ORIENTED_EDGE('',*,*,#8076,.F.);
#9234=ORIENTED_EDGE('',*,*,#7942,.T.);
#9236=ORIENTED_EDGE('',*,*,#9235,.T.);
#9237=EDGE_LOOP('',(#9232,#9233,#9234,#9236));
#9238=FACE_OUTER_BOUND('',#9237,.F.);
#9240=CARTESIAN_POINT('',(6.875E0,0.E0,0.E0));
#9241=DIRECTION('',(1.E0,0.E0,0.E0));
#9242=DIRECTION('',(0.E0,0.E0,-1.E0));
#9243=AXIS2_PLACEMENT_3D('',#9240,#9241,#9242);
#9244=PLANE('',#9243);
#9245=ORIENTED_EDGE('',*,*,#8833,.F.);
#9246=ORIENTED_EDGE('',*,*,#8855,.T.);
#9248=ORIENTED_EDGE('',*,*,#9247,.F.);
#9249=ORIENTED_EDGE('',*,*,#9216,.F.);
#9250=ORIENTED_EDGE('',*,*,#9235,.F.);
#9252=ORIENTED_EDGE('',*,*,#9251,.T.);
#9254=ORIENTED_EDGE('',*,*,#9253,.T.);
#9256=ORIENTED_EDGE('',*,*,#9255,.F.);
#9258=ORIENTED_EDGE('',*,*,#9257,.F.);
#9259=ORIENTED_EDGE('',*,*,#8819,.F.);
#9260=EDGE_LOOP('',(#9245,#9246,#9248,#9249,#9250,#9252,#9254,#9256,#9258,
#9259));
#9261=FACE_OUTER_BOUND('',#9260,.F.);
#9263=CARTESIAN_POINT('',(6.875E0,7.5E-1,-4.15E0));
#9264=DIRECTION('',(0.E0,1.E0,0.E0));
#9265=DIRECTION('',(0.E0,0.E0,1.E0));
#9266=AXIS2_PLACEMENT_3D('',#9263,#9264,#9265);
#9267=PLANE('',#9266);
#9268=ORIENTED_EDGE('',*,*,#9247,.T.);
#9269=ORIENTED_EDGE('',*,*,#8853,.T.);
#9271=ORIENTED_EDGE('',*,*,#9270,.T.);
#9272=ORIENTED_EDGE('',*,*,#9218,.F.);
#9273=EDGE_LOOP('',(#9268,#9269,#9271,#9272));
#9274=FACE_OUTER_BOUND('',#9273,.F.);
#9276=CARTESIAN_POINT('',(5.675E0,-4.55E0,0.E0));
#9277=DIRECTION('',(1.E0,0.E0,0.E0));
#9278=DIRECTION('',(0.E0,1.E0,0.E0));
#9279=AXIS2_PLACEMENT_3D('',#9276,#9277,#9278);
#9280=PLANE('',#9279);
#9282=ORIENTED_EDGE('',*,*,#9281,.T.);
#9283=ORIENTED_EDGE('',*,*,#9220,.T.);
#9284=ORIENTED_EDGE('',*,*,#9270,.F.);
#9285=ORIENTED_EDGE('',*,*,#8851,.F.);
#9287=ORIENTED_EDGE('',*,*,#9286,.T.);
#9289=ORIENTED_EDGE('',*,*,#9288,.T.);
#9291=ORIENTED_EDGE('',*,*,#9290,.F.);
#9293=ORIENTED_EDGE('',*,*,#9292,.T.);
#9294=EDGE_LOOP('',(#9282,#9283,#9284,#9285,#9287,#9289,#9291,#9293));
#9295=FACE_OUTER_BOUND('',#9294,.F.);
#9297=CARTESIAN_POINT('',(3.375E0,-4.55E0,0.E0));
#9298=DIRECTION('',(0.E0,-1.E0,0.E0));
#9299=DIRECTION('',(1.E0,0.E0,0.E0));
#9300=AXIS2_PLACEMENT_3D('',#9297,#9298,#9299);
#9301=PLANE('',#9300);
#9303=ORIENTED_EDGE('',*,*,#9302,.F.);
#9305=ORIENTED_EDGE('',*,*,#9304,.T.);
#9307=ORIENTED_EDGE('',*,*,#9306,.T.);
#9309=ORIENTED_EDGE('',*,*,#9308,.T.);
#9310=EDGE_LOOP('',(#9303,#9305,#9307,#9309));
#9311=FACE_OUTER_BOUND('',#9310,.F.);
#9313=CARTESIAN_POINT('',(3.375E0,-4.55E0,0.E0));
#9314=DIRECTION('',(0.E0,-1.E0,0.E0));
#9315=DIRECTION('',(1.E0,0.E0,0.E0));
#9316=AXIS2_PLACEMENT_3D('',#9313,#9314,#9315);
#9317=PLANE('',#9316);
#9319=ORIENTED_EDGE('',*,*,#9318,.T.);
#9321=ORIENTED_EDGE('',*,*,#9320,.T.);
#9322=ORIENTED_EDGE('',*,*,#9286,.F.);
#9323=ORIENTED_EDGE('',*,*,#9131,.F.);
#9324=ORIENTED_EDGE('',*,*,#9281,.F.);
#9326=ORIENTED_EDGE('',*,*,#9325,.T.);
#9327=EDGE_LOOP('',(#9319,#9321,#9322,#9323,#9324,#9326));
#9328=FACE_OUTER_BOUND('',#9327,.F.);
#9330=CARTESIAN_POINT('',(3.625E0,-4.55E0,0.E0));
#9331=DIRECTION('',(-1.E0,0.E0,0.E0));
#9332=DIRECTION('',(0.E0,-1.E0,0.E0));
#9333=AXIS2_PLACEMENT_3D('',#9330,#9331,#9332);
#9334=PLANE('',#9333);
#9335=ORIENTED_EDGE('',*,*,#7678,.F.);
#9337=ORIENTED_EDGE('',*,*,#9336,.T.);
#9338=ORIENTED_EDGE('',*,*,#9302,.T.);
#9340=ORIENTED_EDGE('',*,*,#9339,.T.);
#9342=ORIENTED_EDGE('',*,*,#9341,.F.);
#9343=EDGE_LOOP('',(#9335,#9337,#9338,#9340,#9342));
#9344=FACE_OUTER_BOUND('',#9343,.F.);
#9346=CARTESIAN_POINT('',(4.525E0,-4.694337567297E0,-2.5E-1));
#9347=DIRECTION('',(0.E0,8.660254037844E-1,5.E-1));
#9348=DIRECTION('',(0.E0,5.E-1,-8.660254037844E-1));
#9349=AXIS2_PLACEMENT_3D('',#9346,#9347,#9348);
#9350=PLANE('',#9349);
#9351=ORIENTED_EDGE('',*,*,#9336,.F.);
#9352=ORIENTED_EDGE('',*,*,#7676,.T.);
#9354=ORIENTED_EDGE('',*,*,#9353,.F.);
#9355=ORIENTED_EDGE('',*,*,#9304,.F.);
#9356=EDGE_LOOP('',(#9351,#9352,#9354,#9355));
#9357=FACE_OUTER_BOUND('',#9356,.F.);
#9359=CARTESIAN_POINT('',(4.525E0,-4.694337567297E0,-2.5E-1));
#9360=DIRECTION('',(0.E0,8.660254037844E-1,5.E-1));
#9361=DIRECTION('',(0.E0,5.E-1,-8.660254037844E-1));
#9362=AXIS2_PLACEMENT_3D('',#9359,#9360,#9361);
#9363=PLANE('',#9362);
#9365=ORIENTED_EDGE('',*,*,#9364,.T.);
#9366=ORIENTED_EDGE('',*,*,#9325,.F.);
#9368=ORIENTED_EDGE('',*,*,#9367,.T.);
#9369=ORIENTED_EDGE('',*,*,#7684,.T.);
#9370=EDGE_LOOP('',(#9365,#9366,#9368,#9369));
#9371=FACE_OUTER_BOUND('',#9370,.F.);
#9373=CARTESIAN_POINT('',(3.230662432703E0,-4.125E0,-2.5E-1));
#9374=DIRECTION('',(8.660254037844E-1,0.E0,5.E-1));
#9375=DIRECTION('',(5.E-1,0.E0,-8.660254037844E-1));
#9376=AXIS2_PLACEMENT_3D('',#9373,#9374,#9375);
#9377=PLANE('',#9376);
#9379=ORIENTED_EDGE('',*,*,#9378,.T.);
#9381=ORIENTED_EDGE('',*,*,#9380,.F.);
#9382=ORIENTED_EDGE('',*,*,#9353,.T.);
#9383=ORIENTED_EDGE('',*,*,#7674,.T.);
#9384=EDGE_LOOP('',(#9379,#9381,#9382,#9383));
#9385=FACE_OUTER_BOUND('',#9384,.F.);
#9387=CARTESIAN_POINT('',(1.92E0,-3.7E0,0.E0));
#9388=DIRECTION('',(0.E0,-1.E0,0.E0));
#9389=DIRECTION('',(1.E0,0.E0,0.E0));
#9390=AXIS2_PLACEMENT_3D('',#9387,#9388,#9389);
#9391=PLANE('',#9390);
#9393=ORIENTED_EDGE('',*,*,#9392,.F.);
#9395=ORIENTED_EDGE('',*,*,#9394,.T.);
#9397=ORIENTED_EDGE('',*,*,#9396,.F.);
#9398=ORIENTED_EDGE('',*,*,#9378,.F.);
#9399=ORIENTED_EDGE('',*,*,#7672,.F.);
#9401=ORIENTED_EDGE('',*,*,#9400,.F.);
#9403=ORIENTED_EDGE('',*,*,#9402,.T.);
#9405=ORIENTED_EDGE('',*,*,#9404,.T.);
#9407=ORIENTED_EDGE('',*,*,#9406,.T.);
#9409=ORIENTED_EDGE('',*,*,#9408,.T.);
#9410=EDGE_LOOP('',(#9393,#9395,#9397,#9398,#9399,#9401,#9403,#9405,#9407,
#9409));
#9411=FACE_OUTER_BOUND('',#9410,.F.);
#9413=CARTESIAN_POINT('',(2.675E0,0.E0,0.E0));
#9414=DIRECTION('',(1.E0,0.E0,0.E0));
#9415=DIRECTION('',(0.E0,0.E0,-1.E0));
#9416=AXIS2_PLACEMENT_3D('',#9413,#9414,#9415);
#9417=PLANE('',#9416);
#9419=ORIENTED_EDGE('',*,*,#9418,.F.);
#9421=ORIENTED_EDGE('',*,*,#9420,.F.);
#9423=ORIENTED_EDGE('',*,*,#9422,.T.);
#9425=ORIENTED_EDGE('',*,*,#9424,.F.);
#9426=ORIENTED_EDGE('',*,*,#9392,.T.);
#9428=ORIENTED_EDGE('',*,*,#9427,.T.);
#9429=EDGE_LOOP('',(#9419,#9421,#9423,#9425,#9426,#9428));
#9430=FACE_OUTER_BOUND('',#9429,.F.);
#9432=CARTESIAN_POINT('',(2.625E0,-3.4E0,-1.495131120139E0));
#9433=DIRECTION('',(7.071067811865E-1,7.071067811865E-1,0.E0));
#9434=DIRECTION('',(-7.071067811865E-1,7.071067811865E-1,0.E0));
#9435=AXIS2_PLACEMENT_3D('',#9432,#9433,#9434);
#9436=PLANE('',#9435);
#9438=ORIENTED_EDGE('',*,*,#9437,.T.);
#9440=ORIENTED_EDGE('',*,*,#9439,.F.);
#9442=ORIENTED_EDGE('',*,*,#9441,.T.);
#9443=ORIENTED_EDGE('',*,*,#9418,.T.);
#9444=EDGE_LOOP('',(#9438,#9440,#9442,#9443));
#9445=FACE_OUTER_BOUND('',#9444,.F.);
#9447=CARTESIAN_POINT('',(2.675E0,7.5E-1,-1.45E0));
#9448=DIRECTION('',(0.E0,0.E0,1.E0));
#9449=DIRECTION('',(0.E0,-1.E0,0.E0));
#9450=AXIS2_PLACEMENT_3D('',#9447,#9448,#9449);
#9451=PLANE('',#9450);
#9452=ORIENTED_EDGE('',*,*,#9437,.F.);
#9453=ORIENTED_EDGE('',*,*,#9427,.F.);
#9454=ORIENTED_EDGE('',*,*,#9408,.F.);
#9456=ORIENTED_EDGE('',*,*,#9455,.F.);
#9458=ORIENTED_EDGE('',*,*,#9457,.F.);
#9460=ORIENTED_EDGE('',*,*,#9459,.T.);
#9462=ORIENTED_EDGE('',*,*,#9461,.T.);
#9464=ORIENTED_EDGE('',*,*,#9463,.F.);
#9466=ORIENTED_EDGE('',*,*,#9465,.F.);
#9468=ORIENTED_EDGE('',*,*,#9467,.T.);
#9469=EDGE_LOOP('',(#9452,#9453,#9454,#9456,#9458,#9460,#9462,#9464,#9466,
#9468));
#9470=FACE_OUTER_BOUND('',#9469,.F.);
#9472=CARTESIAN_POINT('',(2.275E0,0.E0,0.E0));
#9473=DIRECTION('',(1.E0,0.E0,0.E0));
#9474=DIRECTION('',(0.E0,0.E0,-1.E0));
#9475=AXIS2_PLACEMENT_3D('',#9472,#9473,#9474);
#9476=PLANE('',#9475);
#9478=ORIENTED_EDGE('',*,*,#9477,.F.);
#9479=ORIENTED_EDGE('',*,*,#9455,.T.);
#9480=ORIENTED_EDGE('',*,*,#9406,.F.);
#9482=ORIENTED_EDGE('',*,*,#9481,.T.);
#9484=ORIENTED_EDGE('',*,*,#9483,.F.);
#9486=ORIENTED_EDGE('',*,*,#9485,.F.);
#9487=EDGE_LOOP('',(#9478,#9479,#9480,#9482,#9484,#9486));
#9488=FACE_OUTER_BOUND('',#9487,.F.);
#9490=CARTESIAN_POINT('',(2.325E0,-3.4E0,-1.495127552163E0));
#9491=DIRECTION('',(-7.071067811865E-1,7.071067811865E-1,0.E0));
#9492=DIRECTION('',(7.071067811865E-1,7.071067811865E-1,0.E0));
#9493=AXIS2_PLACEMENT_3D('',#9490,#9491,#9492);
#9494=PLANE('',#9493);
#9496=ORIENTED_EDGE('',*,*,#9495,.F.);
#9497=ORIENTED_EDGE('',*,*,#9457,.T.);
#9498=ORIENTED_EDGE('',*,*,#9477,.T.);
#9500=ORIENTED_EDGE('',*,*,#9499,.T.);
#9501=EDGE_LOOP('',(#9496,#9497,#9498,#9500));
#9502=FACE_OUTER_BOUND('',#9501,.F.);
#9504=CARTESIAN_POINT('',(2.675E0,-3.35E0,0.E0));
#9505=DIRECTION('',(0.E0,1.E0,0.E0));
#9506=DIRECTION('',(1.E0,0.E0,0.E0));
#9507=AXIS2_PLACEMENT_3D('',#9504,#9505,#9506);
#9508=PLANE('',#9507);
#9509=ORIENTED_EDGE('',*,*,#9439,.T.);
#9510=ORIENTED_EDGE('',*,*,#9467,.F.);
#9512=ORIENTED_EDGE('',*,*,#9511,.F.);
#9514=ORIENTED_EDGE('',*,*,#9513,.F.);
#9515=EDGE_LOOP('',(#9509,#9510,#9512,#9514));
#9516=FACE_OUTER_BOUND('',#9515,.F.);
#9518=CARTESIAN_POINT('',(2.675E0,-3.35E0,0.E0));
#9519=DIRECTION('',(0.E0,1.E0,0.E0));
#9520=DIRECTION('',(1.E0,0.E0,0.E0));
#9521=AXIS2_PLACEMENT_3D('',#9518,#9519,#9520);
#9522=PLANE('',#9521);
#9523=ORIENTED_EDGE('',*,*,#9495,.T.);
#9525=ORIENTED_EDGE('',*,*,#9524,.F.);
#9527=ORIENTED_EDGE('',*,*,#9526,.F.);
#9528=ORIENTED_EDGE('',*,*,#9459,.F.);
#9529=EDGE_LOOP('',(#9523,#9525,#9527,#9528));
#9530=FACE_OUTER_BOUND('',#9529,.F.);
#9532=CARTESIAN_POINT('',(2.494498161088E0,7.5E-1,-1.500000351746E0));
#9533=DIRECTION('',(0.E0,1.E0,0.E0));
#9534=DIRECTION('',(1.E0,0.E0,0.E0));
#9535=AXIS2_PLACEMENT_3D('',#9532,#9533,#9534);
#9536=CYLINDRICAL_SURFACE('',#9535,5.000035174553E-2);
#9537=ORIENTED_EDGE('',*,*,#9511,.T.);
#9538=ORIENTED_EDGE('',*,*,#9465,.T.);
#9540=ORIENTED_EDGE('',*,*,#9539,.T.);
#9542=ORIENTED_EDGE('',*,*,#9541,.T.);
#9543=EDGE_LOOP('',(#9537,#9538,#9540,#9542));
#9544=FACE_OUTER_BOUND('',#9543,.F.);
#9546=CARTESIAN_POINT('',(3.20139E1,2.5E-1,-1.95E0));
#9547=DIRECTION('',(-1.E0,0.E0,0.E0));
#9548=DIRECTION('',(0.E0,0.E0,1.E0));
#9549=AXIS2_PLACEMENT_3D('',#9546,#9547,#9548);
#9550=CYLINDRICAL_SURFACE('',#9549,5.E-1);
#9552=ORIENTED_EDGE('',*,*,#9551,.F.);
#9554=ORIENTED_EDGE('',*,*,#9553,.F.);
#9556=ORIENTED_EDGE('',*,*,#9555,.F.);
#9557=ORIENTED_EDGE('',*,*,#9539,.F.);
#9558=ORIENTED_EDGE('',*,*,#9463,.T.);
#9560=ORIENTED_EDGE('',*,*,#9559,.F.);
#9561=EDGE_LOOP('',(#9552,#9554,#9556,#9557,#9558,#9560));
#9562=FACE_OUTER_BOUND('',#9561,.F.);
#9564=CARTESIAN_POINT('',(3.174996931368E0,7.5E-1,-1.952572950590E0));
#9565=DIRECTION('',(0.E0,1.E0,0.E0));
#9566=DIRECTION('',(1.E0,0.E0,0.E0));
#9567=AXIS2_PLACEMENT_3D('',#9564,#9565,#9566);
#9568=CYLINDRICAL_SURFACE('',#9567,9.000006091925E-1);
#9569=ORIENTED_EDGE('',*,*,#9524,.T.);
#9570=ORIENTED_EDGE('',*,*,#9499,.F.);
#9571=ORIENTED_EDGE('',*,*,#9485,.T.);
#9572=ORIENTED_EDGE('',*,*,#9551,.T.);
#9574=ORIENTED_EDGE('',*,*,#9573,.T.);
#9575=EDGE_LOOP('',(#9569,#9570,#9571,#9572,#9574));
#9576=FACE_OUTER_BOUND('',#9575,.F.);
#9578=CARTESIAN_POINT('',(2.455498161088E0,7.5E-1,-1.500000351746E0));
#9579=DIRECTION('',(0.E0,1.E0,0.E0));
#9580=DIRECTION('',(1.E0,0.E0,0.E0));
#9581=AXIS2_PLACEMENT_3D('',#9578,#9579,#9580);
#9582=CYLINDRICAL_SURFACE('',#9581,5.000035174553E-2);
#9583=ORIENTED_EDGE('',*,*,#9526,.T.);
#9584=ORIENTED_EDGE('',*,*,#9573,.F.);
#9585=ORIENTED_EDGE('',*,*,#9559,.T.);
#9586=ORIENTED_EDGE('',*,*,#9461,.F.);
#9587=EDGE_LOOP('',(#9583,#9584,#9585,#9586));
#9588=FACE_OUTER_BOUND('',#9587,.F.);
#9590=CARTESIAN_POINT('',(2.675E0,7.5E-1,-1.425E1));
#9591=DIRECTION('',(0.E0,1.E0,0.E0));
#9592=DIRECTION('',(0.E0,0.E0,1.E0));
#9593=AXIS2_PLACEMENT_3D('',#9590,#9591,#9592);
#9594=PLANE('',#9593);
#9596=ORIENTED_EDGE('',*,*,#9595,.F.);
#9597=ORIENTED_EDGE('',*,*,#9553,.T.);
#9598=ORIENTED_EDGE('',*,*,#9483,.T.);
#9600=ORIENTED_EDGE('',*,*,#9599,.T.);
#9601=ORIENTED_EDGE('',*,*,#9422,.F.);
#9602=EDGE_LOOP('',(#9596,#9597,#9598,#9600,#9601));
#9603=FACE_OUTER_BOUND('',#9602,.F.);
#9605=CARTESIAN_POINT('',(1.774999390807E0,7.5E-1,-1.952572950590E0));
#9606=DIRECTION('',(0.E0,1.E0,0.E0));
#9607=DIRECTION('',(1.E0,0.E0,0.E0));
#9608=AXIS2_PLACEMENT_3D('',#9605,#9606,#9607);
#9609=CYLINDRICAL_SURFACE('',#9608,9.000006091925E-1);
#9610=ORIENTED_EDGE('',*,*,#9420,.T.);
#9611=ORIENTED_EDGE('',*,*,#9441,.F.);
#9612=ORIENTED_EDGE('',*,*,#9513,.T.);
#9613=ORIENTED_EDGE('',*,*,#9541,.F.);
#9614=ORIENTED_EDGE('',*,*,#9555,.T.);
#9615=ORIENTED_EDGE('',*,*,#9595,.T.);
#9616=EDGE_LOOP('',(#9610,#9611,#9612,#9613,#9614,#9615));
#9617=FACE_OUTER_BOUND('',#9616,.F.);
#9619=CARTESIAN_POINT('',(0.E0,0.E0,-1.425E1));
#9620=DIRECTION('',(0.E0,0.E0,1.E0));
#9621=DIRECTION('',(1.E0,0.E0,0.E0));
#9622=AXIS2_PLACEMENT_3D('',#9619,#9620,#9621);
#9623=PLANE('',#9622);
#9625=ORIENTED_EDGE('',*,*,#9624,.T.);
#9627=ORIENTED_EDGE('',*,*,#9626,.F.);
#9629=ORIENTED_EDGE('',*,*,#9628,.T.);
#9631=ORIENTED_EDGE('',*,*,#9630,.F.);
#9633=ORIENTED_EDGE('',*,*,#9632,.T.);
#9635=ORIENTED_EDGE('',*,*,#9634,.T.);
#9637=ORIENTED_EDGE('',*,*,#9636,.T.);
#9639=ORIENTED_EDGE('',*,*,#9638,.T.);
#9641=ORIENTED_EDGE('',*,*,#9640,.T.);
#9643=ORIENTED_EDGE('',*,*,#9642,.T.);
#9645=ORIENTED_EDGE('',*,*,#9644,.T.);
#9647=ORIENTED_EDGE('',*,*,#9646,.T.);
#9649=ORIENTED_EDGE('',*,*,#9648,.T.);
#9651=ORIENTED_EDGE('',*,*,#9650,.T.);
#9652=EDGE_LOOP('',(#9625,#9627,#9629,#9631,#9633,#9635,#9637,#9639,#9641,#9643,
#9645,#9647,#9649,#9651));
#9653=FACE_OUTER_BOUND('',#9652,.F.);
#9655=ORIENTED_EDGE('',*,*,#9654,.T.);
#9657=ORIENTED_EDGE('',*,*,#9656,.T.);
#9659=ORIENTED_EDGE('',*,*,#9658,.T.);
#9661=ORIENTED_EDGE('',*,*,#9660,.T.);
#9662=EDGE_LOOP('',(#9655,#9657,#9659,#9661));
#9663=FACE_BOUND('',#9662,.F.);
#9665=ORIENTED_EDGE('',*,*,#9664,.T.);
#9667=ORIENTED_EDGE('',*,*,#9666,.T.);
#9669=ORIENTED_EDGE('',*,*,#9668,.T.);
#9671=ORIENTED_EDGE('',*,*,#9670,.T.);
#9672=EDGE_LOOP('',(#9665,#9667,#9669,#9671));
#9673=FACE_BOUND('',#9672,.F.);
#9675=CARTESIAN_POINT('',(0.E0,0.E0,-1.425E1));
#9676=DIRECTION('',(0.E0,0.E0,1.E0));
#9677=DIRECTION('',(1.E0,0.E0,0.E0));
#9678=AXIS2_PLACEMENT_3D('',#9675,#9676,#9677);
#9679=PLANE('',#9678);
#9680=ORIENTED_EDGE('',*,*,#9320,.F.);
#9682=ORIENTED_EDGE('',*,*,#9681,.F.);
#9684=ORIENTED_EDGE('',*,*,#9683,.F.);
#9685=ORIENTED_EDGE('',*,*,#9339,.F.);
#9686=ORIENTED_EDGE('',*,*,#9308,.F.);
#9688=ORIENTED_EDGE('',*,*,#9687,.F.);
#9689=ORIENTED_EDGE('',*,*,#9394,.F.);
#9690=ORIENTED_EDGE('',*,*,#9424,.T.);
#9691=ORIENTED_EDGE('',*,*,#9599,.F.);
#9692=ORIENTED_EDGE('',*,*,#9481,.F.);
#9693=ORIENTED_EDGE('',*,*,#9404,.F.);
#9695=ORIENTED_EDGE('',*,*,#9694,.F.);
#9697=ORIENTED_EDGE('',*,*,#9696,.F.);
#9699=ORIENTED_EDGE('',*,*,#9698,.F.);
#9701=ORIENTED_EDGE('',*,*,#9700,.F.);
#9703=ORIENTED_EDGE('',*,*,#9702,.F.);
#9705=ORIENTED_EDGE('',*,*,#9704,.F.);
#9707=ORIENTED_EDGE('',*,*,#9706,.F.);
#9709=ORIENTED_EDGE('',*,*,#9708,.F.);
#9711=ORIENTED_EDGE('',*,*,#9710,.F.);
#9713=ORIENTED_EDGE('',*,*,#9712,.F.);
#9715=ORIENTED_EDGE('',*,*,#9714,.F.);
#9717=ORIENTED_EDGE('',*,*,#9716,.F.);
#9719=ORIENTED_EDGE('',*,*,#9718,.F.);
#9721=ORIENTED_EDGE('',*,*,#9720,.F.);
#9723=ORIENTED_EDGE('',*,*,#9722,.F.);
#9725=ORIENTED_EDGE('',*,*,#9724,.F.);
#9727=ORIENTED_EDGE('',*,*,#9726,.T.);
#9729=ORIENTED_EDGE('',*,*,#9728,.F.);
#9731=ORIENTED_EDGE('',*,*,#9730,.F.);
#9733=ORIENTED_EDGE('',*,*,#9732,.F.);
#9735=ORIENTED_EDGE('',*,*,#9734,.F.);
#9737=ORIENTED_EDGE('',*,*,#9736,.F.);
#9739=ORIENTED_EDGE('',*,*,#9738,.F.);
#9741=ORIENTED_EDGE('',*,*,#9740,.F.);
#9743=ORIENTED_EDGE('',*,*,#9742,.F.);
#9745=ORIENTED_EDGE('',*,*,#9744,.F.);
#9747=ORIENTED_EDGE('',*,*,#9746,.F.);
#9749=ORIENTED_EDGE('',*,*,#9748,.F.);
#9751=ORIENTED_EDGE('',*,*,#9750,.F.);
#9753=ORIENTED_EDGE('',*,*,#9752,.F.);
#9755=ORIENTED_EDGE('',*,*,#9754,.F.);
#9757=ORIENTED_EDGE('',*,*,#9756,.F.);
#9758=ORIENTED_EDGE('',*,*,#9288,.F.);
#9759=EDGE_LOOP('',(#9680,#9682,#9684,#9685,#9686,#9688,#9689,#9690,#9691,#9692,
#9693,#9695,#9697,#9699,#9701,#9703,#9705,#9707,#9709,#9711,#9713,#9715,#9717,
#9719,#9721,#9723,#9725,#9727,#9729,#9731,#9733,#9735,#9737,#9739,#9741,#9743,
#9745,#9747,#9749,#9751,#9753,#9755,#9757,#9758));
#9760=FACE_OUTER_BOUND('',#9759,.F.);
#9762=ORIENTED_EDGE('',*,*,#9761,.T.);
#9764=ORIENTED_EDGE('',*,*,#9763,.T.);
#9766=ORIENTED_EDGE('',*,*,#9765,.T.);
#9768=ORIENTED_EDGE('',*,*,#9767,.T.);
#9770=ORIENTED_EDGE('',*,*,#9769,.T.);
#9772=ORIENTED_EDGE('',*,*,#9771,.T.);
#9774=ORIENTED_EDGE('',*,*,#9773,.T.);
#9776=ORIENTED_EDGE('',*,*,#9775,.T.);
#9778=ORIENTED_EDGE('',*,*,#9777,.T.);
#9780=ORIENTED_EDGE('',*,*,#9779,.T.);
#9782=ORIENTED_EDGE('',*,*,#9781,.T.);
#9784=ORIENTED_EDGE('',*,*,#9783,.T.);
#9786=ORIENTED_EDGE('',*,*,#9785,.T.);
#9788=ORIENTED_EDGE('',*,*,#9787,.T.);
#9790=ORIENTED_EDGE('',*,*,#9789,.T.);
#9792=ORIENTED_EDGE('',*,*,#9791,.T.);
#9793=EDGE_LOOP('',(#9762,#9764,#9766,#9768,#9770,#9772,#9774,#9776,#9778,#9780,
#9782,#9784,#9786,#9788,#9790,#9792));
#9794=FACE_BOUND('',#9793,.F.);
#9796=CARTESIAN_POINT('',(1.762000480019E0,1.65E0,-6.55E0));
#9797=DIRECTION('',(0.E0,9.999862922474E-1,5.235963831420E-3));
#9798=DIRECTION('',(-1.E0,0.E0,0.E0));
#9799=AXIS2_PLACEMENT_3D('',#9796,#9797,#9798);
#9800=PLANE('',#9799);
#9802=ORIENTED_EDGE('',*,*,#9801,.T.);
#9804=ORIENTED_EDGE('',*,*,#9803,.F.);
#9805=ORIENTED_EDGE('',*,*,#9761,.F.);
#9807=ORIENTED_EDGE('',*,*,#9806,.T.);
#9808=EDGE_LOOP('',(#9802,#9804,#9805,#9807));
#9809=FACE_OUTER_BOUND('',#9808,.F.);
#9811=CARTESIAN_POINT('',(-1.425E0,1.578113153201E0,-6.749997258449E0));
#9812=DIRECTION('',(0.E0,9.378889346119E-1,3.469356515733E-1));
#9813=DIRECTION('',(0.E0,3.469356515733E-1,-9.378889346119E-1));
#9814=AXIS2_PLACEMENT_3D('',#9811,#9812,#9813);
#9815=PLANE('',#9814);
#9817=ORIENTED_EDGE('',*,*,#9816,.T.);
#9819=ORIENTED_EDGE('',*,*,#9818,.T.);
#9820=ORIENTED_EDGE('',*,*,#9801,.F.);
#9822=ORIENTED_EDGE('',*,*,#9821,.F.);
#9823=EDGE_LOOP('',(#9817,#9819,#9820,#9822));
#9824=FACE_OUTER_BOUND('',#9823,.F.);
#9826=CARTESIAN_POINT('',(0.E0,0.E0,-6.55E0));
#9827=DIRECTION('',(0.E0,0.E0,1.E0));
#9828=DIRECTION('',(1.E0,0.E0,0.E0));
#9829=AXIS2_PLACEMENT_3D('',#9826,#9827,#9828);
#9830=PLANE('',#9829);
#9832=ORIENTED_EDGE('',*,*,#9831,.F.);
#9834=ORIENTED_EDGE('',*,*,#9833,.F.);
#9835=ORIENTED_EDGE('',*,*,#9816,.F.);
#9837=ORIENTED_EDGE('',*,*,#9836,.F.);
#9839=ORIENTED_EDGE('',*,*,#9838,.F.);
#9841=ORIENTED_EDGE('',*,*,#9840,.F.);
#9843=ORIENTED_EDGE('',*,*,#9842,.F.);
#9845=ORIENTED_EDGE('',*,*,#9844,.F.);
#9847=ORIENTED_EDGE('',*,*,#9846,.F.);
#9849=ORIENTED_EDGE('',*,*,#9848,.F.);
#9851=ORIENTED_EDGE('',*,*,#9850,.F.);
#9853=ORIENTED_EDGE('',*,*,#9852,.F.);
#9855=ORIENTED_EDGE('',*,*,#9854,.F.);
#9857=ORIENTED_EDGE('',*,*,#9856,.F.);
#9859=ORIENTED_EDGE('',*,*,#9858,.F.);
#9861=ORIENTED_EDGE('',*,*,#9860,.F.);
#9862=EDGE_LOOP('',(#9832,#9834,#9835,#9837,#9839,#9841,#9843,#9845,#9847,#9849,
#9851,#9853,#9855,#9857,#9859,#9861));
#9863=FACE_OUTER_BOUND('',#9862,.F.);
#9865=ORIENTED_EDGE('',*,*,#9864,.F.);
#9867=ORIENTED_EDGE('',*,*,#9866,.F.);
#9869=ORIENTED_EDGE('',*,*,#9868,.F.);
#9871=ORIENTED_EDGE('',*,*,#9870,.F.);
#9873=ORIENTED_EDGE('',*,*,#9872,.F.);
#9875=ORIENTED_EDGE('',*,*,#9874,.F.);
#9877=ORIENTED_EDGE('',*,*,#9876,.F.);
#9879=ORIENTED_EDGE('',*,*,#9878,.F.);
#9881=ORIENTED_EDGE('',*,*,#9880,.F.);
#9883=ORIENTED_EDGE('',*,*,#9882,.F.);
#9885=ORIENTED_EDGE('',*,*,#9884,.F.);
#9887=ORIENTED_EDGE('',*,*,#9886,.F.);
#9889=ORIENTED_EDGE('',*,*,#9888,.F.);
#9891=ORIENTED_EDGE('',*,*,#9890,.F.);
#9892=EDGE_LOOP('',(#9865,#9867,#9869,#9871,#9873,#9875,#9877,#9879,#9881,#9883,
#9885,#9887,#9889,#9891));
#9893=FACE_BOUND('',#9892,.F.);
#9895=CARTESIAN_POINT('',(-3.367015624033E0,-2.823671987916E0,
-6.749997258449E0));
#9896=DIRECTION('',(7.626683296957E-1,0.E0,6.467897795105E-1));
#9897=DIRECTION('',(6.467897795105E-1,0.E0,-7.626683296957E-1));
#9898=AXIS2_PLACEMENT_3D('',#9895,#9896,#9897);
#9899=PLANE('',#9898);
#9901=ORIENTED_EDGE('',*,*,#9900,.F.);
#9903=ORIENTED_EDGE('',*,*,#9902,.T.);
#9904=ORIENTED_EDGE('',*,*,#9864,.T.);
#9906=ORIENTED_EDGE('',*,*,#9905,.F.);
#9907=EDGE_LOOP('',(#9901,#9903,#9904,#9906));
#9908=FACE_OUTER_BOUND('',#9907,.F.);
#9910=CARTESIAN_POINT('',(-3.1995E0,-4.162000480019E0,-6.55E0));
#9911=DIRECTION('',(9.999862922474E-1,0.E0,5.235963831420E-3));
#9912=DIRECTION('',(0.E0,1.E0,0.E0));
#9913=AXIS2_PLACEMENT_3D('',#9910,#9911,#9912);
#9914=PLANE('',#9913);
#9915=ORIENTED_EDGE('',*,*,#9900,.T.);
#9917=ORIENTED_EDGE('',*,*,#9916,.F.);
#9918=ORIENTED_EDGE('',*,*,#9648,.F.);
#9920=ORIENTED_EDGE('',*,*,#9919,.T.);
#9921=EDGE_LOOP('',(#9915,#9917,#9918,#9920));
#9922=FACE_OUTER_BOUND('',#9921,.F.);
#9924=CARTESIAN_POINT('',(-2.693148648865E0,-3.376215316439E0,-6.55E0));
#9925=DIRECTION('',(8.658131323022E-1,5.003400889554E-1,5.235963831420E-3));
#9926=DIRECTION('',(-5.003469475875E-1,8.658250008170E-1,0.E0));
#9927=AXIS2_PLACEMENT_3D('',#9924,#9925,#9926);
#9928=PLANE('',#9927);
#9930=ORIENTED_EDGE('',*,*,#9929,.T.);
#9932=ORIENTED_EDGE('',*,*,#9931,.F.);
#9933=ORIENTED_EDGE('',*,*,#9650,.F.);
#9934=ORIENTED_EDGE('',*,*,#9916,.T.);
#9935=EDGE_LOOP('',(#9930,#9932,#9933,#9934));
#9936=FACE_OUTER_BOUND('',#9935,.F.);
#9938=CARTESIAN_POINT('',(-3.494508201138E0,-2.324302211931E0,
-6.749997258449E0));
#9939=DIRECTION('',(6.603373071819E-1,3.815987707849E-1,6.467897795105E-1));
#9940=DIRECTION('',(5.600067613731E-1,3.236192919089E-1,-7.626683296957E-1));
#9941=AXIS2_PLACEMENT_3D('',#9938,#9939,#9940);
#9942=PLANE('',#9941);
#9943=ORIENTED_EDGE('',*,*,#9890,.T.);
#9945=ORIENTED_EDGE('',*,*,#9944,.F.);
#9946=ORIENTED_EDGE('',*,*,#9929,.F.);
#9947=ORIENTED_EDGE('',*,*,#9905,.T.);
#9948=EDGE_LOOP('',(#9943,#9945,#9946,#9947));
#9949=FACE_OUTER_BOUND('',#9948,.F.);
#9951=CARTESIAN_POINT('',(-3.667515624033E0,-5.647191806821E-1,
-6.749997258449E0));
#9952=DIRECTION('',(7.626683296957E-1,0.E0,6.467897795105E-1));
#9953=DIRECTION('',(6.467897795105E-1,0.E0,-7.626683296957E-1));
#9954=AXIS2_PLACEMENT_3D('',#9951,#9952,#9953);
#9955=PLANE('',#9954);
#9956=ORIENTED_EDGE('',*,*,#9888,.T.);
#9958=ORIENTED_EDGE('',*,*,#9957,.T.);
#9960=ORIENTED_EDGE('',*,*,#9959,.F.);
#9961=ORIENTED_EDGE('',*,*,#9944,.T.);
#9962=EDGE_LOOP('',(#9956,#9958,#9960,#9961));
#9963=FACE_OUTER_BOUND('',#9962,.F.);
#9965=CARTESIAN_POINT('',(-3.3E0,8.5E-1,-6.749997258449E0));
#9966=DIRECTION('',(0.E0,0.E0,1.E0));
#9967=DIRECTION('',(0.E0,-1.E0,0.E0));
#9968=AXIS2_PLACEMENT_3D('',#9965,#9966,#9967);
#9969=CONICAL_SURFACE('',#9968,3.675156240333E-1,4.03E1);
#9970=ORIENTED_EDGE('',*,*,#9886,.T.);
#9972=ORIENTED_EDGE('',*,*,#9971,.T.);
#9974=ORIENTED_EDGE('',*,*,#9973,.F.);
#9975=ORIENTED_EDGE('',*,*,#9957,.F.);
#9976=EDGE_LOOP('',(#9970,#9972,#9974,#9975));
#9977=FACE_OUTER_BOUND('',#9976,.F.);
#9979=CARTESIAN_POINT('',(-1.425E0,1.217515624033E0,-6.749997258449E0));
#9980=DIRECTION('',(0.E0,-7.626683296957E-1,6.467897795105E-1));
#9981=DIRECTION('',(0.E0,-6.467897795105E-1,-7.626683296957E-1));
#9982=AXIS2_PLACEMENT_3D('',#9979,#9980,#9981);
#9983=PLANE('',#9982);
#9984=ORIENTED_EDGE('',*,*,#9884,.T.);
#9986=ORIENTED_EDGE('',*,*,#9985,.T.);
#9988=ORIENTED_EDGE('',*,*,#9987,.F.);
#9989=ORIENTED_EDGE('',*,*,#9971,.F.);
#9990=EDGE_LOOP('',(#9984,#9986,#9988,#9989));
#9991=FACE_OUTER_BOUND('',#9990,.F.);
#9993=CARTESIAN_POINT('',(4.5E-1,8.5E-1,-6.749997258449E0));
#9994=DIRECTION('',(0.E0,0.E0,1.E0));
#9995=DIRECTION('',(0.E0,-1.E0,0.E0));
#9996=AXIS2_PLACEMENT_3D('',#9993,#9994,#9995);
#9997=CONICAL_SURFACE('',#9996,3.675156240333E-1,4.03E1);
#9998=ORIENTED_EDGE('',*,*,#9882,.T.);
#10000=ORIENTED_EDGE('',*,*,#9999,.T.);
#10002=ORIENTED_EDGE('',*,*,#10001,.F.);
#10003=ORIENTED_EDGE('',*,*,#9985,.F.);
#10004=EDGE_LOOP('',(#9998,#10000,#10002,#10003));
#10005=FACE_OUTER_BOUND('',#10004,.F.);
#10007=CARTESIAN_POINT('',(8.175156240333E-1,-5.647191806821E-1,
-6.749997258449E0));
#10008=DIRECTION('',(-7.626683296957E-1,0.E0,6.467897795105E-1));
#10009=DIRECTION('',(-6.467897795105E-1,0.E0,-7.626683296957E-1));
#10010=AXIS2_PLACEMENT_3D('',#10007,#10008,#10009);
#10011=PLANE('',#10010);
#10013=ORIENTED_EDGE('',*,*,#10012,.F.);
#10014=ORIENTED_EDGE('',*,*,#9999,.F.);
#10015=ORIENTED_EDGE('',*,*,#9880,.T.);
#10017=ORIENTED_EDGE('',*,*,#10016,.F.);
#10018=EDGE_LOOP('',(#10013,#10014,#10015,#10017));
#10019=FACE_OUTER_BOUND('',#10018,.F.);
#10021=CARTESIAN_POINT('',(6.5E-1,1.862000480019E0,-6.55E0));
#10022=DIRECTION('',(-9.999862922474E-1,0.E0,5.235963831420E-3));
#10023=DIRECTION('',(0.E0,-1.E0,0.E0));
#10024=AXIS2_PLACEMENT_3D('',#10021,#10022,#10023);
#10025=PLANE('',#10024);
#10026=ORIENTED_EDGE('',*,*,#10012,.T.);
#10028=ORIENTED_EDGE('',*,*,#10027,.F.);
#10029=ORIENTED_EDGE('',*,*,#9632,.F.);
#10031=ORIENTED_EDGE('',*,*,#10030,.T.);
#10032=EDGE_LOOP('',(#10026,#10028,#10029,#10031));
#10033=FACE_OUTER_BOUND('',#10032,.F.);
#10035=CARTESIAN_POINT('',(1.156351351135E0,-1.103784683561E0,-6.55E0));
#10036=DIRECTION('',(-8.658131323022E-1,5.003400889554E-1,5.235963831420E-3));
#10037=DIRECTION('',(-5.003469475875E-1,-8.658250008170E-1,0.E0));
#10038=AXIS2_PLACEMENT_3D('',#10035,#10036,#10037);
#10039=PLANE('',#10038);
#10041=ORIENTED_EDGE('',*,*,#10040,.T.);
#10043=ORIENTED_EDGE('',*,*,#10042,.F.);
#10044=ORIENTED_EDGE('',*,*,#9634,.F.);
#10045=ORIENTED_EDGE('',*,*,#10027,.T.);
#10046=EDGE_LOOP('',(#10041,#10043,#10044,#10045));
#10047=FACE_OUTER_BOUND('',#10046,.F.);
#10049=CARTESIAN_POINT('',(6.445082011383E-1,-2.324302211931E0,
-6.749997258449E0));
#10050=DIRECTION('',(-6.603373071819E-1,3.815987707849E-1,6.467897795105E-1));
#10051=DIRECTION('',(-5.600067613731E-1,3.236192919089E-1,-7.626683296957E-1));
#10052=AXIS2_PLACEMENT_3D('',#10049,#10050,#10051);
#10053=PLANE('',#10052);
#10054=ORIENTED_EDGE('',*,*,#10040,.F.);
#10055=ORIENTED_EDGE('',*,*,#10016,.T.);
#10056=ORIENTED_EDGE('',*,*,#9878,.T.);
#10058=ORIENTED_EDGE('',*,*,#10057,.F.);
#10059=EDGE_LOOP('',(#10054,#10055,#10056,#10058));
#10060=FACE_OUTER_BOUND('',#10059,.F.);
#10062=CARTESIAN_POINT('',(5.170156240333E-1,-2.823671987916E0,
-6.749997258449E0));
#10063=DIRECTION('',(-7.626683296957E-1,0.E0,6.467897795105E-1));
#10064=DIRECTION('',(-6.467897795105E-1,0.E0,-7.626683296957E-1));
#10065=AXIS2_PLACEMENT_3D('',#10062,#10063,#10064);
#10066=PLANE('',#10065);
#10068=ORIENTED_EDGE('',*,*,#10067,.F.);
#10069=ORIENTED_EDGE('',*,*,#10057,.T.);
#10070=ORIENTED_EDGE('',*,*,#9876,.T.);
#10072=ORIENTED_EDGE('',*,*,#10071,.F.);
#10073=EDGE_LOOP('',(#10068,#10069,#10070,#10072));
#10074=FACE_OUTER_BOUND('',#10073,.F.);
#10076=CARTESIAN_POINT('',(3.495E-1,-1.487999519981E0,-6.55E0));
#10077=DIRECTION('',(-9.999862922474E-1,0.E0,5.235963831420E-3));
#10078=DIRECTION('',(0.E0,-1.E0,0.E0));
#10079=AXIS2_PLACEMENT_3D('',#10076,#10077,#10078);
#10080=PLANE('',#10079);
#10081=ORIENTED_EDGE('',*,*,#10067,.T.);
#10083=ORIENTED_EDGE('',*,*,#10082,.F.);
#10084=ORIENTED_EDGE('',*,*,#9636,.F.);
#10085=ORIENTED_EDGE('',*,*,#10042,.T.);
#10086=EDGE_LOOP('',(#10081,#10083,#10084,#10085));
#10087=FACE_OUTER_BOUND('',#10086,.F.);
#10089=CARTESIAN_POINT('',(1.361500480019E0,-3.15E0,-6.55E0));
#10090=DIRECTION('',(0.E0,9.999862922474E-1,5.235963831420E-3));
#10091=DIRECTION('',(-1.E0,0.E0,0.E0));
#10092=AXIS2_PLACEMENT_3D('',#10089,#10090,#10091);
#10093=PLANE('',#10092);
#10095=ORIENTED_EDGE('',*,*,#10094,.T.);
#10097=ORIENTED_EDGE('',*,*,#10096,.F.);
#10098=ORIENTED_EDGE('',*,*,#9638,.F.);
#10099=ORIENTED_EDGE('',*,*,#10082,.T.);
#10100=EDGE_LOOP('',(#10095,#10097,#10098,#10099));
#10101=FACE_OUTER_BOUND('',#10100,.F.);
#10103=CARTESIAN_POINT('',(-5.E-2,-3.317515624033E0,-6.749997258449E0));
#10104=DIRECTION('',(0.E0,7.626683296957E-1,6.467897795105E-1));
#10105=DIRECTION('',(0.E0,6.467897795105E-1,-7.626683296957E-1));
#10106=AXIS2_PLACEMENT_3D('',#10103,#10104,#10105);
#10107=PLANE('',#10106);
#10108=ORIENTED_EDGE('',*,*,#10094,.F.);
#10109=ORIENTED_EDGE('',*,*,#10071,.T.);
#10110=ORIENTED_EDGE('',*,*,#9874,.T.);
#10112=ORIENTED_EDGE('',*,*,#10111,.F.);
#10113=EDGE_LOOP('',(#10108,#10109,#10110,#10112));
#10114=FACE_OUTER_BOUND('',#10113,.F.);
#10116=CARTESIAN_POINT('',(-6.170156240333E-1,-2.823952807234E0,
-6.749997258449E0));
#10117=DIRECTION('',(7.626683296957E-1,0.E0,6.467897795105E-1));
#10118=DIRECTION('',(6.467897795105E-1,0.E0,-7.626683296957E-1));
#10119=AXIS2_PLACEMENT_3D('',#10116,#10117,#10118);
#10120=PLANE('',#10119);
#10122=ORIENTED_EDGE('',*,*,#10121,.F.);
#10123=ORIENTED_EDGE('',*,*,#10111,.T.);
#10124=ORIENTED_EDGE('',*,*,#9872,.T.);
#10126=ORIENTED_EDGE('',*,*,#10125,.F.);
#10127=EDGE_LOOP('',(#10122,#10123,#10124,#10126));
#10128=FACE_OUTER_BOUND('',#10127,.F.);
#10130=CARTESIAN_POINT('',(-4.495E-1,-4.162000480019E0,-6.55E0));
#10131=DIRECTION('',(9.999862922474E-1,0.E0,5.235963831420E-3));
#10132=DIRECTION('',(0.E0,1.E0,0.E0));
#10133=AXIS2_PLACEMENT_3D('',#10130,#10131,#10132);
#10134=PLANE('',#10133);
#10135=ORIENTED_EDGE('',*,*,#10121,.T.);
#10137=ORIENTED_EDGE('',*,*,#10136,.F.);
#10138=ORIENTED_EDGE('',*,*,#9640,.F.);
#10139=ORIENTED_EDGE('',*,*,#10096,.T.);
#10140=EDGE_LOOP('',(#10135,#10137,#10138,#10139));
#10141=FACE_OUTER_BOUND('',#10140,.F.);
#10143=CARTESIAN_POINT('',(5.625004800192E-1,-2.5E0,-6.55E0));
#10144=DIRECTION('',(0.E0,9.999862922474E-1,5.235963831420E-3));
#10145=DIRECTION('',(-1.E0,0.E0,0.E0));
#10146=AXIS2_PLACEMENT_3D('',#10143,#10144,#10145);
#10147=PLANE('',#10146);
#10149=ORIENTED_EDGE('',*,*,#10148,.T.);
#10151=ORIENTED_EDGE('',*,*,#10150,.F.);
#10152=ORIENTED_EDGE('',*,*,#9642,.F.);
#10153=ORIENTED_EDGE('',*,*,#10136,.T.);
#10154=EDGE_LOOP('',(#10149,#10151,#10152,#10153));
#10155=FACE_OUTER_BOUND('',#10154,.F.);
#10157=CARTESIAN_POINT('',(-1.425E0,-2.667515624033E0,-6.749997258449E0));
#10158=DIRECTION('',(0.E0,7.626683296957E-1,6.467897795105E-1));
#10159=DIRECTION('',(0.E0,6.467897795105E-1,-7.626683296957E-1));
#10160=AXIS2_PLACEMENT_3D('',#10157,#10158,#10159);
#10161=PLANE('',#10160);
#10162=ORIENTED_EDGE('',*,*,#10148,.F.);
#10163=ORIENTED_EDGE('',*,*,#10125,.T.);
#10164=ORIENTED_EDGE('',*,*,#9870,.T.);
#10166=ORIENTED_EDGE('',*,*,#10165,.F.);
#10167=EDGE_LOOP('',(#10162,#10163,#10164,#10166));
#10168=FACE_OUTER_BOUND('',#10167,.F.);
#10170=CARTESIAN_POINT('',(-2.232984375967E0,-2.823952807234E0,
-6.749997258449E0));
#10171=DIRECTION('',(-7.626683296957E-1,0.E0,6.467897795105E-1));
#10172=DIRECTION('',(-6.467897795105E-1,0.E0,-7.626683296957E-1));
#10173=AXIS2_PLACEMENT_3D('',#10170,#10171,#10172);
#10174=PLANE('',#10173);
#10176=ORIENTED_EDGE('',*,*,#10175,.F.);
#10177=ORIENTED_EDGE('',*,*,#10165,.T.);
#10178=ORIENTED_EDGE('',*,*,#9868,.T.);
#10180=ORIENTED_EDGE('',*,*,#10179,.F.);
#10181=EDGE_LOOP('',(#10176,#10177,#10178,#10180));
#10182=FACE_OUTER_BOUND('',#10181,.F.);
#10184=CARTESIAN_POINT('',(-2.4005E0,-1.487999519981E0,-6.55E0));
#10185=DIRECTION('',(-9.999862922474E-1,0.E0,5.235963831420E-3));
#10186=DIRECTION('',(0.E0,-1.E0,0.E0));
#10187=AXIS2_PLACEMENT_3D('',#10184,#10185,#10186);
#10188=PLANE('',#10187);
#10189=ORIENTED_EDGE('',*,*,#10175,.T.);
#10191=ORIENTED_EDGE('',*,*,#10190,.F.);
#10192=ORIENTED_EDGE('',*,*,#9644,.F.);
#10193=ORIENTED_EDGE('',*,*,#10150,.T.);
#10194=EDGE_LOOP('',(#10189,#10191,#10192,#10193));
#10195=FACE_OUTER_BOUND('',#10194,.F.);
#10197=CARTESIAN_POINT('',(-1.388499519981E0,-3.15E0,-6.55E0));
#10198=DIRECTION('',(0.E0,9.999862922474E-1,5.235963831420E-3));
#10199=DIRECTION('',(-1.E0,0.E0,0.E0));
#10200=AXIS2_PLACEMENT_3D('',#10197,#10198,#10199);
#10201=PLANE('',#10200);
#10203=ORIENTED_EDGE('',*,*,#10202,.T.);
#10204=ORIENTED_EDGE('',*,*,#9919,.F.);
#10205=ORIENTED_EDGE('',*,*,#9646,.F.);
#10206=ORIENTED_EDGE('',*,*,#10190,.T.);
#10207=EDGE_LOOP('',(#10203,#10204,#10205,#10206));
#10208=FACE_OUTER_BOUND('',#10207,.F.);
#10210=CARTESIAN_POINT('',(-2.8E0,-3.317515624033E0,-6.749997258449E0));
#10211=DIRECTION('',(0.E0,7.626683296957E-1,6.467897795105E-1));
#10212=DIRECTION('',(0.E0,6.467897795105E-1,-7.626683296957E-1));
#10213=AXIS2_PLACEMENT_3D('',#10210,#10211,#10212);
#10214=PLANE('',#10213);
#10215=ORIENTED_EDGE('',*,*,#10202,.F.);
#10216=ORIENTED_EDGE('',*,*,#10179,.T.);
#10217=ORIENTED_EDGE('',*,*,#9866,.T.);
#10218=ORIENTED_EDGE('',*,*,#9902,.F.);
#10219=EDGE_LOOP('',(#10215,#10216,#10217,#10218));
#10220=FACE_OUTER_BOUND('',#10219,.F.);
#10222=CARTESIAN_POINT('',(4.5E-1,8.5E-1,-1.059999725845E1));
#10223=DIRECTION('',(0.E0,0.E0,1.E0));
#10224=DIRECTION('',(1.E0,0.E0,0.E0));
#10225=AXIS2_PLACEMENT_3D('',#10222,#10223,#10224);
#10226=CONICAL_SURFACE('',#10225,1.787940701518E-1,3.E-1);
#10227=ORIENTED_EDGE('',*,*,#10001,.T.);
#10228=ORIENTED_EDGE('',*,*,#10030,.F.);
#10229=ORIENTED_EDGE('',*,*,#9630,.T.);
#10231=ORIENTED_EDGE('',*,*,#10230,.T.);
#10232=EDGE_LOOP('',(#10227,#10228,#10229,#10231));
#10233=FACE_OUTER_BOUND('',#10232,.F.);
#10235=CARTESIAN_POINT('',(-4.312000480019E0,1.05E0,-6.55E0));
#10236=DIRECTION('',(0.E0,-9.999862922474E-1,5.235963831420E-3));
#10237=DIRECTION('',(1.E0,0.E0,0.E0));
#10238=AXIS2_PLACEMENT_3D('',#10235,#10236,#10237);
#10239=PLANE('',#10238);
#10240=ORIENTED_EDGE('',*,*,#9987,.T.);
#10241=ORIENTED_EDGE('',*,*,#10230,.F.);
#10242=ORIENTED_EDGE('',*,*,#9628,.F.);
#10244=ORIENTED_EDGE('',*,*,#10243,.T.);
#10245=EDGE_LOOP('',(#10240,#10241,#10242,#10244));
#10246=FACE_OUTER_BOUND('',#10245,.F.);
#10248=CARTESIAN_POINT('',(-3.3E0,8.5E-1,-1.059999725845E1));
#10249=DIRECTION('',(0.E0,0.E0,1.E0));
#10250=DIRECTION('',(1.E0,0.E0,0.E0));
#10251=AXIS2_PLACEMENT_3D('',#10248,#10249,#10250);
#10252=CONICAL_SURFACE('',#10251,1.787940701518E-1,3.E-1);
#10253=ORIENTED_EDGE('',*,*,#9973,.T.);
#10254=ORIENTED_EDGE('',*,*,#10243,.F.);
#10255=ORIENTED_EDGE('',*,*,#9626,.T.);
#10257=ORIENTED_EDGE('',*,*,#10256,.T.);
#10258=EDGE_LOOP('',(#10253,#10254,#10255,#10257));
#10259=FACE_OUTER_BOUND('',#10258,.F.);
#10261=CARTESIAN_POINT('',(-3.5E0,-2.992000480019E0,-6.55E0));
#10262=DIRECTION('',(9.999862922474E-1,0.E0,5.235963831420E-3));
#10263=DIRECTION('',(0.E0,1.E0,0.E0));
#10264=AXIS2_PLACEMENT_3D('',#10261,#10262,#10263);
#10265=PLANE('',#10264);
#10266=ORIENTED_EDGE('',*,*,#9959,.T.);
#10267=ORIENTED_EDGE('',*,*,#10256,.F.);
#10268=ORIENTED_EDGE('',*,*,#9624,.F.);
#10269=ORIENTED_EDGE('',*,*,#9931,.T.);
#10270=EDGE_LOOP('',(#10266,#10267,#10268,#10269));
#10271=FACE_OUTER_BOUND('',#10270,.F.);
#10273=CARTESIAN_POINT('',(-4.028113153201E0,-5.304980169118E-1,
-6.749997258449E0));
#10274=DIRECTION('',(-9.378889346119E-1,0.E0,3.469356515733E-1));
#10275=DIRECTION('',(-3.469356515733E-1,0.E0,-9.378889346119E-1));
#10276=AXIS2_PLACEMENT_3D('',#10273,#10274,#10275);
#10277=PLANE('',#10276);
#10279=ORIENTED_EDGE('',*,*,#10278,.T.);
#10281=ORIENTED_EDGE('',*,*,#10280,.F.);
#10283=ORIENTED_EDGE('',*,*,#10282,.F.);
#10284=ORIENTED_EDGE('',*,*,#9831,.T.);
#10285=EDGE_LOOP('',(#10279,#10281,#10283,#10284));
#10286=FACE_OUTER_BOUND('',#10285,.F.);
#10288=CARTESIAN_POINT('',(-4.667776386662E0,-1.372633068630E0,-6.55E0));
#10289=DIRECTION('',(-8.277749087671E-1,-5.610359035733E-1,5.235963831420E-3));
#10290=DIRECTION('',(5.610435942201E-1,-8.277862558563E-1,0.E0));
#10291=AXIS2_PLACEMENT_3D('',#10288,#10289,#10290);
#10292=PLANE('',#10291);
#10293=ORIENTED_EDGE('',*,*,#10278,.F.);
#10294=ORIENTED_EDGE('',*,*,#9860,.T.);
#10296=ORIENTED_EDGE('',*,*,#10295,.F.);
#10297=ORIENTED_EDGE('',*,*,#9767,.F.);
#10299=ORIENTED_EDGE('',*,*,#10298,.T.);
#10300=EDGE_LOOP('',(#10293,#10294,#10296,#10297,#10299));
#10301=FACE_OUTER_BOUND('',#10300,.F.);
#10303=CARTESIAN_POINT('',(-3.791920779374E0,-1.652905134448E0,-6.55E0));
#10304=DIRECTION('',(-9.999862922474E-1,0.E0,5.235963831420E-3));
#10305=DIRECTION('',(0.E0,-1.E0,0.E0));
#10306=AXIS2_PLACEMENT_3D('',#10303,#10304,#10305);
#10307=PLANE('',#10306);
#10309=ORIENTED_EDGE('',*,*,#10308,.F.);
#10311=ORIENTED_EDGE('',*,*,#10310,.F.);
#10312=ORIENTED_EDGE('',*,*,#9769,.F.);
#10313=ORIENTED_EDGE('',*,*,#10295,.T.);
#10314=ORIENTED_EDGE('',*,*,#9858,.T.);
#10315=EDGE_LOOP('',(#10309,#10311,#10312,#10313,#10314));
#10316=FACE_OUTER_BOUND('',#10315,.F.);
#10318=CARTESIAN_POINT('',(-3.4E0,-3.047905614467E0,-6.749997258068E0));
#10319=DIRECTION('',(0.E0,0.E0,-1.E0));
#10320=DIRECTION('',(0.E0,-1.E0,0.E0));
#10321=AXIS2_PLACEMENT_3D('',#10318,#10319,#10320);
#10322=CONICAL_SURFACE('',#10321,6.301131530594E-1,2.03E1);
#10323=ORIENTED_EDGE('',*,*,#10308,.T.);
#10324=ORIENTED_EDGE('',*,*,#9856,.T.);
#10326=ORIENTED_EDGE('',*,*,#10325,.T.);
#10328=ORIENTED_EDGE('',*,*,#10327,.F.);
#10329=EDGE_LOOP('',(#10323,#10324,#10326,#10328));
#10330=FACE_OUTER_BOUND('',#10329,.F.);
#10332=CARTESIAN_POINT('',(-2.632180073765E0,-3.678018767668E0,
-6.749997258449E0));
#10333=DIRECTION('',(0.E0,-9.378889346119E-1,3.469356515733E-1));
#10334=DIRECTION('',(0.E0,-3.469356515733E-1,-9.378889346119E-1));
#10335=AXIS2_PLACEMENT_3D('',#10332,#10333,#10334);
#10336=PLANE('',#10335);
#10338=ORIENTED_EDGE('',*,*,#10337,.T.);
#10340=ORIENTED_EDGE('',*,*,#10339,.F.);
#10341=ORIENTED_EDGE('',*,*,#10325,.F.);
#10342=ORIENTED_EDGE('',*,*,#9854,.T.);
#10343=EDGE_LOOP('',(#10338,#10340,#10341,#10342));
#10344=FACE_OUTER_BOUND('',#10343,.F.);
#10346=CARTESIAN_POINT('',(-1.864360147529E0,-4.761906094487E0,-6.55E0));
#10347=DIRECTION('',(9.999862922474E-1,0.E0,5.235963831420E-3));
#10348=DIRECTION('',(0.E0,1.E0,0.E0));
#10349=AXIS2_PLACEMENT_3D('',#10346,#10347,#10348);
#10350=PLANE('',#10349);
#10351=ORIENTED_EDGE('',*,*,#10337,.F.);
#10352=ORIENTED_EDGE('',*,*,#9852,.T.);
#10354=ORIENTED_EDGE('',*,*,#10353,.F.);
#10355=ORIENTED_EDGE('',*,*,#9775,.F.);
#10357=ORIENTED_EDGE('',*,*,#10356,.T.);
#10358=EDGE_LOOP('',(#10351,#10352,#10354,#10355,#10357));
#10359=FACE_OUTER_BOUND('',#10358,.F.);
#10361=CARTESIAN_POINT('',(-2.876360627548E0,-3.035605614467E0,-6.55E0));
#10362=DIRECTION('',(0.E0,-9.999862922474E-1,5.235963831420E-3));
#10363=DIRECTION('',(1.E0,0.E0,0.E0));
#10364=AXIS2_PLACEMENT_3D('',#10361,#10362,#10363);
#10365=PLANE('',#10364);
#10366=ORIENTED_EDGE('',*,*,#9777,.F.);
#10367=ORIENTED_EDGE('',*,*,#10353,.T.);
#10368=ORIENTED_EDGE('',*,*,#9850,.T.);
#10370=ORIENTED_EDGE('',*,*,#10369,.F.);
#10371=EDGE_LOOP('',(#10366,#10367,#10368,#10370));
#10372=FACE_OUTER_BOUND('',#10371,.F.);
#10374=CARTESIAN_POINT('',(-9.856398524709E-1,-2.023605134448E0,-6.55E0));
#10375=DIRECTION('',(-9.999862922474E-1,0.E0,5.235963831420E-3));
#10376=DIRECTION('',(0.E0,-1.E0,0.E0));
#10377=AXIS2_PLACEMENT_3D('',#10374,#10375,#10376);
#10378=PLANE('',#10377);
#10380=ORIENTED_EDGE('',*,*,#10379,.F.);
#10382=ORIENTED_EDGE('',*,*,#10381,.F.);
#10383=ORIENTED_EDGE('',*,*,#9779,.F.);
#10384=ORIENTED_EDGE('',*,*,#10369,.T.);
#10385=ORIENTED_EDGE('',*,*,#9848,.T.);
#10386=EDGE_LOOP('',(#10380,#10382,#10383,#10384,#10385));
#10387=FACE_OUTER_BOUND('',#10386,.F.);
#10389=CARTESIAN_POINT('',(-2.178199262355E-1,-3.678113153201E0,
-6.749997258449E0));
#10390=DIRECTION('',(0.E0,-9.378889346119E-1,3.469356515733E-1));
#10391=DIRECTION('',(0.E0,-3.469356515733E-1,-9.378889346119E-1));
#10392=AXIS2_PLACEMENT_3D('',#10389,#10390,#10391);
#10393=PLANE('',#10392);
#10394=ORIENTED_EDGE('',*,*,#10379,.T.);
#10395=ORIENTED_EDGE('',*,*,#9846,.T.);
#10397=ORIENTED_EDGE('',*,*,#10396,.T.);
#10399=ORIENTED_EDGE('',*,*,#10398,.F.);
#10400=EDGE_LOOP('',(#10394,#10395,#10397,#10399));
#10401=FACE_OUTER_BOUND('',#10400,.F.);
#10403=CARTESIAN_POINT('',(5.5E-1,-3.047905614467E0,-6.749997262684E0));
#10404=DIRECTION('',(0.E0,0.E0,-1.E0));
#10405=DIRECTION('',(0.E0,-1.E0,0.E0));
#10406=AXIS2_PLACEMENT_3D('',#10403,#10404,#10405);
#10407=CONICAL_SURFACE('',#10406,6.302075402998E-1,2.03E1);
#10409=ORIENTED_EDGE('',*,*,#10408,.T.);
#10411=ORIENTED_EDGE('',*,*,#10410,.F.);
#10412=ORIENTED_EDGE('',*,*,#10396,.F.);
#10413=ORIENTED_EDGE('',*,*,#9844,.T.);
#10414=EDGE_LOOP('',(#10409,#10411,#10412,#10413));
#10415=FACE_OUTER_BOUND('',#10414,.F.);
#10417=CARTESIAN_POINT('',(9.331314209147E-1,-4.648248546214E0,-6.55E0));
#10418=DIRECTION('',(9.999862922474E-1,0.E0,5.235963831420E-3));
#10419=DIRECTION('',(0.E0,1.E0,0.E0));
#10420=AXIS2_PLACEMENT_3D('',#10417,#10418,#10419);
#10421=PLANE('',#10420);
#10422=ORIENTED_EDGE('',*,*,#10408,.F.);
#10423=ORIENTED_EDGE('',*,*,#9842,.T.);
#10425=ORIENTED_EDGE('',*,*,#10424,.F.);
#10426=ORIENTED_EDGE('',*,*,#9785,.F.);
#10428=ORIENTED_EDGE('',*,*,#10427,.T.);
#10429=EDGE_LOOP('',(#10422,#10423,#10425,#10426,#10428));
#10430=FACE_OUTER_BOUND('',#10429,.F.);
#10432=CARTESIAN_POINT('',(4.929635989028E-1,-3.547261356596E0,-6.55E0));
#10433=DIRECTION('',(9.004431156328E-1,-4.349422722526E-1,5.235963831420E-3));
#10434=DIRECTION('',(4.349482344154E-1,9.004554588534E-1,0.E0));
#10435=AXIS2_PLACEMENT_3D('',#10432,#10433,#10434);
#10436=PLANE('',#10435);
#10438=ORIENTED_EDGE('',*,*,#10437,.F.);
#10440=ORIENTED_EDGE('',*,*,#10439,.F.);
#10441=ORIENTED_EDGE('',*,*,#9787,.F.);
#10442=ORIENTED_EDGE('',*,*,#10424,.T.);
#10443=ORIENTED_EDGE('',*,*,#9840,.T.);
#10444=EDGE_LOOP('',(#10438,#10440,#10441,#10442,#10443));
#10445=FACE_OUTER_BOUND('',#10444,.F.);
#10447=CARTESIAN_POINT('',(1.178113153201E0,-4.152396660457E-1,
-6.749997258449E0));
#10448=DIRECTION('',(9.378889346119E-1,0.E0,3.469356515733E-1));
#10449=DIRECTION('',(3.469356515733E-1,0.E0,-9.378889346119E-1));
#10450=AXIS2_PLACEMENT_3D('',#10447,#10448,#10449);
#10451=PLANE('',#10450);
#10452=ORIENTED_EDGE('',*,*,#10437,.T.);
#10453=ORIENTED_EDGE('',*,*,#9838,.T.);
#10455=ORIENTED_EDGE('',*,*,#10454,.T.);
#10457=ORIENTED_EDGE('',*,*,#10456,.F.);
#10458=EDGE_LOOP('',(#10452,#10453,#10455,#10457));
#10459=FACE_OUTER_BOUND('',#10458,.F.);
#10461=CARTESIAN_POINT('',(7.5E-1,1.15E0,-6.749997258449E0));
#10462=DIRECTION('',(0.E0,0.E0,-1.E0));
#10463=DIRECTION('',(0.E0,-1.E0,0.E0));
#10464=AXIS2_PLACEMENT_3D('',#10461,#10462,#10463);
#10465=CONICAL_SURFACE('',#10464,4.281131532007E-1,2.03E1);
#10466=ORIENTED_EDGE('',*,*,#9836,.T.);
#10467=ORIENTED_EDGE('',*,*,#9821,.T.);
#10469=ORIENTED_EDGE('',*,*,#10468,.F.);
#10470=ORIENTED_EDGE('',*,*,#10454,.F.);
#10471=EDGE_LOOP('',(#10466,#10467,#10469,#10470));
#10472=FACE_OUTER_BOUND('',#10471,.F.);
#10474=CARTESIAN_POINT('',(7.5E-1,1.15E0,-1.059999725845E1));
#10475=DIRECTION('',(0.E0,0.E0,-1.E0));
#10476=DIRECTION('',(-1.E0,0.E0,0.E0));
#10477=AXIS2_PLACEMENT_3D('',#10474,#10475,#10476);
#10478=CONICAL_SURFACE('',#10477,5.212059298482E-1,3.E-1);
#10479=ORIENTED_EDGE('',*,*,#10468,.T.);
#10480=ORIENTED_EDGE('',*,*,#9806,.F.);
#10481=ORIENTED_EDGE('',*,*,#9791,.F.);
#10483=ORIENTED_EDGE('',*,*,#10482,.T.);
#10484=EDGE_LOOP('',(#10479,#10480,#10481,#10483));
#10485=FACE_OUTER_BOUND('',#10484,.F.);
#10487=CARTESIAN_POINT('',(1.25E0,-2.992000480019E0,-6.55E0));
#10488=DIRECTION('',(9.999862922474E-1,0.E0,5.235963831420E-3));
#10489=DIRECTION('',(0.E0,1.E0,0.E0));
#10490=AXIS2_PLACEMENT_3D('',#10487,#10488,#10489);
#10491=PLANE('',#10490);
#10492=ORIENTED_EDGE('',*,*,#10456,.T.);
#10493=ORIENTED_EDGE('',*,*,#10482,.F.);
#10494=ORIENTED_EDGE('',*,*,#9789,.F.);
#10495=ORIENTED_EDGE('',*,*,#10439,.T.);
#10496=EDGE_LOOP('',(#10492,#10493,#10494,#10495));
#10497=FACE_OUTER_BOUND('',#10496,.F.);
#10499=CARTESIAN_POINT('',(5.5E-1,-3.047905614467E0,-1.059999725845E1));
#10500=DIRECTION('',(0.E0,0.E0,-1.E0));
#10501=DIRECTION('',(-1.E0,0.E0,0.E0));
#10502=AXIS2_PLACEMENT_3D('',#10499,#10500,#10501);
#10503=CONICAL_SURFACE('',#10502,7.233003153808E-1,3.E-1);
#10504=ORIENTED_EDGE('',*,*,#10410,.T.);
#10505=ORIENTED_EDGE('',*,*,#10427,.F.);
#10506=ORIENTED_EDGE('',*,*,#9783,.F.);
#10508=ORIENTED_EDGE('',*,*,#10507,.T.);
#10509=EDGE_LOOP('',(#10504,#10505,#10506,#10508));
#10510=FACE_OUTER_BOUND('',#10509,.F.);
#10512=CARTESIAN_POINT('',(-1.997640332490E0,-3.75E0,-6.55E0));
#10513=DIRECTION('',(0.E0,-9.999862922474E-1,5.235963831420E-3));
#10514=DIRECTION('',(1.E0,0.E0,0.E0));
#10515=AXIS2_PLACEMENT_3D('',#10512,#10513,#10514);
#10516=PLANE('',#10515);
#10517=ORIENTED_EDGE('',*,*,#10398,.T.);
#10518=ORIENTED_EDGE('',*,*,#10507,.F.);
#10519=ORIENTED_EDGE('',*,*,#9781,.F.);
#10520=ORIENTED_EDGE('',*,*,#10381,.T.);
#10521=EDGE_LOOP('',(#10517,#10518,#10519,#10520));
#10522=FACE_OUTER_BOUND('',#10521,.F.);
#10524=CARTESIAN_POINT('',(-4.412000480019E0,-3.749905614467E0,-6.55E0));
#10525=DIRECTION('',(0.E0,-9.999862922474E-1,5.235963831420E-3));
#10526=DIRECTION('',(1.E0,0.E0,0.E0));
#10527=AXIS2_PLACEMENT_3D('',#10524,#10525,#10526);
#10528=PLANE('',#10527);
#10529=ORIENTED_EDGE('',*,*,#10339,.T.);
#10530=ORIENTED_EDGE('',*,*,#10356,.F.);
#10531=ORIENTED_EDGE('',*,*,#9773,.F.);
#10533=ORIENTED_EDGE('',*,*,#10532,.T.);
#10534=EDGE_LOOP('',(#10529,#10530,#10531,#10533));
#10535=FACE_OUTER_BOUND('',#10534,.F.);
#10537=CARTESIAN_POINT('',(-3.4E0,-3.047905614467E0,-1.059999725845E1));
#10538=DIRECTION('',(0.E0,0.E0,-1.E0));
#10539=DIRECTION('',(-1.E0,0.E0,0.E0));
#10540=AXIS2_PLACEMENT_3D('',#10537,#10538,#10539);
#10541=CONICAL_SURFACE('',#10540,7.232059298482E-1,3.E-1);
#10542=ORIENTED_EDGE('',*,*,#10327,.T.);
#10543=ORIENTED_EDGE('',*,*,#10532,.F.);
#10544=ORIENTED_EDGE('',*,*,#9771,.F.);
#10545=ORIENTED_EDGE('',*,*,#10310,.T.);
#10546=EDGE_LOOP('',(#10542,#10543,#10544,#10545));
#10547=FACE_OUTER_BOUND('',#10546,.F.);
#10549=CARTESIAN_POINT('',(-4.1E0,2.162000480019E0,-6.55E0));
#10550=DIRECTION('',(-9.999862922474E-1,0.E0,5.235963831420E-3));
#10551=DIRECTION('',(0.E0,-1.E0,0.E0));
#10552=AXIS2_PLACEMENT_3D('',#10549,#10550,#10551);
#10553=PLANE('',#10552);
#10554=ORIENTED_EDGE('',*,*,#10280,.T.);
#10555=ORIENTED_EDGE('',*,*,#10298,.F.);
#10556=ORIENTED_EDGE('',*,*,#9765,.F.);
#10558=ORIENTED_EDGE('',*,*,#10557,.T.);
#10559=EDGE_LOOP('',(#10554,#10555,#10556,#10558));
#10560=FACE_OUTER_BOUND('',#10559,.F.);
#10562=CARTESIAN_POINT('',(-3.6E0,1.15E0,-1.059999725845E1));
#10563=DIRECTION('',(0.E0,0.E0,-1.E0));
#10564=DIRECTION('',(-1.E0,0.E0,0.E0));
#10565=AXIS2_PLACEMENT_3D('',#10562,#10563,#10564);
#10566=CONICAL_SURFACE('',#10565,5.212059298482E-1,3.E-1);
#10568=ORIENTED_EDGE('',*,*,#10567,.T.);
#10569=ORIENTED_EDGE('',*,*,#10557,.F.);
#10570=ORIENTED_EDGE('',*,*,#9763,.F.);
#10571=ORIENTED_EDGE('',*,*,#9803,.T.);
#10572=EDGE_LOOP('',(#10568,#10569,#10570,#10571));
#10573=FACE_OUTER_BOUND('',#10572,.F.);
#10575=CARTESIAN_POINT('',(-3.6E0,1.15E0,-6.749997258449E0));
#10576=DIRECTION('',(0.E0,0.E0,-1.E0));
#10577=DIRECTION('',(0.E0,-1.E0,0.E0));
#10578=AXIS2_PLACEMENT_3D('',#10575,#10576,#10577);
#10579=CONICAL_SURFACE('',#10578,4.281131532007E-1,2.03E1);
#10580=ORIENTED_EDGE('',*,*,#9833,.T.);
#10581=ORIENTED_EDGE('',*,*,#10282,.T.);
#10582=ORIENTED_EDGE('',*,*,#10567,.F.);
#10583=ORIENTED_EDGE('',*,*,#9818,.F.);
#10584=EDGE_LOOP('',(#10580,#10581,#10582,#10583));
#10585=FACE_OUTER_BOUND('',#10584,.F.);
#10587=CARTESIAN_POINT('',(-7.75E-1,-8.5E-1,-1.425E1));
#10588=DIRECTION('',(-1.E0,0.E0,0.E0));
#10589=DIRECTION('',(0.E0,-1.E0,0.E0));
#10590=AXIS2_PLACEMENT_3D('',#10587,#10588,#10589);
#10591=PLANE('',#10590);
#10592=ORIENTED_EDGE('',*,*,#9654,.F.);
#10594=ORIENTED_EDGE('',*,*,#10593,.T.);
#10596=ORIENTED_EDGE('',*,*,#10595,.T.);
#10598=ORIENTED_EDGE('',*,*,#10597,.F.);
#10599=EDGE_LOOP('',(#10592,#10594,#10596,#10598));
#10600=FACE_OUTER_BOUND('',#10599,.F.);
#10602=CARTESIAN_POINT('',(-2.75E-1,-8.5E-1,-1.425E1));
#10603=DIRECTION('',(0.E0,1.E0,0.E0));
#10604=DIRECTION('',(-1.E0,0.E0,0.E0));
#10605=AXIS2_PLACEMENT_3D('',#10602,#10603,#10604);
#10606=PLANE('',#10605);
#10607=ORIENTED_EDGE('',*,*,#9660,.F.);
#10609=ORIENTED_EDGE('',*,*,#10608,.T.);
#10611=ORIENTED_EDGE('',*,*,#10610,.T.);
#10612=ORIENTED_EDGE('',*,*,#10593,.F.);
#10613=EDGE_LOOP('',(#10607,#10609,#10611,#10612));
#10614=FACE_OUTER_BOUND('',#10613,.F.);
#10616=CARTESIAN_POINT('',(-2.75E-1,-1.25E0,-1.425E1));
#10617=DIRECTION('',(1.E0,0.E0,0.E0));
#10618=DIRECTION('',(0.E0,1.E0,0.E0));
#10619=AXIS2_PLACEMENT_3D('',#10616,#10617,#10618);
#10620=PLANE('',#10619);
#10621=ORIENTED_EDGE('',*,*,#9658,.F.);
#10623=ORIENTED_EDGE('',*,*,#10622,.T.);
#10625=ORIENTED_EDGE('',*,*,#10624,.T.);
#10626=ORIENTED_EDGE('',*,*,#10608,.F.);
#10627=EDGE_LOOP('',(#10621,#10623,#10625,#10626));
#10628=FACE_OUTER_BOUND('',#10627,.F.);
#10630=CARTESIAN_POINT('',(-7.75E-1,-1.25E0,-1.425E1));
#10631=DIRECTION('',(0.E0,-1.E0,0.E0));
#10632=DIRECTION('',(1.E0,0.E0,0.E0));
#10633=AXIS2_PLACEMENT_3D('',#10630,#10631,#10632);
#10634=PLANE('',#10633);
#10635=ORIENTED_EDGE('',*,*,#9656,.F.);
#10636=ORIENTED_EDGE('',*,*,#10597,.T.);
#10638=ORIENTED_EDGE('',*,*,#10637,.T.);
#10639=ORIENTED_EDGE('',*,*,#10622,.F.);
#10640=EDGE_LOOP('',(#10635,#10636,#10638,#10639));
#10641=FACE_OUTER_BOUND('',#10640,.F.);
#10643=CARTESIAN_POINT('',(0.E0,0.E0,-7.25E0));
#10644=DIRECTION('',(0.E0,0.E0,1.E0));
#10645=DIRECTION('',(1.E0,0.E0,0.E0));
#10646=AXIS2_PLACEMENT_3D('',#10643,#10644,#10645);
#10647=PLANE('',#10646);
#10648=ORIENTED_EDGE('',*,*,#10595,.F.);
#10649=ORIENTED_EDGE('',*,*,#10610,.F.);
#10650=ORIENTED_EDGE('',*,*,#10624,.F.);
#10651=ORIENTED_EDGE('',*,*,#10637,.F.);
#10652=EDGE_LOOP('',(#10648,#10649,#10650,#10651));
#10653=FACE_OUTER_BOUND('',#10652,.F.);
#10655=CARTESIAN_POINT('',(-2.575E0,-8.5E-1,-1.425E1));
#10656=DIRECTION('',(-1.E0,0.E0,0.E0));
#10657=DIRECTION('',(0.E0,-1.E0,0.E0));
#10658=AXIS2_PLACEMENT_3D('',#10655,#10656,#10657);
#10659=PLANE('',#10658);
#10661=ORIENTED_EDGE('',*,*,#10660,.T.);
#10663=ORIENTED_EDGE('',*,*,#10662,.T.);
#10665=ORIENTED_EDGE('',*,*,#10664,.F.);
#10666=ORIENTED_EDGE('',*,*,#9664,.F.);
#10667=EDGE_LOOP('',(#10661,#10663,#10665,#10666));
#10668=FACE_OUTER_BOUND('',#10667,.F.);
#10670=CARTESIAN_POINT('',(-2.075E0,-8.5E-1,-1.425E1));
#10671=DIRECTION('',(0.E0,1.E0,0.E0));
#10672=DIRECTION('',(-1.E0,0.E0,0.E0));
#10673=AXIS2_PLACEMENT_3D('',#10670,#10671,#10672);
#10674=PLANE('',#10673);
#10675=ORIENTED_EDGE('',*,*,#10660,.F.);
#10676=ORIENTED_EDGE('',*,*,#9670,.F.);
#10678=ORIENTED_EDGE('',*,*,#10677,.T.);
#10680=ORIENTED_EDGE('',*,*,#10679,.T.);
#10681=EDGE_LOOP('',(#10675,#10676,#10678,#10680));
#10682=FACE_OUTER_BOUND('',#10681,.F.);
#10684=CARTESIAN_POINT('',(-2.075E0,-1.25E0,-1.425E1));
#10685=DIRECTION('',(1.E0,0.E0,0.E0));
#10686=DIRECTION('',(0.E0,1.E0,0.E0));
#10687=AXIS2_PLACEMENT_3D('',#10684,#10685,#10686);
#10688=PLANE('',#10687);
#10690=ORIENTED_EDGE('',*,*,#10689,.T.);
#10692=ORIENTED_EDGE('',*,*,#10691,.T.);
#10693=ORIENTED_EDGE('',*,*,#10677,.F.);
#10694=ORIENTED_EDGE('',*,*,#9668,.F.);
#10695=EDGE_LOOP('',(#10690,#10692,#10693,#10694));
#10696=FACE_OUTER_BOUND('',#10695,.F.);
#10698=CARTESIAN_POINT('',(-2.575E0,-1.25E0,-1.425E1));
#10699=DIRECTION('',(0.E0,-1.E0,0.E0));
#10700=DIRECTION('',(1.E0,0.E0,0.E0));
#10701=AXIS2_PLACEMENT_3D('',#10698,#10699,#10700);
#10702=PLANE('',#10701);
#10703=ORIENTED_EDGE('',*,*,#10664,.T.);
#10705=ORIENTED_EDGE('',*,*,#10704,.T.);
#10706=ORIENTED_EDGE('',*,*,#10689,.F.);
#10707=ORIENTED_EDGE('',*,*,#9666,.F.);
#10708=EDGE_LOOP('',(#10703,#10705,#10706,#10707));
#10709=FACE_OUTER_BOUND('',#10708,.F.);
#10711=CARTESIAN_POINT('',(-1.8E0,0.E0,-7.25E0));
#10712=DIRECTION('',(0.E0,0.E0,1.E0));
#10713=DIRECTION('',(1.E0,0.E0,0.E0));
#10714=AXIS2_PLACEMENT_3D('',#10711,#10712,#10713);
#10715=PLANE('',#10714);
#10716=ORIENTED_EDGE('',*,*,#10662,.F.);
#10717=ORIENTED_EDGE('',*,*,#10679,.F.);
#10718=ORIENTED_EDGE('',*,*,#10691,.F.);
#10719=ORIENTED_EDGE('',*,*,#10704,.F.);
#10720=EDGE_LOOP('',(#10716,#10717,#10718,#10719));
#10721=FACE_OUTER_BOUND('',#10720,.F.);
#10723=CARTESIAN_POINT('',(5.325E0,-5.35E0,0.E0));
#10724=DIRECTION('',(1.E0,0.E0,0.E0));
#10725=DIRECTION('',(0.E0,1.E0,0.E0));
#10726=AXIS2_PLACEMENT_3D('',#10723,#10724,#10725);
#10727=PLANE('',#10726);
#10728=ORIENTED_EDGE('',*,*,#7682,.F.);
#10730=ORIENTED_EDGE('',*,*,#10729,.T.);
#10731=ORIENTED_EDGE('',*,*,#9681,.T.);
#10732=ORIENTED_EDGE('',*,*,#9318,.F.);
#10733=ORIENTED_EDGE('',*,*,#9364,.F.);
#10734=EDGE_LOOP('',(#10728,#10730,#10731,#10732,#10733));
#10735=FACE_OUTER_BOUND('',#10734,.F.);
#10737=CARTESIAN_POINT('',(3.625E0,-5.35E0,0.E0));
#10738=DIRECTION('',(0.E0,-1.E0,0.E0));
#10739=DIRECTION('',(1.E0,0.E0,0.E0));
#10740=AXIS2_PLACEMENT_3D('',#10737,#10738,#10739);
#10741=PLANE('',#10740);
#10742=ORIENTED_EDGE('',*,*,#7680,.F.);
#10743=ORIENTED_EDGE('',*,*,#9341,.T.);
#10744=ORIENTED_EDGE('',*,*,#9683,.T.);
#10745=ORIENTED_EDGE('',*,*,#10729,.F.);
#10746=EDGE_LOOP('',(#10742,#10743,#10744,#10745));
#10747=FACE_OUTER_BOUND('',#10746,.F.);
#10749=CARTESIAN_POINT('',(3.375E0,-3.7E0,0.E0));
#10750=DIRECTION('',(-1.E0,0.E0,0.E0));
#10751=DIRECTION('',(0.E0,-1.E0,0.E0));
#10752=AXIS2_PLACEMENT_3D('',#10749,#10750,#10751);
#10753=PLANE('',#10752);
#10754=ORIENTED_EDGE('',*,*,#9380,.T.);
#10755=ORIENTED_EDGE('',*,*,#9396,.T.);
#10756=ORIENTED_EDGE('',*,*,#9687,.T.);
#10757=ORIENTED_EDGE('',*,*,#9306,.F.);
#10758=EDGE_LOOP('',(#10754,#10755,#10756,#10757));
#10759=FACE_OUTER_BOUND('',#10758,.F.);
#10761=CARTESIAN_POINT('',(5.999621217556E-1,-3.1E0,0.E0));
#10762=DIRECTION('',(0.E0,0.E0,1.E0));
#10763=DIRECTION('',(1.E0,0.E0,0.E0));
#10764=AXIS2_PLACEMENT_3D('',#10761,#10762,#10763);
#10765=CYLINDRICAL_SURFACE('',#10764,1.45E0);
#10767=ORIENTED_EDGE('',*,*,#10766,.F.);
#10768=ORIENTED_EDGE('',*,*,#9694,.T.);
#10769=ORIENTED_EDGE('',*,*,#9402,.F.);
#10771=ORIENTED_EDGE('',*,*,#10770,.T.);
#10772=EDGE_LOOP('',(#10767,#10768,#10769,#10771));
#10773=FACE_OUTER_BOUND('',#10772,.F.);
#10775=CARTESIAN_POINT('',(1.325E0,-5.35E0,0.E0));
#10776=DIRECTION('',(1.E0,0.E0,0.E0));
#10777=DIRECTION('',(0.E0,1.E0,0.E0));
#10778=AXIS2_PLACEMENT_3D('',#10775,#10776,#10777);
#10779=PLANE('',#10778);
#10780=ORIENTED_EDGE('',*,*,#7668,.F.);
#10782=ORIENTED_EDGE('',*,*,#10781,.T.);
#10783=ORIENTED_EDGE('',*,*,#9696,.T.);
#10784=ORIENTED_EDGE('',*,*,#10766,.T.);
#10786=ORIENTED_EDGE('',*,*,#10785,.F.);
#10787=EDGE_LOOP('',(#10780,#10782,#10783,#10784,#10786));
#10788=FACE_OUTER_BOUND('',#10787,.F.);
#10790=CARTESIAN_POINT('',(-1.75E-1,-5.35E0,0.E0));
#10791=DIRECTION('',(0.E0,-1.E0,0.E0));
#10792=DIRECTION('',(1.E0,0.E0,0.E0));
#10793=AXIS2_PLACEMENT_3D('',#10790,#10791,#10792);
#10794=PLANE('',#10793);
#10795=ORIENTED_EDGE('',*,*,#7666,.F.);
#10797=ORIENTED_EDGE('',*,*,#10796,.T.);
#10798=ORIENTED_EDGE('',*,*,#9698,.T.);
#10799=ORIENTED_EDGE('',*,*,#10781,.F.);
#10800=EDGE_LOOP('',(#10795,#10797,#10798,#10799));
#10801=FACE_OUTER_BOUND('',#10800,.F.);
#10803=CARTESIAN_POINT('',(-1.75E-1,-4.55E0,0.E0));
#10804=DIRECTION('',(-1.E0,0.E0,0.E0));
#10805=DIRECTION('',(0.E0,-1.E0,0.E0));
#10806=AXIS2_PLACEMENT_3D('',#10803,#10804,#10805);
#10807=PLANE('',#10806);
#10808=ORIENTED_EDGE('',*,*,#7664,.F.);
#10810=ORIENTED_EDGE('',*,*,#10809,.T.);
#10812=ORIENTED_EDGE('',*,*,#10811,.T.);
#10813=ORIENTED_EDGE('',*,*,#9700,.T.);
#10814=ORIENTED_EDGE('',*,*,#10796,.F.);
#10815=EDGE_LOOP('',(#10808,#10810,#10812,#10813,#10814));
#10816=FACE_OUTER_BOUND('',#10815,.F.);
#10818=CARTESIAN_POINT('',(-1.375189391222E-1,-4.694337567297E0,-2.5E-1));
#10819=DIRECTION('',(0.E0,8.660254037844E-1,5.E-1));
#10820=DIRECTION('',(0.E0,5.E-1,-8.660254037844E-1));
#10821=AXIS2_PLACEMENT_3D('',#10818,#10819,#10820);
#10822=PLANE('',#10821);
#10823=ORIENTED_EDGE('',*,*,#10809,.F.);
#10824=ORIENTED_EDGE('',*,*,#7662,.T.);
#10826=ORIENTED_EDGE('',*,*,#10825,.F.);
#10828=ORIENTED_EDGE('',*,*,#10827,.F.);
#10829=EDGE_LOOP('',(#10823,#10824,#10826,#10828));
#10830=FACE_OUTER_BOUND('',#10829,.F.);
#10832=CARTESIAN_POINT('',(-7.306624327026E-1,-4.95E0,-2.5E-1));
#10833=DIRECTION('',(-8.660254037844E-1,0.E0,5.E-1));
#10834=DIRECTION('',(-5.E-1,0.E0,-8.660254037844E-1));
#10835=AXIS2_PLACEMENT_3D('',#10832,#10833,#10834);
#10836=PLANE('',#10835);
#10837=ORIENTED_EDGE('',*,*,#7660,.T.);
#10839=ORIENTED_EDGE('',*,*,#10838,.F.);
#10841=ORIENTED_EDGE('',*,*,#10840,.F.);
#10842=ORIENTED_EDGE('',*,*,#10825,.T.);
#10843=EDGE_LOOP('',(#10837,#10839,#10841,#10842));
#10844=FACE_OUTER_BOUND('',#10843,.F.);
#10846=CARTESIAN_POINT('',(-1.425E0,-5.494337567297E0,-2.5E-1));
#10847=DIRECTION('',(0.E0,8.660254037844E-1,5.E-1));
#10848=DIRECTION('',(0.E0,5.E-1,-8.660254037844E-1));
#10849=AXIS2_PLACEMENT_3D('',#10846,#10847,#10848);
#10850=PLANE('',#10849);
#10852=ORIENTED_EDGE('',*,*,#10851,.F.);
#10853=ORIENTED_EDGE('',*,*,#10838,.T.);
#10854=ORIENTED_EDGE('',*,*,#7658,.T.);
#10856=ORIENTED_EDGE('',*,*,#10855,.F.);
#10857=EDGE_LOOP('',(#10852,#10853,#10854,#10856));
#10858=FACE_OUTER_BOUND('',#10857,.F.);
#10860=CARTESIAN_POINT('',(-1.975E0,-5.35E0,0.E0));
#10861=DIRECTION('',(0.E0,-1.E0,0.E0));
#10862=DIRECTION('',(1.E0,0.E0,0.E0));
#10863=AXIS2_PLACEMENT_3D('',#10860,#10861,#10862);
#10864=PLANE('',#10863);
#10865=ORIENTED_EDGE('',*,*,#10851,.T.);
#10867=ORIENTED_EDGE('',*,*,#10866,.T.);
#10868=ORIENTED_EDGE('',*,*,#9706,.T.);
#10870=ORIENTED_EDGE('',*,*,#10869,.F.);
#10871=EDGE_LOOP('',(#10865,#10867,#10868,#10870));
#10872=FACE_OUTER_BOUND('',#10871,.F.);
#10874=CARTESIAN_POINT('',(-1.975E0,-4.55E0,0.E0));
#10875=DIRECTION('',(-1.E0,0.E0,0.E0));
#10876=DIRECTION('',(0.E0,-1.E0,0.E0));
#10877=AXIS2_PLACEMENT_3D('',#10874,#10875,#10876);
#10878=PLANE('',#10877);
#10880=ORIENTED_EDGE('',*,*,#10879,.T.);
#10881=ORIENTED_EDGE('',*,*,#9708,.T.);
#10882=ORIENTED_EDGE('',*,*,#10866,.F.);
#10884=ORIENTED_EDGE('',*,*,#10883,.T.);
#10885=EDGE_LOOP('',(#10880,#10881,#10882,#10884));
#10886=FACE_OUTER_BOUND('',#10885,.F.);
#10888=CARTESIAN_POINT('',(-3.449962121756E0,-4.55E0,0.E0));
#10889=DIRECTION('',(0.E0,-1.E0,0.E0));
#10890=DIRECTION('',(1.E0,0.E0,0.E0));
#10891=AXIS2_PLACEMENT_3D('',#10888,#10889,#10890);
#10892=PLANE('',#10891);
#10894=ORIENTED_EDGE('',*,*,#10893,.T.);
#10895=ORIENTED_EDGE('',*,*,#9710,.T.);
#10896=ORIENTED_EDGE('',*,*,#10879,.F.);
#10898=ORIENTED_EDGE('',*,*,#10897,.T.);
#10899=EDGE_LOOP('',(#10894,#10895,#10896,#10898));
#10900=FACE_OUTER_BOUND('',#10899,.F.);
#10902=CARTESIAN_POINT('',(-2.675E0,-5.35E0,0.E0));
#10903=DIRECTION('',(1.E0,0.E0,0.E0));
#10904=DIRECTION('',(0.E0,1.E0,0.E0));
#10905=AXIS2_PLACEMENT_3D('',#10902,#10903,#10904);
#10906=PLANE('',#10905);
#10907=ORIENTED_EDGE('',*,*,#7652,.F.);
#10909=ORIENTED_EDGE('',*,*,#10908,.T.);
#10910=ORIENTED_EDGE('',*,*,#9712,.T.);
#10911=ORIENTED_EDGE('',*,*,#10893,.F.);
#10913=ORIENTED_EDGE('',*,*,#10912,.F.);
#10914=EDGE_LOOP('',(#10907,#10909,#10910,#10911,#10913));
#10915=FACE_OUTER_BOUND('',#10914,.F.);
#10917=CARTESIAN_POINT('',(-4.175E0,-5.35E0,0.E0));
#10918=DIRECTION('',(0.E0,-1.E0,0.E0));
#10919=DIRECTION('',(1.E0,0.E0,0.E0));
#10920=AXIS2_PLACEMENT_3D('',#10917,#10918,#10919);
#10921=PLANE('',#10920);
#10922=ORIENTED_EDGE('',*,*,#7650,.F.);
#10924=ORIENTED_EDGE('',*,*,#10923,.T.);
#10925=ORIENTED_EDGE('',*,*,#9714,.T.);
#10926=ORIENTED_EDGE('',*,*,#10908,.F.);
#10927=EDGE_LOOP('',(#10922,#10924,#10925,#10926));
#10928=FACE_OUTER_BOUND('',#10927,.F.);
#10930=CARTESIAN_POINT('',(-4.175E0,-4.355714965711E0,0.E0));
#10931=DIRECTION('',(-1.E0,0.E0,0.E0));
#10932=DIRECTION('',(0.E0,-1.E0,0.E0));
#10933=AXIS2_PLACEMENT_3D('',#10930,#10931,#10932);
#10934=PLANE('',#10933);
#10935=ORIENTED_EDGE('',*,*,#7648,.F.);
#10937=ORIENTED_EDGE('',*,*,#10936,.F.);
#10939=ORIENTED_EDGE('',*,*,#10938,.F.);
#10940=ORIENTED_EDGE('',*,*,#9716,.T.);
#10941=ORIENTED_EDGE('',*,*,#10923,.F.);
#10942=EDGE_LOOP('',(#10935,#10937,#10939,#10940,#10941));
#10943=FACE_OUTER_BOUND('',#10942,.F.);
#10945=CARTESIAN_POINT('',(-3.449962121756E0,-3.1E0,-2.5E-1));
#10946=DIRECTION('',(0.E0,0.E0,1.E0));
#10947=DIRECTION('',(0.E0,-1.E0,0.E0));
#10948=AXIS2_PLACEMENT_3D('',#10945,#10946,#10947);
#10949=CONICAL_SURFACE('',#10948,1.594337567297E0,3.E1);
#10950=ORIENTED_EDGE('',*,*,#10936,.T.);
#10951=ORIENTED_EDGE('',*,*,#7646,.T.);
#10953=ORIENTED_EDGE('',*,*,#10952,.T.);
#10955=ORIENTED_EDGE('',*,*,#10954,.F.);
#10956=EDGE_LOOP('',(#10950,#10951,#10953,#10955));
#10957=FACE_OUTER_BOUND('',#10956,.F.);
#10959=CARTESIAN_POINT('',(-5.675E0,-3.7E0,0.E0));
#10960=DIRECTION('',(0.E0,-1.E0,0.E0));
#10961=DIRECTION('',(1.E0,0.E0,0.E0));
#10962=AXIS2_PLACEMENT_3D('',#10959,#10960,#10961);
#10963=PLANE('',#10962);
#10965=ORIENTED_EDGE('',*,*,#10964,.T.);
#10966=ORIENTED_EDGE('',*,*,#9720,.T.);
#10968=ORIENTED_EDGE('',*,*,#10967,.F.);
#10969=ORIENTED_EDGE('',*,*,#10952,.F.);
#10970=ORIENTED_EDGE('',*,*,#7644,.T.);
#10972=ORIENTED_EDGE('',*,*,#10971,.F.);
#10974=ORIENTED_EDGE('',*,*,#10973,.T.);
#10975=ORIENTED_EDGE('',*,*,#9728,.T.);
#10977=ORIENTED_EDGE('',*,*,#10976,.T.);
#10979=ORIENTED_EDGE('',*,*,#10978,.F.);
#10980=EDGE_LOOP('',(#10965,#10966,#10968,#10969,#10970,#10972,#10974,#10975,
#10977,#10979));
#10981=FACE_OUTER_BOUND('',#10980,.F.);
#10983=CARTESIAN_POINT('',(-5.125E0,0.E0,0.E0));
#10984=DIRECTION('',(1.E0,0.E0,0.E0));
#10985=DIRECTION('',(0.E0,0.E0,-1.E0));
#10986=AXIS2_PLACEMENT_3D('',#10983,#10984,#10985);
#10987=PLANE('',#10986);
#10989=ORIENTED_EDGE('',*,*,#10988,.F.);
#10991=ORIENTED_EDGE('',*,*,#10990,.F.);
#10993=ORIENTED_EDGE('',*,*,#10992,.T.);
#10994=ORIENTED_EDGE('',*,*,#9722,.T.);
#10995=ORIENTED_EDGE('',*,*,#10964,.F.);
#10997=ORIENTED_EDGE('',*,*,#10996,.T.);
#10998=EDGE_LOOP('',(#10989,#10991,#10993,#10994,#10995,#10997));
#10999=FACE_OUTER_BOUND('',#10998,.F.);
#11001=CARTESIAN_POINT('',(-5.175E0,-3.4E0,-1.495131120139E0));
#11002=DIRECTION('',(7.071067811865E-1,7.071067811865E-1,0.E0));
#11003=DIRECTION('',(-7.071067811865E-1,7.071067811865E-1,0.E0));
#11004=AXIS2_PLACEMENT_3D('',#11001,#11002,#11003);
#11005=PLANE('',#11004);
#11007=ORIENTED_EDGE('',*,*,#11006,.T.);
#11009=ORIENTED_EDGE('',*,*,#11008,.F.);
#11011=ORIENTED_EDGE('',*,*,#11010,.T.);
#11012=ORIENTED_EDGE('',*,*,#10988,.T.);
#11013=EDGE_LOOP('',(#11007,#11009,#11011,#11012));
#11014=FACE_OUTER_BOUND('',#11013,.F.);
#11016=CARTESIAN_POINT('',(-5.125E0,7.5E-1,-1.45E0));
#11017=DIRECTION('',(0.E0,0.E0,1.E0));
#11018=DIRECTION('',(0.E0,-1.E0,0.E0));
#11019=AXIS2_PLACEMENT_3D('',#11016,#11017,#11018);
#11020=PLANE('',#11019);
#11021=ORIENTED_EDGE('',*,*,#11006,.F.);
#11022=ORIENTED_EDGE('',*,*,#10996,.F.);
#11023=ORIENTED_EDGE('',*,*,#10978,.T.);
#11025=ORIENTED_EDGE('',*,*,#11024,.F.);
#11027=ORIENTED_EDGE('',*,*,#11026,.F.);
#11029=ORIENTED_EDGE('',*,*,#11028,.T.);
#11031=ORIENTED_EDGE('',*,*,#11030,.T.);
#11033=ORIENTED_EDGE('',*,*,#11032,.F.);
#11035=ORIENTED_EDGE('',*,*,#11034,.F.);
#11037=ORIENTED_EDGE('',*,*,#11036,.F.);
#11038=EDGE_LOOP('',(#11021,#11022,#11023,#11025,#11027,#11029,#11031,#11033,
#11035,#11037));
#11039=FACE_OUTER_BOUND('',#11038,.F.);
#11041=CARTESIAN_POINT('',(-5.525E0,0.E0,0.E0));
#11042=DIRECTION('',(1.E0,0.E0,0.E0));
#11043=DIRECTION('',(0.E0,0.E0,-1.E0));
#11044=AXIS2_PLACEMENT_3D('',#11041,#11042,#11043);
#11045=PLANE('',#11044);
#11047=ORIENTED_EDGE('',*,*,#11046,.F.);
#11048=ORIENTED_EDGE('',*,*,#11024,.T.);
#11049=ORIENTED_EDGE('',*,*,#10976,.F.);
#11050=ORIENTED_EDGE('',*,*,#9726,.F.);
#11052=ORIENTED_EDGE('',*,*,#11051,.F.);
#11054=ORIENTED_EDGE('',*,*,#11053,.F.);
#11055=EDGE_LOOP('',(#11047,#11048,#11049,#11050,#11052,#11054));
#11056=FACE_OUTER_BOUND('',#11055,.F.);
#11058=CARTESIAN_POINT('',(-5.475E0,-3.4E0,-1.495127552163E0));
#11059=DIRECTION('',(-7.071067811865E-1,7.071067811865E-1,0.E0));
#11060=DIRECTION('',(7.071067811865E-1,7.071067811865E-1,0.E0));
#11061=AXIS2_PLACEMENT_3D('',#11058,#11059,#11060);
#11062=PLANE('',#11061);
#11064=ORIENTED_EDGE('',*,*,#11063,.F.);
#11065=ORIENTED_EDGE('',*,*,#11026,.T.);
#11066=ORIENTED_EDGE('',*,*,#11046,.T.);
#11068=ORIENTED_EDGE('',*,*,#11067,.T.);
#11069=EDGE_LOOP('',(#11064,#11065,#11066,#11068));
#11070=FACE_OUTER_BOUND('',#11069,.F.);
#11072=CARTESIAN_POINT('',(-5.125E0,-3.35E0,0.E0));
#11073=DIRECTION('',(0.E0,1.E0,0.E0));
#11074=DIRECTION('',(1.E0,0.E0,0.E0));
#11075=AXIS2_PLACEMENT_3D('',#11072,#11073,#11074);
#11076=PLANE('',#11075);
#11077=ORIENTED_EDGE('',*,*,#11008,.T.);
#11078=ORIENTED_EDGE('',*,*,#11036,.T.);
#11080=ORIENTED_EDGE('',*,*,#11079,.F.);
#11082=ORIENTED_EDGE('',*,*,#11081,.F.);
#11083=EDGE_LOOP('',(#11077,#11078,#11080,#11082));
#11084=FACE_OUTER_BOUND('',#11083,.F.);
#11086=CARTESIAN_POINT('',(-5.125E0,-3.35E0,0.E0));
#11087=DIRECTION('',(0.E0,1.E0,0.E0));
#11088=DIRECTION('',(1.E0,0.E0,0.E0));
#11089=AXIS2_PLACEMENT_3D('',#11086,#11087,#11088);
#11090=PLANE('',#11089);
#11091=ORIENTED_EDGE('',*,*,#11063,.T.);
#11093=ORIENTED_EDGE('',*,*,#11092,.F.);
#11095=ORIENTED_EDGE('',*,*,#11094,.F.);
#11096=ORIENTED_EDGE('',*,*,#11028,.F.);
#11097=EDGE_LOOP('',(#11091,#11093,#11095,#11096));
#11098=FACE_OUTER_BOUND('',#11097,.F.);
#11100=CARTESIAN_POINT('',(-5.305501838912E0,7.5E-1,-1.500000351746E0));
#11101=DIRECTION('',(0.E0,1.E0,0.E0));
#11102=DIRECTION('',(1.E0,0.E0,0.E0));
#11103=AXIS2_PLACEMENT_3D('',#11100,#11101,#11102);
#11104=CYLINDRICAL_SURFACE('',#11103,5.000035174553E-2);
#11105=ORIENTED_EDGE('',*,*,#11034,.T.);
#11107=ORIENTED_EDGE('',*,*,#11106,.T.);
#11109=ORIENTED_EDGE('',*,*,#11108,.T.);
#11110=ORIENTED_EDGE('',*,*,#11079,.T.);
#11111=EDGE_LOOP('',(#11105,#11107,#11109,#11110));
#11112=FACE_OUTER_BOUND('',#11111,.F.);
#11114=CARTESIAN_POINT('',(3.20139E1,2.5E-1,-1.95E0));
#11115=DIRECTION('',(-1.E0,0.E0,0.E0));
#11116=DIRECTION('',(0.E0,0.E0,1.E0));
#11117=AXIS2_PLACEMENT_3D('',#11114,#11115,#11116);
#11118=CYLINDRICAL_SURFACE('',#11117,5.E-1);
#11120=ORIENTED_EDGE('',*,*,#11119,.F.);
#11122=ORIENTED_EDGE('',*,*,#11121,.F.);
#11124=ORIENTED_EDGE('',*,*,#11123,.F.);
#11125=ORIENTED_EDGE('',*,*,#11106,.F.);
#11126=ORIENTED_EDGE('',*,*,#11032,.T.);
#11128=ORIENTED_EDGE('',*,*,#11127,.F.);
#11129=EDGE_LOOP('',(#11120,#11122,#11124,#11125,#11126,#11128));
#11130=FACE_OUTER_BOUND('',#11129,.F.);
#11132=CARTESIAN_POINT('',(-4.625003068632E0,7.5E-1,-1.952572950590E0));
#11133=DIRECTION('',(0.E0,1.E0,0.E0));
#11134=DIRECTION('',(1.E0,0.E0,0.E0));
#11135=AXIS2_PLACEMENT_3D('',#11132,#11133,#11134);
#11136=CYLINDRICAL_SURFACE('',#11135,9.000006091925E-1);
#11137=ORIENTED_EDGE('',*,*,#11092,.T.);
#11138=ORIENTED_EDGE('',*,*,#11067,.F.);
#11139=ORIENTED_EDGE('',*,*,#11053,.T.);
#11140=ORIENTED_EDGE('',*,*,#11119,.T.);
#11142=ORIENTED_EDGE('',*,*,#11141,.T.);
#11143=EDGE_LOOP('',(#11137,#11138,#11139,#11140,#11142));
#11144=FACE_OUTER_BOUND('',#11143,.F.);
#11146=CARTESIAN_POINT('',(-5.344501838912E0,7.5E-1,-1.500000351746E0));
#11147=DIRECTION('',(0.E0,1.E0,0.E0));
#11148=DIRECTION('',(1.E0,0.E0,0.E0));
#11149=AXIS2_PLACEMENT_3D('',#11146,#11147,#11148);
#11150=CYLINDRICAL_SURFACE('',#11149,5.000035174553E-2);
#11151=ORIENTED_EDGE('',*,*,#11030,.F.);
#11152=ORIENTED_EDGE('',*,*,#11094,.T.);
#11153=ORIENTED_EDGE('',*,*,#11141,.F.);
#11154=ORIENTED_EDGE('',*,*,#11127,.T.);
#11155=EDGE_LOOP('',(#11151,#11152,#11153,#11154));
#11156=FACE_OUTER_BOUND('',#11155,.F.);
#11158=CARTESIAN_POINT('',(-5.125E0,7.5E-1,-1.425E1));
#11159=DIRECTION('',(0.E0,1.E0,0.E0));
#11160=DIRECTION('',(0.E0,0.E0,1.E0));
#11161=AXIS2_PLACEMENT_3D('',#11158,#11159,#11160);
#11162=PLANE('',#11161);
#11163=ORIENTED_EDGE('',*,*,#10992,.F.);
#11165=ORIENTED_EDGE('',*,*,#11164,.F.);
#11166=ORIENTED_EDGE('',*,*,#11121,.T.);
#11167=ORIENTED_EDGE('',*,*,#11051,.T.);
#11168=ORIENTED_EDGE('',*,*,#9724,.T.);
#11169=EDGE_LOOP('',(#11163,#11165,#11166,#11167,#11168));
#11170=FACE_OUTER_BOUND('',#11169,.F.);
#11172=CARTESIAN_POINT('',(-6.025000609193E0,7.5E-1,-1.952572950590E0));
#11173=DIRECTION('',(0.E0,1.E0,0.E0));
#11174=DIRECTION('',(1.E0,0.E0,0.E0));
#11175=AXIS2_PLACEMENT_3D('',#11172,#11173,#11174);
#11176=CYLINDRICAL_SURFACE('',#11175,9.000006091925E-1);
#11177=ORIENTED_EDGE('',*,*,#10990,.T.);
#11178=ORIENTED_EDGE('',*,*,#11010,.F.);
#11179=ORIENTED_EDGE('',*,*,#11081,.T.);
#11180=ORIENTED_EDGE('',*,*,#11108,.F.);
#11181=ORIENTED_EDGE('',*,*,#11123,.T.);
#11182=ORIENTED_EDGE('',*,*,#11164,.T.);
#11183=EDGE_LOOP('',(#11177,#11178,#11179,#11180,#11181,#11182));
#11184=FACE_OUTER_BOUND('',#11183,.F.);
#11186=CARTESIAN_POINT('',(-3.449962121756E0,-3.1E0,0.E0));
#11187=DIRECTION('',(0.E0,0.E0,1.E0));
#11188=DIRECTION('',(1.E0,0.E0,0.E0));
#11189=AXIS2_PLACEMENT_3D('',#11186,#11187,#11188);
#11190=CYLINDRICAL_SURFACE('',#11189,1.45E0);
#11191=ORIENTED_EDGE('',*,*,#10938,.T.);
#11192=ORIENTED_EDGE('',*,*,#10954,.T.);
#11193=ORIENTED_EDGE('',*,*,#10967,.T.);
#11194=ORIENTED_EDGE('',*,*,#9718,.T.);
#11195=EDGE_LOOP('',(#11191,#11192,#11193,#11194));
#11196=FACE_OUTER_BOUND('',#11195,.F.);
#11198=CARTESIAN_POINT('',(-5.819337567297E0,-4.75E-1,-2.5E-1));
#11199=DIRECTION('',(8.660254037844E-1,0.E0,5.E-1));
#11200=DIRECTION('',(5.E-1,0.E0,-8.660254037844E-1));
#11201=AXIS2_PLACEMENT_3D('',#11198,#11199,#11200);
#11202=PLANE('',#11201);
#11204=ORIENTED_EDGE('',*,*,#11203,.F.);
#11205=ORIENTED_EDGE('',*,*,#10971,.T.);
#11206=ORIENTED_EDGE('',*,*,#7642,.T.);
#11208=ORIENTED_EDGE('',*,*,#11207,.T.);
#11209=EDGE_LOOP('',(#11204,#11205,#11206,#11208));
#11210=FACE_OUTER_BOUND('',#11209,.F.);
#11212=CARTESIAN_POINT('',(-5.675E0,2.75E0,0.E0));
#11213=DIRECTION('',(-1.E0,0.E0,0.E0));
#11214=DIRECTION('',(0.E0,-1.E0,0.E0));
#11215=AXIS2_PLACEMENT_3D('',#11212,#11213,#11214);
#11216=PLANE('',#11215);
#11217=ORIENTED_EDGE('',*,*,#11203,.T.);
#11219=ORIENTED_EDGE('',*,*,#11218,.T.);
#11220=ORIENTED_EDGE('',*,*,#9730,.T.);
#11221=ORIENTED_EDGE('',*,*,#10973,.F.);
#11222=EDGE_LOOP('',(#11217,#11219,#11220,#11221));
#11223=FACE_OUTER_BOUND('',#11222,.F.);
#11225=CARTESIAN_POINT('',(2.175E0,2.75E0,0.E0));
#11226=DIRECTION('',(0.E0,1.E0,0.E0));
#11227=DIRECTION('',(-1.E0,0.E0,0.E0));
#11228=AXIS2_PLACEMENT_3D('',#11225,#11226,#11227);
#11229=PLANE('',#11228);
#11231=ORIENTED_EDGE('',*,*,#11230,.T.);
#11232=ORIENTED_EDGE('',*,*,#9732,.T.);
#11233=ORIENTED_EDGE('',*,*,#11218,.F.);
#11234=ORIENTED_EDGE('',*,*,#11207,.F.);
#11235=ORIENTED_EDGE('',*,*,#7640,.T.);
#11236=EDGE_LOOP('',(#11231,#11232,#11233,#11234,#11235));
#11237=FACE_OUTER_BOUND('',#11236,.F.);
#11239=CARTESIAN_POINT('',(2.175E0,2.75E0,0.E0));
#11240=DIRECTION('',(0.E0,1.E0,0.E0));
#11241=DIRECTION('',(-1.E0,0.E0,0.E0));
#11242=AXIS2_PLACEMENT_3D('',#11239,#11240,#11241);
#11243=PLANE('',#11242);
#11245=ORIENTED_EDGE('',*,*,#11244,.F.);
#11246=ORIENTED_EDGE('',*,*,#7704,.T.);
#11248=ORIENTED_EDGE('',*,*,#11247,.F.);
#11250=ORIENTED_EDGE('',*,*,#11249,.T.);
#11251=ORIENTED_EDGE('',*,*,#9740,.T.);
#11252=EDGE_LOOP('',(#11245,#11246,#11248,#11250,#11251));
#11253=FACE_OUTER_BOUND('',#11252,.F.);
#11255=CARTESIAN_POINT('',(-4.825E0,3.85E0,0.E0));
#11256=DIRECTION('',(-1.E0,0.E0,0.E0));
#11257=DIRECTION('',(0.E0,-1.E0,0.E0));
#11258=AXIS2_PLACEMENT_3D('',#11255,#11256,#11257);
#11259=PLANE('',#11258);
#11260=ORIENTED_EDGE('',*,*,#7638,.F.);
#11262=ORIENTED_EDGE('',*,*,#11261,.T.);
#11263=ORIENTED_EDGE('',*,*,#9734,.T.);
#11264=ORIENTED_EDGE('',*,*,#11230,.F.);
#11265=EDGE_LOOP('',(#11260,#11262,#11263,#11264));
#11266=FACE_OUTER_BOUND('',#11265,.F.);
#11268=CARTESIAN_POINT('',(1.975E0,3.85E0,0.E0));
#11269=DIRECTION('',(0.E0,1.E0,0.E0));
#11270=DIRECTION('',(-1.E0,0.E0,0.E0));
#11271=AXIS2_PLACEMENT_3D('',#11268,#11269,#11270);
#11272=PLANE('',#11271);
#11273=ORIENTED_EDGE('',*,*,#7708,.F.);
#11275=ORIENTED_EDGE('',*,*,#11274,.T.);
#11276=ORIENTED_EDGE('',*,*,#9736,.T.);
#11277=ORIENTED_EDGE('',*,*,#11261,.F.);
#11278=EDGE_LOOP('',(#11273,#11275,#11276,#11277));
#11279=FACE_OUTER_BOUND('',#11278,.F.);
#11281=CARTESIAN_POINT('',(1.975E0,2.75E0,0.E0));
#11282=DIRECTION('',(1.E0,0.E0,0.E0));
#11283=DIRECTION('',(0.E0,1.E0,0.E0));
#11284=AXIS2_PLACEMENT_3D('',#11281,#11282,#11283);
#11285=PLANE('',#11284);
#11286=ORIENTED_EDGE('',*,*,#7706,.F.);
#11287=ORIENTED_EDGE('',*,*,#11244,.T.);
#11288=ORIENTED_EDGE('',*,*,#9738,.T.);
#11289=ORIENTED_EDGE('',*,*,#11274,.F.);
#11290=EDGE_LOOP('',(#11286,#11287,#11288,#11289));
#11291=FACE_OUTER_BOUND('',#11290,.F.);
#11293=CARTESIAN_POINT('',(2.319337567297E0,2.375E0,-2.5E-1));
#11294=DIRECTION('',(-8.660254037844E-1,0.E0,5.E-1));
#11295=DIRECTION('',(-5.E-1,0.E0,-8.660254037844E-1));
#11296=AXIS2_PLACEMENT_3D('',#11293,#11294,#11295);
#11297=PLANE('',#11296);
#11298=ORIENTED_EDGE('',*,*,#7702,.T.);
#11300=ORIENTED_EDGE('',*,*,#11299,.F.);
#11302=ORIENTED_EDGE('',*,*,#11301,.F.);
#11303=ORIENTED_EDGE('',*,*,#11247,.T.);
#11304=EDGE_LOOP('',(#11298,#11300,#11302,#11303));
#11305=FACE_OUTER_BOUND('',#11304,.F.);
#11307=CARTESIAN_POINT('',(2.775E0,2.144337567297E0,-2.5E-1));
#11308=DIRECTION('',(0.E0,-8.660254037844E-1,5.E-1));
#11309=DIRECTION('',(0.E0,-5.E-1,-8.660254037844E-1));
#11310=AXIS2_PLACEMENT_3D('',#11307,#11308,#11309);
#11311=PLANE('',#11310);
#11312=ORIENTED_EDGE('',*,*,#7700,.T.);
#11314=ORIENTED_EDGE('',*,*,#11313,.F.);
#11316=ORIENTED_EDGE('',*,*,#11315,.F.);
#11317=ORIENTED_EDGE('',*,*,#11299,.T.);
#11318=EDGE_LOOP('',(#11312,#11314,#11316,#11317));
#11319=FACE_OUTER_BOUND('',#11318,.F.);
#11321=CARTESIAN_POINT('',(3.230662432703E0,2.375E0,-2.5E-1));
#11322=DIRECTION('',(8.660254037844E-1,0.E0,5.E-1));
#11323=DIRECTION('',(5.E-1,0.E0,-8.660254037844E-1));
#11324=AXIS2_PLACEMENT_3D('',#11321,#11322,#11323);
#11325=PLANE('',#11324);
#11326=ORIENTED_EDGE('',*,*,#7698,.T.);
#11328=ORIENTED_EDGE('',*,*,#11327,.F.);
#11330=ORIENTED_EDGE('',*,*,#11329,.F.);
#11331=ORIENTED_EDGE('',*,*,#11313,.T.);
#11332=EDGE_LOOP('',(#11326,#11328,#11330,#11331));
#11333=FACE_OUTER_BOUND('',#11332,.F.);
#11335=CARTESIAN_POINT('',(4.525E0,2.894337567297E0,-2.5E-1));
#11336=DIRECTION('',(0.E0,-8.660254037844E-1,5.E-1));
#11337=DIRECTION('',(0.E0,-5.E-1,-8.660254037844E-1));
#11338=AXIS2_PLACEMENT_3D('',#11335,#11336,#11337);
#11339=PLANE('',#11338);
#11341=ORIENTED_EDGE('',*,*,#11340,.T.);
#11343=ORIENTED_EDGE('',*,*,#11342,.F.);
#11344=ORIENTED_EDGE('',*,*,#11327,.T.);
#11345=ORIENTED_EDGE('',*,*,#7696,.T.);
#11346=EDGE_LOOP('',(#11341,#11343,#11344,#11345));
#11347=FACE_OUTER_BOUND('',#11346,.F.);
#11349=CARTESIAN_POINT('',(4.525E0,2.894337567297E0,-2.5E-1));
#11350=DIRECTION('',(0.E0,-8.660254037844E-1,5.E-1));
#11351=DIRECTION('',(0.E0,-5.E-1,-8.660254037844E-1));
#11352=AXIS2_PLACEMENT_3D('',#11349,#11350,#11351);
#11353=PLANE('',#11352);
#11355=ORIENTED_EDGE('',*,*,#11354,.F.);
#11356=ORIENTED_EDGE('',*,*,#7688,.T.);
#11358=ORIENTED_EDGE('',*,*,#11357,.F.);
#11360=ORIENTED_EDGE('',*,*,#11359,.F.);
#11361=EDGE_LOOP('',(#11355,#11356,#11358,#11360));
#11362=FACE_OUTER_BOUND('',#11361,.F.);
#11364=CARTESIAN_POINT('',(3.625E0,3.85E0,0.E0));
#11365=DIRECTION('',(-1.E0,0.E0,0.E0));
#11366=DIRECTION('',(0.E0,-1.E0,0.E0));
#11367=AXIS2_PLACEMENT_3D('',#11364,#11365,#11366);
#11368=PLANE('',#11367);
#11369=ORIENTED_EDGE('',*,*,#7694,.F.);
#11371=ORIENTED_EDGE('',*,*,#11370,.T.);
#11372=ORIENTED_EDGE('',*,*,#9750,.T.);
#11374=ORIENTED_EDGE('',*,*,#11373,.F.);
#11375=ORIENTED_EDGE('',*,*,#11340,.F.);
#11376=EDGE_LOOP('',(#11369,#11371,#11372,#11374,#11375));
#11377=FACE_OUTER_BOUND('',#11376,.F.);
#11379=CARTESIAN_POINT('',(5.325E0,3.85E0,0.E0));
#11380=DIRECTION('',(0.E0,1.E0,0.E0));
#11381=DIRECTION('',(-1.E0,0.E0,0.E0));
#11382=AXIS2_PLACEMENT_3D('',#11379,#11380,#11381);
#11383=PLANE('',#11382);
#11384=ORIENTED_EDGE('',*,*,#7692,.F.);
#11386=ORIENTED_EDGE('',*,*,#11385,.T.);
#11387=ORIENTED_EDGE('',*,*,#9752,.T.);
#11388=ORIENTED_EDGE('',*,*,#11370,.F.);
#11389=EDGE_LOOP('',(#11384,#11386,#11387,#11388));
#11390=FACE_OUTER_BOUND('',#11389,.F.);
#11392=CARTESIAN_POINT('',(5.325E0,2.75E0,0.E0));
#11393=DIRECTION('',(1.E0,0.E0,0.E0));
#11394=DIRECTION('',(0.E0,1.E0,0.E0));
#11395=AXIS2_PLACEMENT_3D('',#11392,#11393,#11394);
#11396=PLANE('',#11395);
#11397=ORIENTED_EDGE('',*,*,#7690,.F.);
#11398=ORIENTED_EDGE('',*,*,#11354,.T.);
#11400=ORIENTED_EDGE('',*,*,#11399,.T.);
#11401=ORIENTED_EDGE('',*,*,#9754,.T.);
#11402=ORIENTED_EDGE('',*,*,#11385,.F.);
#11403=EDGE_LOOP('',(#11397,#11398,#11400,#11401,#11402));
#11404=FACE_OUTER_BOUND('',#11403,.F.);
#11406=CARTESIAN_POINT('',(5.675E0,2.75E0,0.E0));
#11407=DIRECTION('',(0.E0,1.E0,0.E0));
#11408=DIRECTION('',(-1.E0,0.E0,0.E0));
#11409=AXIS2_PLACEMENT_3D('',#11406,#11407,#11408);
#11410=PLANE('',#11409);
#11411=ORIENTED_EDGE('',*,*,#11373,.T.);
#11412=ORIENTED_EDGE('',*,*,#9748,.T.);
#11414=ORIENTED_EDGE('',*,*,#11413,.F.);
#11415=ORIENTED_EDGE('',*,*,#11342,.T.);
#11416=EDGE_LOOP('',(#11411,#11412,#11414,#11415));
#11417=FACE_OUTER_BOUND('',#11416,.F.);
#11419=CARTESIAN_POINT('',(5.675E0,2.75E0,0.E0));
#11420=DIRECTION('',(0.E0,1.E0,0.E0));
#11421=DIRECTION('',(-1.E0,0.E0,0.E0));
#11422=AXIS2_PLACEMENT_3D('',#11419,#11420,#11421);
#11423=PLANE('',#11422);
#11424=ORIENTED_EDGE('',*,*,#11399,.F.);
#11425=ORIENTED_EDGE('',*,*,#11359,.T.);
#11426=ORIENTED_EDGE('',*,*,#9290,.T.);
#11427=ORIENTED_EDGE('',*,*,#9756,.T.);
#11428=EDGE_LOOP('',(#11424,#11425,#11426,#11427));
#11429=FACE_OUTER_BOUND('',#11428,.F.);
#11431=CARTESIAN_POINT('',(3.375E0,2.75E0,0.E0));
#11432=DIRECTION('',(-1.E0,0.E0,0.E0));
#11433=DIRECTION('',(0.E0,-1.E0,0.E0));
#11434=AXIS2_PLACEMENT_3D('',#11431,#11432,#11433);
#11435=PLANE('',#11434);
#11436=ORIENTED_EDGE('',*,*,#11329,.T.);
#11437=ORIENTED_EDGE('',*,*,#11413,.T.);
#11438=ORIENTED_EDGE('',*,*,#9746,.T.);
#11440=ORIENTED_EDGE('',*,*,#11439,.F.);
#11441=EDGE_LOOP('',(#11436,#11437,#11438,#11440));
#11442=FACE_OUTER_BOUND('',#11441,.F.);
#11444=CARTESIAN_POINT('',(3.375E0,2.E0,0.E0));
#11445=DIRECTION('',(0.E0,1.E0,0.E0));
#11446=DIRECTION('',(-1.E0,0.E0,0.E0));
#11447=AXIS2_PLACEMENT_3D('',#11444,#11445,#11446);
#11448=PLANE('',#11447);
#11449=ORIENTED_EDGE('',*,*,#11315,.T.);
#11450=ORIENTED_EDGE('',*,*,#11439,.T.);
#11451=ORIENTED_EDGE('',*,*,#9744,.T.);
#11453=ORIENTED_EDGE('',*,*,#11452,.F.);
#11454=EDGE_LOOP('',(#11449,#11450,#11451,#11453));
#11455=FACE_OUTER_BOUND('',#11454,.F.);
#11457=CARTESIAN_POINT('',(2.175E0,2.E0,0.E0));
#11458=DIRECTION('',(1.E0,0.E0,0.E0));
#11459=DIRECTION('',(0.E0,1.E0,0.E0));
#11460=AXIS2_PLACEMENT_3D('',#11457,#11458,#11459);
#11461=PLANE('',#11460);
#11462=ORIENTED_EDGE('',*,*,#11301,.T.);
#11463=ORIENTED_EDGE('',*,*,#11452,.T.);
#11464=ORIENTED_EDGE('',*,*,#9742,.T.);
#11465=ORIENTED_EDGE('',*,*,#11249,.F.);
#11466=EDGE_LOOP('',(#11462,#11463,#11464,#11465));
#11467=FACE_OUTER_BOUND('',#11466,.F.);
#11469=CARTESIAN_POINT('',(5.819337567297E0,-9.E-1,-2.5E-1));
#11470=DIRECTION('',(-8.660254037844E-1,0.E0,5.E-1));
#11471=DIRECTION('',(-5.E-1,0.E0,-8.660254037844E-1));
#11472=AXIS2_PLACEMENT_3D('',#11469,#11470,#11471);
#11473=PLANE('',#11472);
#11474=ORIENTED_EDGE('',*,*,#7686,.T.);
#11475=ORIENTED_EDGE('',*,*,#9367,.F.);
#11476=ORIENTED_EDGE('',*,*,#9292,.F.);
#11477=ORIENTED_EDGE('',*,*,#11357,.T.);
#11478=EDGE_LOOP('',(#11474,#11475,#11476,#11477));
#11479=FACE_OUTER_BOUND('',#11478,.F.);
#11481=CARTESIAN_POINT('',(-2.712481060878E0,-4.694337567297E0,-2.5E-1));
#11482=DIRECTION('',(0.E0,8.660254037844E-1,5.E-1));
#11483=DIRECTION('',(0.E0,5.E-1,-8.660254037844E-1));
#11484=AXIS2_PLACEMENT_3D('',#11481,#11482,#11483);
#11485=PLANE('',#11484);
#11486=ORIENTED_EDGE('',*,*,#10912,.T.);
#11487=ORIENTED_EDGE('',*,*,#10897,.F.);
#11489=ORIENTED_EDGE('',*,*,#11488,.T.);
#11490=ORIENTED_EDGE('',*,*,#7654,.T.);
#11491=EDGE_LOOP('',(#11486,#11487,#11489,#11490));
#11492=FACE_OUTER_BOUND('',#11491,.F.);
#11494=CARTESIAN_POINT('',(-2.119337567297E0,-4.95E0,-2.5E-1));
#11495=DIRECTION('',(8.660254037844E-1,0.E0,5.E-1));
#11496=DIRECTION('',(5.E-1,0.E0,-8.660254037844E-1));
#11497=AXIS2_PLACEMENT_3D('',#11494,#11495,#11496);
#11498=PLANE('',#11497);
#11499=ORIENTED_EDGE('',*,*,#7656,.T.);
#11500=ORIENTED_EDGE('',*,*,#11488,.F.);
#11501=ORIENTED_EDGE('',*,*,#10883,.F.);
#11502=ORIENTED_EDGE('',*,*,#10855,.T.);
#11503=EDGE_LOOP('',(#11499,#11500,#11501,#11502));
#11504=FACE_OUTER_BOUND('',#11503,.F.);
#11506=CARTESIAN_POINT('',(-8.75E-1,-5.35E0,0.E0));
#11507=DIRECTION('',(1.E0,0.E0,0.E0));
#11508=DIRECTION('',(0.E0,1.E0,0.E0));
#11509=AXIS2_PLACEMENT_3D('',#11506,#11507,#11508);
#11510=PLANE('',#11509);
#11512=ORIENTED_EDGE('',*,*,#11511,.F.);
#11513=ORIENTED_EDGE('',*,*,#10840,.T.);
#11514=ORIENTED_EDGE('',*,*,#10869,.T.);
#11515=ORIENTED_EDGE('',*,*,#9704,.T.);
#11516=EDGE_LOOP('',(#11512,#11513,#11514,#11515));
#11517=FACE_OUTER_BOUND('',#11516,.F.);
#11519=CARTESIAN_POINT('',(-8.75E-1,-4.55E0,0.E0));
#11520=DIRECTION('',(0.E0,-1.E0,0.E0));
#11521=DIRECTION('',(1.E0,0.E0,0.E0));
#11522=AXIS2_PLACEMENT_3D('',#11519,#11520,#11521);
#11523=PLANE('',#11522);
#11524=ORIENTED_EDGE('',*,*,#10811,.F.);
#11525=ORIENTED_EDGE('',*,*,#10827,.T.);
#11526=ORIENTED_EDGE('',*,*,#11511,.T.);
#11527=ORIENTED_EDGE('',*,*,#9702,.T.);
#11528=EDGE_LOOP('',(#11524,#11525,#11526,#11527));
#11529=FACE_OUTER_BOUND('',#11528,.F.);
#11531=CARTESIAN_POINT('',(5.999621217556E-1,-3.1E0,-2.500000016693E-1));
#11532=DIRECTION('',(0.E0,0.E0,1.E0));
#11533=DIRECTION('',(0.E0,-1.E0,0.E0));
#11534=AXIS2_PLACEMENT_3D('',#11531,#11532,#11533);
#11535=CONICAL_SURFACE('',#11534,1.594337566334E0,3.E1);
#11536=ORIENTED_EDGE('',*,*,#10785,.T.);
#11537=ORIENTED_EDGE('',*,*,#10770,.F.);
#11538=ORIENTED_EDGE('',*,*,#9400,.T.);
#11539=ORIENTED_EDGE('',*,*,#7670,.T.);
#11540=EDGE_LOOP('',(#11536,#11537,#11538,#11539));
#11541=FACE_OUTER_BOUND('',#11540,.F.);
#11543=CARTESIAN_POINT('',(7.075E0,-3.12594E1,-1.4E0));
#11544=DIRECTION('',(0.E0,1.E0,0.E0));
#11545=DIRECTION('',(-1.E0,0.E0,0.E0));
#11546=AXIS2_PLACEMENT_3D('',#11543,#11544,#11545);
#11547=CYLINDRICAL_SURFACE('',#11546,2.E-1);
#11548=ORIENTED_EDGE('',*,*,#9251,.F.);
#11549=ORIENTED_EDGE('',*,*,#7940,.T.);
#11550=ORIENTED_EDGE('',*,*,#7927,.T.);
#11552=ORIENTED_EDGE('',*,*,#11551,.T.);
#11553=EDGE_LOOP('',(#11548,#11549,#11550,#11552));
#11554=FACE_OUTER_BOUND('',#11553,.F.);
#11556=CARTESIAN_POINT('',(-6.875E0,5.05E0,0.E0));
#11557=DIRECTION('',(0.E0,1.E0,0.E0));
#11558=DIRECTION('',(-1.E0,0.E0,0.E0));
#11559=AXIS2_PLACEMENT_3D('',#11556,#11557,#11558);
#11560=PLANE('',#11559);
#11561=ORIENTED_EDGE('',*,*,#7917,.T.);
#11562=ORIENTED_EDGE('',*,*,#8653,.F.);
#11564=ORIENTED_EDGE('',*,*,#11563,.F.);
#11566=ORIENTED_EDGE('',*,*,#11565,.F.);
#11567=EDGE_LOOP('',(#11561,#11562,#11564,#11566));
#11568=FACE_OUTER_BOUND('',#11567,.F.);
#11570=CARTESIAN_POINT('',(-6.875E0,5.05E0,0.E0));
#11571=DIRECTION('',(0.E0,1.E0,0.E0));
#11572=DIRECTION('',(-1.E0,0.E0,0.E0));
#11573=AXIS2_PLACEMENT_3D('',#11570,#11571,#11572);
#11574=PLANE('',#11573);
#11575=ORIENTED_EDGE('',*,*,#9253,.F.);
#11576=ORIENTED_EDGE('',*,*,#11551,.F.);
#11577=ORIENTED_EDGE('',*,*,#7925,.T.);
#11579=ORIENTED_EDGE('',*,*,#11578,.F.);
#11581=ORIENTED_EDGE('',*,*,#11580,.F.);
#11582=EDGE_LOOP('',(#11575,#11576,#11577,#11579,#11581));
#11583=FACE_OUTER_BOUND('',#11582,.F.);
#11585=CARTESIAN_POINT('',(-4.875E0,4.75E0,-2.7E0));
#11586=DIRECTION('',(0.E0,0.E0,-1.E0));
#11587=DIRECTION('',(-1.E0,0.E0,0.E0));
#11588=AXIS2_PLACEMENT_3D('',#11585,#11586,#11587);
#11589=PLANE('',#11588);
#11590=ORIENTED_EDGE('',*,*,#8651,.T.);
#11592=ORIENTED_EDGE('',*,*,#11591,.F.);
#11594=ORIENTED_EDGE('',*,*,#11593,.T.);
#11596=ORIENTED_EDGE('',*,*,#11595,.T.);
#11597=ORIENTED_EDGE('',*,*,#11563,.T.);
#11598=EDGE_LOOP('',(#11590,#11592,#11594,#11596,#11597));
#11599=FACE_OUTER_BOUND('',#11598,.F.);
#11601=CARTESIAN_POINT('',(-6.675E0,4.55E0,2.750596E1));
#11602=DIRECTION('',(0.E0,0.E0,-1.E0));
#11603=DIRECTION('',(-1.E0,0.E0,0.E0));
#11604=AXIS2_PLACEMENT_3D('',#11601,#11602,#11603);
#11605=CYLINDRICAL_SURFACE('',#11604,2.E-1);
#11606=ORIENTED_EDGE('',*,*,#8649,.T.);
#11608=ORIENTED_EDGE('',*,*,#11607,.T.);
#11610=ORIENTED_EDGE('',*,*,#11609,.F.);
#11611=ORIENTED_EDGE('',*,*,#11591,.T.);
#11612=EDGE_LOOP('',(#11606,#11608,#11610,#11611));
#11613=FACE_OUTER_BOUND('',#11612,.F.);
#11615=CARTESIAN_POINT('',(-6.675E0,4.55E0,-1.525E1));
#11616=DIRECTION('',(0.E0,7.071067811865E-1,7.071067811866E-1));
#11617=DIRECTION('',(0.E0,7.071067811866E-1,-7.071067811865E-1));
#11618=AXIS2_PLACEMENT_3D('',#11615,#11616,#11617);
#11619=SPHERICAL_SURFACE('',#11618,2.E-1);
#11620=ORIENTED_EDGE('',*,*,#8673,.F.);
#11622=ORIENTED_EDGE('',*,*,#11621,.F.);
#11623=ORIENTED_EDGE('',*,*,#11607,.F.);
#11624=EDGE_LOOP('',(#11620,#11622,#11623));
#11625=FACE_OUTER_BOUND('',#11624,.F.);
#11627=CARTESIAN_POINT('',(3.20139E1,4.55E0,-1.525E1));
#11628=DIRECTION('',(-1.E0,0.E0,0.E0));
#11629=DIRECTION('',(0.E0,1.E0,0.E0));
#11630=AXIS2_PLACEMENT_3D('',#11627,#11628,#11629);
#11631=CYLINDRICAL_SURFACE('',#11630,2.E-1);
#11633=ORIENTED_EDGE('',*,*,#11632,.T.);
#11634=ORIENTED_EDGE('',*,*,#11621,.T.);
#11635=ORIENTED_EDGE('',*,*,#8697,.F.);
#11637=ORIENTED_EDGE('',*,*,#11636,.T.);
#11638=EDGE_LOOP('',(#11633,#11634,#11635,#11637));
#11639=FACE_OUTER_BOUND('',#11638,.F.);
#11641=CARTESIAN_POINT('',(-6.875E0,4.75E0,-1.545E1));
#11642=DIRECTION('',(0.E0,1.E0,0.E0));
#11643=DIRECTION('',(0.E0,0.E0,1.E0));
#11644=AXIS2_PLACEMENT_3D('',#11641,#11642,#11643);
#11645=PLANE('',#11644);
#11647=ORIENTED_EDGE('',*,*,#11646,.T.);
#11649=ORIENTED_EDGE('',*,*,#11648,.T.);
#11651=ORIENTED_EDGE('',*,*,#11650,.F.);
#11653=ORIENTED_EDGE('',*,*,#11652,.F.);
#11655=ORIENTED_EDGE('',*,*,#11654,.T.);
#11656=ORIENTED_EDGE('',*,*,#11593,.F.);
#11657=ORIENTED_EDGE('',*,*,#11609,.T.);
#11658=ORIENTED_EDGE('',*,*,#11632,.F.);
#11659=EDGE_LOOP('',(#11647,#11649,#11651,#11653,#11655,#11656,#11657,#11658));
#11660=FACE_OUTER_BOUND('',#11659,.F.);
#11662=CARTESIAN_POINT('',(6.675E0,4.55E0,-4.860596E1));
#11663=DIRECTION('',(0.E0,0.E0,1.E0));
#11664=DIRECTION('',(1.E0,0.E0,0.E0));
#11665=AXIS2_PLACEMENT_3D('',#11662,#11663,#11664);
#11666=CYLINDRICAL_SURFACE('',#11665,2.E-1);
#11667=ORIENTED_EDGE('',*,*,#11646,.F.);
#11669=ORIENTED_EDGE('',*,*,#11668,.T.);
#11670=ORIENTED_EDGE('',*,*,#9257,.T.);
#11672=ORIENTED_EDGE('',*,*,#11671,.T.);
#11673=EDGE_LOOP('',(#11667,#11669,#11670,#11672));
#11674=FACE_OUTER_BOUND('',#11673,.F.);
#11676=CARTESIAN_POINT('',(6.675E0,4.55E0,-1.525E1));
#11677=DIRECTION('',(-7.071067811865E-1,7.071067811865E-1,0.E0));
#11678=DIRECTION('',(7.071067811865E-1,7.071067811865E-1,0.E0));
#11679=AXIS2_PLACEMENT_3D('',#11676,#11677,#11678);
#11680=SPHERICAL_SURFACE('',#11679,2.E-1);
#11681=ORIENTED_EDGE('',*,*,#11636,.F.);
#11682=ORIENTED_EDGE('',*,*,#8821,.F.);
#11683=ORIENTED_EDGE('',*,*,#11668,.F.);
#11684=EDGE_LOOP('',(#11681,#11682,#11683));
#11685=FACE_OUTER_BOUND('',#11684,.F.);
#11687=CARTESIAN_POINT('',(6.875E0,4.75E0,-2.7E0));
#11688=DIRECTION('',(0.E0,0.E0,-1.E0));
#11689=DIRECTION('',(-1.E0,0.E0,0.E0));
#11690=AXIS2_PLACEMENT_3D('',#11687,#11688,#11689);
#11691=PLANE('',#11690);
#11692=ORIENTED_EDGE('',*,*,#11648,.F.);
#11693=ORIENTED_EDGE('',*,*,#11671,.F.);
#11694=ORIENTED_EDGE('',*,*,#9255,.T.);
#11695=ORIENTED_EDGE('',*,*,#11580,.T.);
#11697=ORIENTED_EDGE('',*,*,#11696,.F.);
#11698=EDGE_LOOP('',(#11692,#11693,#11694,#11695,#11697));
#11699=FACE_OUTER_BOUND('',#11698,.F.);
#11701=CARTESIAN_POINT('',(4.875E0,4.75E0,-2.7E0));
#11702=DIRECTION('',(-1.E0,0.E0,0.E0));
#11703=DIRECTION('',(0.E0,0.E0,1.E0));
#11704=AXIS2_PLACEMENT_3D('',#11701,#11702,#11703);
#11705=PLANE('',#11704);
#11707=ORIENTED_EDGE('',*,*,#11706,.F.);
#11708=ORIENTED_EDGE('',*,*,#11650,.T.);
#11709=ORIENTED_EDGE('',*,*,#11696,.T.);
#11710=ORIENTED_EDGE('',*,*,#11578,.T.);
#11711=ORIENTED_EDGE('',*,*,#7923,.F.);
#11712=EDGE_LOOP('',(#11707,#11708,#11709,#11710,#11711));
#11713=FACE_OUTER_BOUND('',#11712,.F.);
#11715=CARTESIAN_POINT('',(-3.20139E1,4.95E0,-1.4E0));
#11716=DIRECTION('',(1.E0,0.E0,0.E0));
#11717=DIRECTION('',(0.E0,0.E0,1.E0));
#11718=AXIS2_PLACEMENT_3D('',#11715,#11716,#11717);
#11719=CYLINDRICAL_SURFACE('',#11718,2.E-1);
#11720=ORIENTED_EDGE('',*,*,#7921,.F.);
#11722=ORIENTED_EDGE('',*,*,#11721,.T.);
#11723=ORIENTED_EDGE('',*,*,#11652,.T.);
#11724=ORIENTED_EDGE('',*,*,#11706,.T.);
#11725=EDGE_LOOP('',(#11720,#11722,#11723,#11724));
#11726=FACE_OUTER_BOUND('',#11725,.F.);
#11728=CARTESIAN_POINT('',(-4.875E0,4.75E0,-1.2E0));
#11729=DIRECTION('',(1.E0,0.E0,0.E0));
#11730=DIRECTION('',(0.E0,0.E0,-1.E0));
#11731=AXIS2_PLACEMENT_3D('',#11728,#11729,#11730);
#11732=PLANE('',#11731);
#11733=ORIENTED_EDGE('',*,*,#11721,.F.);
#11734=ORIENTED_EDGE('',*,*,#7919,.T.);
#11735=ORIENTED_EDGE('',*,*,#11565,.T.);
#11736=ORIENTED_EDGE('',*,*,#11595,.F.);
#11737=ORIENTED_EDGE('',*,*,#11654,.F.);
#11738=EDGE_LOOP('',(#11733,#11734,#11735,#11736,#11737));
#11739=FACE_OUTER_BOUND('',#11738,.F.);
#11741=CARTESIAN_POINT('',(5.175E0,-5.95E0,-5.15E0));
#11742=DIRECTION('',(0.E0,-1.E0,0.E0));
#11743=DIRECTION('',(1.E0,0.E0,0.E0));
#11744=AXIS2_PLACEMENT_3D('',#11741,#11742,#11743);
#11745=CYLINDRICAL_SURFACE('',#11744,1.5E0);
#11746=ORIENTED_EDGE('',*,*,#8882,.F.);
#11747=ORIENTED_EDGE('',*,*,#8984,.T.);
#11748=ORIENTED_EDGE('',*,*,#9008,.T.);
#11749=ORIENTED_EDGE('',*,*,#9135,.F.);
#11750=EDGE_LOOP('',(#11746,#11747,#11748,#11749));
#11751=FACE_OUTER_BOUND('',#11750,.F.);
#11753=CARTESIAN_POINT('',(4.475E0,-6.95E0,2.750596E1));
#11754=DIRECTION('',(0.E0,0.E0,-1.E0));
#11755=DIRECTION('',(0.E0,1.E0,0.E0));
#11756=AXIS2_PLACEMENT_3D('',#11753,#11754,#11755);
#11757=CYLINDRICAL_SURFACE('',#11756,2.E-1);
#11758=ORIENTED_EDGE('',*,*,#9019,.F.);
#11759=ORIENTED_EDGE('',*,*,#8951,.T.);
#11760=ORIENTED_EDGE('',*,*,#8989,.T.);
#11762=ORIENTED_EDGE('',*,*,#11761,.T.);
#11763=EDGE_LOOP('',(#11758,#11759,#11760,#11762));
#11764=FACE_OUTER_BOUND('',#11763,.F.);
#11766=CARTESIAN_POINT('',(3.760786437627E0,-5.95E0,-5.65E0));
#11767=DIRECTION('',(0.E0,0.E0,-1.E0));
#11768=DIRECTION('',(1.E0,0.E0,0.E0));
#11769=AXIS2_PLACEMENT_3D('',#11766,#11767,#11768);
#11770=PLANE('',#11769);
#11771=ORIENTED_EDGE('',*,*,#9021,.T.);
#11772=ORIENTED_EDGE('',*,*,#11761,.F.);
#11773=ORIENTED_EDGE('',*,*,#8987,.T.);
#11774=ORIENTED_EDGE('',*,*,#8910,.F.);
#11776=ORIENTED_EDGE('',*,*,#11775,.T.);
#11777=EDGE_LOOP('',(#11771,#11772,#11773,#11774,#11776));
#11778=FACE_OUTER_BOUND('',#11777,.F.);
#11780=CARTESIAN_POINT('',(5.175E0,-5.95E0,-5.15E0));
#11781=DIRECTION('',(0.E0,-1.E0,0.E0));
#11782=DIRECTION('',(1.E0,0.E0,0.E0));
#11783=AXIS2_PLACEMENT_3D('',#11780,#11781,#11782);
#11784=CYLINDRICAL_SURFACE('',#11783,1.5E0);
#11785=ORIENTED_EDGE('',*,*,#8924,.F.);
#11786=ORIENTED_EDGE('',*,*,#8955,.T.);
#11787=ORIENTED_EDGE('',*,*,#9023,.T.);
#11788=ORIENTED_EDGE('',*,*,#11775,.F.);
#11789=EDGE_LOOP('',(#11785,#11786,#11787,#11788));
#11790=FACE_OUTER_BOUND('',#11789,.F.);
#11792=CARTESIAN_POINT('',(-5.818675134595E0,-6.35E0,-1.2E0));
#11793=DIRECTION('',(0.E0,-1.E0,0.E0));
#11794=DIRECTION('',(-1.E0,0.E0,0.E0));
#11795=AXIS2_PLACEMENT_3D('',#11792,#11793,#11794);
#11796=PLANE('',#11795);
#11797=ORIENTED_EDGE('',*,*,#7913,.T.);
#11799=ORIENTED_EDGE('',*,*,#11798,.T.);
#11801=ORIENTED_EDGE('',*,*,#11800,.T.);
#11803=ORIENTED_EDGE('',*,*,#11802,.F.);
#11805=ORIENTED_EDGE('',*,*,#11804,.T.);
#11807=ORIENTED_EDGE('',*,*,#11806,.T.);
#11809=ORIENTED_EDGE('',*,*,#11808,.T.);
#11810=ORIENTED_EDGE('',*,*,#8656,.F.);
#11811=EDGE_LOOP('',(#11797,#11799,#11801,#11803,#11805,#11807,#11809,#11810));
#11812=FACE_OUTER_BOUND('',#11811,.F.);
#11814=CARTESIAN_POINT('',(-4.12E0,-5.95E0,-1.2E0));
#11815=DIRECTION('',(1.E0,0.E0,0.E0));
#11816=DIRECTION('',(0.E0,-1.E0,0.E0));
#11817=AXIS2_PLACEMENT_3D('',#11814,#11815,#11816);
#11818=PLANE('',#11817);
#11819=ORIENTED_EDGE('',*,*,#7911,.F.);
#11820=ORIENTED_EDGE('',*,*,#7966,.T.);
#11822=ORIENTED_EDGE('',*,*,#11821,.T.);
#11823=ORIENTED_EDGE('',*,*,#11798,.F.);
#11824=EDGE_LOOP('',(#11819,#11820,#11822,#11823));
#11825=FACE_OUTER_BOUND('',#11824,.F.);
#11827=CARTESIAN_POINT('',(0.E0,0.E0,-2.22E0));
#11828=DIRECTION('',(0.E0,0.E0,-1.E0));
#11829=DIRECTION('',(1.E0,0.E0,0.E0));
#11830=AXIS2_PLACEMENT_3D('',#11827,#11828,#11829);
#11831=PLANE('',#11830);
#11832=ORIENTED_EDGE('',*,*,#7956,.F.);
#11833=ORIENTED_EDGE('',*,*,#8658,.F.);
#11834=ORIENTED_EDGE('',*,*,#11808,.F.);
#11836=ORIENTED_EDGE('',*,*,#11835,.F.);
#11837=EDGE_LOOP('',(#11832,#11833,#11834,#11836));
#11838=FACE_OUTER_BOUND('',#11837,.F.);
#11840=CARTESIAN_POINT('',(0.E0,0.E0,-2.22E0));
#11841=DIRECTION('',(0.E0,0.E0,-1.E0));
#11842=DIRECTION('',(1.E0,0.E0,0.E0));
#11843=AXIS2_PLACEMENT_3D('',#11840,#11841,#11842);
#11844=PLANE('',#11843);
#11845=ORIENTED_EDGE('',*,*,#7964,.F.);
#11847=ORIENTED_EDGE('',*,*,#11846,.F.);
#11848=ORIENTED_EDGE('',*,*,#11800,.F.);
#11849=ORIENTED_EDGE('',*,*,#11821,.F.);
#11850=EDGE_LOOP('',(#11845,#11847,#11848,#11849));
#11851=FACE_OUTER_BOUND('',#11850,.F.);
#11853=CARTESIAN_POINT('',(0.E0,0.E0,-2.22E0));
#11854=DIRECTION('',(0.E0,0.E0,-1.E0));
#11855=DIRECTION('',(1.E0,0.E0,0.E0));
#11856=AXIS2_PLACEMENT_3D('',#11853,#11854,#11855);
#11857=PLANE('',#11856);
#11858=ORIENTED_EDGE('',*,*,#8062,.F.);
#11860=ORIENTED_EDGE('',*,*,#11859,.F.);
#11862=ORIENTED_EDGE('',*,*,#11861,.F.);
#11864=ORIENTED_EDGE('',*,*,#11863,.F.);
#11865=EDGE_LOOP('',(#11858,#11860,#11862,#11864));
#11866=FACE_OUTER_BOUND('',#11865,.F.);
#11868=CARTESIAN_POINT('',(0.E0,0.E0,-2.22E0));
#11869=DIRECTION('',(0.E0,0.E0,-1.E0));
#11870=DIRECTION('',(1.E0,0.E0,0.E0));
#11871=AXIS2_PLACEMENT_3D('',#11868,#11869,#11870);
#11872=PLANE('',#11871);
#11873=ORIENTED_EDGE('',*,*,#8070,.F.);
#11875=ORIENTED_EDGE('',*,*,#11874,.F.);
#11877=ORIENTED_EDGE('',*,*,#11876,.F.);
#11879=ORIENTED_EDGE('',*,*,#11878,.F.);
#11880=EDGE_LOOP('',(#11873,#11875,#11877,#11879));
#11881=FACE_OUTER_BOUND('',#11880,.F.);
#11883=CARTESIAN_POINT('',(-5.587735026919E0,-5.95E0,-1.2E0));
#11884=DIRECTION('',(8.660254037844E-1,-5.E-1,0.E0));
#11885=DIRECTION('',(-5.E-1,-8.660254037844E-1,0.E0));
#11886=AXIS2_PLACEMENT_3D('',#11883,#11884,#11885);
#11887=PLANE('',#11886);
#11889=ORIENTED_EDGE('',*,*,#11888,.F.);
#11890=ORIENTED_EDGE('',*,*,#7958,.T.);
#11891=ORIENTED_EDGE('',*,*,#11835,.T.);
#11892=ORIENTED_EDGE('',*,*,#11806,.F.);
#11893=EDGE_LOOP('',(#11889,#11890,#11891,#11892));
#11894=FACE_OUTER_BOUND('',#11893,.F.);
#11896=CARTESIAN_POINT('',(0.E0,0.E0,-1.2215E0));
#11897=DIRECTION('',(0.E0,0.E0,-1.E0));
#11898=DIRECTION('',(1.E0,0.E0,0.E0));
#11899=AXIS2_PLACEMENT_3D('',#11896,#11897,#11898);
#11900=PLANE('',#11899);
#11901=ORIENTED_EDGE('',*,*,#7960,.F.);
#11902=ORIENTED_EDGE('',*,*,#11888,.T.);
#11903=ORIENTED_EDGE('',*,*,#11804,.F.);
#11905=ORIENTED_EDGE('',*,*,#11904,.T.);
#11906=EDGE_LOOP('',(#11901,#11902,#11903,#11905));
#11907=FACE_OUTER_BOUND('',#11906,.F.);
#11909=CARTESIAN_POINT('',(0.E0,0.E0,-1.2215E0));
#11910=DIRECTION('',(0.E0,0.E0,-1.E0));
#11911=DIRECTION('',(1.E0,0.E0,0.E0));
#11912=AXIS2_PLACEMENT_3D('',#11909,#11910,#11911);
#11913=PLANE('',#11912);
#11914=ORIENTED_EDGE('',*,*,#8066,.F.);
#11916=ORIENTED_EDGE('',*,*,#11915,.T.);
#11918=ORIENTED_EDGE('',*,*,#11917,.F.);
#11920=ORIENTED_EDGE('',*,*,#11919,.T.);
#11921=EDGE_LOOP('',(#11914,#11916,#11918,#11920));
#11922=FACE_OUTER_BOUND('',#11921,.F.);
#11924=CARTESIAN_POINT('',(-4.831324865405E0,-6.35E0,-1.2E0));
#11925=DIRECTION('',(-8.660254037844E-1,-5.E-1,0.E0));
#11926=DIRECTION('',(-5.E-1,8.660254037844E-1,0.E0));
#11927=AXIS2_PLACEMENT_3D('',#11924,#11925,#11926);
#11928=PLANE('',#11927);
#11929=ORIENTED_EDGE('',*,*,#11904,.F.);
#11930=ORIENTED_EDGE('',*,*,#11802,.T.);
#11931=ORIENTED_EDGE('',*,*,#11846,.T.);
#11932=ORIENTED_EDGE('',*,*,#7962,.F.);
#11933=EDGE_LOOP('',(#11929,#11930,#11931,#11932));
#11934=FACE_OUTER_BOUND('',#11933,.F.);
#11936=CARTESIAN_POINT('',(2.212264973081E0,-5.95E0,-1.2E0));
#11937=DIRECTION('',(8.660254037844E-1,-5.E-1,0.E0));
#11938=DIRECTION('',(-5.E-1,-8.660254037844E-1,0.E0));
#11939=AXIS2_PLACEMENT_3D('',#11936,#11937,#11938);
#11940=PLANE('',#11939);
#11941=ORIENTED_EDGE('',*,*,#11915,.F.);
#11942=ORIENTED_EDGE('',*,*,#8064,.T.);
#11943=ORIENTED_EDGE('',*,*,#11863,.T.);
#11945=ORIENTED_EDGE('',*,*,#11944,.F.);
#11946=EDGE_LOOP('',(#11941,#11942,#11943,#11945));
#11947=FACE_OUTER_BOUND('',#11946,.F.);
#11949=CARTESIAN_POINT('',(1.981324865405E0,-6.35E0,-1.2E0));
#11950=DIRECTION('',(0.E0,-1.E0,0.E0));
#11951=DIRECTION('',(-1.E0,0.E0,0.E0));
#11952=AXIS2_PLACEMENT_3D('',#11949,#11950,#11951);
#11953=PLANE('',#11952);
#11954=ORIENTED_EDGE('',*,*,#7897,.T.);
#11956=ORIENTED_EDGE('',*,*,#11955,.T.);
#11957=ORIENTED_EDGE('',*,*,#11876,.T.);
#11959=ORIENTED_EDGE('',*,*,#11958,.F.);
#11960=ORIENTED_EDGE('',*,*,#11917,.T.);
#11961=ORIENTED_EDGE('',*,*,#11944,.T.);
#11962=ORIENTED_EDGE('',*,*,#11861,.T.);
#11964=ORIENTED_EDGE('',*,*,#11963,.F.);
#11965=EDGE_LOOP('',(#11954,#11956,#11957,#11959,#11960,#11961,#11962,#11964));
#11966=FACE_OUTER_BOUND('',#11965,.F.);
#11968=CARTESIAN_POINT('',(3.18E0,-5.95E0,-1.2E0));
#11969=DIRECTION('',(1.E0,0.E0,0.E0));
#11970=DIRECTION('',(0.E0,-1.E0,0.E0));
#11971=AXIS2_PLACEMENT_3D('',#11968,#11969,#11970);
#11972=PLANE('',#11971);
#11973=ORIENTED_EDGE('',*,*,#7895,.F.);
#11974=ORIENTED_EDGE('',*,*,#8072,.T.);
#11975=ORIENTED_EDGE('',*,*,#11878,.T.);
#11976=ORIENTED_EDGE('',*,*,#11955,.F.);
#11977=EDGE_LOOP('',(#11973,#11974,#11975,#11976));
#11978=FACE_OUTER_BOUND('',#11977,.F.);
#11980=CARTESIAN_POINT('',(2.968675134595E0,-6.35E0,-1.2E0));
#11981=DIRECTION('',(-8.660254037844E-1,-5.E-1,0.E0));
#11982=DIRECTION('',(-5.E-1,8.660254037844E-1,0.E0));
#11983=AXIS2_PLACEMENT_3D('',#11980,#11981,#11982);
#11984=PLANE('',#11983);
#11985=ORIENTED_EDGE('',*,*,#11919,.F.);
#11986=ORIENTED_EDGE('',*,*,#11958,.T.);
#11987=ORIENTED_EDGE('',*,*,#11874,.T.);
#11988=ORIENTED_EDGE('',*,*,#8068,.F.);
#11989=EDGE_LOOP('',(#11985,#11986,#11987,#11988));
#11990=FACE_OUTER_BOUND('',#11989,.F.);
#11992=CARTESIAN_POINT('',(1.27E0,-6.35E0,-1.2E0));
#11993=DIRECTION('',(-1.E0,0.E0,0.E0));
#11994=DIRECTION('',(0.E0,1.E0,0.E0));
#11995=AXIS2_PLACEMENT_3D('',#11992,#11993,#11994);
#11996=PLANE('',#11995);
#11997=ORIENTED_EDGE('',*,*,#7899,.F.);
#11998=ORIENTED_EDGE('',*,*,#11963,.T.);
#11999=ORIENTED_EDGE('',*,*,#11859,.T.);
#12000=ORIENTED_EDGE('',*,*,#8060,.F.);
#12001=EDGE_LOOP('',(#11997,#11998,#11999,#12000));
#12002=FACE_OUTER_BOUND('',#12001,.F.);
#12004=CARTESIAN_POINT('',(1.025E0,-1.55E0,-1.545E1));
#12005=DIRECTION('',(0.E0,-1.E0,0.E0));
#12006=DIRECTION('',(-1.E0,0.E0,0.E0));
#12007=AXIS2_PLACEMENT_3D('',#12004,#12005,#12006);
#12008=PLANE('',#12007);
#12009=ORIENTED_EDGE('',*,*,#8476,.F.);
#12010=ORIENTED_EDGE('',*,*,#8521,.T.);
#12011=ORIENTED_EDGE('',*,*,#8283,.T.);
#12013=ORIENTED_EDGE('',*,*,#12012,.F.);
#12014=EDGE_LOOP('',(#12009,#12010,#12011,#12013));
#12015=FACE_OUTER_BOUND('',#12014,.F.);
#12017=CARTESIAN_POINT('',(6.4E-1,-1.55E0,-1.545E1));
#12018=DIRECTION('',(1.E0,0.E0,0.E0));
#12019=DIRECTION('',(0.E0,-1.E0,0.E0));
#12020=AXIS2_PLACEMENT_3D('',#12017,#12018,#12019);
#12021=PLANE('',#12020);
#12022=ORIENTED_EDGE('',*,*,#8478,.F.);
#12023=ORIENTED_EDGE('',*,*,#12012,.T.);
#12024=ORIENTED_EDGE('',*,*,#8281,.T.);
#12025=ORIENTED_EDGE('',*,*,#8440,.F.);
#12026=EDGE_LOOP('',(#12022,#12023,#12024,#12025));
#12027=FACE_OUTER_BOUND('',#12026,.F.);
#12029=CARTESIAN_POINT('',(-8.25E-1,1.45E0,-1.575E1));
#12030=DIRECTION('',(0.E0,-1.E0,0.E0));
#12031=DIRECTION('',(-1.E0,0.E0,0.E0));
#12032=AXIS2_PLACEMENT_3D('',#12029,#12030,#12031);
#12033=CYLINDRICAL_SURFACE('',#12032,3.E-1);
#12034=ORIENTED_EDGE('',*,*,#8481,.F.);
#12035=ORIENTED_EDGE('',*,*,#8446,.T.);
#12037=ORIENTED_EDGE('',*,*,#12036,.T.);
#12039=ORIENTED_EDGE('',*,*,#12038,.T.);
#12040=EDGE_LOOP('',(#12034,#12035,#12037,#12039));
#12041=FACE_OUTER_BOUND('',#12040,.F.);
#12043=CARTESIAN_POINT('',(-1.125E0,1.45E0,-1.743750780275E1));
#12044=DIRECTION('',(1.E0,0.E0,0.E0));
#12045=DIRECTION('',(0.E0,0.E0,1.E0));
#12046=AXIS2_PLACEMENT_3D('',#12043,#12044,#12045);
#12047=PLANE('',#12046);
#12048=ORIENTED_EDGE('',*,*,#8339,.T.);
#12050=ORIENTED_EDGE('',*,*,#12049,.T.);
#12051=ORIENTED_EDGE('',*,*,#12036,.F.);
#12052=ORIENTED_EDGE('',*,*,#8444,.F.);
#12053=EDGE_LOOP('',(#12048,#12050,#12051,#12052));
#12054=FACE_OUTER_BOUND('',#12053,.F.);
#12056=CARTESIAN_POINT('',(-6.875E0,-6.35E0,-1.2E0));
#12057=DIRECTION('',(0.E0,-1.E0,0.E0));
#12058=DIRECTION('',(0.E0,0.E0,-1.E0));
#12059=AXIS2_PLACEMENT_3D('',#12056,#12057,#12058);
#12060=PLANE('',#12059);
#12061=ORIENTED_EDGE('',*,*,#8483,.F.);
#12062=ORIENTED_EDGE('',*,*,#12038,.F.);
#12063=ORIENTED_EDGE('',*,*,#12049,.F.);
#12064=ORIENTED_EDGE('',*,*,#8337,.F.);
#12065=ORIENTED_EDGE('',*,*,#8354,.F.);
#12066=ORIENTED_EDGE('',*,*,#8368,.F.);
#12067=ORIENTED_EDGE('',*,*,#8382,.F.);
#12068=ORIENTED_EDGE('',*,*,#8396,.F.);
#12069=ORIENTED_EDGE('',*,*,#8410,.F.);
#12070=ORIENTED_EDGE('',*,*,#8426,.F.);
#12072=ORIENTED_EDGE('',*,*,#12071,.F.);
#12074=ORIENTED_EDGE('',*,*,#12073,.F.);
#12075=ORIENTED_EDGE('',*,*,#8500,.F.);
#12077=ORIENTED_EDGE('',*,*,#12076,.T.);
#12078=ORIENTED_EDGE('',*,*,#7905,.T.);
#12080=ORIENTED_EDGE('',*,*,#12079,.F.);
#12081=EDGE_LOOP('',(#12061,#12062,#12063,#12064,#12065,#12066,#12067,#12068,
#12069,#12070,#12072,#12074,#12075,#12077,#12078,#12080));
#12082=FACE_OUTER_BOUND('',#12081,.F.);
#12084=ORIENTED_EDGE('',*,*,#12083,.T.);
#12086=ORIENTED_EDGE('',*,*,#12085,.T.);
#12088=ORIENTED_EDGE('',*,*,#12087,.T.);
#12090=ORIENTED_EDGE('',*,*,#12089,.T.);
#12091=EDGE_LOOP('',(#12084,#12086,#12088,#12090));
#12092=FACE_BOUND('',#12091,.F.);
#12094=ORIENTED_EDGE('',*,*,#12093,.T.);
#12096=ORIENTED_EDGE('',*,*,#12095,.T.);
#12098=ORIENTED_EDGE('',*,*,#12097,.T.);
#12100=ORIENTED_EDGE('',*,*,#12099,.T.);
#12102=ORIENTED_EDGE('',*,*,#12101,.T.);
#12104=ORIENTED_EDGE('',*,*,#12103,.T.);
#12106=ORIENTED_EDGE('',*,*,#12105,.T.);
#12108=ORIENTED_EDGE('',*,*,#12107,.T.);
#12110=ORIENTED_EDGE('',*,*,#12109,.T.);
#12112=ORIENTED_EDGE('',*,*,#12111,.T.);
#12114=ORIENTED_EDGE('',*,*,#12113,.T.);
#12116=ORIENTED_EDGE('',*,*,#12115,.T.);
#12117=EDGE_LOOP('',(#12094,#12096,#12098,#12100,#12102,#12104,#12106,#12108,
#12110,#12112,#12114,#12116));
#12118=FACE_BOUND('',#12117,.F.);
#12120=CARTESIAN_POINT('',(-1.725E0,1.45E0,-1.575E1));
#12121=DIRECTION('',(-1.E0,0.E0,0.E0));
#12122=DIRECTION('',(0.E0,0.E0,-1.E0));
#12123=AXIS2_PLACEMENT_3D('',#12120,#12121,#12122);
#12124=PLANE('',#12123);
#12126=ORIENTED_EDGE('',*,*,#12125,.T.);
#12127=ORIENTED_EDGE('',*,*,#12071,.T.);
#12128=ORIENTED_EDGE('',*,*,#8424,.F.);
#12129=ORIENTED_EDGE('',*,*,#8460,.F.);
#12130=EDGE_LOOP('',(#12126,#12127,#12128,#12129));
#12131=FACE_OUTER_BOUND('',#12130,.F.);
#12133=CARTESIAN_POINT('',(-2.025E0,1.45E0,-1.575E1));
#12134=DIRECTION('',(0.E0,-1.E0,0.E0));
#12135=DIRECTION('',(-1.E0,0.E0,0.E0));
#12136=AXIS2_PLACEMENT_3D('',#12133,#12134,#12135);
#12137=CYLINDRICAL_SURFACE('',#12136,3.E-1);
#12138=ORIENTED_EDGE('',*,*,#8502,.T.);
#12139=ORIENTED_EDGE('',*,*,#12073,.T.);
#12140=ORIENTED_EDGE('',*,*,#12125,.F.);
#12141=ORIENTED_EDGE('',*,*,#8458,.T.);
#12142=EDGE_LOOP('',(#12138,#12139,#12140,#12141));
#12143=FACE_OUTER_BOUND('',#12142,.F.);
#12145=CARTESIAN_POINT('',(-3.175E0,-6.35E0,-2.11E1));
#12146=DIRECTION('',(1.E0,0.E0,0.E0));
#12147=DIRECTION('',(0.E0,0.E0,1.E0));
#12148=AXIS2_PLACEMENT_3D('',#12145,#12146,#12147);
#12149=PLANE('',#12148);
#12150=ORIENTED_EDGE('',*,*,#8498,.F.);
#12151=ORIENTED_EDGE('',*,*,#7969,.T.);
#12152=ORIENTED_EDGE('',*,*,#7907,.F.);
#12153=ORIENTED_EDGE('',*,*,#12076,.F.);
#12154=EDGE_LOOP('',(#12150,#12151,#12152,#12153));
#12155=FACE_OUTER_BOUND('',#12154,.F.);
#12157=CARTESIAN_POINT('',(3.25E-1,-6.35E0,-1.2E0));
#12158=DIRECTION('',(-1.E0,0.E0,0.E0));
#12159=DIRECTION('',(0.E0,0.E0,-1.E0));
#12160=AXIS2_PLACEMENT_3D('',#12157,#12158,#12159);
#12161=PLANE('',#12160);
#12162=ORIENTED_EDGE('',*,*,#8485,.T.);
#12163=ORIENTED_EDGE('',*,*,#12079,.T.);
#12164=ORIENTED_EDGE('',*,*,#7903,.T.);
#12165=ORIENTED_EDGE('',*,*,#8057,.T.);
#12166=EDGE_LOOP('',(#12162,#12163,#12164,#12165));
#12167=FACE_OUTER_BOUND('',#12166,.F.);
#12169=CARTESIAN_POINT('',(-1.75E-1,-6.35E0,-1.5E1));
#12170=DIRECTION('',(1.E0,0.E0,0.E0));
#12171=DIRECTION('',(0.E0,0.E0,1.E0));
#12172=AXIS2_PLACEMENT_3D('',#12169,#12170,#12171);
#12173=PLANE('',#12172);
#12175=ORIENTED_EDGE('',*,*,#12174,.T.);
#12177=ORIENTED_EDGE('',*,*,#12176,.F.);
#12178=ORIENTED_EDGE('',*,*,#12083,.F.);
#12180=ORIENTED_EDGE('',*,*,#12179,.T.);
#12181=EDGE_LOOP('',(#12175,#12177,#12178,#12180));
#12182=FACE_OUTER_BOUND('',#12181,.F.);
#12184=CARTESIAN_POINT('',(-3.75E-1,-6.55E0,-4.860596E1));
#12185=DIRECTION('',(0.E0,0.E0,1.E0));
#12186=DIRECTION('',(0.E0,-1.E0,0.E0));
#12187=AXIS2_PLACEMENT_3D('',#12184,#12185,#12186);
#12188=CYLINDRICAL_SURFACE('',#12187,2.E-1);
#12189=ORIENTED_EDGE('',*,*,#12174,.F.);
#12191=ORIENTED_EDGE('',*,*,#12190,.T.);
#12193=ORIENTED_EDGE('',*,*,#12192,.T.);
#12195=ORIENTED_EDGE('',*,*,#12194,.F.);
#12196=EDGE_LOOP('',(#12189,#12191,#12193,#12195));
#12197=FACE_OUTER_BOUND('',#12196,.F.);
#12199=CARTESIAN_POINT('',(-3.20139E1,-6.55E0,-1.48E1));
#12200=DIRECTION('',(1.E0,0.E0,0.E0));
#12201=DIRECTION('',(0.E0,-1.E0,0.E0));
#12202=AXIS2_PLACEMENT_3D('',#12199,#12200,#12201);
#12203=CYLINDRICAL_SURFACE('',#12202,2.E-1);
#12205=ORIENTED_EDGE('',*,*,#12204,.T.);
#12206=ORIENTED_EDGE('',*,*,#12190,.F.);
#12208=ORIENTED_EDGE('',*,*,#12207,.F.);
#12210=ORIENTED_EDGE('',*,*,#12209,.T.);
#12211=EDGE_LOOP('',(#12205,#12206,#12208,#12210));
#12212=FACE_OUTER_BOUND('',#12211,.F.);
#12214=CARTESIAN_POINT('',(-6.875E0,-6.75E0,0.E0));
#12215=DIRECTION('',(0.E0,-1.E0,0.E0));
#12216=DIRECTION('',(-1.E0,0.E0,0.E0));
#12217=AXIS2_PLACEMENT_3D('',#12214,#12215,#12216);
#12218=PLANE('',#12217);
#12220=ORIENTED_EDGE('',*,*,#12219,.F.);
#12221=ORIENTED_EDGE('',*,*,#12192,.F.);
#12222=ORIENTED_EDGE('',*,*,#12204,.F.);
#12224=ORIENTED_EDGE('',*,*,#12223,.F.);
#12225=EDGE_LOOP('',(#12220,#12221,#12222,#12224));
#12226=FACE_OUTER_BOUND('',#12225,.F.);
#12228=CARTESIAN_POINT('',(3.20139E1,-6.55E0,-1.42E1));
#12229=DIRECTION('',(-1.E0,0.E0,0.E0));
#12230=DIRECTION('',(0.E0,-1.E0,0.E0));
#12231=AXIS2_PLACEMENT_3D('',#12228,#12229,#12230);
#12232=CYLINDRICAL_SURFACE('',#12231,2.E-1);
#12234=ORIENTED_EDGE('',*,*,#12233,.F.);
#12235=ORIENTED_EDGE('',*,*,#12194,.T.);
#12236=ORIENTED_EDGE('',*,*,#12219,.T.);
#12238=ORIENTED_EDGE('',*,*,#12237,.F.);
#12239=EDGE_LOOP('',(#12234,#12235,#12236,#12238));
#12240=FACE_OUTER_BOUND('',#12239,.F.);
#12242=CARTESIAN_POINT('',(-1.75E-1,-6.35E0,-1.4E1));
#12243=DIRECTION('',(0.E0,0.E0,1.E0));
#12244=DIRECTION('',(-1.E0,0.E0,0.E0));
#12245=AXIS2_PLACEMENT_3D('',#12242,#12243,#12244);
#12246=PLANE('',#12245);
#12247=ORIENTED_EDGE('',*,*,#12233,.T.);
#12249=ORIENTED_EDGE('',*,*,#12248,.F.);
#12250=ORIENTED_EDGE('',*,*,#12085,.F.);
#12251=ORIENTED_EDGE('',*,*,#12176,.T.);
#12252=EDGE_LOOP('',(#12247,#12249,#12250,#12251));
#12253=FACE_OUTER_BOUND('',#12252,.F.);
#12255=CARTESIAN_POINT('',(-2.675E0,-6.35E0,-1.4E1));
#12256=DIRECTION('',(-1.E0,0.E0,0.E0));
#12257=DIRECTION('',(0.E0,0.E0,-1.E0));
#12258=AXIS2_PLACEMENT_3D('',#12255,#12256,#12257);
#12259=PLANE('',#12258);
#12261=ORIENTED_EDGE('',*,*,#12260,.T.);
#12263=ORIENTED_EDGE('',*,*,#12262,.F.);
#12264=ORIENTED_EDGE('',*,*,#12087,.F.);
#12265=ORIENTED_EDGE('',*,*,#12248,.T.);
#12266=EDGE_LOOP('',(#12261,#12263,#12264,#12265));
#12267=FACE_OUTER_BOUND('',#12266,.F.);
#12269=CARTESIAN_POINT('',(-2.475E0,-6.55E0,2.750596E1));
#12270=DIRECTION('',(0.E0,0.E0,-1.E0));
#12271=DIRECTION('',(0.E0,-1.E0,0.E0));
#12272=AXIS2_PLACEMENT_3D('',#12269,#12270,#12271);
#12273=CYLINDRICAL_SURFACE('',#12272,2.E-1);
#12274=ORIENTED_EDGE('',*,*,#12260,.F.);
#12275=ORIENTED_EDGE('',*,*,#12237,.T.);
#12276=ORIENTED_EDGE('',*,*,#12223,.T.);
#12277=ORIENTED_EDGE('',*,*,#12209,.F.);
#12278=EDGE_LOOP('',(#12274,#12275,#12276,#12277));
#12279=FACE_OUTER_BOUND('',#12278,.F.);
#12281=CARTESIAN_POINT('',(-2.675E0,-6.35E0,-1.5E1));
#12282=DIRECTION('',(0.E0,0.E0,-1.E0));
#12283=DIRECTION('',(1.E0,0.E0,0.E0));
#12284=AXIS2_PLACEMENT_3D('',#12281,#12282,#12283);
#12285=PLANE('',#12284);
#12286=ORIENTED_EDGE('',*,*,#12207,.T.);
#12287=ORIENTED_EDGE('',*,*,#12179,.F.);
#12288=ORIENTED_EDGE('',*,*,#12089,.F.);
#12289=ORIENTED_EDGE('',*,*,#12262,.T.);
#12290=EDGE_LOOP('',(#12286,#12287,#12288,#12289));
#12291=FACE_OUTER_BOUND('',#12290,.F.);
#12293=CARTESIAN_POINT('',(-1.425E0,-6.55E0,-5.15E0));
#12294=DIRECTION('',(0.E0,-1.E0,0.E0));
#12295=DIRECTION('',(1.774879068129E-3,0.E0,-9.999984249009E-1));
#12296=AXIS2_PLACEMENT_3D('',#12293,#12294,#12295);
#12297=TOROIDAL_SURFACE('',#12296,1.7E0,2.E-1);
#12298=ORIENTED_EDGE('',*,*,#12093,.F.);
#12300=ORIENTED_EDGE('',*,*,#12299,.F.);
#12302=ORIENTED_EDGE('',*,*,#12301,.T.);
#12304=ORIENTED_EDGE('',*,*,#12303,.T.);
#12305=EDGE_LOOP('',(#12298,#12300,#12302,#12304));
#12306=FACE_OUTER_BOUND('',#12305,.F.);
#12308=CARTESIAN_POINT('',(-8.25E-1,-6.55E0,-4.430967647497E1));
#12309=DIRECTION('',(0.E0,0.E0,1.E0));
#12310=DIRECTION('',(0.E0,1.E0,0.E0));
#12311=AXIS2_PLACEMENT_3D('',#12308,#12309,#12310);
#12312=CYLINDRICAL_SURFACE('',#12311,2.E-1);
#12313=ORIENTED_EDGE('',*,*,#12115,.F.);
#12315=ORIENTED_EDGE('',*,*,#12314,.F.);
#12317=ORIENTED_EDGE('',*,*,#12316,.T.);
#12318=ORIENTED_EDGE('',*,*,#12299,.T.);
#12319=EDGE_LOOP('',(#12313,#12315,#12317,#12318));
#12320=FACE_OUTER_BOUND('',#12319,.F.);
#12322=CARTESIAN_POINT('',(3.20139E1,-6.55E0,-4.55E0));
#12323=DIRECTION('',(-1.E0,0.E0,0.E0));
#12324=DIRECTION('',(0.E0,1.E0,0.E0));
#12325=AXIS2_PLACEMENT_3D('',#12322,#12323,#12324);
#12326=CYLINDRICAL_SURFACE('',#12325,2.E-1);
#12327=ORIENTED_EDGE('',*,*,#12113,.F.);
#12329=ORIENTED_EDGE('',*,*,#12328,.F.);
#12331=ORIENTED_EDGE('',*,*,#12330,.T.);
#12332=ORIENTED_EDGE('',*,*,#12314,.T.);
#12333=EDGE_LOOP('',(#12327,#12329,#12331,#12332));
#12334=FACE_OUTER_BOUND('',#12333,.F.);
#12336=CARTESIAN_POINT('',(-1.425E0,-6.55E0,-5.15E0));
#12337=DIRECTION('',(0.E0,-1.E0,0.E0));
#12338=DIRECTION('',(-9.999984249009E-1,0.E0,-1.774879068130E-3));
#12339=AXIS2_PLACEMENT_3D('',#12336,#12337,#12338);
#12340=TOROIDAL_SURFACE('',#12339,1.7E0,2.E-1);
#12341=ORIENTED_EDGE('',*,*,#12111,.F.);
#12343=ORIENTED_EDGE('',*,*,#12342,.F.);
#12345=ORIENTED_EDGE('',*,*,#12344,.T.);
#12346=ORIENTED_EDGE('',*,*,#12328,.T.);
#12347=EDGE_LOOP('',(#12341,#12343,#12345,#12346));
#12348=FACE_OUTER_BOUND('',#12347,.F.);
#12350=CARTESIAN_POINT('',(-3.20139E1,-6.55E0,-5.75E0));
#12351=DIRECTION('',(1.E0,0.E0,0.E0));
#12352=DIRECTION('',(0.E0,1.E0,0.E0));
#12353=AXIS2_PLACEMENT_3D('',#12350,#12351,#12352);
#12354=CYLINDRICAL_SURFACE('',#12353,2.E-1);
#12355=ORIENTED_EDGE('',*,*,#12109,.F.);
#12357=ORIENTED_EDGE('',*,*,#12356,.F.);
#12359=ORIENTED_EDGE('',*,*,#12358,.T.);
#12360=ORIENTED_EDGE('',*,*,#12342,.T.);
#12361=EDGE_LOOP('',(#12355,#12357,#12359,#12360));
#12362=FACE_OUTER_BOUND('',#12361,.F.);
#12364=CARTESIAN_POINT('',(-8.25E-1,-6.55E0,-4.720400113961E1));
#12365=DIRECTION('',(0.E0,0.E0,1.E0));
#12366=DIRECTION('',(0.E0,1.E0,0.E0));
#12367=AXIS2_PLACEMENT_3D('',#12364,#12365,#12366);
#12368=CYLINDRICAL_SURFACE('',#12367,2.E-1);
#12369=ORIENTED_EDGE('',*,*,#12107,.F.);
#12371=ORIENTED_EDGE('',*,*,#12370,.F.);
#12373=ORIENTED_EDGE('',*,*,#12372,.T.);
#12374=ORIENTED_EDGE('',*,*,#12356,.T.);
#12375=EDGE_LOOP('',(#12369,#12371,#12373,#12374));
#12376=FACE_OUTER_BOUND('',#12375,.F.);
#12378=CARTESIAN_POINT('',(-1.425E0,-6.55E0,-5.15E0));
#12379=DIRECTION('',(0.E0,-1.E0,0.E0));
#12380=DIRECTION('',(-1.774879068129E-3,0.E0,9.999984249009E-1));
#12381=AXIS2_PLACEMENT_3D('',#12378,#12379,#12380);
#12382=TOROIDAL_SURFACE('',#12381,1.7E0,2.E-1);
#12383=ORIENTED_EDGE('',*,*,#12105,.F.);
#12385=ORIENTED_EDGE('',*,*,#12384,.F.);
#12387=ORIENTED_EDGE('',*,*,#12386,.T.);
#12388=ORIENTED_EDGE('',*,*,#12370,.T.);
#12389=EDGE_LOOP('',(#12383,#12385,#12387,#12388));
#12390=FACE_OUTER_BOUND('',#12389,.F.);
#12392=CARTESIAN_POINT('',(-2.025E0,-6.55E0,2.750596E1));
#12393=DIRECTION('',(0.E0,0.E0,-1.E0));
#12394=DIRECTION('',(0.E0,1.E0,0.E0));
#12395=AXIS2_PLACEMENT_3D('',#12392,#12393,#12394);
#12396=CYLINDRICAL_SURFACE('',#12395,2.E-1);
#12397=ORIENTED_EDGE('',*,*,#12103,.F.);
#12399=ORIENTED_EDGE('',*,*,#12398,.F.);
#12401=ORIENTED_EDGE('',*,*,#12400,.T.);
#12402=ORIENTED_EDGE('',*,*,#12384,.T.);
#12403=EDGE_LOOP('',(#12397,#12399,#12401,#12402));
#12404=FACE_OUTER_BOUND('',#12403,.F.);
#12406=CARTESIAN_POINT('',(-3.20139E1,-6.55E0,-5.75E0));
#12407=DIRECTION('',(1.E0,0.E0,0.E0));
#12408=DIRECTION('',(0.E0,1.E0,0.E0));
#12409=AXIS2_PLACEMENT_3D('',#12406,#12407,#12408);
#12410=CYLINDRICAL_SURFACE('',#12409,2.E-1);
#12411=ORIENTED_EDGE('',*,*,#12101,.F.);
#12413=ORIENTED_EDGE('',*,*,#12412,.F.);
#12415=ORIENTED_EDGE('',*,*,#12414,.T.);
#12416=ORIENTED_EDGE('',*,*,#12398,.T.);
#12417=EDGE_LOOP('',(#12411,#12413,#12415,#12416));
#12418=FACE_OUTER_BOUND('',#12417,.F.);
#12420=CARTESIAN_POINT('',(-1.425E0,-6.55E0,-5.15E0));
#12421=DIRECTION('',(0.E0,-1.E0,0.E0));
#12422=DIRECTION('',(9.999984249009E-1,0.E0,1.774879068130E-3));
#12423=AXIS2_PLACEMENT_3D('',#12420,#12421,#12422);
#12424=TOROIDAL_SURFACE('',#12423,1.7E0,2.E-1);
#12426=ORIENTED_EDGE('',*,*,#12425,.T.);
#12427=ORIENTED_EDGE('',*,*,#12412,.T.);
#12428=ORIENTED_EDGE('',*,*,#12099,.F.);
#12430=ORIENTED_EDGE('',*,*,#12429,.F.);
#12431=EDGE_LOOP('',(#12426,#12427,#12428,#12430));
#12432=FACE_OUTER_BOUND('',#12431,.F.);
#12434=CARTESIAN_POINT('',(-1.425E0,-6.35E0,-5.15E0));
#12435=DIRECTION('',(0.E0,-1.E0,0.E0));
#12436=DIRECTION('',(0.E0,0.E0,1.E0));
#12437=AXIS2_PLACEMENT_3D('',#12434,#12435,#12436);
#12438=CYLINDRICAL_SURFACE('',#12437,1.5E0);
#12439=ORIENTED_EDGE('',*,*,#12425,.F.);
#12441=ORIENTED_EDGE('',*,*,#12440,.T.);
#12443=ORIENTED_EDGE('',*,*,#12442,.T.);
#12445=ORIENTED_EDGE('',*,*,#12444,.F.);
#12446=EDGE_LOOP('',(#12439,#12441,#12443,#12445));
#12447=FACE_OUTER_BOUND('',#12446,.F.);
#12449=CARTESIAN_POINT('',(-1.825E0,-6.35E0,-4.75E0));
#12450=DIRECTION('',(0.E0,0.E0,1.E0));
#12451=DIRECTION('',(-1.E0,0.E0,0.E0));
#12452=AXIS2_PLACEMENT_3D('',#12449,#12450,#12451);
#12453=PLANE('',#12452);
#12455=ORIENTED_EDGE('',*,*,#12454,.F.);
#12457=ORIENTED_EDGE('',*,*,#12456,.F.);
#12459=ORIENTED_EDGE('',*,*,#12458,.T.);
#12460=ORIENTED_EDGE('',*,*,#12440,.F.);
#12462=ORIENTED_EDGE('',*,*,#12461,.F.);
#12464=ORIENTED_EDGE('',*,*,#12463,.T.);
#12466=ORIENTED_EDGE('',*,*,#12465,.F.);
#12467=EDGE_LOOP('',(#12455,#12457,#12459,#12460,#12462,#12464,#12466));
#12468=FACE_OUTER_BOUND('',#12467,.F.);
#12470=CARTESIAN_POINT('',(-1.425E0,-6.75E0,-5.15E0));
#12471=DIRECTION('',(0.E0,-1.E0,0.E0));
#12472=DIRECTION('',(1.E0,0.E0,0.E0));
#12473=AXIS2_PLACEMENT_3D('',#12470,#12471,#12472);
#12474=CYLINDRICAL_SURFACE('',#12473,1.E0);
#12476=ORIENTED_EDGE('',*,*,#12475,.F.);
#12477=ORIENTED_EDGE('',*,*,#12454,.T.);
#12479=ORIENTED_EDGE('',*,*,#12478,.T.);
#12481=ORIENTED_EDGE('',*,*,#12480,.F.);
#12482=EDGE_LOOP('',(#12476,#12477,#12479,#12481));
#12483=FACE_OUTER_BOUND('',#12482,.F.);
#12485=CARTESIAN_POINT('',(-1.425E0,-6.85E0,-5.15E0));
#12486=DIRECTION('',(0.E0,-1.E0,0.E0));
#12487=DIRECTION('',(9.999988959614E-1,0.E0,1.485959642860E-3));
#12488=AXIS2_PLACEMENT_3D('',#12485,#12486,#12487);
#12489=TOROIDAL_SURFACE('',#12488,1.1E0,1.E-1);
#12491=ORIENTED_EDGE('',*,*,#12490,.F.);
#12492=ORIENTED_EDGE('',*,*,#12456,.T.);
#12493=ORIENTED_EDGE('',*,*,#12475,.T.);
#12495=ORIENTED_EDGE('',*,*,#12494,.T.);
#12496=EDGE_LOOP('',(#12491,#12492,#12493,#12495));
#12497=FACE_OUTER_BOUND('',#12496,.F.);
#12499=CARTESIAN_POINT('',(0.E0,-6.75E0,0.E0));
#12500=DIRECTION('',(0.E0,-1.E0,0.E0));
#12501=DIRECTION('',(0.E0,0.E0,1.E0));
#12502=AXIS2_PLACEMENT_3D('',#12499,#12500,#12501);
#12503=PLANE('',#12502);
#12505=ORIENTED_EDGE('',*,*,#12504,.T.);
#12507=ORIENTED_EDGE('',*,*,#12506,.F.);
#12509=ORIENTED_EDGE('',*,*,#12508,.F.);
#12511=ORIENTED_EDGE('',*,*,#12510,.F.);
#12512=EDGE_LOOP('',(#12505,#12507,#12509,#12511));
#12513=FACE_OUTER_BOUND('',#12512,.F.);
#12515=CARTESIAN_POINT('',(0.E0,-6.75E0,0.E0));
#12516=DIRECTION('',(0.E0,-1.E0,0.E0));
#12517=DIRECTION('',(0.E0,0.E0,1.E0));
#12518=AXIS2_PLACEMENT_3D('',#12515,#12516,#12517);
#12519=PLANE('',#12518);
#12521=ORIENTED_EDGE('',*,*,#12520,.T.);
#12523=ORIENTED_EDGE('',*,*,#12522,.F.);
#12525=ORIENTED_EDGE('',*,*,#12524,.F.);
#12527=ORIENTED_EDGE('',*,*,#12526,.F.);
#12528=EDGE_LOOP('',(#12521,#12523,#12525,#12527));
#12529=FACE_OUTER_BOUND('',#12528,.F.);
#12531=CARTESIAN_POINT('',(0.E0,-6.75E0,0.E0));
#12532=DIRECTION('',(0.E0,-1.E0,0.E0));
#12533=DIRECTION('',(0.E0,0.E0,1.E0));
#12534=AXIS2_PLACEMENT_3D('',#12531,#12532,#12533);
#12535=PLANE('',#12534);
#12537=ORIENTED_EDGE('',*,*,#12536,.T.);
#12539=ORIENTED_EDGE('',*,*,#12538,.F.);
#12541=ORIENTED_EDGE('',*,*,#12540,.F.);
#12543=ORIENTED_EDGE('',*,*,#12542,.F.);
#12544=EDGE_LOOP('',(#12537,#12539,#12541,#12543));
#12545=FACE_OUTER_BOUND('',#12544,.F.);
#12547=CARTESIAN_POINT('',(0.E0,-6.75E0,0.E0));
#12548=DIRECTION('',(0.E0,-1.E0,0.E0));
#12549=DIRECTION('',(0.E0,0.E0,1.E0));
#12550=AXIS2_PLACEMENT_3D('',#12547,#12548,#12549);
#12551=PLANE('',#12550);
#12552=ORIENTED_EDGE('',*,*,#12490,.T.);
#12554=ORIENTED_EDGE('',*,*,#12553,.F.);
#12555=ORIENTED_EDGE('',*,*,#12442,.F.);
#12556=ORIENTED_EDGE('',*,*,#12458,.F.);
#12557=EDGE_LOOP('',(#12552,#12554,#12555,#12556));
#12558=FACE_OUTER_BOUND('',#12557,.F.);
#12560=CARTESIAN_POINT('',(-1.425E0,-6.85E0,-5.15E0));
#12561=DIRECTION('',(0.E0,-1.E0,0.E0));
#12562=DIRECTION('',(1.485959642860E-3,0.E0,-9.999988959614E-1));
#12563=AXIS2_PLACEMENT_3D('',#12560,#12561,#12562);
#12564=TOROIDAL_SURFACE('',#12563,1.1E0,1.E-1);
#12565=ORIENTED_EDGE('',*,*,#12504,.F.);
#12567=ORIENTED_EDGE('',*,*,#12566,.T.);
#12569=ORIENTED_EDGE('',*,*,#12568,.T.);
#12571=ORIENTED_EDGE('',*,*,#12570,.T.);
#12572=EDGE_LOOP('',(#12565,#12567,#12569,#12571));
#12573=FACE_OUTER_BOUND('',#12572,.F.);
#12575=CARTESIAN_POINT('',(-1.025E0,-6.35E0,-4.75E0));
#12576=DIRECTION('',(1.E0,0.E0,0.E0));
#12577=DIRECTION('',(0.E0,0.E0,1.E0));
#12578=AXIS2_PLACEMENT_3D('',#12575,#12576,#12577);
#12579=PLANE('',#12578);
#12581=ORIENTED_EDGE('',*,*,#12580,.F.);
#12582=ORIENTED_EDGE('',*,*,#12566,.F.);
#12583=ORIENTED_EDGE('',*,*,#12510,.T.);
#12585=ORIENTED_EDGE('',*,*,#12584,.F.);
#12586=ORIENTED_EDGE('',*,*,#12316,.F.);
#12588=ORIENTED_EDGE('',*,*,#12587,.T.);
#12590=ORIENTED_EDGE('',*,*,#12589,.F.);
#12591=EDGE_LOOP('',(#12581,#12582,#12583,#12585,#12586,#12588,#12590));
#12592=FACE_OUTER_BOUND('',#12591,.F.);
#12594=CARTESIAN_POINT('',(-1.425E0,-6.75E0,-5.15E0));
#12595=DIRECTION('',(0.E0,-1.E0,0.E0));
#12596=DIRECTION('',(1.E0,0.E0,0.E0));
#12597=AXIS2_PLACEMENT_3D('',#12594,#12595,#12596);
#12598=CYLINDRICAL_SURFACE('',#12597,1.E0);
#12599=ORIENTED_EDGE('',*,*,#12568,.F.);
#12600=ORIENTED_EDGE('',*,*,#12580,.T.);
#12602=ORIENTED_EDGE('',*,*,#12601,.T.);
#12604=ORIENTED_EDGE('',*,*,#12603,.T.);
#12606=ORIENTED_EDGE('',*,*,#12605,.F.);
#12607=EDGE_LOOP('',(#12599,#12600,#12602,#12604,#12606));
#12608=FACE_OUTER_BOUND('',#12607,.F.);
#12610=CARTESIAN_POINT('',(-1.425E0,-9.4E0,-5.15E0));
#12611=DIRECTION('',(0.E0,1.E0,0.E0));
#12612=DIRECTION('',(0.E0,0.E0,1.E0));
#12613=AXIS2_PLACEMENT_3D('',#12610,#12611,#12612);
#12614=CONICAL_SURFACE('',#12613,7.5E-1,3.553767779197E1);
#12616=ORIENTED_EDGE('',*,*,#12615,.T.);
#12618=ORIENTED_EDGE('',*,*,#12617,.F.);
#12620=ORIENTED_EDGE('',*,*,#12619,.T.);
#12622=ORIENTED_EDGE('',*,*,#12621,.F.);
#12624=ORIENTED_EDGE('',*,*,#12623,.F.);
#12625=ORIENTED_EDGE('',*,*,#12601,.F.);
#12626=ORIENTED_EDGE('',*,*,#12589,.T.);
#12628=ORIENTED_EDGE('',*,*,#12627,.T.);
#12630=ORIENTED_EDGE('',*,*,#12629,.F.);
#12632=ORIENTED_EDGE('',*,*,#12631,.T.);
#12633=EDGE_LOOP('',(#12616,#12618,#12620,#12622,#12624,#12625,#12626,#12628,
#12630,#12632));
#12634=FACE_OUTER_BOUND('',#12633,.F.);
#12636=CARTESIAN_POINT('',(-1.025E0,-6.35E0,-6.595683229480E0));
#12637=DIRECTION('',(1.E0,0.E0,0.E0));
#12638=DIRECTION('',(0.E0,0.E0,1.E0));
#12639=AXIS2_PLACEMENT_3D('',#12636,#12637,#12638);
#12640=PLANE('',#12639);
#12641=ORIENTED_EDGE('',*,*,#12538,.T.);
#12643=ORIENTED_EDGE('',*,*,#12642,.F.);
#12645=ORIENTED_EDGE('',*,*,#12644,.T.);
#12646=ORIENTED_EDGE('',*,*,#12615,.F.);
#12648=ORIENTED_EDGE('',*,*,#12647,.F.);
#12649=ORIENTED_EDGE('',*,*,#12372,.F.);
#12651=ORIENTED_EDGE('',*,*,#12650,.T.);
#12652=EDGE_LOOP('',(#12641,#12643,#12645,#12646,#12648,#12649,#12651));
#12653=FACE_OUTER_BOUND('',#12652,.F.);
#12655=CARTESIAN_POINT('',(-1.425E0,-6.85E0,-5.15E0));
#12656=DIRECTION('',(0.E0,-1.E0,0.E0));
#12657=DIRECTION('',(-1.485959642860E-3,0.E0,9.999988959614E-1));
#12658=AXIS2_PLACEMENT_3D('',#12655,#12656,#12657);
#12659=TOROIDAL_SURFACE('',#12658,1.1E0,1.E-1);
#12660=ORIENTED_EDGE('',*,*,#12536,.F.);
#12662=ORIENTED_EDGE('',*,*,#12661,.T.);
#12664=ORIENTED_EDGE('',*,*,#12663,.T.);
#12665=ORIENTED_EDGE('',*,*,#12642,.T.);
#12666=EDGE_LOOP('',(#12660,#12662,#12664,#12665));
#12667=FACE_OUTER_BOUND('',#12666,.F.);
#12669=CARTESIAN_POINT('',(-1.825E0,-6.35E0,-5.55E0));
#12670=DIRECTION('',(-1.E0,0.E0,0.E0));
#12671=DIRECTION('',(0.E0,0.E0,-1.E0));
#12672=AXIS2_PLACEMENT_3D('',#12669,#12670,#12671);
#12673=PLANE('',#12672);
#12675=ORIENTED_EDGE('',*,*,#12674,.F.);
#12676=ORIENTED_EDGE('',*,*,#12661,.F.);
#12677=ORIENTED_EDGE('',*,*,#12542,.T.);
#12679=ORIENTED_EDGE('',*,*,#12678,.F.);
#12680=ORIENTED_EDGE('',*,*,#12400,.F.);
#12682=ORIENTED_EDGE('',*,*,#12681,.T.);
#12684=ORIENTED_EDGE('',*,*,#12683,.F.);
#12685=EDGE_LOOP('',(#12675,#12676,#12677,#12679,#12680,#12682,#12684));
#12686=FACE_OUTER_BOUND('',#12685,.F.);
#12688=CARTESIAN_POINT('',(-1.425E0,-6.75E0,-5.15E0));
#12689=DIRECTION('',(0.E0,-1.E0,0.E0));
#12690=DIRECTION('',(1.E0,0.E0,0.E0));
#12691=AXIS2_PLACEMENT_3D('',#12688,#12689,#12690);
#12692=CYLINDRICAL_SURFACE('',#12691,1.E0);
#12693=ORIENTED_EDGE('',*,*,#12663,.F.);
#12694=ORIENTED_EDGE('',*,*,#12674,.T.);
#12696=ORIENTED_EDGE('',*,*,#12695,.T.);
#12697=ORIENTED_EDGE('',*,*,#12617,.T.);
#12698=ORIENTED_EDGE('',*,*,#12644,.F.);
#12699=EDGE_LOOP('',(#12693,#12694,#12696,#12697,#12698));
#12700=FACE_OUTER_BOUND('',#12699,.F.);
#12702=CARTESIAN_POINT('',(-1.425E0,-9.4E0,-5.15E0));
#12703=DIRECTION('',(0.E0,1.E0,0.E0));
#12704=DIRECTION('',(0.E0,0.E0,1.E0));
#12705=AXIS2_PLACEMENT_3D('',#12702,#12703,#12704);
#12706=CONICAL_SURFACE('',#12705,7.5E-1,3.553767779197E1);
#12708=ORIENTED_EDGE('',*,*,#12707,.T.);
#12709=ORIENTED_EDGE('',*,*,#12478,.F.);
#12710=ORIENTED_EDGE('',*,*,#12465,.T.);
#12712=ORIENTED_EDGE('',*,*,#12711,.T.);
#12713=ORIENTED_EDGE('',*,*,#12603,.F.);
#12714=ORIENTED_EDGE('',*,*,#12623,.T.);
#12716=ORIENTED_EDGE('',*,*,#12715,.F.);
#12717=ORIENTED_EDGE('',*,*,#12619,.F.);
#12718=ORIENTED_EDGE('',*,*,#12695,.F.);
#12719=ORIENTED_EDGE('',*,*,#12683,.T.);
#12720=EDGE_LOOP('',(#12708,#12709,#12710,#12712,#12713,#12714,#12716,#12717,
#12718,#12719));
#12721=FACE_OUTER_BOUND('',#12720,.F.);
#12723=CARTESIAN_POINT('',(-2.870683229480E0,-6.35E0,-5.55E0));
#12724=DIRECTION('',(0.E0,0.E0,-1.E0));
#12725=DIRECTION('',(1.E0,0.E0,0.E0));
#12726=AXIS2_PLACEMENT_3D('',#12723,#12724,#12725);
#12727=PLANE('',#12726);
#12728=ORIENTED_EDGE('',*,*,#12553,.T.);
#12729=ORIENTED_EDGE('',*,*,#12494,.F.);
#12730=ORIENTED_EDGE('',*,*,#12480,.T.);
#12731=ORIENTED_EDGE('',*,*,#12707,.F.);
#12732=ORIENTED_EDGE('',*,*,#12681,.F.);
#12733=ORIENTED_EDGE('',*,*,#12414,.F.);
#12734=ORIENTED_EDGE('',*,*,#12444,.T.);
#12735=EDGE_LOOP('',(#12728,#12729,#12730,#12731,#12732,#12733,#12734));
#12736=FACE_OUTER_BOUND('',#12735,.F.);
#12738=CARTESIAN_POINT('',(-1.825E0,-6.35E0,-3.704316770520E0));
#12739=DIRECTION('',(-1.E0,0.E0,0.E0));
#12740=DIRECTION('',(0.E0,0.E0,-1.E0));
#12741=AXIS2_PLACEMENT_3D('',#12738,#12739,#12740);
#12742=PLANE('',#12741);
#12743=ORIENTED_EDGE('',*,*,#12506,.T.);
#12744=ORIENTED_EDGE('',*,*,#12570,.F.);
#12745=ORIENTED_EDGE('',*,*,#12605,.T.);
#12746=ORIENTED_EDGE('',*,*,#12711,.F.);
#12747=ORIENTED_EDGE('',*,*,#12463,.F.);
#12749=ORIENTED_EDGE('',*,*,#12748,.F.);
#12751=ORIENTED_EDGE('',*,*,#12750,.T.);
#12752=EDGE_LOOP('',(#12743,#12744,#12745,#12746,#12747,#12749,#12751));
#12753=FACE_OUTER_BOUND('',#12752,.F.);
#12755=CARTESIAN_POINT('',(-2.025E0,-6.55E0,2.750596E1));
#12756=DIRECTION('',(0.E0,0.E0,-1.E0));
#12757=DIRECTION('',(0.E0,1.E0,0.E0));
#12758=AXIS2_PLACEMENT_3D('',#12755,#12756,#12757);
#12759=CYLINDRICAL_SURFACE('',#12758,2.E-1);
#12760=ORIENTED_EDGE('',*,*,#12095,.F.);
#12761=ORIENTED_EDGE('',*,*,#12303,.F.);
#12762=ORIENTED_EDGE('',*,*,#12748,.T.);
#12764=ORIENTED_EDGE('',*,*,#12763,.T.);
#12765=EDGE_LOOP('',(#12760,#12761,#12762,#12764));
#12766=FACE_OUTER_BOUND('',#12765,.F.);
#12768=CARTESIAN_POINT('',(3.20139E1,-6.55E0,-4.55E0));
#12769=DIRECTION('',(-1.E0,0.E0,0.E0));
#12770=DIRECTION('',(0.E0,1.E0,0.E0));
#12771=AXIS2_PLACEMENT_3D('',#12768,#12769,#12770);
#12772=CYLINDRICAL_SURFACE('',#12771,2.E-1);
#12773=ORIENTED_EDGE('',*,*,#12097,.F.);
#12774=ORIENTED_EDGE('',*,*,#12763,.F.);
#12775=ORIENTED_EDGE('',*,*,#12461,.T.);
#12776=ORIENTED_EDGE('',*,*,#12429,.T.);
#12777=EDGE_LOOP('',(#12773,#12774,#12775,#12776));
#12778=FACE_OUTER_BOUND('',#12777,.F.);
#12780=CARTESIAN_POINT('',(-1.425E0,-6.35E0,-5.15E0));
#12781=DIRECTION('',(0.E0,-1.E0,0.E0));
#12782=DIRECTION('',(0.E0,0.E0,1.E0));
#12783=AXIS2_PLACEMENT_3D('',#12780,#12781,#12782);
#12784=CYLINDRICAL_SURFACE('',#12783,1.5E0);
#12785=ORIENTED_EDGE('',*,*,#12301,.F.);
#12786=ORIENTED_EDGE('',*,*,#12584,.T.);
#12787=ORIENTED_EDGE('',*,*,#12508,.T.);
#12788=ORIENTED_EDGE('',*,*,#12750,.F.);
#12789=EDGE_LOOP('',(#12785,#12786,#12787,#12788));
#12790=FACE_OUTER_BOUND('',#12789,.F.);
#12792=CARTESIAN_POINT('',(0.E0,-9.75E0,0.E0));
#12793=DIRECTION('',(0.E0,-1.E0,0.E0));
#12794=DIRECTION('',(1.E0,0.E0,0.E0));
#12795=AXIS2_PLACEMENT_3D('',#12792,#12793,#12794);
#12796=PLANE('',#12795);
#12797=ORIENTED_EDGE('',*,*,#12621,.T.);
#12798=ORIENTED_EDGE('',*,*,#12715,.T.);
#12799=EDGE_LOOP('',(#12797,#12798));
#12800=FACE_OUTER_BOUND('',#12799,.F.);
#12802=CARTESIAN_POINT('',(-1.425E0,-6.35E0,-5.15E0));
#12803=DIRECTION('',(0.E0,-1.E0,0.E0));
#12804=DIRECTION('',(0.E0,0.E0,1.E0));
#12805=AXIS2_PLACEMENT_3D('',#12802,#12803,#12804);
#12806=CYLINDRICAL_SURFACE('',#12805,1.5E0);
#12807=ORIENTED_EDGE('',*,*,#12386,.F.);
#12808=ORIENTED_EDGE('',*,*,#12678,.T.);
#12809=ORIENTED_EDGE('',*,*,#12540,.T.);
#12810=ORIENTED_EDGE('',*,*,#12650,.F.);
#12811=EDGE_LOOP('',(#12807,#12808,#12809,#12810));
#12812=FACE_OUTER_BOUND('',#12811,.F.);
#12814=CARTESIAN_POINT('',(-1.025E0,-6.35E0,-5.55E0));
#12815=DIRECTION('',(0.E0,0.E0,-1.E0));
#12816=DIRECTION('',(1.E0,0.E0,0.E0));
#12817=AXIS2_PLACEMENT_3D('',#12814,#12815,#12816);
#12818=PLANE('',#12817);
#12820=ORIENTED_EDGE('',*,*,#12819,.F.);
#12822=ORIENTED_EDGE('',*,*,#12821,.F.);
#12823=ORIENTED_EDGE('',*,*,#12526,.T.);
#12825=ORIENTED_EDGE('',*,*,#12824,.F.);
#12826=ORIENTED_EDGE('',*,*,#12358,.F.);
#12827=ORIENTED_EDGE('',*,*,#12647,.T.);
#12828=ORIENTED_EDGE('',*,*,#12631,.F.);
#12829=EDGE_LOOP('',(#12820,#12822,#12823,#12825,#12826,#12827,#12828));
#12830=FACE_OUTER_BOUND('',#12829,.F.);
#12832=CARTESIAN_POINT('',(-1.425E0,-6.75E0,-5.15E0));
#12833=DIRECTION('',(0.E0,-1.E0,0.E0));
#12834=DIRECTION('',(1.E0,0.E0,0.E0));
#12835=AXIS2_PLACEMENT_3D('',#12832,#12833,#12834);
#12836=CYLINDRICAL_SURFACE('',#12835,1.E0);
#12838=ORIENTED_EDGE('',*,*,#12837,.F.);
#12839=ORIENTED_EDGE('',*,*,#12819,.T.);
#12840=ORIENTED_EDGE('',*,*,#12629,.T.);
#12842=ORIENTED_EDGE('',*,*,#12841,.F.);
#12843=EDGE_LOOP('',(#12838,#12839,#12840,#12842));
#12844=FACE_OUTER_BOUND('',#12843,.F.);
#12846=CARTESIAN_POINT('',(-1.425E0,-6.85E0,-5.15E0));
#12847=DIRECTION('',(0.E0,-1.E0,0.E0));
#12848=DIRECTION('',(-9.999988959614E-1,0.E0,-1.485959642859E-3));
#12849=AXIS2_PLACEMENT_3D('',#12846,#12847,#12848);
#12850=TOROIDAL_SURFACE('',#12849,1.1E0,1.E-1);
#12851=ORIENTED_EDGE('',*,*,#12520,.F.);
#12852=ORIENTED_EDGE('',*,*,#12821,.T.);
#12853=ORIENTED_EDGE('',*,*,#12837,.T.);
#12855=ORIENTED_EDGE('',*,*,#12854,.T.);
#12856=EDGE_LOOP('',(#12851,#12852,#12853,#12855));
#12857=FACE_OUTER_BOUND('',#12856,.F.);
#12859=CARTESIAN_POINT('',(2.068322948010E-2,-6.35E0,-4.75E0));
#12860=DIRECTION('',(0.E0,0.E0,1.E0));
#12861=DIRECTION('',(-1.E0,0.E0,0.E0));
#12862=AXIS2_PLACEMENT_3D('',#12859,#12860,#12861);
#12863=PLANE('',#12862);
#12864=ORIENTED_EDGE('',*,*,#12522,.T.);
#12865=ORIENTED_EDGE('',*,*,#12854,.F.);
#12866=ORIENTED_EDGE('',*,*,#12841,.T.);
#12867=ORIENTED_EDGE('',*,*,#12627,.F.);
#12868=ORIENTED_EDGE('',*,*,#12587,.F.);
#12869=ORIENTED_EDGE('',*,*,#12330,.F.);
#12871=ORIENTED_EDGE('',*,*,#12870,.T.);
#12872=EDGE_LOOP('',(#12864,#12865,#12866,#12867,#12868,#12869,#12871));
#12873=FACE_OUTER_BOUND('',#12872,.F.);
#12875=CARTESIAN_POINT('',(-1.425E0,-6.35E0,-5.15E0));
#12876=DIRECTION('',(0.E0,-1.E0,0.E0));
#12877=DIRECTION('',(0.E0,0.E0,1.E0));
#12878=AXIS2_PLACEMENT_3D('',#12875,#12876,#12877);
#12879=CYLINDRICAL_SURFACE('',#12878,1.5E0);
#12880=ORIENTED_EDGE('',*,*,#12344,.F.);
#12881=ORIENTED_EDGE('',*,*,#12824,.T.);
#12882=ORIENTED_EDGE('',*,*,#12524,.T.);
#12883=ORIENTED_EDGE('',*,*,#12870,.F.);
#12884=EDGE_LOOP('',(#12880,#12881,#12882,#12883));
#12885=FACE_OUTER_BOUND('',#12884,.F.);
#12887=CARTESIAN_POINT('',(-3.49E0,-2.16E0,-1.545E1));
#12888=DIRECTION('',(-1.E0,0.E0,0.E0));
#12889=DIRECTION('',(0.E0,1.E0,0.E0));
#12890=AXIS2_PLACEMENT_3D('',#12887,#12888,#12889);
#12891=PLANE('',#12890);
#12892=ORIENTED_EDGE('',*,*,#8505,.F.);
#12893=ORIENTED_EDGE('',*,*,#8464,.T.);
#12894=ORIENTED_EDGE('',*,*,#8309,.T.);
#12896=ORIENTED_EDGE('',*,*,#12895,.F.);
#12897=EDGE_LOOP('',(#12892,#12893,#12894,#12896));
#12898=FACE_OUTER_BOUND('',#12897,.F.);
#12900=CARTESIAN_POINT('',(-3.49E0,-1.55E0,-1.545E1));
#12901=DIRECTION('',(0.E0,-1.E0,0.E0));
#12902=DIRECTION('',(-1.E0,0.E0,0.E0));
#12903=AXIS2_PLACEMENT_3D('',#12900,#12901,#12902);
#12904=PLANE('',#12903);
#12905=ORIENTED_EDGE('',*,*,#8507,.T.);
#12906=ORIENTED_EDGE('',*,*,#12895,.T.);
#12907=ORIENTED_EDGE('',*,*,#8307,.T.);
#12908=ORIENTED_EDGE('',*,*,#8191,.F.);
#12909=EDGE_LOOP('',(#12905,#12906,#12907,#12908));
#12910=FACE_OUTER_BOUND('',#12909,.F.);
#12912=CARTESIAN_POINT('',(-1.1E0,1.45E0,0.E0));
#12913=DIRECTION('',(1.E0,0.E0,0.E0));
#12914=DIRECTION('',(0.E0,0.E0,-1.E0));
#12915=AXIS2_PLACEMENT_3D('',#12912,#12913,#12914);
#12916=PLANE('',#12915);
#12917=ORIENTED_EDGE('',*,*,#8289,.F.);
#12919=ORIENTED_EDGE('',*,*,#12918,.T.);
#12921=ORIENTED_EDGE('',*,*,#12920,.T.);
#12923=ORIENTED_EDGE('',*,*,#12922,.T.);
#12925=ORIENTED_EDGE('',*,*,#12924,.T.);
#12927=ORIENTED_EDGE('',*,*,#12926,.T.);
#12929=ORIENTED_EDGE('',*,*,#12928,.T.);
#12931=ORIENTED_EDGE('',*,*,#12930,.T.);
#12932=EDGE_LOOP('',(#12917,#12919,#12921,#12923,#12925,#12927,#12929,#12931));
#12933=FACE_OUTER_BOUND('',#12932,.F.);
#12935=CARTESIAN_POINT('',(-1.1E0,-1.25E0,-1.745E1));
#12936=DIRECTION('',(0.E0,-1.E0,0.E0));
#12937=DIRECTION('',(0.E0,0.E0,-1.E0));
#12938=AXIS2_PLACEMENT_3D('',#12935,#12936,#12937);
#12939=PLANE('',#12938);
#12940=ORIENTED_EDGE('',*,*,#8295,.T.);
#12942=ORIENTED_EDGE('',*,*,#12941,.T.);
#12944=ORIENTED_EDGE('',*,*,#12943,.F.);
#12945=ORIENTED_EDGE('',*,*,#12918,.F.);
#12946=EDGE_LOOP('',(#12940,#12942,#12944,#12945));
#12947=FACE_OUTER_BOUND('',#12946,.F.);
#12949=CARTESIAN_POINT('',(5.E-2,1.45E0,0.E0));
#12950=DIRECTION('',(1.E0,0.E0,0.E0));
#12951=DIRECTION('',(0.E0,0.E0,-1.E0));
#12952=AXIS2_PLACEMENT_3D('',#12949,#12950,#12951);
#12953=PLANE('',#12952);
#12954=ORIENTED_EDGE('',*,*,#8293,.T.);
#12956=ORIENTED_EDGE('',*,*,#12955,.F.);
#12958=ORIENTED_EDGE('',*,*,#12957,.F.);
#12960=ORIENTED_EDGE('',*,*,#12959,.F.);
#12962=ORIENTED_EDGE('',*,*,#12961,.F.);
#12964=ORIENTED_EDGE('',*,*,#12963,.F.);
#12966=ORIENTED_EDGE('',*,*,#12965,.F.);
#12967=ORIENTED_EDGE('',*,*,#12941,.F.);
#12968=EDGE_LOOP('',(#12954,#12956,#12958,#12960,#12962,#12964,#12966,#12967));
#12969=FACE_OUTER_BOUND('',#12968,.F.);
#12971=CARTESIAN_POINT('',(-1.1E0,-8.5E-1,-1.835E1));
#12972=DIRECTION('',(0.E0,1.E0,0.E0));
#12973=DIRECTION('',(0.E0,0.E0,1.E0));
#12974=AXIS2_PLACEMENT_3D('',#12971,#12972,#12973);
#12975=PLANE('',#12974);
#12976=ORIENTED_EDGE('',*,*,#8291,.F.);
#12977=ORIENTED_EDGE('',*,*,#12930,.F.);
#12979=ORIENTED_EDGE('',*,*,#12978,.T.);
#12980=ORIENTED_EDGE('',*,*,#12955,.T.);
#12981=EDGE_LOOP('',(#12976,#12977,#12979,#12980));
#12982=FACE_OUTER_BOUND('',#12981,.F.);
#12984=CARTESIAN_POINT('',(-1.1E0,-1.85E0,-1.835E1));
#12985=DIRECTION('',(1.E0,0.E0,0.E0));
#12986=DIRECTION('',(0.E0,0.E0,-1.E0));
#12987=AXIS2_PLACEMENT_3D('',#12984,#12985,#12986);
#12988=CYLINDRICAL_SURFACE('',#12987,1.E0);
#12989=ORIENTED_EDGE('',*,*,#12928,.F.);
#12991=ORIENTED_EDGE('',*,*,#12990,.T.);
#12992=ORIENTED_EDGE('',*,*,#12957,.T.);
#12993=ORIENTED_EDGE('',*,*,#12978,.F.);
#12994=EDGE_LOOP('',(#12989,#12991,#12992,#12993));
#12995=FACE_OUTER_BOUND('',#12994,.F.);
#12997=CARTESIAN_POINT('',(-1.1E0,-5.75E0,-1.935E1));
#12998=DIRECTION('',(0.E0,0.E0,-1.E0));
#12999=DIRECTION('',(0.E0,1.E0,0.E0));
#13000=AXIS2_PLACEMENT_3D('',#12997,#12998,#12999);
#13001=PLANE('',#13000);
#13003=ORIENTED_EDGE('',*,*,#13002,.T.);
#13005=ORIENTED_EDGE('',*,*,#13004,.F.);
#13007=ORIENTED_EDGE('',*,*,#13006,.T.);
#13009=ORIENTED_EDGE('',*,*,#13008,.T.);
#13011=ORIENTED_EDGE('',*,*,#13010,.F.);
#13013=ORIENTED_EDGE('',*,*,#13012,.F.);
#13015=ORIENTED_EDGE('',*,*,#13014,.T.);
#13016=ORIENTED_EDGE('',*,*,#12959,.T.);
#13017=ORIENTED_EDGE('',*,*,#12990,.F.);
#13018=ORIENTED_EDGE('',*,*,#12926,.F.);
#13019=EDGE_LOOP('',(#13003,#13005,#13007,#13009,#13011,#13013,#13015,#13016,
#13017,#13018));
#13020=FACE_OUTER_BOUND('',#13019,.F.);
#13022=CARTESIAN_POINT('',(-1.1E0,-5.75E0,-1.895E1));
#13023=DIRECTION('',(0.E0,-1.E0,0.E0));
#13024=DIRECTION('',(0.E0,0.E0,-1.E0));
#13025=AXIS2_PLACEMENT_3D('',#13022,#13023,#13024);
#13026=PLANE('',#13025);
#13028=ORIENTED_EDGE('',*,*,#13027,.T.);
#13030=ORIENTED_EDGE('',*,*,#13029,.T.);
#13031=ORIENTED_EDGE('',*,*,#12961,.T.);
#13032=ORIENTED_EDGE('',*,*,#13014,.F.);
#13033=EDGE_LOOP('',(#13028,#13030,#13031,#13032));
#13034=FACE_OUTER_BOUND('',#13033,.F.);
#13036=CARTESIAN_POINT('',(-1.1E0,-5.75E0,-1.895E1));
#13037=DIRECTION('',(0.E0,-1.E0,0.E0));
#13038=DIRECTION('',(0.E0,0.E0,-1.E0));
#13039=AXIS2_PLACEMENT_3D('',#13036,#13037,#13038);
#13040=PLANE('',#13039);
#13042=ORIENTED_EDGE('',*,*,#13041,.T.);
#13043=ORIENTED_EDGE('',*,*,#13002,.F.);
#13044=ORIENTED_EDGE('',*,*,#12924,.F.);
#13046=ORIENTED_EDGE('',*,*,#13045,.T.);
#13047=EDGE_LOOP('',(#13042,#13043,#13044,#13046));
#13048=FACE_OUTER_BOUND('',#13047,.F.);
#13050=CARTESIAN_POINT('',(-1.45E-1,-5.88E0,-4.860596003783E1));
#13051=DIRECTION('',(0.E0,0.E0,1.E0));
#13052=DIRECTION('',(0.E0,1.E0,0.E0));
#13053=AXIS2_PLACEMENT_3D('',#13050,#13051,#13052);
#13054=CYLINDRICAL_SURFACE('',#13053,1.3E-1);
#13055=ORIENTED_EDGE('',*,*,#13027,.F.);
#13056=ORIENTED_EDGE('',*,*,#13012,.T.);
#13058=ORIENTED_EDGE('',*,*,#13057,.T.);
#13060=ORIENTED_EDGE('',*,*,#13059,.T.);
#13061=EDGE_LOOP('',(#13055,#13056,#13058,#13060));
#13062=FACE_OUTER_BOUND('',#13061,.F.);
#13064=CARTESIAN_POINT('',(-2.75E-1,-5.75E0,-1.935E1));
#13065=DIRECTION('',(1.E0,0.E0,0.E0));
#13066=DIRECTION('',(0.E0,0.E0,1.E0));
#13067=AXIS2_PLACEMENT_3D('',#13064,#13065,#13066);
#13068=PLANE('',#13067);
#13069=ORIENTED_EDGE('',*,*,#13057,.F.);
#13070=ORIENTED_EDGE('',*,*,#13010,.T.);
#13072=ORIENTED_EDGE('',*,*,#13071,.T.);
#13074=ORIENTED_EDGE('',*,*,#13073,.F.);
#13075=EDGE_LOOP('',(#13069,#13070,#13072,#13074));
#13076=FACE_OUTER_BOUND('',#13075,.F.);
#13078=CARTESIAN_POINT('',(-1.1E0,-9.15E0,0.E0));
#13079=DIRECTION('',(0.E0,-1.E0,0.E0));
#13080=DIRECTION('',(-1.E0,0.E0,0.E0));
#13081=AXIS2_PLACEMENT_3D('',#13078,#13079,#13080);
#13082=PLANE('',#13081);
#13083=ORIENTED_EDGE('',*,*,#13071,.F.);
#13084=ORIENTED_EDGE('',*,*,#13008,.F.);
#13086=ORIENTED_EDGE('',*,*,#13085,.F.);
#13088=ORIENTED_EDGE('',*,*,#13087,.F.);
#13089=EDGE_LOOP('',(#13083,#13084,#13086,#13088));
#13090=FACE_OUTER_BOUND('',#13089,.F.);
#13092=CARTESIAN_POINT('',(-7.75E-1,-5.75E0,-1.895E1));
#13093=DIRECTION('',(-1.E0,0.E0,0.E0));
#13094=DIRECTION('',(0.E0,0.E0,-1.E0));
#13095=AXIS2_PLACEMENT_3D('',#13092,#13093,#13094);
#13096=PLANE('',#13095);
#13098=ORIENTED_EDGE('',*,*,#13097,.F.);
#13100=ORIENTED_EDGE('',*,*,#13099,.T.);
#13101=ORIENTED_EDGE('',*,*,#13085,.T.);
#13102=ORIENTED_EDGE('',*,*,#13006,.F.);
#13103=EDGE_LOOP('',(#13098,#13100,#13101,#13102));
#13104=FACE_OUTER_BOUND('',#13103,.F.);
#13106=CARTESIAN_POINT('',(-9.05E-1,-5.88E0,2.750596006686E1));
#13107=DIRECTION('',(0.E0,0.E0,-1.E0));
#13108=DIRECTION('',(0.E0,1.E0,0.E0));
#13109=AXIS2_PLACEMENT_3D('',#13106,#13107,#13108);
#13110=CYLINDRICAL_SURFACE('',#13109,1.3E-1);
#13111=ORIENTED_EDGE('',*,*,#13041,.F.);
#13113=ORIENTED_EDGE('',*,*,#13112,.T.);
#13114=ORIENTED_EDGE('',*,*,#13097,.T.);
#13115=ORIENTED_EDGE('',*,*,#13004,.T.);
#13116=EDGE_LOOP('',(#13111,#13113,#13114,#13115));
#13117=FACE_OUTER_BOUND('',#13116,.F.);
#13119=CARTESIAN_POINT('',(-1.1E0,-1.85E0,-1.895E1));
#13120=DIRECTION('',(0.E0,0.E0,1.E0));
#13121=DIRECTION('',(0.E0,-1.E0,0.E0));
#13122=AXIS2_PLACEMENT_3D('',#13119,#13120,#13121);
#13123=PLANE('',#13122);
#13124=ORIENTED_EDGE('',*,*,#13099,.F.);
#13125=ORIENTED_EDGE('',*,*,#13112,.F.);
#13126=ORIENTED_EDGE('',*,*,#13045,.F.);
#13127=ORIENTED_EDGE('',*,*,#12922,.F.);
#13129=ORIENTED_EDGE('',*,*,#13128,.T.);
#13130=ORIENTED_EDGE('',*,*,#12963,.T.);
#13131=ORIENTED_EDGE('',*,*,#13029,.F.);
#13132=ORIENTED_EDGE('',*,*,#13059,.F.);
#13133=ORIENTED_EDGE('',*,*,#13073,.T.);
#13134=ORIENTED_EDGE('',*,*,#13087,.T.);
#13135=EDGE_LOOP('',(#13124,#13125,#13126,#13127,#13129,#13130,#13131,#13132,
#13133,#13134));
#13136=FACE_OUTER_BOUND('',#13135,.F.);
#13138=CARTESIAN_POINT('',(-1.1E0,-1.85E0,-1.835E1));
#13139=DIRECTION('',(1.E0,0.E0,0.E0));
#13140=DIRECTION('',(0.E0,0.E0,-1.E0));
#13141=AXIS2_PLACEMENT_3D('',#13138,#13139,#13140);
#13142=CYLINDRICAL_SURFACE('',#13141,6.E-1);
#13143=ORIENTED_EDGE('',*,*,#12920,.F.);
#13144=ORIENTED_EDGE('',*,*,#12943,.T.);
#13145=ORIENTED_EDGE('',*,*,#12965,.T.);
#13146=ORIENTED_EDGE('',*,*,#13128,.F.);
#13147=EDGE_LOOP('',(#13143,#13144,#13145,#13146));
#13148=FACE_OUTER_BOUND('',#13147,.F.);
#13150=CARTESIAN_POINT('',(-2.9E0,1.45E0,0.E0));
#13151=DIRECTION('',(1.E0,0.E0,0.E0));
#13152=DIRECTION('',(0.E0,0.E0,-1.E0));
#13153=AXIS2_PLACEMENT_3D('',#13150,#13151,#13152);
#13154=PLANE('',#13153);
#13156=ORIENTED_EDGE('',*,*,#13155,.T.);
#13157=ORIENTED_EDGE('',*,*,#8317,.F.);
#13159=ORIENTED_EDGE('',*,*,#13158,.T.);
#13161=ORIENTED_EDGE('',*,*,#13160,.T.);
#13163=ORIENTED_EDGE('',*,*,#13162,.T.);
#13165=ORIENTED_EDGE('',*,*,#13164,.T.);
#13167=ORIENTED_EDGE('',*,*,#13166,.T.);
#13169=ORIENTED_EDGE('',*,*,#13168,.T.);
#13170=EDGE_LOOP('',(#13156,#13157,#13159,#13161,#13163,#13165,#13167,#13169));
#13171=FACE_OUTER_BOUND('',#13170,.F.);
#13173=CARTESIAN_POINT('',(-2.9E0,-8.5E-1,-1.835E1));
#13174=DIRECTION('',(0.E0,1.E0,0.E0));
#13175=DIRECTION('',(0.E0,0.E0,1.E0));
#13176=AXIS2_PLACEMENT_3D('',#13173,#13174,#13175);
#13177=PLANE('',#13176);
#13178=ORIENTED_EDGE('',*,*,#13155,.F.);
#13180=ORIENTED_EDGE('',*,*,#13179,.T.);
#13182=ORIENTED_EDGE('',*,*,#13181,.T.);
#13183=ORIENTED_EDGE('',*,*,#8319,.F.);
#13184=EDGE_LOOP('',(#13178,#13180,#13182,#13183));
#13185=FACE_OUTER_BOUND('',#13184,.F.);
#13187=CARTESIAN_POINT('',(-2.9E0,-1.85E0,-1.835E1));
#13188=DIRECTION('',(1.E0,0.E0,0.E0));
#13189=DIRECTION('',(0.E0,0.E0,-1.E0));
#13190=AXIS2_PLACEMENT_3D('',#13187,#13188,#13189);
#13191=CYLINDRICAL_SURFACE('',#13190,1.E0);
#13192=ORIENTED_EDGE('',*,*,#13168,.F.);
#13194=ORIENTED_EDGE('',*,*,#13193,.T.);
#13196=ORIENTED_EDGE('',*,*,#13195,.T.);
#13197=ORIENTED_EDGE('',*,*,#13179,.F.);
#13198=EDGE_LOOP('',(#13192,#13194,#13196,#13197));
#13199=FACE_OUTER_BOUND('',#13198,.F.);
#13201=CARTESIAN_POINT('',(-2.9E0,-5.75E0,-1.935E1));
#13202=DIRECTION('',(0.E0,0.E0,-1.E0));
#13203=DIRECTION('',(0.E0,1.E0,0.E0));
#13204=AXIS2_PLACEMENT_3D('',#13201,#13202,#13203);
#13205=PLANE('',#13204);
#13207=ORIENTED_EDGE('',*,*,#13206,.T.);
#13209=ORIENTED_EDGE('',*,*,#13208,.F.);
#13211=ORIENTED_EDGE('',*,*,#13210,.T.);
#13213=ORIENTED_EDGE('',*,*,#13212,.T.);
#13215=ORIENTED_EDGE('',*,*,#13214,.F.);
#13217=ORIENTED_EDGE('',*,*,#13216,.F.);
#13219=ORIENTED_EDGE('',*,*,#13218,.T.);
#13221=ORIENTED_EDGE('',*,*,#13220,.T.);
#13222=ORIENTED_EDGE('',*,*,#13193,.F.);
#13223=ORIENTED_EDGE('',*,*,#13166,.F.);
#13224=EDGE_LOOP('',(#13207,#13209,#13211,#13213,#13215,#13217,#13219,#13221,
#13222,#13223));
#13225=FACE_OUTER_BOUND('',#13224,.F.);
#13227=CARTESIAN_POINT('',(-2.9E0,-5.75E0,-1.895E1));
#13228=DIRECTION('',(0.E0,-1.E0,0.E0));
#13229=DIRECTION('',(0.E0,0.E0,-1.E0));
#13230=AXIS2_PLACEMENT_3D('',#13227,#13228,#13229);
#13231=PLANE('',#13230);
#13233=ORIENTED_EDGE('',*,*,#13232,.T.);
#13235=ORIENTED_EDGE('',*,*,#13234,.T.);
#13237=ORIENTED_EDGE('',*,*,#13236,.T.);
#13238=ORIENTED_EDGE('',*,*,#13218,.F.);
#13239=EDGE_LOOP('',(#13233,#13235,#13237,#13238));
#13240=FACE_OUTER_BOUND('',#13239,.F.);
#13242=CARTESIAN_POINT('',(-2.9E0,-5.75E0,-1.895E1));
#13243=DIRECTION('',(0.E0,-1.E0,0.E0));
#13244=DIRECTION('',(0.E0,0.E0,-1.E0));
#13245=AXIS2_PLACEMENT_3D('',#13242,#13243,#13244);
#13246=PLANE('',#13245);
#13248=ORIENTED_EDGE('',*,*,#13247,.T.);
#13249=ORIENTED_EDGE('',*,*,#13206,.F.);
#13250=ORIENTED_EDGE('',*,*,#13164,.F.);
#13252=ORIENTED_EDGE('',*,*,#13251,.T.);
#13253=EDGE_LOOP('',(#13248,#13249,#13250,#13252));
#13254=FACE_OUTER_BOUND('',#13253,.F.);
#13256=CARTESIAN_POINT('',(-1.945E0,-5.88E0,-4.860596003783E1));
#13257=DIRECTION('',(0.E0,0.E0,1.E0));
#13258=DIRECTION('',(0.E0,1.E0,0.E0));
#13259=AXIS2_PLACEMENT_3D('',#13256,#13257,#13258);
#13260=CYLINDRICAL_SURFACE('',#13259,1.3E-1);
#13261=ORIENTED_EDGE('',*,*,#13232,.F.);
#13262=ORIENTED_EDGE('',*,*,#13216,.T.);
#13264=ORIENTED_EDGE('',*,*,#13263,.T.);
#13266=ORIENTED_EDGE('',*,*,#13265,.T.);
#13267=EDGE_LOOP('',(#13261,#13262,#13264,#13266));
#13268=FACE_OUTER_BOUND('',#13267,.F.);
#13270=CARTESIAN_POINT('',(-2.075E0,-5.75E0,-1.935E1));
#13271=DIRECTION('',(1.E0,0.E0,0.E0));
#13272=DIRECTION('',(0.E0,0.E0,1.E0));
#13273=AXIS2_PLACEMENT_3D('',#13270,#13271,#13272);
#13274=PLANE('',#13273);
#13275=ORIENTED_EDGE('',*,*,#13263,.F.);
#13276=ORIENTED_EDGE('',*,*,#13214,.T.);
#13278=ORIENTED_EDGE('',*,*,#13277,.T.);
#13280=ORIENTED_EDGE('',*,*,#13279,.F.);
#13281=EDGE_LOOP('',(#13275,#13276,#13278,#13280));
#13282=FACE_OUTER_BOUND('',#13281,.F.);
#13284=CARTESIAN_POINT('',(-2.9E0,-9.15E0,0.E0));
#13285=DIRECTION('',(0.E0,-1.E0,0.E0));
#13286=DIRECTION('',(-1.E0,0.E0,0.E0));
#13287=AXIS2_PLACEMENT_3D('',#13284,#13285,#13286);
#13288=PLANE('',#13287);
#13289=ORIENTED_EDGE('',*,*,#13277,.F.);
#13290=ORIENTED_EDGE('',*,*,#13212,.F.);
#13292=ORIENTED_EDGE('',*,*,#13291,.F.);
#13294=ORIENTED_EDGE('',*,*,#13293,.F.);
#13295=EDGE_LOOP('',(#13289,#13290,#13292,#13294));
#13296=FACE_OUTER_BOUND('',#13295,.F.);
#13298=CARTESIAN_POINT('',(-2.575E0,-5.75E0,-1.895E1));
#13299=DIRECTION('',(-1.E0,0.E0,0.E0));
#13300=DIRECTION('',(0.E0,0.E0,-1.E0));
#13301=AXIS2_PLACEMENT_3D('',#13298,#13299,#13300);
#13302=PLANE('',#13301);
#13304=ORIENTED_EDGE('',*,*,#13303,.F.);
#13306=ORIENTED_EDGE('',*,*,#13305,.T.);
#13307=ORIENTED_EDGE('',*,*,#13291,.T.);
#13308=ORIENTED_EDGE('',*,*,#13210,.F.);
#13309=EDGE_LOOP('',(#13304,#13306,#13307,#13308));
#13310=FACE_OUTER_BOUND('',#13309,.F.);
#13312=CARTESIAN_POINT('',(-2.705E0,-5.88E0,2.750596006686E1));
#13313=DIRECTION('',(0.E0,0.E0,-1.E0));
#13314=DIRECTION('',(0.E0,1.E0,0.E0));
#13315=AXIS2_PLACEMENT_3D('',#13312,#13313,#13314);
#13316=CYLINDRICAL_SURFACE('',#13315,1.3E-1);
#13317=ORIENTED_EDGE('',*,*,#13247,.F.);
#13319=ORIENTED_EDGE('',*,*,#13318,.T.);
#13320=ORIENTED_EDGE('',*,*,#13303,.T.);
#13321=ORIENTED_EDGE('',*,*,#13208,.T.);
#13322=EDGE_LOOP('',(#13317,#13319,#13320,#13321));
#13323=FACE_OUTER_BOUND('',#13322,.F.);
#13325=CARTESIAN_POINT('',(-2.9E0,-1.85E0,-1.895E1));
#13326=DIRECTION('',(0.E0,0.E0,1.E0));
#13327=DIRECTION('',(0.E0,-1.E0,0.E0));
#13328=AXIS2_PLACEMENT_3D('',#13325,#13326,#13327);
#13329=PLANE('',#13328);
#13330=ORIENTED_EDGE('',*,*,#13305,.F.);
#13331=ORIENTED_EDGE('',*,*,#13318,.F.);
#13332=ORIENTED_EDGE('',*,*,#13251,.F.);
#13333=ORIENTED_EDGE('',*,*,#13162,.F.);
#13335=ORIENTED_EDGE('',*,*,#13334,.T.);
#13337=ORIENTED_EDGE('',*,*,#13336,.T.);
#13338=ORIENTED_EDGE('',*,*,#13234,.F.);
#13339=ORIENTED_EDGE('',*,*,#13265,.F.);
#13340=ORIENTED_EDGE('',*,*,#13279,.T.);
#13341=ORIENTED_EDGE('',*,*,#13293,.T.);
#13342=EDGE_LOOP('',(#13330,#13331,#13332,#13333,#13335,#13337,#13338,#13339,
#13340,#13341));
#13343=FACE_OUTER_BOUND('',#13342,.F.);
#13345=CARTESIAN_POINT('',(-2.9E0,-1.85E0,-1.835E1));
#13346=DIRECTION('',(1.E0,0.E0,0.E0));
#13347=DIRECTION('',(0.E0,0.E0,-1.E0));
#13348=AXIS2_PLACEMENT_3D('',#13345,#13346,#13347);
#13349=CYLINDRICAL_SURFACE('',#13348,6.E-1);
#13350=ORIENTED_EDGE('',*,*,#13160,.F.);
#13352=ORIENTED_EDGE('',*,*,#13351,.T.);
#13354=ORIENTED_EDGE('',*,*,#13353,.T.);
#13355=ORIENTED_EDGE('',*,*,#13334,.F.);
#13356=EDGE_LOOP('',(#13350,#13352,#13354,#13355));
#13357=FACE_OUTER_BOUND('',#13356,.F.);
#13359=CARTESIAN_POINT('',(-2.9E0,-1.25E0,-1.745E1));
#13360=DIRECTION('',(0.E0,-1.E0,0.E0));
#13361=DIRECTION('',(0.E0,0.E0,-1.E0));
#13362=AXIS2_PLACEMENT_3D('',#13359,#13360,#13361);
#13363=PLANE('',#13362);
#13364=ORIENTED_EDGE('',*,*,#13158,.F.);
#13365=ORIENTED_EDGE('',*,*,#8323,.T.);
#13367=ORIENTED_EDGE('',*,*,#13366,.T.);
#13368=ORIENTED_EDGE('',*,*,#13351,.F.);
#13369=EDGE_LOOP('',(#13364,#13365,#13367,#13368));
#13370=FACE_OUTER_BOUND('',#13369,.F.);
#13372=CARTESIAN_POINT('',(-1.75E0,1.45E0,0.E0));
#13373=DIRECTION('',(1.E0,0.E0,0.E0));
#13374=DIRECTION('',(0.E0,0.E0,-1.E0));
#13375=AXIS2_PLACEMENT_3D('',#13372,#13373,#13374);
#13376=PLANE('',#13375);
#13377=ORIENTED_EDGE('',*,*,#13181,.F.);
#13378=ORIENTED_EDGE('',*,*,#13195,.F.);
#13379=ORIENTED_EDGE('',*,*,#13220,.F.);
#13380=ORIENTED_EDGE('',*,*,#13236,.F.);
#13381=ORIENTED_EDGE('',*,*,#13336,.F.);
#13382=ORIENTED_EDGE('',*,*,#13353,.F.);
#13383=ORIENTED_EDGE('',*,*,#13366,.F.);
#13384=ORIENTED_EDGE('',*,*,#8321,.T.);
#13385=EDGE_LOOP('',(#13377,#13378,#13379,#13380,#13381,#13382,#13383,#13384));
#13386=FACE_OUTER_BOUND('',#13385,.F.);
#13388=CARTESIAN_POINT('',(-3.20139E1,-6.25E0,-1.97E1));
#13389=DIRECTION('',(1.E0,0.E0,0.E0));
#13390=DIRECTION('',(0.E0,1.E0,0.E0));
#13391=AXIS2_PLACEMENT_3D('',#13388,#13389,#13390);
#13392=CYLINDRICAL_SURFACE('',#13391,3.E-1);
#13393=ORIENTED_EDGE('',*,*,#7977,.F.);
#13395=ORIENTED_EDGE('',*,*,#13394,.T.);
#13397=ORIENTED_EDGE('',*,*,#13396,.T.);
#13399=ORIENTED_EDGE('',*,*,#13398,.T.);
#13400=EDGE_LOOP('',(#13393,#13395,#13397,#13399));
#13401=FACE_OUTER_BOUND('',#13400,.F.);
#13403=CARTESIAN_POINT('',(-5.525E0,-5.95E0,-1.89E1));
#13404=DIRECTION('',(-1.E0,0.E0,0.E0));
#13405=DIRECTION('',(0.E0,0.E0,-1.E0));
#13406=AXIS2_PLACEMENT_3D('',#13403,#13404,#13405);
#13407=PLANE('',#13406);
#13408=ORIENTED_EDGE('',*,*,#7983,.T.);
#13410=ORIENTED_EDGE('',*,*,#13409,.F.);
#13412=ORIENTED_EDGE('',*,*,#13411,.T.);
#13414=ORIENTED_EDGE('',*,*,#13413,.T.);
#13416=ORIENTED_EDGE('',*,*,#13415,.F.);
#13417=ORIENTED_EDGE('',*,*,#13394,.F.);
#13418=EDGE_LOOP('',(#13408,#13410,#13412,#13414,#13416,#13417));
#13419=FACE_OUTER_BOUND('',#13418,.F.);
#13421=CARTESIAN_POINT('',(3.20139E1,-6.25E0,-1.86E1));
#13422=DIRECTION('',(-1.E0,0.E0,0.E0));
#13423=DIRECTION('',(0.E0,1.E0,0.E0));
#13424=AXIS2_PLACEMENT_3D('',#13421,#13422,#13423);
#13425=CYLINDRICAL_SURFACE('',#13424,3.E-1);
#13426=ORIENTED_EDGE('',*,*,#7981,.F.);
#13428=ORIENTED_EDGE('',*,*,#13427,.T.);
#13430=ORIENTED_EDGE('',*,*,#13429,.T.);
#13431=ORIENTED_EDGE('',*,*,#13409,.T.);
#13432=EDGE_LOOP('',(#13426,#13428,#13430,#13431));
#13433=FACE_OUTER_BOUND('',#13432,.F.);
#13435=CARTESIAN_POINT('',(-5.125E0,-5.95E0,-1.94E1));
#13436=DIRECTION('',(1.E0,0.E0,0.E0));
#13437=DIRECTION('',(0.E0,0.E0,1.E0));
#13438=AXIS2_PLACEMENT_3D('',#13435,#13436,#13437);
#13439=PLANE('',#13438);
#13441=ORIENTED_EDGE('',*,*,#13440,.F.);
#13442=ORIENTED_EDGE('',*,*,#13427,.F.);
#13443=ORIENTED_EDGE('',*,*,#7979,.T.);
#13444=ORIENTED_EDGE('',*,*,#13398,.F.);
#13446=ORIENTED_EDGE('',*,*,#13445,.T.);
#13448=ORIENTED_EDGE('',*,*,#13447,.T.);
#13449=EDGE_LOOP('',(#13441,#13442,#13443,#13444,#13446,#13448));
#13450=FACE_OUTER_BOUND('',#13449,.F.);
#13452=CARTESIAN_POINT('',(-5.125E0,-5.95E0,-1.89E1));
#13453=DIRECTION('',(0.E0,0.E0,1.E0));
#13454=DIRECTION('',(-1.E0,0.E0,0.E0));
#13455=AXIS2_PLACEMENT_3D('',#13452,#13453,#13454);
#13456=PLANE('',#13455);
#13457=ORIENTED_EDGE('',*,*,#13429,.F.);
#13458=ORIENTED_EDGE('',*,*,#13440,.T.);
#13460=ORIENTED_EDGE('',*,*,#13459,.T.);
#13461=ORIENTED_EDGE('',*,*,#13411,.F.);
#13462=EDGE_LOOP('',(#13457,#13458,#13460,#13461));
#13463=FACE_OUTER_BOUND('',#13462,.F.);
#13465=CARTESIAN_POINT('',(-6.875E0,-9.15E0,0.E0));
#13466=DIRECTION('',(0.E0,-1.E0,0.E0));
#13467=DIRECTION('',(0.E0,0.E0,-1.E0));
#13468=AXIS2_PLACEMENT_3D('',#13465,#13466,#13467);
#13469=PLANE('',#13468);
#13471=ORIENTED_EDGE('',*,*,#13470,.F.);
#13473=ORIENTED_EDGE('',*,*,#13472,.F.);
#13475=ORIENTED_EDGE('',*,*,#13474,.F.);
#13477=ORIENTED_EDGE('',*,*,#13476,.F.);
#13478=EDGE_LOOP('',(#13471,#13473,#13475,#13477));
#13479=FACE_OUTER_BOUND('',#13478,.F.);
#13481=CARTESIAN_POINT('',(-6.875E0,-9.15E0,0.E0));
#13482=DIRECTION('',(0.E0,-1.E0,0.E0));
#13483=DIRECTION('',(0.E0,0.E0,-1.E0));
#13484=AXIS2_PLACEMENT_3D('',#13481,#13482,#13483);
#13485=PLANE('',#13484);
#13487=ORIENTED_EDGE('',*,*,#13486,.F.);
#13489=ORIENTED_EDGE('',*,*,#13488,.F.);
#13491=ORIENTED_EDGE('',*,*,#13490,.F.);
#13493=ORIENTED_EDGE('',*,*,#13492,.F.);
#13494=EDGE_LOOP('',(#13487,#13489,#13491,#13493));
#13495=FACE_OUTER_BOUND('',#13494,.F.);
#13497=CARTESIAN_POINT('',(-6.875E0,-9.15E0,0.E0));
#13498=DIRECTION('',(0.E0,-1.E0,0.E0));
#13499=DIRECTION('',(0.E0,0.E0,-1.E0));
#13500=AXIS2_PLACEMENT_3D('',#13497,#13498,#13499);
#13501=PLANE('',#13500);
#13502=ORIENTED_EDGE('',*,*,#13413,.F.);
#13503=ORIENTED_EDGE('',*,*,#13459,.F.);
#13504=ORIENTED_EDGE('',*,*,#13447,.F.);
#13506=ORIENTED_EDGE('',*,*,#13505,.F.);
#13507=EDGE_LOOP('',(#13502,#13503,#13504,#13506));
#13508=FACE_OUTER_BOUND('',#13507,.F.);
#13510=CARTESIAN_POINT('',(-5.125E0,-5.95E0,-4.9E0));
#13511=DIRECTION('',(0.E0,0.E0,1.E0));
#13512=DIRECTION('',(-1.E0,0.E0,0.E0));
#13513=AXIS2_PLACEMENT_3D('',#13510,#13511,#13512);
#13514=PLANE('',#13513);
#13516=ORIENTED_EDGE('',*,*,#13515,.F.);
#13518=ORIENTED_EDGE('',*,*,#13517,.T.);
#13519=ORIENTED_EDGE('',*,*,#13470,.T.);
#13521=ORIENTED_EDGE('',*,*,#13520,.F.);
#13522=EDGE_LOOP('',(#13516,#13518,#13519,#13521));
#13523=FACE_OUTER_BOUND('',#13522,.F.);
#13525=CARTESIAN_POINT('',(3.20139E1,-6.25E0,-4.6E0));
#13526=DIRECTION('',(-1.E0,0.E0,0.E0));
#13527=DIRECTION('',(0.E0,1.E0,0.E0));
#13528=AXIS2_PLACEMENT_3D('',#13525,#13526,#13527);
#13529=CYLINDRICAL_SURFACE('',#13528,3.E-1);
#13530=ORIENTED_EDGE('',*,*,#8001,.F.);
#13532=ORIENTED_EDGE('',*,*,#13531,.T.);
#13533=ORIENTED_EDGE('',*,*,#13515,.T.);
#13535=ORIENTED_EDGE('',*,*,#13534,.T.);
#13536=EDGE_LOOP('',(#13530,#13532,#13533,#13535));
#13537=FACE_OUTER_BOUND('',#13536,.F.);
#13539=CARTESIAN_POINT('',(-5.125E0,-5.95E0,-5.4E0));
#13540=DIRECTION('',(1.E0,0.E0,0.E0));
#13541=DIRECTION('',(0.E0,0.E0,1.E0));
#13542=AXIS2_PLACEMENT_3D('',#13539,#13540,#13541);
#13543=PLANE('',#13542);
#13544=ORIENTED_EDGE('',*,*,#13517,.F.);
#13545=ORIENTED_EDGE('',*,*,#13531,.F.);
#13546=ORIENTED_EDGE('',*,*,#7999,.T.);
#13548=ORIENTED_EDGE('',*,*,#13547,.F.);
#13550=ORIENTED_EDGE('',*,*,#13549,.T.);
#13551=ORIENTED_EDGE('',*,*,#13472,.T.);
#13552=EDGE_LOOP('',(#13544,#13545,#13546,#13548,#13550,#13551));
#13553=FACE_OUTER_BOUND('',#13552,.F.);
#13555=CARTESIAN_POINT('',(-3.20139E1,-6.25E0,-5.7E0));
#13556=DIRECTION('',(1.E0,0.E0,0.E0));
#13557=DIRECTION('',(0.E0,1.E0,0.E0));
#13558=AXIS2_PLACEMENT_3D('',#13555,#13556,#13557);
#13559=CYLINDRICAL_SURFACE('',#13558,3.E-1);
#13560=ORIENTED_EDGE('',*,*,#7997,.F.);
#13562=ORIENTED_EDGE('',*,*,#13561,.T.);
#13564=ORIENTED_EDGE('',*,*,#13563,.T.);
#13565=ORIENTED_EDGE('',*,*,#13547,.T.);
#13566=EDGE_LOOP('',(#13560,#13562,#13564,#13565));
#13567=FACE_OUTER_BOUND('',#13566,.F.);
#13569=CARTESIAN_POINT('',(-5.525E0,-5.95E0,-4.9E0));
#13570=DIRECTION('',(-1.E0,0.E0,0.E0));
#13571=DIRECTION('',(0.E0,0.E0,-1.E0));
#13572=AXIS2_PLACEMENT_3D('',#13569,#13570,#13571);
#13573=PLANE('',#13572);
#13574=ORIENTED_EDGE('',*,*,#8003,.T.);
#13575=ORIENTED_EDGE('',*,*,#13534,.F.);
#13576=ORIENTED_EDGE('',*,*,#13520,.T.);
#13577=ORIENTED_EDGE('',*,*,#13476,.T.);
#13579=ORIENTED_EDGE('',*,*,#13578,.F.);
#13580=ORIENTED_EDGE('',*,*,#13561,.F.);
#13581=EDGE_LOOP('',(#13574,#13575,#13576,#13577,#13579,#13580));
#13582=FACE_OUTER_BOUND('',#13581,.F.);
#13584=CARTESIAN_POINT('',(-5.525E0,-5.95E0,-5.4E0));
#13585=DIRECTION('',(0.E0,0.E0,-1.E0));
#13586=DIRECTION('',(1.E0,0.E0,0.E0));
#13587=AXIS2_PLACEMENT_3D('',#13584,#13585,#13586);
#13588=PLANE('',#13587);
#13589=ORIENTED_EDGE('',*,*,#13563,.F.);
#13590=ORIENTED_EDGE('',*,*,#13578,.T.);
#13591=ORIENTED_EDGE('',*,*,#13474,.T.);
#13592=ORIENTED_EDGE('',*,*,#13549,.F.);
#13593=EDGE_LOOP('',(#13589,#13590,#13591,#13592));
#13594=FACE_OUTER_BOUND('',#13593,.F.);
#13596=CARTESIAN_POINT('',(-5.525E0,-5.95E0,-1.19E1));
#13597=DIRECTION('',(-1.E0,0.E0,0.E0));
#13598=DIRECTION('',(0.E0,0.E0,-1.E0));
#13599=AXIS2_PLACEMENT_3D('',#13596,#13597,#13598);
#13600=PLANE('',#13599);
#13601=ORIENTED_EDGE('',*,*,#7993,.T.);
#13603=ORIENTED_EDGE('',*,*,#13602,.F.);
#13605=ORIENTED_EDGE('',*,*,#13604,.T.);
#13606=ORIENTED_EDGE('',*,*,#13486,.T.);
#13608=ORIENTED_EDGE('',*,*,#13607,.F.);
#13610=ORIENTED_EDGE('',*,*,#13609,.F.);
#13611=EDGE_LOOP('',(#13601,#13603,#13605,#13606,#13608,#13610));
#13612=FACE_OUTER_BOUND('',#13611,.F.);
#13614=CARTESIAN_POINT('',(3.20139E1,-6.25E0,-1.16E1));
#13615=DIRECTION('',(-1.E0,0.E0,0.E0));
#13616=DIRECTION('',(0.E0,1.E0,0.E0));
#13617=AXIS2_PLACEMENT_3D('',#13614,#13615,#13616);
#13618=CYLINDRICAL_SURFACE('',#13617,3.E-1);
#13619=ORIENTED_EDGE('',*,*,#7991,.F.);
#13621=ORIENTED_EDGE('',*,*,#13620,.T.);
#13623=ORIENTED_EDGE('',*,*,#13622,.T.);
#13624=ORIENTED_EDGE('',*,*,#13602,.T.);
#13625=EDGE_LOOP('',(#13619,#13621,#13623,#13624));
#13626=FACE_OUTER_BOUND('',#13625,.F.);
#13628=CARTESIAN_POINT('',(-5.125E0,-5.95E0,-1.24E1));
#13629=DIRECTION('',(1.E0,0.E0,0.E0));
#13630=DIRECTION('',(0.E0,0.E0,1.E0));
#13631=AXIS2_PLACEMENT_3D('',#13628,#13629,#13630);
#13632=PLANE('',#13631);
#13634=ORIENTED_EDGE('',*,*,#13633,.F.);
#13635=ORIENTED_EDGE('',*,*,#13620,.F.);
#13636=ORIENTED_EDGE('',*,*,#7989,.T.);
#13638=ORIENTED_EDGE('',*,*,#13637,.F.);
#13640=ORIENTED_EDGE('',*,*,#13639,.T.);
#13641=ORIENTED_EDGE('',*,*,#13490,.T.);
#13642=EDGE_LOOP('',(#13634,#13635,#13636,#13638,#13640,#13641));
#13643=FACE_OUTER_BOUND('',#13642,.F.);
#13645=CARTESIAN_POINT('',(-5.125E0,-5.95E0,-1.19E1));
#13646=DIRECTION('',(0.E0,0.E0,1.E0));
#13647=DIRECTION('',(-1.E0,0.E0,0.E0));
#13648=AXIS2_PLACEMENT_3D('',#13645,#13646,#13647);
#13649=PLANE('',#13648);
#13650=ORIENTED_EDGE('',*,*,#13622,.F.);
#13651=ORIENTED_EDGE('',*,*,#13633,.T.);
#13652=ORIENTED_EDGE('',*,*,#13488,.T.);
#13653=ORIENTED_EDGE('',*,*,#13604,.F.);
#13654=EDGE_LOOP('',(#13650,#13651,#13652,#13653));
#13655=FACE_OUTER_BOUND('',#13654,.F.);
#13657=CARTESIAN_POINT('',(-3.20139E1,-6.25E0,-1.27E1));
#13658=DIRECTION('',(1.E0,0.E0,0.E0));
#13659=DIRECTION('',(0.E0,1.E0,0.E0));
#13660=AXIS2_PLACEMENT_3D('',#13657,#13658,#13659);
#13661=CYLINDRICAL_SURFACE('',#13660,3.E-1);
#13662=ORIENTED_EDGE('',*,*,#7987,.F.);
#13663=ORIENTED_EDGE('',*,*,#13609,.T.);
#13665=ORIENTED_EDGE('',*,*,#13664,.T.);
#13666=ORIENTED_EDGE('',*,*,#13637,.T.);
#13667=EDGE_LOOP('',(#13662,#13663,#13665,#13666));
#13668=FACE_OUTER_BOUND('',#13667,.F.);
#13670=CARTESIAN_POINT('',(-5.525E0,-5.95E0,-1.24E1));
#13671=DIRECTION('',(0.E0,0.E0,-1.E0));
#13672=DIRECTION('',(1.E0,0.E0,0.E0));
#13673=AXIS2_PLACEMENT_3D('',#13670,#13671,#13672);
#13674=PLANE('',#13673);
#13675=ORIENTED_EDGE('',*,*,#13664,.F.);
#13676=ORIENTED_EDGE('',*,*,#13607,.T.);
#13677=ORIENTED_EDGE('',*,*,#13492,.T.);
#13678=ORIENTED_EDGE('',*,*,#13639,.F.);
#13679=EDGE_LOOP('',(#13675,#13676,#13677,#13678));
#13680=FACE_OUTER_BOUND('',#13679,.F.);
#13682=CARTESIAN_POINT('',(-5.525E0,-5.95E0,-1.94E1));
#13683=DIRECTION('',(0.E0,0.E0,-1.E0));
#13684=DIRECTION('',(1.E0,0.E0,0.E0));
#13685=AXIS2_PLACEMENT_3D('',#13682,#13683,#13684);
#13686=PLANE('',#13685);
#13687=ORIENTED_EDGE('',*,*,#13396,.F.);
#13688=ORIENTED_EDGE('',*,*,#13415,.T.);
#13689=ORIENTED_EDGE('',*,*,#13505,.T.);
#13690=ORIENTED_EDGE('',*,*,#13445,.F.);
#13691=EDGE_LOOP('',(#13687,#13688,#13689,#13690));
#13692=FACE_OUTER_BOUND('',#13691,.F.);
#13694=CARTESIAN_POINT('',(3.20139E1,-5.83E0,-2.155964425627E0));
#13695=DIRECTION('',(-1.E0,0.E0,0.E0));
#13696=DIRECTION('',(0.E0,-1.E0,0.E0));
#13697=AXIS2_PLACEMENT_3D('',#13694,#13695,#13696);
#13698=CYLINDRICAL_SURFACE('',#13697,5.2E-1);
#13700=ORIENTED_EDGE('',*,*,#13699,.T.);
#13701=ORIENTED_EDGE('',*,*,#8007,.F.);
#13703=ORIENTED_EDGE('',*,*,#13702,.T.);
#13705=ORIENTED_EDGE('',*,*,#13704,.T.);
#13706=EDGE_LOOP('',(#13700,#13701,#13703,#13705));
#13707=FACE_OUTER_BOUND('',#13706,.F.);
#13709=CARTESIAN_POINT('',(-5.525E0,-5.95E0,-1.65E0));
#13710=DIRECTION('',(-1.E0,0.E0,0.E0));
#13711=DIRECTION('',(0.E0,0.E0,-1.E0));
#13712=AXIS2_PLACEMENT_3D('',#13709,#13710,#13711);
#13713=PLANE('',#13712);
#13714=ORIENTED_EDGE('',*,*,#13699,.F.);
#13716=ORIENTED_EDGE('',*,*,#13715,.T.);
#13718=ORIENTED_EDGE('',*,*,#13717,.F.);
#13719=ORIENTED_EDGE('',*,*,#8009,.F.);
#13720=EDGE_LOOP('',(#13714,#13716,#13718,#13719));
#13721=FACE_OUTER_BOUND('',#13720,.F.);
#13723=CARTESIAN_POINT('',(-6.875E0,-6.35E0,0.E0));
#13724=DIRECTION('',(0.E0,-1.E0,0.E0));
#13725=DIRECTION('',(0.E0,0.E0,-1.E0));
#13726=AXIS2_PLACEMENT_3D('',#13723,#13724,#13725);
#13727=PLANE('',#13726);
#13728=ORIENTED_EDGE('',*,*,#13704,.F.);
#13730=ORIENTED_EDGE('',*,*,#13729,.F.);
#13732=ORIENTED_EDGE('',*,*,#13731,.F.);
#13733=ORIENTED_EDGE('',*,*,#13715,.F.);
#13734=EDGE_LOOP('',(#13728,#13730,#13732,#13733));
#13735=FACE_OUTER_BOUND('',#13734,.F.);
#13737=CARTESIAN_POINT('',(-6.875E0,-6.35E0,0.E0));
#13738=DIRECTION('',(0.E0,-1.E0,0.E0));
#13739=DIRECTION('',(0.E0,0.E0,-1.E0));
#13740=AXIS2_PLACEMENT_3D('',#13737,#13738,#13739);
#13741=PLANE('',#13740);
#13743=ORIENTED_EDGE('',*,*,#13742,.F.);
#13745=ORIENTED_EDGE('',*,*,#13744,.F.);
#13747=ORIENTED_EDGE('',*,*,#13746,.F.);
#13749=ORIENTED_EDGE('',*,*,#13748,.F.);
#13750=EDGE_LOOP('',(#13743,#13745,#13747,#13749));
#13751=FACE_OUTER_BOUND('',#13750,.F.);
#13753=CARTESIAN_POINT('',(-6.875E0,-6.35E0,0.E0));
#13754=DIRECTION('',(0.E0,-1.E0,0.E0));
#13755=DIRECTION('',(0.E0,0.E0,-1.E0));
#13756=AXIS2_PLACEMENT_3D('',#13753,#13754,#13755);
#13757=PLANE('',#13756);
#13759=ORIENTED_EDGE('',*,*,#13758,.F.);
#13761=ORIENTED_EDGE('',*,*,#13760,.F.);
#13763=ORIENTED_EDGE('',*,*,#13762,.F.);
#13765=ORIENTED_EDGE('',*,*,#13764,.F.);
#13766=EDGE_LOOP('',(#13759,#13761,#13763,#13765));
#13767=FACE_OUTER_BOUND('',#13766,.F.);
#13769=CARTESIAN_POINT('',(-5.125E0,-5.95E0,-4.01E0));
#13770=DIRECTION('',(1.E0,0.E0,0.E0));
#13771=DIRECTION('',(0.E0,0.E0,1.E0));
#13772=AXIS2_PLACEMENT_3D('',#13769,#13770,#13771);
#13773=PLANE('',#13772);
#13774=ORIENTED_EDGE('',*,*,#13702,.F.);
#13775=ORIENTED_EDGE('',*,*,#8013,.F.);
#13777=ORIENTED_EDGE('',*,*,#13776,.F.);
#13778=ORIENTED_EDGE('',*,*,#13729,.T.);
#13779=EDGE_LOOP('',(#13774,#13775,#13777,#13778));
#13780=FACE_OUTER_BOUND('',#13779,.F.);
#13782=CARTESIAN_POINT('',(-3.20139E1,-5.67E0,-3.390322664607E0));
#13783=DIRECTION('',(1.E0,0.E0,0.E0));
#13784=DIRECTION('',(0.E0,-1.E0,0.E0));
#13785=AXIS2_PLACEMENT_3D('',#13782,#13783,#13784);
#13786=CYLINDRICAL_SURFACE('',#13785,6.8E-1);
#13787=ORIENTED_EDGE('',*,*,#13776,.T.);
#13788=ORIENTED_EDGE('',*,*,#8011,.F.);
#13789=ORIENTED_EDGE('',*,*,#13717,.T.);
#13790=ORIENTED_EDGE('',*,*,#13731,.T.);
#13791=EDGE_LOOP('',(#13787,#13788,#13789,#13790));
#13792=FACE_OUTER_BOUND('',#13791,.F.);
#13794=CARTESIAN_POINT('',(3.20139E1,-5.55E0,-6.908820323028E0));
#13795=DIRECTION('',(-1.E0,0.E0,0.E0));
#13796=DIRECTION('',(0.E0,-1.E0,0.E0));
#13797=AXIS2_PLACEMENT_3D('',#13794,#13795,#13796);
#13798=CYLINDRICAL_SURFACE('',#13797,8.E-1);
#13800=ORIENTED_EDGE('',*,*,#13799,.T.);
#13801=ORIENTED_EDGE('',*,*,#8017,.F.);
#13803=ORIENTED_EDGE('',*,*,#13802,.T.);
#13804=ORIENTED_EDGE('',*,*,#13742,.T.);
#13805=EDGE_LOOP('',(#13800,#13801,#13803,#13804));
#13806=FACE_OUTER_BOUND('',#13805,.F.);
#13808=CARTESIAN_POINT('',(-5.525E0,-5.95E0,-6.216E0));
#13809=DIRECTION('',(-1.E0,0.E0,0.E0));
#13810=DIRECTION('',(0.E0,0.E0,-1.E0));
#13811=AXIS2_PLACEMENT_3D('',#13808,#13809,#13810);
#13812=PLANE('',#13811);
#13813=ORIENTED_EDGE('',*,*,#13799,.F.);
#13814=ORIENTED_EDGE('',*,*,#13748,.T.);
#13816=ORIENTED_EDGE('',*,*,#13815,.F.);
#13817=ORIENTED_EDGE('',*,*,#8019,.F.);
#13818=EDGE_LOOP('',(#13813,#13814,#13816,#13817));
#13819=FACE_OUTER_BOUND('',#13818,.F.);
#13821=CARTESIAN_POINT('',(-3.20139E1,-5.67E0,-1.039032266461E1));
#13822=DIRECTION('',(1.E0,0.E0,0.E0));
#13823=DIRECTION('',(0.E0,-1.E0,0.E0));
#13824=AXIS2_PLACEMENT_3D('',#13821,#13822,#13823);
#13825=CYLINDRICAL_SURFACE('',#13824,6.8E-1);
#13827=ORIENTED_EDGE('',*,*,#13826,.T.);
#13828=ORIENTED_EDGE('',*,*,#8021,.F.);
#13829=ORIENTED_EDGE('',*,*,#13815,.T.);
#13830=ORIENTED_EDGE('',*,*,#13746,.T.);
#13831=EDGE_LOOP('',(#13827,#13828,#13829,#13830));
#13832=FACE_OUTER_BOUND('',#13831,.F.);
#13834=CARTESIAN_POINT('',(-5.125E0,-5.95E0,-1.101E1));
#13835=DIRECTION('',(1.E0,0.E0,0.E0));
#13836=DIRECTION('',(0.E0,0.E0,1.E0));
#13837=AXIS2_PLACEMENT_3D('',#13834,#13835,#13836);
#13838=PLANE('',#13837);
#13839=ORIENTED_EDGE('',*,*,#13802,.F.);
#13840=ORIENTED_EDGE('',*,*,#8023,.F.);
#13841=ORIENTED_EDGE('',*,*,#13826,.F.);
#13842=ORIENTED_EDGE('',*,*,#13744,.T.);
#13843=EDGE_LOOP('',(#13839,#13840,#13841,#13842));
#13844=FACE_OUTER_BOUND('',#13843,.F.);
#13846=CARTESIAN_POINT('',(-3.20139E1,-5.67E0,-1.739032266461E1));
#13847=DIRECTION('',(1.E0,0.E0,0.E0));
#13848=DIRECTION('',(0.E0,-1.E0,0.E0));
#13849=AXIS2_PLACEMENT_3D('',#13846,#13847,#13848);
#13850=CYLINDRICAL_SURFACE('',#13849,6.8E-1);
#13852=ORIENTED_EDGE('',*,*,#13851,.T.);
#13853=ORIENTED_EDGE('',*,*,#8027,.F.);
#13855=ORIENTED_EDGE('',*,*,#13854,.T.);
#13856=ORIENTED_EDGE('',*,*,#13758,.T.);
#13857=EDGE_LOOP('',(#13852,#13853,#13855,#13856));
#13858=FACE_OUTER_BOUND('',#13857,.F.);
#13860=CARTESIAN_POINT('',(-5.125E0,-5.95E0,-1.801E1));
#13861=DIRECTION('',(1.E0,0.E0,0.E0));
#13862=DIRECTION('',(0.E0,0.E0,1.E0));
#13863=AXIS2_PLACEMENT_3D('',#13860,#13861,#13862);
#13864=PLANE('',#13863);
#13865=ORIENTED_EDGE('',*,*,#13851,.F.);
#13866=ORIENTED_EDGE('',*,*,#13764,.T.);
#13868=ORIENTED_EDGE('',*,*,#13867,.F.);
#13869=ORIENTED_EDGE('',*,*,#8029,.F.);
#13870=EDGE_LOOP('',(#13865,#13866,#13868,#13869));
#13871=FACE_OUTER_BOUND('',#13870,.F.);
#13873=CARTESIAN_POINT('',(3.20139E1,-5.55E0,-1.390882032303E1));
#13874=DIRECTION('',(-1.E0,0.E0,0.E0));
#13875=DIRECTION('',(0.E0,-1.E0,0.E0));
#13876=AXIS2_PLACEMENT_3D('',#13873,#13874,#13875);
#13877=CYLINDRICAL_SURFACE('',#13876,8.E-1);
#13879=ORIENTED_EDGE('',*,*,#13878,.T.);
#13880=ORIENTED_EDGE('',*,*,#8031,.F.);
#13881=ORIENTED_EDGE('',*,*,#13867,.T.);
#13882=ORIENTED_EDGE('',*,*,#13762,.T.);
#13883=EDGE_LOOP('',(#13879,#13880,#13881,#13882));
#13884=FACE_OUTER_BOUND('',#13883,.F.);
#13886=CARTESIAN_POINT('',(-5.525E0,-5.95E0,-1.3216E1));
#13887=DIRECTION('',(-1.E0,0.E0,0.E0));
#13888=DIRECTION('',(0.E0,0.E0,-1.E0));
#13889=AXIS2_PLACEMENT_3D('',#13886,#13887,#13888);
#13890=PLANE('',#13889);
#13891=ORIENTED_EDGE('',*,*,#13854,.F.);
#13892=ORIENTED_EDGE('',*,*,#8033,.F.);
#13893=ORIENTED_EDGE('',*,*,#13878,.F.);
#13894=ORIENTED_EDGE('',*,*,#13760,.T.);
#13895=EDGE_LOOP('',(#13891,#13892,#13893,#13894));
#13896=FACE_OUTER_BOUND('',#13895,.F.);
#13898=CARTESIAN_POINT('',(-3.20139E1,-6.25E0,-1.97E1));
#13899=DIRECTION('',(1.E0,0.E0,0.E0));
#13900=DIRECTION('',(0.E0,1.E0,0.E0));
#13901=AXIS2_PLACEMENT_3D('',#13898,#13899,#13900);
#13902=CYLINDRICAL_SURFACE('',#13901,3.E-1);
#13903=ORIENTED_EDGE('',*,*,#8102,.F.);
#13905=ORIENTED_EDGE('',*,*,#13904,.T.);
#13907=ORIENTED_EDGE('',*,*,#13906,.T.);
#13909=ORIENTED_EDGE('',*,*,#13908,.T.);
#13910=EDGE_LOOP('',(#13903,#13905,#13907,#13909));
#13911=FACE_OUTER_BOUND('',#13910,.F.);
#13913=CARTESIAN_POINT('',(2.275E0,-5.95E0,-1.89E1));
#13914=DIRECTION('',(-1.E0,0.E0,0.E0));
#13915=DIRECTION('',(0.E0,0.E0,-1.E0));
#13916=AXIS2_PLACEMENT_3D('',#13913,#13914,#13915);
#13917=PLANE('',#13916);
#13918=ORIENTED_EDGE('',*,*,#8108,.T.);
#13920=ORIENTED_EDGE('',*,*,#13919,.F.);
#13922=ORIENTED_EDGE('',*,*,#13921,.T.);
#13924=ORIENTED_EDGE('',*,*,#13923,.T.);
#13926=ORIENTED_EDGE('',*,*,#13925,.F.);
#13927=ORIENTED_EDGE('',*,*,#13904,.F.);
#13928=EDGE_LOOP('',(#13918,#13920,#13922,#13924,#13926,#13927));
#13929=FACE_OUTER_BOUND('',#13928,.F.);
#13931=CARTESIAN_POINT('',(3.20139E1,-6.25E0,-1.86E1));
#13932=DIRECTION('',(-1.E0,0.E0,0.E0));
#13933=DIRECTION('',(0.E0,1.E0,0.E0));
#13934=AXIS2_PLACEMENT_3D('',#13931,#13932,#13933);
#13935=CYLINDRICAL_SURFACE('',#13934,3.E-1);
#13936=ORIENTED_EDGE('',*,*,#8106,.F.);
#13938=ORIENTED_EDGE('',*,*,#13937,.T.);
#13940=ORIENTED_EDGE('',*,*,#13939,.T.);
#13941=ORIENTED_EDGE('',*,*,#13919,.T.);
#13942=EDGE_LOOP('',(#13936,#13938,#13940,#13941));
#13943=FACE_OUTER_BOUND('',#13942,.F.);
#13945=CARTESIAN_POINT('',(2.675E0,-5.95E0,-1.94E1));
#13946=DIRECTION('',(1.E0,0.E0,0.E0));
#13947=DIRECTION('',(0.E0,0.E0,1.E0));
#13948=AXIS2_PLACEMENT_3D('',#13945,#13946,#13947);
#13949=PLANE('',#13948);
#13951=ORIENTED_EDGE('',*,*,#13950,.F.);
#13952=ORIENTED_EDGE('',*,*,#13937,.F.);
#13953=ORIENTED_EDGE('',*,*,#8104,.T.);
#13954=ORIENTED_EDGE('',*,*,#13908,.F.);
#13956=ORIENTED_EDGE('',*,*,#13955,.T.);
#13958=ORIENTED_EDGE('',*,*,#13957,.T.);
#13959=EDGE_LOOP('',(#13951,#13952,#13953,#13954,#13956,#13958));
#13960=FACE_OUTER_BOUND('',#13959,.F.);
#13962=CARTESIAN_POINT('',(2.675E0,-5.95E0,-1.89E1));
#13963=DIRECTION('',(0.E0,0.E0,1.E0));
#13964=DIRECTION('',(-1.E0,0.E0,0.E0));
#13965=AXIS2_PLACEMENT_3D('',#13962,#13963,#13964);
#13966=PLANE('',#13965);
#13967=ORIENTED_EDGE('',*,*,#13939,.F.);
#13968=ORIENTED_EDGE('',*,*,#13950,.T.);
#13970=ORIENTED_EDGE('',*,*,#13969,.T.);
#13971=ORIENTED_EDGE('',*,*,#13921,.F.);
#13972=EDGE_LOOP('',(#13967,#13968,#13970,#13971));
#13973=FACE_OUTER_BOUND('',#13972,.F.);
#13975=CARTESIAN_POINT('',(9.25E-1,-9.15E0,0.E0));
#13976=DIRECTION('',(0.E0,-1.E0,0.E0));
#13977=DIRECTION('',(0.E0,0.E0,-1.E0));
#13978=AXIS2_PLACEMENT_3D('',#13975,#13976,#13977);
#13979=PLANE('',#13978);
#13981=ORIENTED_EDGE('',*,*,#13980,.F.);
#13983=ORIENTED_EDGE('',*,*,#13982,.F.);
#13985=ORIENTED_EDGE('',*,*,#13984,.F.);
#13987=ORIENTED_EDGE('',*,*,#13986,.F.);
#13988=EDGE_LOOP('',(#13981,#13983,#13985,#13987));
#13989=FACE_OUTER_BOUND('',#13988,.F.);
#13991=CARTESIAN_POINT('',(9.25E-1,-9.15E0,0.E0));
#13992=DIRECTION('',(0.E0,-1.E0,0.E0));
#13993=DIRECTION('',(0.E0,0.E0,-1.E0));
#13994=AXIS2_PLACEMENT_3D('',#13991,#13992,#13993);
#13995=PLANE('',#13994);
#13997=ORIENTED_EDGE('',*,*,#13996,.F.);
#13999=ORIENTED_EDGE('',*,*,#13998,.F.);
#14001=ORIENTED_EDGE('',*,*,#14000,.F.);
#14003=ORIENTED_EDGE('',*,*,#14002,.F.);
#14004=EDGE_LOOP('',(#13997,#13999,#14001,#14003));
#14005=FACE_OUTER_BOUND('',#14004,.F.);
#14007=CARTESIAN_POINT('',(9.25E-1,-9.15E0,0.E0));
#14008=DIRECTION('',(0.E0,-1.E0,0.E0));
#14009=DIRECTION('',(0.E0,0.E0,-1.E0));
#14010=AXIS2_PLACEMENT_3D('',#14007,#14008,#14009);
#14011=PLANE('',#14010);
#14012=ORIENTED_EDGE('',*,*,#13923,.F.);
#14013=ORIENTED_EDGE('',*,*,#13969,.F.);
#14014=ORIENTED_EDGE('',*,*,#13957,.F.);
#14016=ORIENTED_EDGE('',*,*,#14015,.F.);
#14017=EDGE_LOOP('',(#14012,#14013,#14014,#14016));
#14018=FACE_OUTER_BOUND('',#14017,.F.);
#14020=CARTESIAN_POINT('',(2.675E0,-5.95E0,-4.9E0));
#14021=DIRECTION('',(0.E0,0.E0,1.E0));
#14022=DIRECTION('',(-1.E0,0.E0,0.E0));
#14023=AXIS2_PLACEMENT_3D('',#14020,#14021,#14022);
#14024=PLANE('',#14023);
#14026=ORIENTED_EDGE('',*,*,#14025,.F.);
#14028=ORIENTED_EDGE('',*,*,#14027,.T.);
#14029=ORIENTED_EDGE('',*,*,#13980,.T.);
#14031=ORIENTED_EDGE('',*,*,#14030,.F.);
#14032=EDGE_LOOP('',(#14026,#14028,#14029,#14031));
#14033=FACE_OUTER_BOUND('',#14032,.F.);
#14035=CARTESIAN_POINT('',(3.20139E1,-6.25E0,-4.6E0));
#14036=DIRECTION('',(-1.E0,0.E0,0.E0));
#14037=DIRECTION('',(0.E0,1.E0,0.E0));
#14038=AXIS2_PLACEMENT_3D('',#14035,#14036,#14037);
#14039=CYLINDRICAL_SURFACE('',#14038,3.E-1);
#14040=ORIENTED_EDGE('',*,*,#8126,.F.);
#14042=ORIENTED_EDGE('',*,*,#14041,.T.);
#14043=ORIENTED_EDGE('',*,*,#14025,.T.);
#14045=ORIENTED_EDGE('',*,*,#14044,.T.);
#14046=EDGE_LOOP('',(#14040,#14042,#14043,#14045));
#14047=FACE_OUTER_BOUND('',#14046,.F.);
#14049=CARTESIAN_POINT('',(2.675E0,-5.95E0,-5.4E0));
#14050=DIRECTION('',(1.E0,0.E0,0.E0));
#14051=DIRECTION('',(0.E0,0.E0,1.E0));
#14052=AXIS2_PLACEMENT_3D('',#14049,#14050,#14051);
#14053=PLANE('',#14052);
#14054=ORIENTED_EDGE('',*,*,#14027,.F.);
#14055=ORIENTED_EDGE('',*,*,#14041,.F.);
#14056=ORIENTED_EDGE('',*,*,#8124,.T.);
#14058=ORIENTED_EDGE('',*,*,#14057,.F.);
#14060=ORIENTED_EDGE('',*,*,#14059,.T.);
#14061=ORIENTED_EDGE('',*,*,#13982,.T.);
#14062=EDGE_LOOP('',(#14054,#14055,#14056,#14058,#14060,#14061));
#14063=FACE_OUTER_BOUND('',#14062,.F.);
#14065=CARTESIAN_POINT('',(-3.20139E1,-6.25E0,-5.7E0));
#14066=DIRECTION('',(1.E0,0.E0,0.E0));
#14067=DIRECTION('',(0.E0,1.E0,0.E0));
#14068=AXIS2_PLACEMENT_3D('',#14065,#14066,#14067);
#14069=CYLINDRICAL_SURFACE('',#14068,3.E-1);
#14070=ORIENTED_EDGE('',*,*,#8122,.F.);
#14072=ORIENTED_EDGE('',*,*,#14071,.T.);
#14074=ORIENTED_EDGE('',*,*,#14073,.T.);
#14075=ORIENTED_EDGE('',*,*,#14057,.T.);
#14076=EDGE_LOOP('',(#14070,#14072,#14074,#14075));
#14077=FACE_OUTER_BOUND('',#14076,.F.);
#14079=CARTESIAN_POINT('',(2.275E0,-5.95E0,-4.9E0));
#14080=DIRECTION('',(-1.E0,0.E0,0.E0));
#14081=DIRECTION('',(0.E0,0.E0,-1.E0));
#14082=AXIS2_PLACEMENT_3D('',#14079,#14080,#14081);
#14083=PLANE('',#14082);
#14084=ORIENTED_EDGE('',*,*,#8128,.T.);
#14085=ORIENTED_EDGE('',*,*,#14044,.F.);
#14086=ORIENTED_EDGE('',*,*,#14030,.T.);
#14087=ORIENTED_EDGE('',*,*,#13986,.T.);
#14089=ORIENTED_EDGE('',*,*,#14088,.F.);
#14090=ORIENTED_EDGE('',*,*,#14071,.F.);
#14091=EDGE_LOOP('',(#14084,#14085,#14086,#14087,#14089,#14090));
#14092=FACE_OUTER_BOUND('',#14091,.F.);
#14094=CARTESIAN_POINT('',(2.275E0,-5.95E0,-5.4E0));
#14095=DIRECTION('',(0.E0,0.E0,-1.E0));
#14096=DIRECTION('',(1.E0,0.E0,0.E0));
#14097=AXIS2_PLACEMENT_3D('',#14094,#14095,#14096);
#14098=PLANE('',#14097);
#14099=ORIENTED_EDGE('',*,*,#14073,.F.);
#14100=ORIENTED_EDGE('',*,*,#14088,.T.);
#14101=ORIENTED_EDGE('',*,*,#13984,.T.);
#14102=ORIENTED_EDGE('',*,*,#14059,.F.);
#14103=EDGE_LOOP('',(#14099,#14100,#14101,#14102));
#14104=FACE_OUTER_BOUND('',#14103,.F.);
#14106=CARTESIAN_POINT('',(2.275E0,-5.95E0,-1.19E1));
#14107=DIRECTION('',(-1.E0,0.E0,0.E0));
#14108=DIRECTION('',(0.E0,0.E0,-1.E0));
#14109=AXIS2_PLACEMENT_3D('',#14106,#14107,#14108);
#14110=PLANE('',#14109);
#14111=ORIENTED_EDGE('',*,*,#8118,.T.);
#14113=ORIENTED_EDGE('',*,*,#14112,.F.);
#14115=ORIENTED_EDGE('',*,*,#14114,.T.);
#14116=ORIENTED_EDGE('',*,*,#13996,.T.);
#14118=ORIENTED_EDGE('',*,*,#14117,.F.);
#14120=ORIENTED_EDGE('',*,*,#14119,.F.);
#14121=EDGE_LOOP('',(#14111,#14113,#14115,#14116,#14118,#14120));
#14122=FACE_OUTER_BOUND('',#14121,.F.);
#14124=CARTESIAN_POINT('',(3.20139E1,-6.25E0,-1.16E1));
#14125=DIRECTION('',(-1.E0,0.E0,0.E0));
#14126=DIRECTION('',(0.E0,1.E0,0.E0));
#14127=AXIS2_PLACEMENT_3D('',#14124,#14125,#14126);
#14128=CYLINDRICAL_SURFACE('',#14127,3.E-1);
#14129=ORIENTED_EDGE('',*,*,#8116,.F.);
#14131=ORIENTED_EDGE('',*,*,#14130,.T.);
#14133=ORIENTED_EDGE('',*,*,#14132,.T.);
#14134=ORIENTED_EDGE('',*,*,#14112,.T.);
#14135=EDGE_LOOP('',(#14129,#14131,#14133,#14134));
#14136=FACE_OUTER_BOUND('',#14135,.F.);
#14138=CARTESIAN_POINT('',(2.675E0,-5.95E0,-1.24E1));
#14139=DIRECTION('',(1.E0,0.E0,0.E0));
#14140=DIRECTION('',(0.E0,0.E0,1.E0));
#14141=AXIS2_PLACEMENT_3D('',#14138,#14139,#14140);
#14142=PLANE('',#14141);
#14144=ORIENTED_EDGE('',*,*,#14143,.F.);
#14145=ORIENTED_EDGE('',*,*,#14130,.F.);
#14146=ORIENTED_EDGE('',*,*,#8114,.T.);
#14148=ORIENTED_EDGE('',*,*,#14147,.F.);
#14150=ORIENTED_EDGE('',*,*,#14149,.T.);
#14151=ORIENTED_EDGE('',*,*,#14000,.T.);
#14152=EDGE_LOOP('',(#14144,#14145,#14146,#14148,#14150,#14151));
#14153=FACE_OUTER_BOUND('',#14152,.F.);
#14155=CARTESIAN_POINT('',(2.675E0,-5.95E0,-1.19E1));
#14156=DIRECTION('',(0.E0,0.E0,1.E0));
#14157=DIRECTION('',(-1.E0,0.E0,0.E0));
#14158=AXIS2_PLACEMENT_3D('',#14155,#14156,#14157);
#14159=PLANE('',#14158);
#14160=ORIENTED_EDGE('',*,*,#14132,.F.);
#14161=ORIENTED_EDGE('',*,*,#14143,.T.);
#14162=ORIENTED_EDGE('',*,*,#13998,.T.);
#14163=ORIENTED_EDGE('',*,*,#14114,.F.);
#14164=EDGE_LOOP('',(#14160,#14161,#14162,#14163));
#14165=FACE_OUTER_BOUND('',#14164,.F.);
#14167=CARTESIAN_POINT('',(-3.20139E1,-6.25E0,-1.27E1));
#14168=DIRECTION('',(1.E0,0.E0,0.E0));
#14169=DIRECTION('',(0.E0,1.E0,0.E0));
#14170=AXIS2_PLACEMENT_3D('',#14167,#14168,#14169);
#14171=CYLINDRICAL_SURFACE('',#14170,3.E-1);
#14172=ORIENTED_EDGE('',*,*,#8112,.F.);
#14173=ORIENTED_EDGE('',*,*,#14119,.T.);
#14175=ORIENTED_EDGE('',*,*,#14174,.T.);
#14176=ORIENTED_EDGE('',*,*,#14147,.T.);
#14177=EDGE_LOOP('',(#14172,#14173,#14175,#14176));
#14178=FACE_OUTER_BOUND('',#14177,.F.);
#14180=CARTESIAN_POINT('',(2.275E0,-5.95E0,-1.24E1));
#14181=DIRECTION('',(0.E0,0.E0,-1.E0));
#14182=DIRECTION('',(1.E0,0.E0,0.E0));
#14183=AXIS2_PLACEMENT_3D('',#14180,#14181,#14182);
#14184=PLANE('',#14183);
#14185=ORIENTED_EDGE('',*,*,#14174,.F.);
#14186=ORIENTED_EDGE('',*,*,#14117,.T.);
#14187=ORIENTED_EDGE('',*,*,#14002,.T.);
#14188=ORIENTED_EDGE('',*,*,#14149,.F.);
#14189=EDGE_LOOP('',(#14185,#14186,#14187,#14188));
#14190=FACE_OUTER_BOUND('',#14189,.F.);
#14192=CARTESIAN_POINT('',(2.275E0,-5.95E0,-1.94E1));
#14193=DIRECTION('',(0.E0,0.E0,-1.E0));
#14194=DIRECTION('',(1.E0,0.E0,0.E0));
#14195=AXIS2_PLACEMENT_3D('',#14192,#14193,#14194);
#14196=PLANE('',#14195);
#14197=ORIENTED_EDGE('',*,*,#13906,.F.);
#14198=ORIENTED_EDGE('',*,*,#13925,.T.);
#14199=ORIENTED_EDGE('',*,*,#14015,.T.);
#14200=ORIENTED_EDGE('',*,*,#13955,.F.);
#14201=EDGE_LOOP('',(#14197,#14198,#14199,#14200));
#14202=FACE_OUTER_BOUND('',#14201,.F.);
#14204=CARTESIAN_POINT('',(3.20139E1,-5.55E0,-1.390882032303E1));
#14205=DIRECTION('',(-1.E0,0.E0,0.E0));
#14206=DIRECTION('',(0.E0,-1.E0,0.E0));
#14207=AXIS2_PLACEMENT_3D('',#14204,#14205,#14206);
#14208=CYLINDRICAL_SURFACE('',#14207,8.E-1);
#14210=ORIENTED_EDGE('',*,*,#14209,.T.);
#14211=ORIENTED_EDGE('',*,*,#8132,.F.);
#14213=ORIENTED_EDGE('',*,*,#14212,.T.);
#14215=ORIENTED_EDGE('',*,*,#14214,.T.);
#14216=EDGE_LOOP('',(#14210,#14211,#14213,#14215));
#14217=FACE_OUTER_BOUND('',#14216,.F.);
#14219=CARTESIAN_POINT('',(2.275E0,-5.95E0,-1.3216E1));
#14220=DIRECTION('',(-1.E0,0.E0,0.E0));
#14221=DIRECTION('',(0.E0,0.E0,-1.E0));
#14222=AXIS2_PLACEMENT_3D('',#14219,#14220,#14221);
#14223=PLANE('',#14222);
#14224=ORIENTED_EDGE('',*,*,#14209,.F.);
#14226=ORIENTED_EDGE('',*,*,#14225,.T.);
#14228=ORIENTED_EDGE('',*,*,#14227,.F.);
#14229=ORIENTED_EDGE('',*,*,#8134,.F.);
#14230=EDGE_LOOP('',(#14224,#14226,#14228,#14229));
#14231=FACE_OUTER_BOUND('',#14230,.F.);
#14233=CARTESIAN_POINT('',(9.25E-1,-6.35E0,0.E0));
#14234=DIRECTION('',(0.E0,-1.E0,0.E0));
#14235=DIRECTION('',(0.E0,0.E0,-1.E0));
#14236=AXIS2_PLACEMENT_3D('',#14233,#14234,#14235);
#14237=PLANE('',#14236);
#14238=ORIENTED_EDGE('',*,*,#14214,.F.);
#14240=ORIENTED_EDGE('',*,*,#14239,.F.);
#14242=ORIENTED_EDGE('',*,*,#14241,.F.);
#14243=ORIENTED_EDGE('',*,*,#14225,.F.);
#14244=EDGE_LOOP('',(#14238,#14240,#14242,#14243));
#14245=FACE_OUTER_BOUND('',#14244,.F.);
#14247=CARTESIAN_POINT('',(9.25E-1,-6.35E0,0.E0));
#14248=DIRECTION('',(0.E0,-1.E0,0.E0));
#14249=DIRECTION('',(0.E0,0.E0,-1.E0));
#14250=AXIS2_PLACEMENT_3D('',#14247,#14248,#14249);
#14251=PLANE('',#14250);
#14253=ORIENTED_EDGE('',*,*,#14252,.F.);
#14255=ORIENTED_EDGE('',*,*,#14254,.F.);
#14257=ORIENTED_EDGE('',*,*,#14256,.F.);
#14259=ORIENTED_EDGE('',*,*,#14258,.F.);
#14260=EDGE_LOOP('',(#14253,#14255,#14257,#14259));
#14261=FACE_OUTER_BOUND('',#14260,.F.);
#14263=CARTESIAN_POINT('',(9.25E-1,-6.35E0,0.E0));
#14264=DIRECTION('',(0.E0,-1.E0,0.E0));
#14265=DIRECTION('',(0.E0,0.E0,-1.E0));
#14266=AXIS2_PLACEMENT_3D('',#14263,#14264,#14265);
#14267=PLANE('',#14266);
#14269=ORIENTED_EDGE('',*,*,#14268,.F.);
#14271=ORIENTED_EDGE('',*,*,#14270,.F.);
#14273=ORIENTED_EDGE('',*,*,#14272,.F.);
#14275=ORIENTED_EDGE('',*,*,#14274,.F.);
#14276=EDGE_LOOP('',(#14269,#14271,#14273,#14275));
#14277=FACE_OUTER_BOUND('',#14276,.F.);
#14279=CARTESIAN_POINT('',(2.675E0,-5.95E0,-1.801E1));
#14280=DIRECTION('',(1.E0,0.E0,0.E0));
#14281=DIRECTION('',(0.E0,0.E0,1.E0));
#14282=AXIS2_PLACEMENT_3D('',#14279,#14280,#14281);
#14283=PLANE('',#14282);
#14284=ORIENTED_EDGE('',*,*,#14212,.F.);
#14285=ORIENTED_EDGE('',*,*,#8138,.F.);
#14287=ORIENTED_EDGE('',*,*,#14286,.F.);
#14288=ORIENTED_EDGE('',*,*,#14239,.T.);
#14289=EDGE_LOOP('',(#14284,#14285,#14287,#14288));
#14290=FACE_OUTER_BOUND('',#14289,.F.);
#14292=CARTESIAN_POINT('',(-3.20139E1,-5.67E0,-1.739032266461E1));
#14293=DIRECTION('',(1.E0,0.E0,0.E0));
#14294=DIRECTION('',(0.E0,-1.E0,0.E0));
#14295=AXIS2_PLACEMENT_3D('',#14292,#14293,#14294);
#14296=CYLINDRICAL_SURFACE('',#14295,6.8E-1);
#14297=ORIENTED_EDGE('',*,*,#14286,.T.);
#14298=ORIENTED_EDGE('',*,*,#8136,.F.);
#14299=ORIENTED_EDGE('',*,*,#14227,.T.);
#14300=ORIENTED_EDGE('',*,*,#14241,.T.);
#14301=EDGE_LOOP('',(#14297,#14298,#14299,#14300));
#14302=FACE_OUTER_BOUND('',#14301,.F.);
#14304=CARTESIAN_POINT('',(3.20139E1,-5.55E0,-6.908820323028E0));
#14305=DIRECTION('',(-1.E0,0.E0,0.E0));
#14306=DIRECTION('',(0.E0,-1.E0,0.E0));
#14307=AXIS2_PLACEMENT_3D('',#14304,#14305,#14306);
#14308=CYLINDRICAL_SURFACE('',#14307,8.E-1);
#14310=ORIENTED_EDGE('',*,*,#14309,.T.);
#14311=ORIENTED_EDGE('',*,*,#8142,.F.);
#14313=ORIENTED_EDGE('',*,*,#14312,.T.);
#14314=ORIENTED_EDGE('',*,*,#14252,.T.);
#14315=EDGE_LOOP('',(#14310,#14311,#14313,#14314));
#14316=FACE_OUTER_BOUND('',#14315,.F.);
#14318=CARTESIAN_POINT('',(2.275E0,-5.95E0,-6.216E0));
#14319=DIRECTION('',(-1.E0,0.E0,0.E0));
#14320=DIRECTION('',(0.E0,0.E0,-1.E0));
#14321=AXIS2_PLACEMENT_3D('',#14318,#14319,#14320);
#14322=PLANE('',#14321);
#14323=ORIENTED_EDGE('',*,*,#14309,.F.);
#14324=ORIENTED_EDGE('',*,*,#14258,.T.);
#14326=ORIENTED_EDGE('',*,*,#14325,.F.);
#14327=ORIENTED_EDGE('',*,*,#8144,.F.);
#14328=EDGE_LOOP('',(#14323,#14324,#14326,#14327));
#14329=FACE_OUTER_BOUND('',#14328,.F.);
#14331=CARTESIAN_POINT('',(-3.20139E1,-5.67E0,-1.039032266461E1));
#14332=DIRECTION('',(1.E0,0.E0,0.E0));
#14333=DIRECTION('',(0.E0,-1.E0,0.E0));
#14334=AXIS2_PLACEMENT_3D('',#14331,#14332,#14333);
#14335=CYLINDRICAL_SURFACE('',#14334,6.8E-1);
#14337=ORIENTED_EDGE('',*,*,#14336,.T.);
#14338=ORIENTED_EDGE('',*,*,#8146,.F.);
#14339=ORIENTED_EDGE('',*,*,#14325,.T.);
#14340=ORIENTED_EDGE('',*,*,#14256,.T.);
#14341=EDGE_LOOP('',(#14337,#14338,#14339,#14340));
#14342=FACE_OUTER_BOUND('',#14341,.F.);
#14344=CARTESIAN_POINT('',(2.675E0,-5.95E0,-1.101E1));
#14345=DIRECTION('',(1.E0,0.E0,0.E0));
#14346=DIRECTION('',(0.E0,0.E0,1.E0));
#14347=AXIS2_PLACEMENT_3D('',#14344,#14345,#14346);
#14348=PLANE('',#14347);
#14349=ORIENTED_EDGE('',*,*,#14312,.F.);
#14350=ORIENTED_EDGE('',*,*,#8148,.F.);
#14351=ORIENTED_EDGE('',*,*,#14336,.F.);
#14352=ORIENTED_EDGE('',*,*,#14254,.T.);
#14353=EDGE_LOOP('',(#14349,#14350,#14351,#14352));
#14354=FACE_OUTER_BOUND('',#14353,.F.);
#14356=CARTESIAN_POINT('',(-3.20139E1,-5.67E0,-3.390322664607E0));
#14357=DIRECTION('',(1.E0,0.E0,0.E0));
#14358=DIRECTION('',(0.E0,-1.E0,0.E0));
#14359=AXIS2_PLACEMENT_3D('',#14356,#14357,#14358);
#14360=CYLINDRICAL_SURFACE('',#14359,6.8E-1);
#14362=ORIENTED_EDGE('',*,*,#14361,.T.);
#14363=ORIENTED_EDGE('',*,*,#8152,.F.);
#14365=ORIENTED_EDGE('',*,*,#14364,.T.);
#14366=ORIENTED_EDGE('',*,*,#14268,.T.);
#14367=EDGE_LOOP('',(#14362,#14363,#14365,#14366));
#14368=FACE_OUTER_BOUND('',#14367,.F.);
#14370=CARTESIAN_POINT('',(2.675E0,-5.95E0,-4.01E0));
#14371=DIRECTION('',(1.E0,0.E0,0.E0));
#14372=DIRECTION('',(0.E0,0.E0,1.E0));
#14373=AXIS2_PLACEMENT_3D('',#14370,#14371,#14372);
#14374=PLANE('',#14373);
#14375=ORIENTED_EDGE('',*,*,#14361,.F.);
#14376=ORIENTED_EDGE('',*,*,#14274,.T.);
#14378=ORIENTED_EDGE('',*,*,#14377,.F.);
#14379=ORIENTED_EDGE('',*,*,#8154,.F.);
#14380=EDGE_LOOP('',(#14375,#14376,#14378,#14379));
#14381=FACE_OUTER_BOUND('',#14380,.F.);
#14383=CARTESIAN_POINT('',(3.20139E1,-5.83E0,-2.155964425627E0));
#14384=DIRECTION('',(-1.E0,0.E0,0.E0));
#14385=DIRECTION('',(0.E0,-1.E0,0.E0));
#14386=AXIS2_PLACEMENT_3D('',#14383,#14384,#14385);
#14387=CYLINDRICAL_SURFACE('',#14386,5.2E-1);
#14389=ORIENTED_EDGE('',*,*,#14388,.T.);
#14390=ORIENTED_EDGE('',*,*,#8156,.F.);
#14391=ORIENTED_EDGE('',*,*,#14377,.T.);
#14392=ORIENTED_EDGE('',*,*,#14272,.T.);
#14393=EDGE_LOOP('',(#14389,#14390,#14391,#14392));
#14394=FACE_OUTER_BOUND('',#14393,.F.);
#14396=CARTESIAN_POINT('',(2.275E0,-5.95E0,-1.65E0));
#14397=DIRECTION('',(-1.E0,0.E0,0.E0));
#14398=DIRECTION('',(0.E0,0.E0,-1.E0));
#14399=AXIS2_PLACEMENT_3D('',#14396,#14397,#14398);
#14400=PLANE('',#14399);
#14401=ORIENTED_EDGE('',*,*,#14364,.F.);
#14402=ORIENTED_EDGE('',*,*,#8158,.F.);
#14403=ORIENTED_EDGE('',*,*,#14388,.F.);
#14404=ORIENTED_EDGE('',*,*,#14270,.T.);
#14405=EDGE_LOOP('',(#14401,#14402,#14403,#14404));
#14406=FACE_OUTER_BOUND('',#14405,.F.);
#14408=CARTESIAN_POINT('',(8.575E0,4.75218436E0,-9.E-1));
#14409=DIRECTION('',(0.E0,-1.E0,0.E0));
#14410=DIRECTION('',(0.E0,0.E0,-1.E0));
#14411=AXIS2_PLACEMENT_3D('',#14408,#14409,#14410);
#14412=CYLINDRICAL_SURFACE('',#14411,3.E-1);
#14413=ORIENTED_EDGE('',*,*,#7768,.F.);
#14415=ORIENTED_EDGE('',*,*,#14414,.F.);
#14416=ORIENTED_EDGE('',*,*,#7878,.T.);
#14418=ORIENTED_EDGE('',*,*,#14417,.T.);
#14419=EDGE_LOOP('',(#14413,#14415,#14416,#14418));
#14420=FACE_OUTER_BOUND('',#14419,.F.);
#14422=CARTESIAN_POINT('',(6.875E0,4.75E0,-9.E-1));
#14423=DIRECTION('',(0.E0,0.E0,1.E0));
#14424=DIRECTION('',(-1.092179782864E-3,9.999994035715E-1,0.E0));
#14425=AXIS2_PLACEMENT_3D('',#14422,#14423,#14424);
#14426=TOROIDAL_SURFACE('',#14425,1.7E0,3.E-1);
#14427=ORIENTED_EDGE('',*,*,#7880,.T.);
#14428=ORIENTED_EDGE('',*,*,#14414,.T.);
#14430=ORIENTED_EDGE('',*,*,#14429,.F.);
#14432=ORIENTED_EDGE('',*,*,#14431,.F.);
#14433=EDGE_LOOP('',(#14427,#14428,#14430,#14432));
#14434=FACE_OUTER_BOUND('',#14433,.F.);
#14436=CARTESIAN_POINT('',(6.875E0,4.75E0,0.E0));
#14437=DIRECTION('',(0.E0,0.E0,1.E0));
#14438=DIRECTION('',(1.E0,0.E0,0.E0));
#14439=AXIS2_PLACEMENT_3D('',#14436,#14437,#14438);
#14440=CYLINDRICAL_SURFACE('',#14439,2.E0);
#14441=ORIENTED_EDGE('',*,*,#14429,.T.);
#14442=ORIENTED_EDGE('',*,*,#7766,.F.);
#14443=ORIENTED_EDGE('',*,*,#7795,.T.);
#14445=ORIENTED_EDGE('',*,*,#14444,.T.);
#14446=EDGE_LOOP('',(#14441,#14442,#14443,#14445));
#14447=FACE_OUTER_BOUND('',#14446,.F.);
#14449=CARTESIAN_POINT('',(6.875E0,6.75E0,0.E0));
#14450=DIRECTION('',(0.E0,1.E0,0.E0));
#14451=DIRECTION('',(-1.E0,0.E0,0.E0));
#14452=AXIS2_PLACEMENT_3D('',#14449,#14450,#14451);
#14453=PLANE('',#14452);
#14455=ORIENTED_EDGE('',*,*,#14454,.T.);
#14456=ORIENTED_EDGE('',*,*,#14444,.F.);
#14457=ORIENTED_EDGE('',*,*,#7809,.T.);
#14459=ORIENTED_EDGE('',*,*,#14458,.T.);
#14460=EDGE_LOOP('',(#14455,#14456,#14457,#14459));
#14461=FACE_OUTER_BOUND('',#14460,.F.);
#14463=CARTESIAN_POINT('',(-6.87718436E0,6.45E0,-9.E-1));
#14464=DIRECTION('',(1.E0,0.E0,0.E0));
#14465=DIRECTION('',(0.E0,0.E0,-1.E0));
#14466=AXIS2_PLACEMENT_3D('',#14463,#14464,#14465);
#14467=CYLINDRICAL_SURFACE('',#14466,3.E-1);
#14468=ORIENTED_EDGE('',*,*,#7882,.T.);
#14469=ORIENTED_EDGE('',*,*,#14431,.T.);
#14470=ORIENTED_EDGE('',*,*,#14454,.F.);
#14472=ORIENTED_EDGE('',*,*,#14471,.F.);
#14473=EDGE_LOOP('',(#14468,#14469,#14470,#14472));
#14474=FACE_OUTER_BOUND('',#14473,.F.);
#14476=CARTESIAN_POINT('',(-6.875E0,4.75E0,-9.E-1));
#14477=DIRECTION('',(0.E0,0.E0,1.E0));
#14478=DIRECTION('',(-9.999994035715E-1,-1.092179782863E-3,0.E0));
#14479=AXIS2_PLACEMENT_3D('',#14476,#14477,#14478);
#14480=TOROIDAL_SURFACE('',#14479,1.7E0,3.E-1);
#14481=ORIENTED_EDGE('',*,*,#7884,.T.);
#14482=ORIENTED_EDGE('',*,*,#14471,.T.);
#14484=ORIENTED_EDGE('',*,*,#14483,.F.);
#14485=ORIENTED_EDGE('',*,*,#7865,.F.);
#14486=EDGE_LOOP('',(#14481,#14482,#14484,#14485));
#14487=FACE_OUTER_BOUND('',#14486,.F.);
#14489=CARTESIAN_POINT('',(-6.875E0,4.75E0,0.E0));
#14490=DIRECTION('',(0.E0,0.E0,1.E0));
#14491=DIRECTION('',(1.E0,0.E0,0.E0));
#14492=AXIS2_PLACEMENT_3D('',#14489,#14490,#14491);
#14493=CYLINDRICAL_SURFACE('',#14492,2.E0);
#14494=ORIENTED_EDGE('',*,*,#14483,.T.);
#14495=ORIENTED_EDGE('',*,*,#14458,.F.);
#14496=ORIENTED_EDGE('',*,*,#7823,.T.);
#14497=ORIENTED_EDGE('',*,*,#7850,.T.);
#14498=EDGE_LOOP('',(#14494,#14495,#14496,#14497));
#14499=FACE_OUTER_BOUND('',#14498,.F.);
#14501=CARTESIAN_POINT('',(8.575E0,-6.45E0,-9.E-1));
#14502=DIRECTION('',(7.071067811865E-1,7.071067811865E-1,0.E0));
#14503=DIRECTION('',(7.071067811865E-1,-7.071067811865E-1,0.E0));
#14504=AXIS2_PLACEMENT_3D('',#14501,#14502,#14503);
#14505=SPHERICAL_SURFACE('',#14504,3.E-1);
#14507=ORIENTED_EDGE('',*,*,#14506,.F.);
#14508=ORIENTED_EDGE('',*,*,#7750,.F.);
#14509=ORIENTED_EDGE('',*,*,#14417,.F.);
#14510=EDGE_LOOP('',(#14507,#14508,#14509));
#14511=FACE_OUTER_BOUND('',#14510,.F.);
#14513=CARTESIAN_POINT('',(3.20139E1,-6.45E0,-9.E-1));
#14514=DIRECTION('',(-1.E0,0.E0,0.E0));
#14515=DIRECTION('',(0.E0,0.E0,-1.E0));
#14516=AXIS2_PLACEMENT_3D('',#14513,#14514,#14515);
#14517=CYLINDRICAL_SURFACE('',#14516,3.E-1);
#14518=ORIENTED_EDGE('',*,*,#7887,.T.);
#14520=ORIENTED_EDGE('',*,*,#14519,.T.);
#14521=ORIENTED_EDGE('',*,*,#7736,.F.);
#14522=ORIENTED_EDGE('',*,*,#14506,.T.);
#14523=EDGE_LOOP('',(#14518,#14520,#14521,#14522));
#14524=FACE_OUTER_BOUND('',#14523,.F.);
#14526=CARTESIAN_POINT('',(-8.575E0,-6.45E0,-9.E-1));
#14527=DIRECTION('',(7.071067811865E-1,-7.071067811865E-1,0.E0));
#14528=DIRECTION('',(-7.071067811865E-1,-7.071067811865E-1,0.E0));
#14529=AXIS2_PLACEMENT_3D('',#14526,#14527,#14528);
#14530=SPHERICAL_SURFACE('',#14529,3.E-1);
#14532=ORIENTED_EDGE('',*,*,#14531,.F.);
#14533=ORIENTED_EDGE('',*,*,#14519,.F.);
#14534=ORIENTED_EDGE('',*,*,#7868,.F.);
#14535=EDGE_LOOP('',(#14532,#14533,#14534));
#14536=FACE_OUTER_BOUND('',#14535,.F.);
#14538=CARTESIAN_POINT('',(-8.575E0,-6.45E0,2.750596E1));
#14539=DIRECTION('',(0.E0,0.E0,-1.E0));
#14540=DIRECTION('',(0.E0,-1.E0,0.E0));
#14541=AXIS2_PLACEMENT_3D('',#14538,#14539,#14540);
#14542=CYLINDRICAL_SURFACE('',#14541,3.E-1);
#14543=ORIENTED_EDGE('',*,*,#7738,.T.);
#14544=ORIENTED_EDGE('',*,*,#14531,.T.);
#14545=ORIENTED_EDGE('',*,*,#7853,.F.);
#14547=ORIENTED_EDGE('',*,*,#14546,.T.);
#14548=EDGE_LOOP('',(#14543,#14544,#14545,#14547));
#14549=FACE_OUTER_BOUND('',#14548,.F.);
#14551=CARTESIAN_POINT('',(-8.575E0,-6.45E0,-3.E-1));
#14552=DIRECTION('',(0.E0,-7.071067811865E-1,-7.071067811865E-1));
#14553=DIRECTION('',(0.E0,-7.071067811865E-1,7.071067811865E-1));
#14554=AXIS2_PLACEMENT_3D('',#14551,#14552,#14553);
#14555=SPHERICAL_SURFACE('',#14554,3.E-1);
#14556=ORIENTED_EDGE('',*,*,#7838,.F.);
#14557=ORIENTED_EDGE('',*,*,#7720,.F.);
#14558=ORIENTED_EDGE('',*,*,#14546,.F.);
#14559=EDGE_LOOP('',(#14556,#14557,#14558));
#14560=FACE_OUTER_BOUND('',#14559,.F.);
#14562=CARTESIAN_POINT('',(8.575E0,-6.45E0,-3.E-1));
#14563=DIRECTION('',(7.071067811865E-1,0.E0,-7.071067811865E-1));
#14564=DIRECTION('',(7.071067811865E-1,0.E0,7.071067811865E-1));
#14565=AXIS2_PLACEMENT_3D('',#14562,#14563,#14564);
#14566=SPHERICAL_SURFACE('',#14565,3.E-1);
#14567=ORIENTED_EDGE('',*,*,#7782,.F.);
#14568=ORIENTED_EDGE('',*,*,#7753,.F.);
#14569=ORIENTED_EDGE('',*,*,#7723,.F.);
#14570=EDGE_LOOP('',(#14567,#14568,#14569));
#14571=FACE_OUTER_BOUND('',#14570,.F.);
#14573=CLOSED_SHELL('',(#7712,#7727,#7742,#7757,#7772,#7786,#7800,#7814,#7828,
#7842,#7857,#7872,#7931,#7946,#8037,#8162,#8177,#8199,#8214,#8237,#8270,#8299,
#8327,#8345,#8359,#8373,#8387,#8401,#8415,#8432,#8450,#8468,#8490,#8511,#8531,
#8544,#8560,#8577,#8591,#8606,#8625,#8639,#8665,#8679,#8702,#8716,#8730,#8742,
#8755,#8774,#8786,#8799,#8810,#8825,#8839,#8859,#8873,#8887,#8901,#8915,#8929,
#8943,#8960,#8998,#9013,#9028,#9043,#9057,#9071,#9085,#9100,#9113,#9145,#9158,
#9170,#9183,#9196,#9208,#9226,#9239,#9262,#9275,#9296,#9312,#9329,#9345,#9358,
#9372,#9386,#9412,#9431,#9446,#9471,#9489,#9503,#9517,#9531,#9545,#9563,#9577,
#9589,#9604,#9618,#9674,#9795,#9810,#9825,#9894,#9909,#9923,#9937,#9950,#9964,
#9978,#9992,#10006,#10020,#10034,#10048,#10061,#10075,#10088,#10102,#10115,
#10129,#10142,#10156,#10169,#10183,#10196,#10209,#10221,#10234,#10247,#10260,
#10272,#10287,#10302,#10317,#10331,#10345,#10360,#10373,#10388,#10402,#10416,
#10431,#10446,#10460,#10473,#10486,#10498,#10511,#10523,#10536,#10548,#10561,
#10574,#10586,#10601,#10615,#10629,#10642,#10654,#10669,#10683,#10697,#10710,
#10722,#10736,#10748,#10760,#10774,#10789,#10802,#10817,#10831,#10845,#10859,
#10873,#10887,#10901,#10916,#10929,#10944,#10958,#10982,#11000,#11015,#11040,
#11057,#11071,#11085,#11099,#11113,#11131,#11145,#11157,#11171,#11185,#11197,
#11211,#11224,#11238,#11254,#11267,#11280,#11292,#11306,#11320,#11334,#11348,
#11363,#11378,#11391,#11405,#11418,#11430,#11443,#11456,#11468,#11480,#11493,
#11505,#11518,#11530,#11542,#11555,#11569,#11584,#11600,#11614,#11626,#11640,
#11661,#11675,#11686,#11700,#11714,#11727,#11740,#11752,#11765,#11779,#11791,
#11813,#11826,#11839,#11852,#11867,#11882,#11895,#11908,#11923,#11935,#11948,
#11967,#11979,#11991,#12003,#12016,#12028,#12042,#12055,#12119,#12132,#12144,
#12156,#12168,#12183,#12198,#12213,#12227,#12241,#12254,#12268,#12280,#12292,
#12307,#12321,#12335,#12349,#12363,#12377,#12391,#12405,#12419,#12433,#12448,
#12469,#12484,#12498,#12514,#12530,#12546,#12559,#12574,#12593,#12609,#12635,
#12654,#12668,#12687,#12701,#12722,#12737,#12754,#12767,#12779,#12791,#12801,
#12813,#12831,#12845,#12858,#12874,#12886,#12899,#12911,#12934,#12948,#12970,
#12983,#12996,#13021,#13035,#13049,#13063,#13077,#13091,#13105,#13118,#13137,
#13149,#13172,#13186,#13200,#13226,#13241,#13255,#13269,#13283,#13297,#13311,
#13324,#13344,#13358,#13371,#13387,#13402,#13420,#13434,#13451,#13464,#13480,
#13496,#13509,#13524,#13538,#13554,#13568,#13583,#13595,#13613,#13627,#13644,
#13656,#13669,#13681,#13693,#13708,#13722,#13736,#13752,#13768,#13781,#13793,
#13807,#13820,#13833,#13845,#13859,#13872,#13885,#13897,#13912,#13930,#13944,
#13961,#13974,#13990,#14006,#14019,#14034,#14048,#14064,#14078,#14093,#14105,
#14123,#14137,#14154,#14166,#14179,#14191,#14203,#14218,#14232,#14246,#14262,
#14278,#14291,#14303,#14317,#14330,#14343,#14355,#14369,#14382,#14395,#14407,
#14421,#14435,#14448,#14462,#14475,#14488,#14500,#14512,#14525,#14537,#14550,
#14561,#14572));
#14574=MANIFOLD_SOLID_BREP('',#14573);
#14577=PLANE_ANGLE_MEASURE_WITH_UNIT(PLANE_ANGLE_MEASURE(1.745329251994E-2),
#14576);
#14578=(CONVERSION_BASED_UNIT('DEGREE',#14577)NAMED_UNIT(*)PLANE_ANGLE_UNIT());
#14580=UNCERTAINTY_MEASURE_WITH_UNIT(LENGTH_MEASURE(1.E-4),#14575,
'distance_accuracy_value',
'Maximum model space distance between geometric entities at asserted connectivities');
#14583=APPLICATION_CONTEXT('automotive_design');
#14584=APPLICATION_PROTOCOL_DEFINITION('international standard',
'automotive_design',2001,#14583);
#14585=PRODUCT_DEFINITION_CONTEXT('part definition',#14583,'design');
#14586=PRODUCT_CONTEXT('',#14583,'mechanical');
#14587=PRODUCT('C-9-2304372-9','C-9-2304372-9','NOT SPECIFIED',(#14586));
#14588=PRODUCT_DEFINITION_FORMATION('1','LAST_VERSION',#14587);
#14596=DERIVED_UNIT_ELEMENT(#14595,2.E0);
#14597=DERIVED_UNIT((#14596));
#14598=MEASURE_REPRESENTATION_ITEM('surface area measure',AREA_MEASURE(
2.965865698407E3),#14597);
#14603=DERIVED_UNIT_ELEMENT(#14602,3.E0);
#14604=DERIVED_UNIT((#14603));
#14605=MEASURE_REPRESENTATION_ITEM('volume measure',VOLUME_MEASURE(
1.565530798286E3),#14604);
#14609=CARTESIAN_POINT('centre point',(-5.221211790353E-1,-9.074010822979E-1,
-1.025881255472E1));
#14614=DERIVED_UNIT_ELEMENT(#14613,2.E0);
#14615=DERIVED_UNIT((#14614));
#14616=MEASURE_REPRESENTATION_ITEM('surface area measure',AREA_MEASURE(
2.965865698407E3),#14615);
#14621=DERIVED_UNIT_ELEMENT(#14620,3.E0);
#14622=DERIVED_UNIT((#14621));
#14623=MEASURE_REPRESENTATION_ITEM('volume measure',VOLUME_MEASURE(
1.565530798286E3),#14622);
#14627=CARTESIAN_POINT('centre point',(-5.221211790353E-1,-9.074010822979E-1,
-1.025881255472E1));
#14632=PRODUCT_RELATED_PRODUCT_CATEGORY('part','',(#14587));
#1=DRAUGHTING_PRE_DEFINED_COLOUR('black');
#2=COLOUR_RGB('',0.E0,0.E0,3.6E-1);
#3=COLOUR_RGB('',0.E0,0.E0,4.8E-1);
#4=DRAUGHTING_PRE_DEFINED_COLOUR('blue');
#5=COLOUR_RGB('',0.E0,5.8824E-2,4.58824E-1);
#6=COLOUR_RGB('',0.E0,1.80392E-1,4.78431E-1);
#7=COLOUR_RGB('',0.E0,3.6E-1,9.E-2);
#8=COLOUR_RGB('',0.E0,3.6E-1,2.7E-1);
#9=COLOUR_RGB('',0.E0,5.6E-1,6.4E-1);
#10=COLOUR_RGB('',0.E0,5.8E-1,8.E-1);
#11=COLOUR_RGB('',0.E0,7.1E-1,6.6E-1);
#12=COLOUR_RGB('',0.E0,7.13E-1,0.E0);
#13=COLOUR_RGB('',0.E0,9.5E-1,8.4E-1);
#14=DRAUGHTING_PRE_DEFINED_COLOUR('green');
#15=DRAUGHTING_PRE_DEFINED_COLOUR('cyan');
#16=COLOUR_RGB('',1.1765E-2,1.9608E-2,3.9216E-2);
#17=COLOUR_RGB('',4.E-2,0.E0,1.6E-1);
#18=COLOUR_RGB('',3.9216E-2,2.19608E-1,1.21569E-1);
#19=COLOUR_RGB('',3.9216E-2,3.60784E-1,2.E-1);
#20=COLOUR_RGB('',5.098E-2,7.0588E-2,1.01961E-1);
#21=COLOUR_RGB('',9.E-2,0.E0,1.2E-1);
#22=COLOUR_RGB('',9.0196E-2,1.60784E-1,1.09804E-1);
#23=COLOUR_RGB('',9.0196E-2,3.80392E-1,6.70588E-1);
#24=COLOUR_RGB('',1.E-1,0.E0,2.5E-1);
#25=COLOUR_RGB('',1.01961E-1,4.78431E-1,3.88235E-1);
#26=COLOUR_RGB('',1.09804E-1,1.4902E-1,9.0196E-2);
#27=COLOUR_RGB('',1.4902E-1,3.09804E-1,5.29412E-1);
#28=COLOUR_RGB('',1.4902E-1,4.E-1,1.60784E-1);
#29=COLOUR_RGB('',1.6E-1,3.2E-2,0.E0);
#30=COLOUR_RGB('',1.60784E-1,4.5098E-1,7.21569E-1);
#31=COLOUR_RGB('',1.6E-1,4.6E-1,6.5E-1);
#32=COLOUR_RGB('',1.6E-1,1.E0,1.6E-1);
#33=COLOUR_RGB('',2.E-1,3.2E-2,0.E0);
#34=COLOUR_RGB('',2.11765E-1,4.11765E-1,1.4902E-1);
#35=COLOUR_RGB('',2.39216E-1,2.39216E-1,2.31373E-1);
#36=COLOUR_RGB('',2.39216E-1,2.70588E-1,1.80392E-1);
#37=COLOUR_RGB('',2.5098E-1,2.90196E-1,3.29412E-1);
#38=COLOUR_RGB('',2.90196E-1,4.31373E-1,2.E-1);
#39=COLOUR_RGB('',3.1E-1,3.1E-1,5.6E-1);
#40=COLOUR_RGB('',3.09804E-1,6.58824E-1,2.E-1);
#41=COLOUR_RGB('',3.2E-1,1.5E-1,0.E0);
#42=COLOUR_RGB('',3.60784E-1,3.1373E-2,1.68627E-1);
#43=COLOUR_RGB('',3.68627E-1,2.E-1,1.21569E-1);
#44=COLOUR_RGB('',3.88235E-1,2.39216E-1,6.11765E-1);
#45=COLOUR_RGB('',4.E-1,4.E-1,4.E-1);
#46=COLOUR_RGB('',4.11765E-1,5.8824E-2,7.8431E-2);
#47=COLOUR_RGB('',4.11765E-1,3.29412E-1,2.19608E-1);
#48=COLOUR_RGB('',4.2E-1,4.2E-1,1.E0);
#49=COLOUR_RGB('',4.4E-1,8.5E-1,1.E0);
#50=COLOUR_RGB('',4.58824E-1,4.5098E-1,3.09804E-1);
#51=COLOUR_RGB('',4.70588E-1,5.09804E-1,5.4902E-1);
#52=COLOUR_RGB('',4.78431E-1,4.90196E-1,4.58824E-1);
#53=COLOUR_RGB('',4.90196E-1,3.60784E-1,2.19608E-1);
#54=COLOUR_RGB('',4.9E-1,4.9E-1,0.E0);
#55=COLOUR_RGB('',4.9E-1,1.E0,0.E0);
#56=COLOUR_RGB('',5.E-1,0.E0,0.E0);
#57=COLOUR_RGB('',5.E-1,0.E0,2.3E-1);
#58=COLOUR_RGB('',5.E-1,5.E-1,5.E-1);
#59=COLOUR_RGB('',5.21569E-1,2.19608E-1,1.68627E-1);
#60=COLOUR_RGB('',5.3E-1,0.E0,0.E0);
#61=COLOUR_RGB('',5.29412E-1,5.80392E-1,6.5098E-1);
#62=COLOUR_RGB('',5.4E-1,0.E0,4.4E-1);
#63=COLOUR_RGB('',5.5E-1,3.E-1,0.E0);
#64=COLOUR_RGB('',5.6E-1,1.E-1,5.E-2);
#65=COLOUR_RGB('',5.60784E-1,5.80392E-1,6.19608E-1);
#66=COLOUR_RGB('',5.68627E-1,5.8824E-2,4.E-1);
#67=COLOUR_RGB('',5.8E-1,2.2E-1,1.E-2);
#68=COLOUR_RGB('',5.88235E-1,1.21569E-1,1.09804E-1);
#69=COLOUR_RGB('',6.E-1,6.E-1,6.E-1);
#70=COLOUR_RGB('',6.11765E-1,5.60784E-1,3.80392E-1);
#71=COLOUR_RGB('',6.11765E-1,6.11765E-1,6.5098E-1);
#72=COLOUR_RGB('',6.2E-1,0.E0,5.5E-1);
#73=COLOUR_RGB('',6.19608E-1,6.39216E-1,6.90196E-1);
#74=COLOUR_RGB('',6.4E-1,0.E0,2.5E-1);
#75=COLOUR_RGB('',6.4E-1,1.E-2,0.E0);
#76=COLOUR_RGB('',6.39216E-1,5.4902E-1,4.78431E-1);
#77=COLOUR_RGB('',6.5098E-1,6.70588E-1,7.09804E-1);
#78=COLOUR_RGB('',6.70588E-1,1.21569E-1,1.09804E-1);
#79=COLOUR_RGB('',6.78431E-1,4.78431E-1,3.09804E-1);
#80=COLOUR_RGB('',6.8E-1,7.5E-1,1.E0);
#81=COLOUR_RGB('',6.952E-1,7.426E-1,7.9E-1);
#82=COLOUR_RGB('',7.09804E-1,7.0588E-2,2.E-1);
#83=COLOUR_RGB('',7.1E-1,3.1E-1,0.E0);
#84=COLOUR_RGB('',7.2E-1,7.2E-1,7.2E-1);
#85=COLOUR_RGB('',7.29412E-1,7.41176E-1,7.29412E-1);
#86=COLOUR_RGB('',7.41176E-1,7.29412E-1,6.70588E-1);
#87=COLOUR_RGB('',7.4E-1,1.E0,2.6E-1);
#88=COLOUR_RGB('',7.5E-1,3.E-2,0.E0);
#89=COLOUR_RGB('',7.4902E-1,8.90196E-1,7.29412E-1);
#90=COLOUR_RGB('',7.6E-1,0.E0,4.7E-1);
#91=COLOUR_RGB('',7.80392E-1,9.0196E-2,7.0588E-2);
#92=COLOUR_RGB('',7.88235E-1,2.19608E-1,5.4902E-1);
#93=COLOUR_RGB('',8.1E-1,4.E-2,0.E0);
#94=COLOUR_RGB('',8.1E-1,6.1E-1,0.E0);
#95=COLOUR_RGB('',8.2E-1,4.E-2,6.6E-1);
#96=COLOUR_RGB('',8.31373E-1,8.5098E-1,8.58824E-1);
#97=COLOUR_RGB('',8.5098E-1,7.29412E-1,5.4902E-1);
#98=COLOUR_RGB('',8.5E-1,8.5E-1,8.5E-1);
#99=COLOUR_RGB('',8.78431E-1,3.68627E-1,1.21569E-1);
#100=COLOUR_RGB('',8.784E-1,9.49E-1,1.E0);
#101=COLOUR_RGB('',8.90196E-1,5.88235E-1,1.41176E-1);
#102=COLOUR_RGB('',9.E-1,1.E0,0.E0);
#103=COLOUR_RGB('',9.09804E-1,6.11765E-1,7.09804E-1);
#104=COLOUR_RGB('',9.37E-1,7.85E-1,0.E0);
#105=COLOUR_RGB('',9.41176E-1,9.29412E-1,9.01961E-1);
#106=COLOUR_RGB('',9.5E-1,2.2E-1,8.1E-1);
#107=COLOUR_RGB('',9.6E-1,3.7E-1,3.E-1);
#108=COLOUR_RGB('',9.6E-1,7.1E-1,3.75E-1);
#109=COLOUR_RGB('',9.80392E-1,1.E0,1.E0);
#110=COLOUR_RGB('',9.88235E-1,1.09804E-1,7.8431E-2);
#111=COLOUR_RGB('',9.88235E-1,7.21569E-1,1.29412E-1);
#112=COLOUR_RGB('',9.88235E-1,9.21569E-1,8.E-1);
#113=DRAUGHTING_PRE_DEFINED_COLOUR('red');
#114=COLOUR_RGB('',1.E0,0.E0,6.1E-1);
#115=COLOUR_RGB('',1.E0,4.E-2,0.E0);
#116=COLOUR_RGB('',1.E0,2.3E-1,0.E0);
#117=COLOUR_RGB('',1.E0,3.5E-1,5.2E-1);
#118=COLOUR_RGB('',1.E0,3.6E-1,0.E0);
#119=COLOUR_RGB('',1.E0,3.88235E-1,2.11765E-1);
#120=COLOUR_RGB('',1.E0,4.9E-1,3.7E-1);
#121=COLOUR_RGB('',1.E0,5.E-1,0.E0);
#122=COLOUR_RGB('',1.E0,5.6E-1,7.8E-1);
#123=COLOUR_RGB('',1.E0,6.4E-1,4.9E-1);
#124=COLOUR_RGB('',1.E0,6.7E-1,0.E0);
#125=COLOUR_RGB('',1.E0,7.6E-1,6.5E-1);
#126=COLOUR_RGB('',1.E0,8.39216E-1,3.01961E-1);
#127=COLOUR_RGB('',1.E0,8.6E-1,4.E-2);
#128=COLOUR_RGB('',1.E0,9.60784E-1,2.58824E-1);
#129=COLOUR_RGB('',1.E0,9.60784E-1,8.90196E-1);
#130=COLOUR_RGB('',1.E0,9.8E-1,7.2E-1);
#131=DRAUGHTING_PRE_DEFINED_COLOUR('yellow');
#132=COLOUR_RGB('',1.E0,1.E0,3.9216E-2);
#133=DRAUGHTING_PRE_DEFINED_COLOUR('white');
#146=CIRCLE('',#145,1.7E0);
#155=CIRCLE('',#154,1.7E0);
#172=CIRCLE('',#171,1.738675134595E0);
#221=CIRCLE('',#220,1.738675134595E0);
#326=CIRCLE('',#325,3.E-1);
#331=CIRCLE('',#330,3.E-1);
#336=CIRCLE('',#335,3.E-1);
#341=CIRCLE('',#340,3.E-1);
#377=B_SPLINE_CURVE_WITH_KNOTS('',3,(#358,#359,#360,#361,#362,#363,#364,#365,
#366,#367,#368,#369,#370,#371,#372,#373,#374,#375,#376),.UNSPECIFIED.,.F.,.F.,
(4,1,1,1,1,1,1,1,1,1,1,1,1,1,1,1,4),(0.E0,6.25E-2,1.25E-1,1.875E-1,2.5E-1,
3.125E-1,3.75E-1,4.375E-1,5.E-1,5.625E-1,6.25E-1,6.875E-1,7.5E-1,8.125E-1,
8.75E-1,9.375E-1,1.E0),.UNSPECIFIED.);
#426=CIRCLE('',#425,1.7E0);
#435=CIRCLE('',#434,1.7E0);
#448=CIRCLE('',#447,2.E-1);
#453=CIRCLE('',#452,2.E-1);
#506=CIRCLE('',#505,2.314130434783E0);
#563=CIRCLE('',#562,4.E-1);
#580=CIRCLE('',#579,1.7E0);
#593=CIRCLE('',#592,1.7E0);
#606=CIRCLE('',#605,1.7E0);
#783=CIRCLE('',#782,1.E0);
#820=CIRCLE('',#819,5.E-1);
#829=CIRCLE('',#828,1.E-1);
#838=CIRCLE('',#837,1.E-1);
#847=CIRCLE('',#846,5.E-1);
#924=CIRCLE('',#923,5.E-1);
#953=CIRCLE('',#952,5.E-1);
#1018=CIRCLE('',#1017,1.E0);
#1023=CIRCLE('',#1022,1.E0);
#1032=CIRCLE('',#1031,1.E0);
#1049=CIRCLE('',#1048,1.E0);
#1066=CIRCLE('',#1065,1.E0);
#1075=CIRCLE('',#1074,2.E-1);
#1080=CIRCLE('',#1079,1.E0);
#1089=CIRCLE('',#1088,8.E-1);
#1098=CIRCLE('',#1097,8.E-1);
#1163=B_SPLINE_CURVE_WITH_KNOTS('',3,(#1135,#1136,#1137,#1138,#1139,#1140,#1141,
#1142,#1143,#1144,#1145,#1146,#1147,#1148,#1149,#1150,#1151,#1152,#1153,#1154,
#1155,#1156,#1157,#1158,#1159,#1160,#1161,#1162),.UNSPECIFIED.,.F.,.F.,(4,1,1,1,
1,1,1,1,1,1,1,1,1,1,1,1,1,1,1,1,1,1,1,1,1,4),(0.E0,4.E-2,8.E-2,1.2E-1,1.6E-1,
2.E-1,2.4E-1,2.8E-1,3.2E-1,3.6E-1,4.E-1,4.4E-1,4.8E-1,5.2E-1,5.6E-1,6.E-1,
6.4E-1,6.8E-1,7.2E-1,7.6E-1,8.E-1,8.4E-1,8.8E-1,9.2E-1,9.6E-1,1.E0),
.UNSPECIFIED.);
#1200=CIRCLE('',#1199,2.E-1);
#1205=CIRCLE('',#1204,2.E-1);
#1210=CIRCLE('',#1209,2.E-1);
#1215=CIRCLE('',#1214,1.E0);
#1220=CIRCLE('',#1219,2.E-1);
#1249=CIRCLE('',#1248,2.314130434783E0);
#1278=B_SPLINE_CURVE_WITH_KNOTS('',3,(#1250,#1251,#1252,#1253,#1254,#1255,#1256,
#1257,#1258,#1259,#1260,#1261,#1262,#1263,#1264,#1265,#1266,#1267,#1268,#1269,
#1270,#1271,#1272,#1273,#1274,#1275,#1276,#1277),.UNSPECIFIED.,.F.,.F.,(4,1,1,1,
1,1,1,1,1,1,1,1,1,1,1,1,1,1,1,1,1,1,1,1,1,4),(0.E0,4.E-2,8.E-2,1.2E-1,1.6E-1,
2.E-1,2.4E-1,2.8E-1,3.2E-1,3.6E-1,4.E-1,4.4E-1,4.8E-1,5.2E-1,5.6E-1,6.E-1,
6.4E-1,6.8E-1,7.2E-1,7.6E-1,8.E-1,8.4E-1,8.8E-1,9.2E-1,9.6E-1,1.E0),
.UNSPECIFIED.);
#1283=CIRCLE('',#1282,2.E-1);
#1316=B_SPLINE_CURVE_WITH_KNOTS('',3,(#1288,#1289,#1290,#1291,#1292,#1293,#1294,
#1295,#1296,#1297,#1298,#1299,#1300,#1301,#1302,#1303,#1304,#1305,#1306,#1307,
#1308,#1309,#1310,#1311,#1312,#1313,#1314,#1315),.UNSPECIFIED.,.F.,.F.,(4,1,1,1,
1,1,1,1,1,1,1,1,1,1,1,1,1,1,1,1,1,1,1,1,1,4),(0.E0,4.E-2,8.E-2,1.2E-1,1.6E-1,
2.E-1,2.4E-1,2.8E-1,3.2E-1,3.6E-1,4.E-1,4.4E-1,4.8E-1,5.2E-1,5.6E-1,6.E-1,
6.4E-1,6.8E-1,7.2E-1,7.6E-1,8.E-1,8.4E-1,8.8E-1,9.2E-1,9.6E-1,1.E0),
.UNSPECIFIED.);
#1321=CIRCLE('',#1320,2.E-1);
#1350=B_SPLINE_CURVE_WITH_KNOTS('',3,(#1322,#1323,#1324,#1325,#1326,#1327,#1328,
#1329,#1330,#1331,#1332,#1333,#1334,#1335,#1336,#1337,#1338,#1339,#1340,#1341,
#1342,#1343,#1344,#1345,#1346,#1347,#1348,#1349),.UNSPECIFIED.,.F.,.F.,(4,1,1,1,
1,1,1,1,1,1,1,1,1,1,1,1,1,1,1,1,1,1,1,1,1,4),(0.E0,4.E-2,8.E-2,1.2E-1,1.6E-1,
2.E-1,2.4E-1,2.8E-1,3.2E-1,3.6E-1,4.E-1,4.4E-1,4.8E-1,5.2E-1,5.6E-1,6.E-1,
6.4E-1,6.8E-1,7.2E-1,7.6E-1,8.E-1,8.4E-1,8.8E-1,9.2E-1,9.6E-1,1.E0),
.UNSPECIFIED.);
#1379=B_SPLINE_CURVE_WITH_KNOTS('',3,(#1351,#1352,#1353,#1354,#1355,#1356,#1357,
#1358,#1359,#1360,#1361,#1362,#1363,#1364,#1365,#1366,#1367,#1368,#1369,#1370,
#1371,#1372,#1373,#1374,#1375,#1376,#1377,#1378),.UNSPECIFIED.,.F.,.F.,(4,1,1,1,
1,1,1,1,1,1,1,1,1,1,1,1,1,1,1,1,1,1,1,1,1,4),(0.E0,4.E-2,8.E-2,1.2E-1,1.6E-1,
2.E-1,2.4E-1,2.8E-1,3.2E-1,3.6E-1,4.E-1,4.4E-1,4.8E-1,5.2E-1,5.6E-1,6.E-1,
6.4E-1,6.8E-1,7.2E-1,7.6E-1,8.E-1,8.4E-1,8.8E-1,9.2E-1,9.6E-1,1.E0),
.UNSPECIFIED.);
#1408=B_SPLINE_CURVE_WITH_KNOTS('',3,(#1380,#1381,#1382,#1383,#1384,#1385,#1386,
#1387,#1388,#1389,#1390,#1391,#1392,#1393,#1394,#1395,#1396,#1397,#1398,#1399,
#1400,#1401,#1402,#1403,#1404,#1405,#1406,#1407),.UNSPECIFIED.,.F.,.F.,(4,1,1,1,
1,1,1,1,1,1,1,1,1,1,1,1,1,1,1,1,1,1,1,1,1,4),(0.E0,4.E-2,8.E-2,1.2E-1,1.6E-1,
2.E-1,2.4E-1,2.8E-1,3.2E-1,3.6E-1,4.E-1,4.4E-1,4.8E-1,5.2E-1,5.6E-1,6.E-1,
6.4E-1,6.8E-1,7.2E-1,7.6E-1,8.E-1,8.4E-1,8.8E-1,9.2E-1,9.6E-1,1.E0),
.UNSPECIFIED.);
#1437=B_SPLINE_CURVE_WITH_KNOTS('',3,(#1409,#1410,#1411,#1412,#1413,#1414,#1415,
#1416,#1417,#1418,#1419,#1420,#1421,#1422,#1423,#1424,#1425,#1426,#1427,#1428,
#1429,#1430,#1431,#1432,#1433,#1434,#1435,#1436),.UNSPECIFIED.,.F.,.F.,(4,1,1,1,
1,1,1,1,1,1,1,1,1,1,1,1,1,1,1,1,1,1,1,1,1,4),(0.E0,4.E-2,8.E-2,1.2E-1,1.6E-1,
2.E-1,2.4E-1,2.8E-1,3.2E-1,3.6E-1,4.E-1,4.4E-1,4.8E-1,5.2E-1,5.6E-1,6.E-1,
6.4E-1,6.8E-1,7.2E-1,7.6E-1,8.E-1,8.4E-1,8.8E-1,9.2E-1,9.6E-1,1.E0),
.UNSPECIFIED.);
#1466=B_SPLINE_CURVE_WITH_KNOTS('',3,(#1438,#1439,#1440,#1441,#1442,#1443,#1444,
#1445,#1446,#1447,#1448,#1449,#1450,#1451,#1452,#1453,#1454,#1455,#1456,#1457,
#1458,#1459,#1460,#1461,#1462,#1463,#1464,#1465),.UNSPECIFIED.,.F.,.F.,(4,1,1,1,
1,1,1,1,1,1,1,1,1,1,1,1,1,1,1,1,1,1,1,1,1,4),(0.E0,4.E-2,8.E-2,1.2E-1,1.6E-1,
2.E-1,2.4E-1,2.8E-1,3.2E-1,3.6E-1,4.E-1,4.4E-1,4.8E-1,5.2E-1,5.6E-1,6.E-1,
6.4E-1,6.8E-1,7.2E-1,7.6E-1,8.E-1,8.4E-1,8.8E-1,9.2E-1,9.6E-1,1.E0),
.UNSPECIFIED.);
#1489=B_SPLINE_CURVE_WITH_KNOTS('',3,(#1479,#1480,#1481,#1482,#1483,#1484,#1485,
#1486,#1487,#1488),.UNSPECIFIED.,.F.,.F.,(4,1,1,1,1,1,1,4),(0.E0,
1.428571428571E-1,2.857142857143E-1,4.285714285714E-1,5.714285714286E-1,
7.142857142857E-1,8.571428571429E-1,1.E0),.UNSPECIFIED.);
#1500=B_SPLINE_CURVE_WITH_KNOTS('',3,(#1490,#1491,#1492,#1493,#1494,#1495,#1496,
#1497,#1498,#1499),.UNSPECIFIED.,.F.,.F.,(4,1,1,1,1,1,1,4),(0.E0,
1.428571428571E-1,2.857142857143E-1,4.285714285714E-1,5.714285714286E-1,
7.142857142857E-1,8.571428571429E-1,1.E0),.UNSPECIFIED.);
#1521=CIRCLE('',#1520,1.2E0);
#1530=CIRCLE('',#1529,1.5E0);
#1547=CIRCLE('',#1546,1.5E0);
#1556=CIRCLE('',#1555,1.2E0);
#1565=CIRCLE('',#1564,1.5E0);
#1598=B_SPLINE_CURVE_WITH_KNOTS('',3,(#1570,#1571,#1572,#1573,#1574,#1575,#1576,
#1577,#1578,#1579,#1580,#1581,#1582,#1583,#1584,#1585,#1586,#1587,#1588,#1589,
#1590,#1591,#1592,#1593,#1594,#1595,#1596,#1597),.UNSPECIFIED.,.F.,.F.,(4,1,1,1,
1,1,1,1,1,1,1,1,1,1,1,1,1,1,1,1,1,1,1,1,1,4),(0.E0,4.E-2,8.E-2,1.2E-1,1.6E-1,
2.E-1,2.4E-1,2.8E-1,3.2E-1,3.6E-1,4.E-1,4.4E-1,4.8E-1,5.2E-1,5.6E-1,6.E-1,
6.4E-1,6.8E-1,7.2E-1,7.6E-1,8.E-1,8.4E-1,8.8E-1,9.2E-1,9.6E-1,1.E0),
.UNSPECIFIED.);
#1627=B_SPLINE_CURVE_WITH_KNOTS('',3,(#1599,#1600,#1601,#1602,#1603,#1604,#1605,
#1606,#1607,#1608,#1609,#1610,#1611,#1612,#1613,#1614,#1615,#1616,#1617,#1618,
#1619,#1620,#1621,#1622,#1623,#1624,#1625,#1626),.UNSPECIFIED.,.F.,.F.,(4,1,1,1,
1,1,1,1,1,1,1,1,1,1,1,1,1,1,1,1,1,1,1,1,1,4),(0.E0,4.E-2,8.E-2,1.2E-1,1.6E-1,
2.E-1,2.4E-1,2.8E-1,3.2E-1,3.6E-1,4.E-1,4.4E-1,4.8E-1,5.2E-1,5.6E-1,6.E-1,
6.4E-1,6.8E-1,7.2E-1,7.6E-1,8.E-1,8.4E-1,8.8E-1,9.2E-1,9.6E-1,1.E0),
.UNSPECIFIED.);
#1632=CIRCLE('',#1631,1.E0);
#1641=CIRCLE('',#1640,7.E-1);
#1646=CIRCLE('',#1645,1.E0);
#1651=CIRCLE('',#1650,1.E0);
#1656=CIRCLE('',#1655,7.E-1);
#1691=B_SPLINE_CURVE_WITH_KNOTS('',3,(#1681,#1682,#1683,#1684,#1685,#1686,#1687,
#1688,#1689,#1690),.UNSPECIFIED.,.F.,.F.,(4,1,1,1,1,1,1,4),(0.E0,
1.428571428571E-1,2.857142857143E-1,4.285714285714E-1,5.714285714286E-1,
7.142857142857E-1,8.571428571429E-1,1.E0),.UNSPECIFIED.);
#1702=B_SPLINE_CURVE_WITH_KNOTS('',3,(#1692,#1693,#1694,#1695,#1696,#1697,#1698,
#1699,#1700,#1701),.UNSPECIFIED.,.F.,.F.,(4,1,1,1,1,1,1,4),(0.E0,
1.428571428571E-1,2.857142857143E-1,4.285714285714E-1,5.714285714286E-1,
7.142857142857E-1,8.571428571429E-1,1.E0),.UNSPECIFIED.);
#1707=CIRCLE('',#1706,1.E0);
#1740=B_SPLINE_CURVE_WITH_KNOTS('',3,(#1712,#1713,#1714,#1715,#1716,#1717,#1718,
#1719,#1720,#1721,#1722,#1723,#1724,#1725,#1726,#1727,#1728,#1729,#1730,#1731,
#1732,#1733,#1734,#1735,#1736,#1737,#1738,#1739),.UNSPECIFIED.,.F.,.F.,(4,1,1,1,
1,1,1,1,1,1,1,1,1,1,1,1,1,1,1,1,1,1,1,1,1,4),(0.E0,4.E-2,8.E-2,1.2E-1,1.6E-1,
2.E-1,2.4E-1,2.8E-1,3.2E-1,3.6E-1,4.E-1,4.4E-1,4.8E-1,5.2E-1,5.6E-1,6.E-1,
6.4E-1,6.8E-1,7.2E-1,7.6E-1,8.E-1,8.4E-1,8.8E-1,9.2E-1,9.6E-1,1.E0),
.UNSPECIFIED.);
#1769=B_SPLINE_CURVE_WITH_KNOTS('',3,(#1741,#1742,#1743,#1744,#1745,#1746,#1747,
#1748,#1749,#1750,#1751,#1752,#1753,#1754,#1755,#1756,#1757,#1758,#1759,#1760,
#1761,#1762,#1763,#1764,#1765,#1766,#1767,#1768),.UNSPECIFIED.,.F.,.F.,(4,1,1,1,
1,1,1,1,1,1,1,1,1,1,1,1,1,1,1,1,1,1,1,1,1,4),(0.E0,4.E-2,8.E-2,1.2E-1,1.6E-1,
2.E-1,2.4E-1,2.8E-1,3.2E-1,3.6E-1,4.E-1,4.4E-1,4.8E-1,5.2E-1,5.6E-1,6.E-1,
6.4E-1,6.8E-1,7.2E-1,7.6E-1,8.E-1,8.4E-1,8.8E-1,9.2E-1,9.6E-1,1.E0),
.UNSPECIFIED.);
#1774=CIRCLE('',#1773,1.5E0);
#1806=B_SPLINE_CURVE_WITH_KNOTS('',3,(#1779,#1780,#1781,#1782,#1783,#1784,#1785,
#1786,#1787,#1788,#1789,#1790,#1791,#1792,#1793,#1794,#1795,#1796,#1797,#1798,
#1799,#1800,#1801,#1802,#1803,#1804,#1805),.UNSPECIFIED.,.F.,.F.,(4,1,1,1,1,1,1,
1,1,1,1,1,1,1,1,1,1,1,1,1,1,1,1,1,4),(0.E0,4.166666666667E-2,8.333333333333E-2,
1.25E-1,1.666666666667E-1,2.083333333333E-1,2.5E-1,2.916666666667E-1,
3.333333333333E-1,3.75E-1,4.166666666667E-1,4.583333333333E-1,5.E-1,
5.416666666667E-1,5.833333333333E-1,6.25E-1,6.666666666667E-1,7.083333333333E-1,
7.5E-1,7.916666666667E-1,8.333333333333E-1,8.75E-1,9.166666666667E-1,
9.583333333333E-1,1.E0),.UNSPECIFIED.);
#1835=B_SPLINE_CURVE_WITH_KNOTS('',3,(#1807,#1808,#1809,#1810,#1811,#1812,#1813,
#1814,#1815,#1816,#1817,#1818,#1819,#1820,#1821,#1822,#1823,#1824,#1825,#1826,
#1827,#1828,#1829,#1830,#1831,#1832,#1833,#1834),.UNSPECIFIED.,.F.,.F.,(4,1,1,1,
1,1,1,1,1,1,1,1,1,1,1,1,1,1,1,1,1,1,1,1,1,4),(0.E0,4.E-2,8.E-2,1.2E-1,1.6E-1,
2.E-1,2.4E-1,2.8E-1,3.2E-1,3.6E-1,4.E-1,4.4E-1,4.8E-1,5.2E-1,5.6E-1,6.E-1,
6.4E-1,6.8E-1,7.2E-1,7.6E-1,8.E-1,8.4E-1,8.8E-1,9.2E-1,9.6E-1,1.E0),
.UNSPECIFIED.);
#1840=CIRCLE('',#1839,2.E-1);
#1955=B_SPLINE_CURVE_WITH_KNOTS('',3,(#1949,#1950,#1951,#1952,#1953,#1954),
.UNSPECIFIED.,.F.,.F.,(4,1,1,4),(0.E0,3.333333333333E-1,6.666666666667E-1,1.E0),
.UNSPECIFIED.);
#1986=B_SPLINE_CURVE_WITH_KNOTS('',3,(#1980,#1981,#1982,#1983,#1984,#1985),
.UNSPECIFIED.,.F.,.F.,(4,1,1,4),(0.E0,5.E-1,7.5E-1,1.E0),.UNSPECIFIED.);
#2033=B_SPLINE_CURVE_WITH_KNOTS('',3,(#2027,#2028,#2029,#2030,#2031,#2032),
.UNSPECIFIED.,.F.,.F.,(4,1,1,4),(0.E0,2.5E-1,5.E-1,1.E0),.UNSPECIFIED.);
#2042=CIRCLE('',#2041,5.000035174553E-2);
#2047=CIRCLE('',#2046,9.000006091925E-1);
#2056=CIRCLE('',#2055,9.000006091925E-1);
#2061=CIRCLE('',#2060,5.000035174553E-2);
#2094=B_SPLINE_CURVE_WITH_KNOTS('',3,(#2066,#2067,#2068,#2069,#2070,#2071,#2072,
#2073,#2074,#2075,#2076,#2077,#2078,#2079,#2080,#2081,#2082,#2083,#2084,#2085,
#2086,#2087,#2088,#2089,#2090,#2091,#2092,#2093),.UNSPECIFIED.,.F.,.F.,(4,1,1,1,
1,1,1,1,1,1,1,1,1,1,1,1,1,1,1,1,1,1,1,1,1,4),(0.E0,4.E-2,8.E-2,1.2E-1,1.6E-1,
2.E-1,2.4E-1,2.8E-1,3.2E-1,3.6E-1,4.E-1,4.4E-1,4.8E-1,5.2E-1,5.6E-1,6.E-1,
6.4E-1,6.8E-1,7.2E-1,7.6E-1,8.E-1,8.4E-1,8.8E-1,9.2E-1,9.6E-1,1.E0),
.UNSPECIFIED.);
#2123=B_SPLINE_CURVE_WITH_KNOTS('',3,(#2095,#2096,#2097,#2098,#2099,#2100,#2101,
#2102,#2103,#2104,#2105,#2106,#2107,#2108,#2109,#2110,#2111,#2112,#2113,#2114,
#2115,#2116,#2117,#2118,#2119,#2120,#2121,#2122),.UNSPECIFIED.,.F.,.F.,(4,1,1,1,
1,1,1,1,1,1,1,1,1,1,1,1,1,1,1,1,1,1,1,1,1,4),(0.E0,4.E-2,8.E-2,1.2E-1,1.6E-1,
2.E-1,2.4E-1,2.8E-1,3.2E-1,3.6E-1,4.E-1,4.4E-1,4.8E-1,5.2E-1,5.6E-1,6.E-1,
6.4E-1,6.8E-1,7.2E-1,7.6E-1,8.E-1,8.4E-1,8.8E-1,9.2E-1,9.6E-1,1.E0),
.UNSPECIFIED.);
#2134=B_SPLINE_CURVE_WITH_KNOTS('',3,(#2124,#2125,#2126,#2127,#2128,#2129,#2130,
#2131,#2132,#2133),.UNSPECIFIED.,.F.,.F.,(4,1,1,1,1,1,1,4),(0.E0,
1.428571428571E-1,2.857142857143E-1,4.285714285714E-1,5.714285714286E-1,
7.142857142857E-1,8.571428571429E-1,1.E0),.UNSPECIFIED.);
#2145=B_SPLINE_CURVE_WITH_KNOTS('',3,(#2135,#2136,#2137,#2138,#2139,#2140,#2141,
#2142,#2143,#2144),.UNSPECIFIED.,.F.,.F.,(4,1,1,1,1,1,1,4),(0.E0,
1.428571428571E-1,2.857142857143E-1,4.285714285714E-1,5.714285714286E-1,
7.142857142857E-1,8.571428571429E-1,1.E0),.UNSPECIFIED.);
#2158=CIRCLE('',#2157,9.000006091925E-1);
#2175=CIRCLE('',#2174,5.403174741639E-1);
#2192=CIRCLE('',#2191,7.423174741639E-1);
#2217=CIRCLE('',#2216,7.424118596965E-1);
#2234=CIRCLE('',#2233,5.403174741639E-1);
#2243=CIRCLE('',#2242,1.596825258361E-1);
#2252=CIRCLE('',#2251,1.596825258361E-1);
#2373=CIRCLE('',#2372,1.45E0);
#2422=CIRCLE('',#2421,1.45E0);
#2555=CIRCLE('',#2554,5.371256335991E-1);
#2564=CIRCLE('',#2563,5.371256335991E-1);
#2581=CIRCLE('',#2580,3.541319208688E-1);
#2590=CIRCLE('',#2589,3.541319208688E-1);
#2607=CIRCLE('',#2606,5.562263064013E-1);
#2632=CIRCLE('',#2631,5.561319208688E-1);
#2781=CIRCLE('',#2780,1.979056144674E-1);
#2798=CIRCLE('',#2797,1.979056144674E-1);
#2834=B_SPLINE_CURVE_WITH_KNOTS('',3,(#2823,#2824,#2825,#2826,#2827,#2828,#2829,
#2830,#2831,#2832,#2833),.UNSPECIFIED.,.F.,.F.,(4,1,1,1,1,1,1,1,4),(0.E0,
1.25E-1,2.5E-1,3.75E-1,5.E-1,6.25E-1,7.5E-1,8.75E-1,1.E0),.UNSPECIFIED.);
#2878=B_SPLINE_CURVE_WITH_KNOTS('',3,(#2867,#2868,#2869,#2870,#2871,#2872,#2873,
#2874,#2875,#2876,#2877),.UNSPECIFIED.,.F.,.F.,(4,1,1,1,1,1,1,1,4),(0.E0,
1.25E-1,2.5E-1,3.75E-1,5.E-1,6.25E-1,7.5E-1,8.75E-1,1.E0),.UNSPECIFIED.);
#2885=B_SPLINE_CURVE_WITH_KNOTS('',3,(#2879,#2880,#2881,#2882,#2883,#2884),
.UNSPECIFIED.,.F.,.F.,(4,1,1,4),(0.E0,3.333333333333E-1,6.666666666667E-1,1.E0),
.UNSPECIFIED.);
#2902=CIRCLE('',#2901,5.020943855326E-1);
#2919=CIRCLE('',#2918,7.041887710651E-1);
#2944=CIRCLE('',#2943,7.040943855326E-1);
#2951=B_SPLINE_CURVE_WITH_KNOTS('',3,(#2945,#2946,#2947,#2948,#2949,#2950),
.UNSPECIFIED.,.F.,.F.,(4,1,1,4),(0.E0,3.333333333333E-1,6.666666666667E-1,1.E0),
.UNSPECIFIED.);
#2964=CIRCLE('',#2963,5.020943855326E-1);
#3061=CIRCLE('',#3060,1.45E0);
#3125=B_SPLINE_CURVE_WITH_KNOTS('',3,(#3118,#3119,#3120,#3121,#3122,#3123,
#3124),.UNSPECIFIED.,.F.,.F.,(4,1,1,1,4),(0.E0,2.5E-1,5.E-1,7.5E-1,1.E0),
.UNSPECIFIED.);
#3136=B_SPLINE_CURVE_WITH_KNOTS('',3,(#3130,#3131,#3132,#3133,#3134,#3135),
.UNSPECIFIED.,.F.,.F.,(4,1,1,4),(0.E0,3.333333333333E-1,6.666666666667E-1,1.E0),
.UNSPECIFIED.);
#3171=B_SPLINE_CURVE_WITH_KNOTS('',3,(#3165,#3166,#3167,#3168,#3169,#3170),
.UNSPECIFIED.,.F.,.F.,(4,1,1,4),(0.E0,5.E-1,7.5E-1,1.E0),.UNSPECIFIED.);
#3218=B_SPLINE_CURVE_WITH_KNOTS('',3,(#3212,#3213,#3214,#3215,#3216,#3217),
.UNSPECIFIED.,.F.,.F.,(4,1,1,4),(0.E0,2.5E-1,5.E-1,1.E0),.UNSPECIFIED.);
#3227=CIRCLE('',#3226,5.000035174553E-2);
#3232=CIRCLE('',#3231,9.000006091925E-1);
#3241=CIRCLE('',#3240,9.000006091925E-1);
#3246=CIRCLE('',#3245,5.000035174553E-2);
#3279=B_SPLINE_CURVE_WITH_KNOTS('',3,(#3251,#3252,#3253,#3254,#3255,#3256,#3257,
#3258,#3259,#3260,#3261,#3262,#3263,#3264,#3265,#3266,#3267,#3268,#3269,#3270,
#3271,#3272,#3273,#3274,#3275,#3276,#3277,#3278),.UNSPECIFIED.,.F.,.F.,(4,1,1,1,
1,1,1,1,1,1,1,1,1,1,1,1,1,1,1,1,1,1,1,1,1,4),(0.E0,4.E-2,8.E-2,1.2E-1,1.6E-1,
2.E-1,2.4E-1,2.8E-1,3.2E-1,3.6E-1,4.E-1,4.4E-1,4.8E-1,5.2E-1,5.6E-1,6.E-1,
6.4E-1,6.8E-1,7.2E-1,7.6E-1,8.E-1,8.4E-1,8.8E-1,9.2E-1,9.6E-1,1.E0),
.UNSPECIFIED.);
#3308=B_SPLINE_CURVE_WITH_KNOTS('',3,(#3280,#3281,#3282,#3283,#3284,#3285,#3286,
#3287,#3288,#3289,#3290,#3291,#3292,#3293,#3294,#3295,#3296,#3297,#3298,#3299,
#3300,#3301,#3302,#3303,#3304,#3305,#3306,#3307),.UNSPECIFIED.,.F.,.F.,(4,1,1,1,
1,1,1,1,1,1,1,1,1,1,1,1,1,1,1,1,1,1,1,1,1,4),(0.E0,4.E-2,8.E-2,1.2E-1,1.6E-1,
2.E-1,2.4E-1,2.8E-1,3.2E-1,3.6E-1,4.E-1,4.4E-1,4.8E-1,5.2E-1,5.6E-1,6.E-1,
6.4E-1,6.8E-1,7.2E-1,7.6E-1,8.E-1,8.4E-1,8.8E-1,9.2E-1,9.6E-1,1.E0),
.UNSPECIFIED.);
#3319=B_SPLINE_CURVE_WITH_KNOTS('',3,(#3309,#3310,#3311,#3312,#3313,#3314,#3315,
#3316,#3317,#3318),.UNSPECIFIED.,.F.,.F.,(4,1,1,1,1,1,1,4),(0.E0,
1.428571428571E-1,2.857142857143E-1,4.285714285714E-1,5.714285714286E-1,
7.142857142857E-1,8.571428571429E-1,1.E0),.UNSPECIFIED.);
#3330=B_SPLINE_CURVE_WITH_KNOTS('',3,(#3320,#3321,#3322,#3323,#3324,#3325,#3326,
#3327,#3328,#3329),.UNSPECIFIED.,.F.,.F.,(4,1,1,1,1,1,1,4),(0.E0,
1.428571428571E-1,2.857142857143E-1,4.285714285714E-1,5.714285714286E-1,
7.142857142857E-1,8.571428571429E-1,1.E0),.UNSPECIFIED.);
#3343=CIRCLE('',#3342,9.000006091925E-1);
#3360=CIRCLE('',#3359,1.45E0);
#3528=B_SPLINE_CURVE_WITH_KNOTS('',3,(#3521,#3522,#3523,#3524,#3525,#3526,
#3527),.UNSPECIFIED.,.F.,.F.,(4,1,1,1,4),(0.E0,2.5E-1,5.E-1,7.5E-1,1.E0),
.UNSPECIFIED.);
#3533=CIRCLE('',#3532,2.E-1);
#3574=CIRCLE('',#3573,2.E-1);
#3579=CIRCLE('',#3578,2.E-1);
#3584=CIRCLE('',#3583,2.E-1);
#3589=CIRCLE('',#3588,2.E-1);
#3626=CIRCLE('',#3625,2.E-1);
#3631=CIRCLE('',#3630,2.E-1);
#3636=CIRCLE('',#3635,2.E-1);
#3641=CIRCLE('',#3640,2.E-1);
#3650=CIRCLE('',#3649,2.E-1);
#3659=CIRCLE('',#3658,2.E-1);
#3664=CIRCLE('',#3663,1.5E0);
#3673=CIRCLE('',#3672,2.E-1);
#3678=CIRCLE('',#3677,2.E-1);
#3695=CIRCLE('',#3694,1.5E0);
#3816=CIRCLE('',#3815,3.E-1);
#3837=CIRCLE('',#3836,3.E-1);
#3846=CIRCLE('',#3845,5.E-1);
#3855=CIRCLE('',#3854,1.E-1);
#3864=CIRCLE('',#3863,1.E-1);
#3873=CIRCLE('',#3872,5.E-1);
#3882=CIRCLE('',#3881,3.E-1);
#3915=CIRCLE('',#3914,1.7E0);
#3928=CIRCLE('',#3927,1.7E0);
#3941=CIRCLE('',#3940,1.7E0);
#3954=CIRCLE('',#3953,1.7E0);
#3975=CIRCLE('',#3974,3.E-1);
#4024=B_SPLINE_CURVE_WITH_KNOTS('',3,(#3996,#3997,#3998,#3999,#4000,#4001,#4002,
#4003,#4004,#4005,#4006,#4007,#4008,#4009,#4010,#4011,#4012,#4013,#4014,#4015,
#4016,#4017,#4018,#4019,#4020,#4021,#4022,#4023),.UNSPECIFIED.,.F.,.F.,(4,1,1,1,
1,1,1,1,1,1,1,1,1,1,1,1,1,1,1,1,1,1,1,1,1,4),(0.E0,4.E-2,8.E-2,1.2E-1,1.6E-1,
2.E-1,2.4E-1,2.8E-1,3.2E-1,3.6E-1,4.E-1,4.4E-1,4.8E-1,5.2E-1,5.6E-1,6.E-1,
6.4E-1,6.8E-1,7.2E-1,7.6E-1,8.E-1,8.4E-1,8.8E-1,9.2E-1,9.6E-1,1.E0),
.UNSPECIFIED.);
#4053=B_SPLINE_CURVE_WITH_KNOTS('',3,(#4025,#4026,#4027,#4028,#4029,#4030,#4031,
#4032,#4033,#4034,#4035,#4036,#4037,#4038,#4039,#4040,#4041,#4042,#4043,#4044,
#4045,#4046,#4047,#4048,#4049,#4050,#4051,#4052),.UNSPECIFIED.,.F.,.F.,(4,1,1,1,
1,1,1,1,1,1,1,1,1,1,1,1,1,1,1,1,1,1,1,1,1,4),(0.E0,4.E-2,8.E-2,1.2E-1,1.6E-1,
2.E-1,2.4E-1,2.8E-1,3.2E-1,3.6E-1,4.E-1,4.4E-1,4.8E-1,5.2E-1,5.6E-1,6.E-1,
6.4E-1,6.8E-1,7.2E-1,7.6E-1,8.E-1,8.4E-1,8.8E-1,9.2E-1,9.6E-1,1.E0),
.UNSPECIFIED.);
#4098=B_SPLINE_CURVE_WITH_KNOTS('',3,(#4070,#4071,#4072,#4073,#4074,#4075,#4076,
#4077,#4078,#4079,#4080,#4081,#4082,#4083,#4084,#4085,#4086,#4087,#4088,#4089,
#4090,#4091,#4092,#4093,#4094,#4095,#4096,#4097),.UNSPECIFIED.,.F.,.F.,(4,1,1,1,
1,1,1,1,1,1,1,1,1,1,1,1,1,1,1,1,1,1,1,1,1,4),(0.E0,4.E-2,8.E-2,1.2E-1,1.6E-1,
2.E-1,2.4E-1,2.8E-1,3.2E-1,3.6E-1,4.E-1,4.4E-1,4.8E-1,5.2E-1,5.6E-1,6.E-1,
6.4E-1,6.8E-1,7.2E-1,7.6E-1,8.E-1,8.4E-1,8.8E-1,9.2E-1,9.6E-1,1.E0),
.UNSPECIFIED.);
#4143=B_SPLINE_CURVE_WITH_KNOTS('',3,(#4115,#4116,#4117,#4118,#4119,#4120,#4121,
#4122,#4123,#4124,#4125,#4126,#4127,#4128,#4129,#4130,#4131,#4132,#4133,#4134,
#4135,#4136,#4137,#4138,#4139,#4140,#4141,#4142),.UNSPECIFIED.,.F.,.F.,(4,1,1,1,
1,1,1,1,1,1,1,1,1,1,1,1,1,1,1,1,1,1,1,1,1,4),(0.E0,4.E-2,8.E-2,1.2E-1,1.6E-1,
2.E-1,2.4E-1,2.8E-1,3.2E-1,3.6E-1,4.E-1,4.4E-1,4.8E-1,5.2E-1,5.6E-1,6.E-1,
6.4E-1,6.8E-1,7.2E-1,7.6E-1,8.E-1,8.4E-1,8.8E-1,9.2E-1,9.6E-1,1.E0),
.UNSPECIFIED.);
#4180=B_SPLINE_CURVE_WITH_KNOTS('',3,(#4152,#4153,#4154,#4155,#4156,#4157,#4158,
#4159,#4160,#4161,#4162,#4163,#4164,#4165,#4166,#4167,#4168,#4169,#4170,#4171,
#4172,#4173,#4174,#4175,#4176,#4177,#4178,#4179),.UNSPECIFIED.,.F.,.F.,(4,1,1,1,
1,1,1,1,1,1,1,1,1,1,1,1,1,1,1,1,1,1,1,1,1,4),(0.E0,4.E-2,8.E-2,1.2E-1,1.6E-1,
2.E-1,2.4E-1,2.8E-1,3.2E-1,3.6E-1,4.E-1,4.4E-1,4.8E-1,5.2E-1,5.6E-1,6.E-1,
6.4E-1,6.8E-1,7.2E-1,7.6E-1,8.E-1,8.4E-1,8.8E-1,9.2E-1,9.6E-1,1.E0),
.UNSPECIFIED.);
#4209=B_SPLINE_CURVE_WITH_KNOTS('',3,(#4181,#4182,#4183,#4184,#4185,#4186,#4187,
#4188,#4189,#4190,#4191,#4192,#4193,#4194,#4195,#4196,#4197,#4198,#4199,#4200,
#4201,#4202,#4203,#4204,#4205,#4206,#4207,#4208),.UNSPECIFIED.,.F.,.F.,(4,1,1,1,
1,1,1,1,1,1,1,1,1,1,1,1,1,1,1,1,1,1,1,1,1,4),(0.E0,4.E-2,8.E-2,1.2E-1,1.6E-1,
2.E-1,2.4E-1,2.8E-1,3.2E-1,3.6E-1,4.E-1,4.4E-1,4.8E-1,5.2E-1,5.6E-1,6.E-1,
6.4E-1,6.8E-1,7.2E-1,7.6E-1,8.E-1,8.4E-1,8.8E-1,9.2E-1,9.6E-1,1.E0),
.UNSPECIFIED.);
#4238=B_SPLINE_CURVE_WITH_KNOTS('',3,(#4210,#4211,#4212,#4213,#4214,#4215,#4216,
#4217,#4218,#4219,#4220,#4221,#4222,#4223,#4224,#4225,#4226,#4227,#4228,#4229,
#4230,#4231,#4232,#4233,#4234,#4235,#4236,#4237),.UNSPECIFIED.,.F.,.F.,(4,1,1,1,
1,1,1,1,1,1,1,1,1,1,1,1,1,1,1,1,1,1,1,1,1,4),(0.E0,4.E-2,8.E-2,1.2E-1,1.6E-1,
2.E-1,2.4E-1,2.8E-1,3.2E-1,3.6E-1,4.E-1,4.4E-1,4.8E-1,5.2E-1,5.6E-1,6.E-1,
6.4E-1,6.8E-1,7.2E-1,7.6E-1,8.E-1,8.4E-1,8.8E-1,9.2E-1,9.6E-1,1.E0),
.UNSPECIFIED.);
#4267=B_SPLINE_CURVE_WITH_KNOTS('',3,(#4239,#4240,#4241,#4242,#4243,#4244,#4245,
#4246,#4247,#4248,#4249,#4250,#4251,#4252,#4253,#4254,#4255,#4256,#4257,#4258,
#4259,#4260,#4261,#4262,#4263,#4264,#4265,#4266),.UNSPECIFIED.,.F.,.F.,(4,1,1,1,
1,1,1,1,1,1,1,1,1,1,1,1,1,1,1,1,1,1,1,1,1,4),(0.E0,4.E-2,8.E-2,1.2E-1,1.6E-1,
2.E-1,2.4E-1,2.8E-1,3.2E-1,3.6E-1,4.E-1,4.4E-1,4.8E-1,5.2E-1,5.6E-1,6.E-1,
6.4E-1,6.8E-1,7.2E-1,7.6E-1,8.E-1,8.4E-1,8.8E-1,9.2E-1,9.6E-1,1.E0),
.UNSPECIFIED.);
#4296=B_SPLINE_CURVE_WITH_KNOTS('',3,(#4268,#4269,#4270,#4271,#4272,#4273,#4274,
#4275,#4276,#4277,#4278,#4279,#4280,#4281,#4282,#4283,#4284,#4285,#4286,#4287,
#4288,#4289,#4290,#4291,#4292,#4293,#4294,#4295),.UNSPECIFIED.,.F.,.F.,(4,1,1,1,
1,1,1,1,1,1,1,1,1,1,1,1,1,1,1,1,1,1,1,1,1,4),(0.E0,4.E-2,8.E-2,1.2E-1,1.6E-1,
2.E-1,2.4E-1,2.8E-1,3.2E-1,3.6E-1,4.E-1,4.4E-1,4.8E-1,5.2E-1,5.6E-1,6.E-1,
6.4E-1,6.8E-1,7.2E-1,7.6E-1,8.E-1,8.4E-1,8.8E-1,9.2E-1,9.6E-1,1.E0),
.UNSPECIFIED.);
#4325=B_SPLINE_CURVE_WITH_KNOTS('',3,(#4297,#4298,#4299,#4300,#4301,#4302,#4303,
#4304,#4305,#4306,#4307,#4308,#4309,#4310,#4311,#4312,#4313,#4314,#4315,#4316,
#4317,#4318,#4319,#4320,#4321,#4322,#4323,#4324),.UNSPECIFIED.,.F.,.F.,(4,1,1,1,
1,1,1,1,1,1,1,1,1,1,1,1,1,1,1,1,1,1,1,1,1,4),(0.E0,4.E-2,8.E-2,1.2E-1,1.6E-1,
2.E-1,2.4E-1,2.8E-1,3.2E-1,3.6E-1,4.E-1,4.4E-1,4.8E-1,5.2E-1,5.6E-1,6.E-1,
6.4E-1,6.8E-1,7.2E-1,7.6E-1,8.E-1,8.4E-1,8.8E-1,9.2E-1,9.6E-1,1.E0),
.UNSPECIFIED.);
#4354=B_SPLINE_CURVE_WITH_KNOTS('',3,(#4326,#4327,#4328,#4329,#4330,#4331,#4332,
#4333,#4334,#4335,#4336,#4337,#4338,#4339,#4340,#4341,#4342,#4343,#4344,#4345,
#4346,#4347,#4348,#4349,#4350,#4351,#4352,#4353),.UNSPECIFIED.,.F.,.F.,(4,1,1,1,
1,1,1,1,1,1,1,1,1,1,1,1,1,1,1,1,1,1,1,1,1,4),(0.E0,4.E-2,8.E-2,1.2E-1,1.6E-1,
2.E-1,2.4E-1,2.8E-1,3.2E-1,3.6E-1,4.E-1,4.4E-1,4.8E-1,5.2E-1,5.6E-1,6.E-1,
6.4E-1,6.8E-1,7.2E-1,7.6E-1,8.E-1,8.4E-1,8.8E-1,9.2E-1,9.6E-1,1.E0),
.UNSPECIFIED.);
#4383=B_SPLINE_CURVE_WITH_KNOTS('',3,(#4355,#4356,#4357,#4358,#4359,#4360,#4361,
#4362,#4363,#4364,#4365,#4366,#4367,#4368,#4369,#4370,#4371,#4372,#4373,#4374,
#4375,#4376,#4377,#4378,#4379,#4380,#4381,#4382),.UNSPECIFIED.,.F.,.F.,(4,1,1,1,
1,1,1,1,1,1,1,1,1,1,1,1,1,1,1,1,1,1,1,1,1,4),(0.E0,4.E-2,8.E-2,1.2E-1,1.6E-1,
2.E-1,2.4E-1,2.8E-1,3.2E-1,3.6E-1,4.E-1,4.4E-1,4.8E-1,5.2E-1,5.6E-1,6.E-1,
6.4E-1,6.8E-1,7.2E-1,7.6E-1,8.E-1,8.4E-1,8.8E-1,9.2E-1,9.6E-1,1.E0),
.UNSPECIFIED.);
#4412=B_SPLINE_CURVE_WITH_KNOTS('',3,(#4384,#4385,#4386,#4387,#4388,#4389,#4390,
#4391,#4392,#4393,#4394,#4395,#4396,#4397,#4398,#4399,#4400,#4401,#4402,#4403,
#4404,#4405,#4406,#4407,#4408,#4409,#4410,#4411),.UNSPECIFIED.,.F.,.F.,(4,1,1,1,
1,1,1,1,1,1,1,1,1,1,1,1,1,1,1,1,1,1,1,1,1,4),(0.E0,4.E-2,8.E-2,1.2E-1,1.6E-1,
2.E-1,2.4E-1,2.8E-1,3.2E-1,3.6E-1,4.E-1,4.4E-1,4.8E-1,5.2E-1,5.6E-1,6.E-1,
6.4E-1,6.8E-1,7.2E-1,7.6E-1,8.E-1,8.4E-1,8.8E-1,9.2E-1,9.6E-1,1.E0),
.UNSPECIFIED.);
#4441=B_SPLINE_CURVE_WITH_KNOTS('',3,(#4413,#4414,#4415,#4416,#4417,#4418,#4419,
#4420,#4421,#4422,#4423,#4424,#4425,#4426,#4427,#4428,#4429,#4430,#4431,#4432,
#4433,#4434,#4435,#4436,#4437,#4438,#4439,#4440),.UNSPECIFIED.,.F.,.F.,(4,1,1,1,
1,1,1,1,1,1,1,1,1,1,1,1,1,1,1,1,1,1,1,1,1,4),(0.E0,4.E-2,8.E-2,1.2E-1,1.6E-1,
2.E-1,2.4E-1,2.8E-1,3.2E-1,3.6E-1,4.E-1,4.4E-1,4.8E-1,5.2E-1,5.6E-1,6.E-1,
6.4E-1,6.8E-1,7.2E-1,7.6E-1,8.E-1,8.4E-1,8.8E-1,9.2E-1,9.6E-1,1.E0),
.UNSPECIFIED.);
#4446=CIRCLE('',#4445,1.5E0);
#4475=B_SPLINE_CURVE_WITH_KNOTS('',3,(#4459,#4460,#4461,#4462,#4463,#4464,#4465,
#4466,#4467,#4468,#4469,#4470,#4471,#4472,#4473,#4474),.UNSPECIFIED.,.F.,.F.,(4,
1,1,1,1,1,1,1,1,1,1,1,1,4),(0.E0,7.692307692308E-2,1.538461538462E-1,
2.307692307692E-1,3.076923076923E-1,3.846153846154E-1,4.615384615385E-1,
5.384615384615E-1,6.153846153846E-1,6.923076923077E-1,7.692307692308E-1,
8.461538461538E-1,9.230769230769E-1,1.E0),.UNSPECIFIED.);
#4480=CIRCLE('',#4479,1.E0);
#4489=CIRCLE('',#4488,1.E0);
#4514=B_SPLINE_CURVE_WITH_KNOTS('',3,(#4490,#4491,#4492,#4493,#4494,#4495,#4496,
#4497,#4498,#4499,#4500,#4501,#4502,#4503,#4504,#4505,#4506,#4507,#4508,#4509,
#4510,#4511,#4512,#4513),.UNSPECIFIED.,.F.,.F.,(4,1,1,1,1,1,1,1,1,1,1,1,1,1,1,1,
1,1,1,1,1,4),(0.E0,4.761904761905E-2,9.523809523810E-2,1.428571428571E-1,
1.904761904762E-1,2.380952380952E-1,2.857142857143E-1,3.333333333333E-1,
3.809523809524E-1,4.285714285714E-1,4.761904761905E-1,5.238095238095E-1,
5.714285714286E-1,6.190476190476E-1,6.666666666667E-1,7.142857142857E-1,
7.619047619048E-1,8.095238095238E-1,8.571428571429E-1,9.047619047619E-1,
9.523809523810E-1,1.E0),.UNSPECIFIED.);
#4539=B_SPLINE_CURVE_WITH_KNOTS('',3,(#4515,#4516,#4517,#4518,#4519,#4520,#4521,
#4522,#4523,#4524,#4525,#4526,#4527,#4528,#4529,#4530,#4531,#4532,#4533,#4534,
#4535,#4536,#4537,#4538),.UNSPECIFIED.,.F.,.F.,(4,1,1,1,1,1,1,1,1,1,1,1,1,1,1,1,
1,1,1,1,1,4),(0.E0,4.761904761905E-2,9.523809523810E-2,1.428571428571E-1,
1.904761904762E-1,2.380952380952E-1,2.857142857143E-1,3.333333333333E-1,
3.809523809524E-1,4.285714285714E-1,4.761904761905E-1,5.238095238095E-1,
5.714285714286E-1,6.190476190476E-1,6.666666666667E-1,7.142857142857E-1,
7.619047619048E-1,8.095238095238E-1,8.571428571429E-1,9.047619047619E-1,
9.523809523810E-1,1.E0),.UNSPECIFIED.);
#4544=CIRCLE('',#4543,1.1E0);
#4553=CIRCLE('',#4552,1.5E0);
#4562=CIRCLE('',#4561,1.1E0);
#4571=CIRCLE('',#4570,1.5E0);
#4580=CIRCLE('',#4579,1.1E0);
#4589=CIRCLE('',#4588,1.5E0);
#4598=CIRCLE('',#4597,1.1E0);
#4607=CIRCLE('',#4606,1.5E0);
#4636=B_SPLINE_CURVE_WITH_KNOTS('',3,(#4612,#4613,#4614,#4615,#4616,#4617,#4618,
#4619,#4620,#4621,#4622,#4623,#4624,#4625,#4626,#4627,#4628,#4629,#4630,#4631,
#4632,#4633,#4634,#4635),.UNSPECIFIED.,.F.,.F.,(4,1,1,1,1,1,1,1,1,1,1,1,1,1,1,1,
1,1,1,1,1,4),(0.E0,4.761904761905E-2,9.523809523810E-2,1.428571428571E-1,
1.904761904762E-1,2.380952380952E-1,2.857142857143E-1,3.333333333333E-1,
3.809523809524E-1,4.285714285714E-1,4.761904761905E-1,5.238095238095E-1,
5.714285714286E-1,6.190476190476E-1,6.666666666667E-1,7.142857142857E-1,
7.619047619048E-1,8.095238095238E-1,8.571428571429E-1,9.047619047619E-1,
9.523809523810E-1,1.E0),.UNSPECIFIED.);
#4661=B_SPLINE_CURVE_WITH_KNOTS('',3,(#4637,#4638,#4639,#4640,#4641,#4642,#4643,
#4644,#4645,#4646,#4647,#4648,#4649,#4650,#4651,#4652,#4653,#4654,#4655,#4656,
#4657,#4658,#4659,#4660),.UNSPECIFIED.,.F.,.F.,(4,1,1,1,1,1,1,1,1,1,1,1,1,1,1,1,
1,1,1,1,1,4),(0.E0,4.761904761905E-2,9.523809523810E-2,1.428571428571E-1,
1.904761904762E-1,2.380952380952E-1,2.857142857143E-1,3.333333333333E-1,
3.809523809524E-1,4.285714285714E-1,4.761904761905E-1,5.238095238095E-1,
5.714285714286E-1,6.190476190476E-1,6.666666666667E-1,7.142857142857E-1,
7.619047619048E-1,8.095238095238E-1,8.571428571429E-1,9.047619047619E-1,
9.523809523810E-1,1.E0),.UNSPECIFIED.);
#4686=B_SPLINE_CURVE_WITH_KNOTS('',3,(#4670,#4671,#4672,#4673,#4674,#4675,#4676,
#4677,#4678,#4679,#4680,#4681,#4682,#4683,#4684,#4685),.UNSPECIFIED.,.F.,.F.,(4,
1,1,1,1,1,1,1,1,1,1,1,1,4),(0.E0,7.692307692308E-2,1.538461538462E-1,
2.307692307692E-1,3.076923076923E-1,3.846153846154E-1,4.615384615385E-1,
5.384615384615E-1,6.153846153846E-1,6.923076923077E-1,7.692307692308E-1,
8.461538461538E-1,9.230769230769E-1,1.E0),.UNSPECIFIED.);
#4691=CIRCLE('',#4690,1.E0);
#4700=CIRCLE('',#4699,1.E0);
#4705=CIRCLE('',#4704,1.E0);
#4726=B_SPLINE_CURVE_WITH_KNOTS('',3,(#4710,#4711,#4712,#4713,#4714,#4715,#4716,
#4717,#4718,#4719,#4720,#4721,#4722,#4723,#4724,#4725),.UNSPECIFIED.,.F.,.F.,(4,
1,1,1,1,1,1,1,1,1,1,1,1,4),(0.E0,7.692307692308E-2,1.538461538462E-1,
2.307692307692E-1,3.076923076923E-1,3.846153846154E-1,4.615384615385E-1,
5.384615384615E-1,6.153846153846E-1,6.923076923077E-1,7.692307692308E-1,
8.461538461538E-1,9.230769230769E-1,1.E0),.UNSPECIFIED.);
#4759=B_SPLINE_CURVE_WITH_KNOTS('',3,(#4735,#4736,#4737,#4738,#4739,#4740,#4741,
#4742,#4743,#4744,#4745,#4746,#4747,#4748,#4749,#4750,#4751,#4752,#4753,#4754,
#4755,#4756,#4757,#4758),.UNSPECIFIED.,.F.,.F.,(4,1,1,1,1,1,1,1,1,1,1,1,1,1,1,1,
1,1,1,1,1,4),(0.E0,4.761904761905E-2,9.523809523810E-2,1.428571428571E-1,
1.904761904762E-1,2.380952380952E-1,2.857142857143E-1,3.333333333333E-1,
3.809523809524E-1,4.285714285714E-1,4.761904761905E-1,5.238095238095E-1,
5.714285714286E-1,6.190476190476E-1,6.666666666667E-1,7.142857142857E-1,
7.619047619048E-1,8.095238095238E-1,8.571428571429E-1,9.047619047619E-1,
9.523809523810E-1,1.E0),.UNSPECIFIED.);
#4784=B_SPLINE_CURVE_WITH_KNOTS('',3,(#4760,#4761,#4762,#4763,#4764,#4765,#4766,
#4767,#4768,#4769,#4770,#4771,#4772,#4773,#4774,#4775,#4776,#4777,#4778,#4779,
#4780,#4781,#4782,#4783),.UNSPECIFIED.,.F.,.F.,(4,1,1,1,1,1,1,1,1,1,1,1,1,1,1,1,
1,1,1,1,1,4),(0.E0,4.761904761905E-2,9.523809523810E-2,1.428571428571E-1,
1.904761904762E-1,2.380952380952E-1,2.857142857143E-1,3.333333333333E-1,
3.809523809524E-1,4.285714285714E-1,4.761904761905E-1,5.238095238095E-1,
5.714285714286E-1,6.190476190476E-1,6.666666666667E-1,7.142857142857E-1,
7.619047619048E-1,8.095238095238E-1,8.571428571429E-1,9.047619047619E-1,
9.523809523810E-1,1.E0),.UNSPECIFIED.);
#4809=B_SPLINE_CURVE_WITH_KNOTS('',3,(#4793,#4794,#4795,#4796,#4797,#4798,#4799,
#4800,#4801,#4802,#4803,#4804,#4805,#4806,#4807,#4808),.UNSPECIFIED.,.F.,.F.,(4,
1,1,1,1,1,1,1,1,1,1,1,1,4),(0.E0,7.692307692308E-2,1.538461538462E-1,
2.307692307692E-1,3.076923076923E-1,3.846153846154E-1,4.615384615385E-1,
5.384615384615E-1,6.153846153846E-1,6.923076923077E-1,7.692307692308E-1,
8.461538461538E-1,9.230769230769E-1,1.E0),.UNSPECIFIED.);
#4814=CIRCLE('',#4813,1.E0);
#4823=CIRCLE('',#4822,1.E0);
#4828=CIRCLE('',#4827,1.E0);
#4857=B_SPLINE_CURVE_WITH_KNOTS('',3,(#4841,#4842,#4843,#4844,#4845,#4846,#4847,
#4848,#4849,#4850,#4851,#4852,#4853,#4854,#4855,#4856),.UNSPECIFIED.,.F.,.F.,(4,
1,1,1,1,1,1,1,1,1,1,1,1,4),(0.E0,7.692307692308E-2,1.538461538462E-1,
2.307692307692E-1,3.076923076923E-1,3.846153846154E-1,4.615384615385E-1,
5.384615384615E-1,6.153846153846E-1,6.923076923077E-1,7.692307692308E-1,
8.461538461538E-1,9.230769230769E-1,1.E0),.UNSPECIFIED.);
#4886=B_SPLINE_CURVE_WITH_KNOTS('',3,(#4870,#4871,#4872,#4873,#4874,#4875,#4876,
#4877,#4878,#4879,#4880,#4881,#4882,#4883,#4884,#4885),.UNSPECIFIED.,.F.,.F.,(4,
1,1,1,1,1,1,1,1,1,1,1,1,4),(0.E0,7.692307692308E-2,1.538461538462E-1,
2.307692307692E-1,3.076923076923E-1,3.846153846154E-1,4.615384615385E-1,
5.384615384615E-1,6.153846153846E-1,6.923076923077E-1,7.692307692308E-1,
8.461538461538E-1,9.230769230769E-1,1.E0),.UNSPECIFIED.);
#4923=B_SPLINE_CURVE_WITH_KNOTS('',3,(#4895,#4896,#4897,#4898,#4899,#4900,#4901,
#4902,#4903,#4904,#4905,#4906,#4907,#4908,#4909,#4910,#4911,#4912,#4913,#4914,
#4915,#4916,#4917,#4918,#4919,#4920,#4921,#4922),.UNSPECIFIED.,.F.,.F.,(4,1,1,1,
1,1,1,1,1,1,1,1,1,1,1,1,1,1,1,1,1,1,1,1,1,4),(0.E0,4.E-2,8.E-2,1.2E-1,1.6E-1,
2.E-1,2.4E-1,2.8E-1,3.2E-1,3.6E-1,4.E-1,4.4E-1,4.8E-1,5.2E-1,5.6E-1,6.E-1,
6.4E-1,6.8E-1,7.2E-1,7.6E-1,8.E-1,8.4E-1,8.8E-1,9.2E-1,9.6E-1,1.E0),
.UNSPECIFIED.);
#4952=B_SPLINE_CURVE_WITH_KNOTS('',3,(#4924,#4925,#4926,#4927,#4928,#4929,#4930,
#4931,#4932,#4933,#4934,#4935,#4936,#4937,#4938,#4939,#4940,#4941,#4942,#4943,
#4944,#4945,#4946,#4947,#4948,#4949,#4950,#4951),.UNSPECIFIED.,.F.,.F.,(4,1,1,1,
1,1,1,1,1,1,1,1,1,1,1,1,1,1,1,1,1,1,1,1,1,4),(0.E0,4.E-2,8.E-2,1.2E-1,1.6E-1,
2.E-1,2.4E-1,2.8E-1,3.2E-1,3.6E-1,4.E-1,4.4E-1,4.8E-1,5.2E-1,5.6E-1,6.E-1,
6.4E-1,6.8E-1,7.2E-1,7.6E-1,8.E-1,8.4E-1,8.8E-1,9.2E-1,9.6E-1,1.E0),
.UNSPECIFIED.);
#4957=CIRCLE('',#4956,1.5E0);
#4966=CIRCLE('',#4965,5.E-1);
#4971=CIRCLE('',#4970,5.E-1);
#4976=CIRCLE('',#4975,1.5E0);
#5005=B_SPLINE_CURVE_WITH_KNOTS('',3,(#4989,#4990,#4991,#4992,#4993,#4994,#4995,
#4996,#4997,#4998,#4999,#5000,#5001,#5002,#5003,#5004),.UNSPECIFIED.,.F.,.F.,(4,
1,1,1,1,1,1,1,1,1,1,1,1,4),(0.E0,7.692307692308E-2,1.538461538462E-1,
2.307692307692E-1,3.076923076923E-1,3.846153846154E-1,4.615384615385E-1,
5.384615384615E-1,6.153846153846E-1,6.923076923077E-1,7.692307692308E-1,
8.461538461538E-1,9.230769230769E-1,1.E0),.UNSPECIFIED.);
#5010=CIRCLE('',#5009,1.E0);
#5019=CIRCLE('',#5018,1.E0);
#5044=B_SPLINE_CURVE_WITH_KNOTS('',3,(#5020,#5021,#5022,#5023,#5024,#5025,#5026,
#5027,#5028,#5029,#5030,#5031,#5032,#5033,#5034,#5035,#5036,#5037,#5038,#5039,
#5040,#5041,#5042,#5043),.UNSPECIFIED.,.F.,.F.,(4,1,1,1,1,1,1,1,1,1,1,1,1,1,1,1,
1,1,1,1,1,4),(0.E0,4.761904761905E-2,9.523809523810E-2,1.428571428571E-1,
1.904761904762E-1,2.380952380952E-1,2.857142857143E-1,3.333333333333E-1,
3.809523809524E-1,4.285714285714E-1,4.761904761905E-1,5.238095238095E-1,
5.714285714286E-1,6.190476190476E-1,6.666666666667E-1,7.142857142857E-1,
7.619047619048E-1,8.095238095238E-1,8.571428571429E-1,9.047619047619E-1,
9.523809523810E-1,1.E0),.UNSPECIFIED.);
#5069=B_SPLINE_CURVE_WITH_KNOTS('',3,(#5045,#5046,#5047,#5048,#5049,#5050,#5051,
#5052,#5053,#5054,#5055,#5056,#5057,#5058,#5059,#5060,#5061,#5062,#5063,#5064,
#5065,#5066,#5067,#5068),.UNSPECIFIED.,.F.,.F.,(4,1,1,1,1,1,1,1,1,1,1,1,1,1,1,1,
1,1,1,1,1,4),(0.E0,4.761904761905E-2,9.523809523810E-2,1.428571428571E-1,
1.904761904762E-1,2.380952380952E-1,2.857142857143E-1,3.333333333333E-1,
3.809523809524E-1,4.285714285714E-1,4.761904761905E-1,5.238095238095E-1,
5.714285714286E-1,6.190476190476E-1,6.666666666667E-1,7.142857142857E-1,
7.619047619048E-1,8.095238095238E-1,8.571428571429E-1,9.047619047619E-1,
9.523809523810E-1,1.E0),.UNSPECIFIED.);
#5090=B_SPLINE_CURVE_WITH_KNOTS('',3,(#5074,#5075,#5076,#5077,#5078,#5079,#5080,
#5081,#5082,#5083,#5084,#5085,#5086,#5087,#5088,#5089),.UNSPECIFIED.,.F.,.F.,(4,
1,1,1,1,1,1,1,1,1,1,1,1,4),(0.E0,7.692307692308E-2,1.538461538462E-1,
2.307692307692E-1,3.076923076923E-1,3.846153846154E-1,4.615384615385E-1,
5.384615384615E-1,6.153846153846E-1,6.923076923077E-1,7.692307692308E-1,
8.461538461538E-1,9.230769230769E-1,1.E0),.UNSPECIFIED.);
#5103=CIRCLE('',#5102,1.5E0);
#5124=CIRCLE('',#5123,6.E-1);
#5141=CIRCLE('',#5140,1.E0);
#5154=CIRCLE('',#5153,1.E0);
#5171=CIRCLE('',#5170,6.E-1);
#5216=CIRCLE('',#5215,1.3E-1);
#5221=CIRCLE('',#5220,1.3E-1);
#5258=CIRCLE('',#5257,1.3E-1);
#5263=CIRCLE('',#5262,1.3E-1);
#5288=CIRCLE('',#5287,6.E-1);
#5305=CIRCLE('',#5304,1.E0);
#5346=CIRCLE('',#5345,1.3E-1);
#5351=CIRCLE('',#5350,1.3E-1);
#5388=CIRCLE('',#5387,1.3E-1);
#5393=CIRCLE('',#5392,1.3E-1);
#5414=CIRCLE('',#5413,1.E0);
#5431=CIRCLE('',#5430,6.E-1);
#5440=CIRCLE('',#5439,3.E-1);
#5445=CIRCLE('',#5444,3.E-1);
#5458=CIRCLE('',#5457,3.E-1);
#5463=CIRCLE('',#5462,3.E-1);
#5540=CIRCLE('',#5539,3.E-1);
#5545=CIRCLE('',#5544,3.E-1);
#5558=CIRCLE('',#5557,3.E-1);
#5563=CIRCLE('',#5562,3.E-1);
#5592=CIRCLE('',#5591,3.E-1);
#5597=CIRCLE('',#5596,3.E-1);
#5618=CIRCLE('',#5617,3.E-1);
#5623=CIRCLE('',#5622,3.E-1);
#5644=CIRCLE('',#5643,5.2E-1);
#5649=CIRCLE('',#5648,6.8E-1);
#5702=CIRCLE('',#5701,5.2E-1);
#5707=CIRCLE('',#5706,6.8E-1);
#5712=CIRCLE('',#5711,8.E-1);
#5717=CIRCLE('',#5716,6.8E-1);
#5722=CIRCLE('',#5721,8.E-1);
#5727=CIRCLE('',#5726,6.8E-1);
#5732=CIRCLE('',#5731,6.8E-1);
#5737=CIRCLE('',#5736,8.E-1);
#5742=CIRCLE('',#5741,6.8E-1);
#5747=CIRCLE('',#5746,8.E-1);
#5752=CIRCLE('',#5751,3.E-1);
#5757=CIRCLE('',#5756,3.E-1);
#5770=CIRCLE('',#5769,3.E-1);
#5775=CIRCLE('',#5774,3.E-1);
#5852=CIRCLE('',#5851,3.E-1);
#5857=CIRCLE('',#5856,3.E-1);
#5870=CIRCLE('',#5869,3.E-1);
#5875=CIRCLE('',#5874,3.E-1);
#5904=CIRCLE('',#5903,3.E-1);
#5909=CIRCLE('',#5908,3.E-1);
#5930=CIRCLE('',#5929,3.E-1);
#5935=CIRCLE('',#5934,3.E-1);
#5956=CIRCLE('',#5955,8.E-1);
#5961=CIRCLE('',#5960,6.8E-1);
#6014=CIRCLE('',#6013,8.E-1);
#6019=CIRCLE('',#6018,6.8E-1);
#6024=CIRCLE('',#6023,8.E-1);
#6029=CIRCLE('',#6028,6.8E-1);
#6034=CIRCLE('',#6033,8.E-1);
#6039=CIRCLE('',#6038,6.8E-1);
#6044=CIRCLE('',#6043,6.8E-1);
#6049=CIRCLE('',#6048,5.2E-1);
#6054=CIRCLE('',#6053,6.8E-1);
#6059=CIRCLE('',#6058,5.2E-1);
#6064=CIRCLE('',#6063,3.E-1);
#6069=CIRCLE('',#6068,3.E-1);
#6074=CIRCLE('',#6073,2.E0);
#6083=CIRCLE('',#6082,2.E0);
#6100=CIRCLE('',#6099,3.E-1);
#6105=CIRCLE('',#6104,3.E-1);
#6110=CIRCLE('',#6109,2.E0);
#6119=CIRCLE('',#6118,2.E0);
#6124=CIRCLE('',#6123,3.E-1);
#6129=CIRCLE('',#6128,3.E-1);
#6134=CIRCLE('',#6133,3.E-1);
#6139=CIRCLE('',#6138,3.E-1);
#6144=CIRCLE('',#6143,3.E-1);
#6149=CIRCLE('',#6148,3.E-1);
#6154=CIRCLE('',#6153,3.E-1);
#6159=CIRCLE('',#6158,3.E-1);
#6164=CIRCLE('',#6163,3.E-1);
#6169=CIRCLE('',#6168,3.E-1);
#6174=CIRCLE('',#6173,3.E-1);
#6179=CIRCLE('',#6178,3.E-1);
#7624=EDGE_CURVE('',#6550,#6551,#137,.T.);
#7626=EDGE_CURVE('',#6597,#6550,#141,.T.);
#7628=EDGE_CURVE('',#6593,#6597,#146,.T.);
#7630=EDGE_CURVE('',#6589,#6593,#150,.T.);
#7632=EDGE_CURVE('',#6585,#6589,#155,.T.);
#7634=EDGE_CURVE('',#6551,#6585,#159,.T.);
#7638=EDGE_CURVE('',#7545,#7546,#163,.T.);
#7640=EDGE_CURVE('',#6615,#7546,#3388,.T.);
#7642=EDGE_CURVE('',#6614,#6615,#167,.T.);
#7644=EDGE_CURVE('',#6617,#6614,#3140,.T.);
#7646=EDGE_CURVE('',#7566,#6617,#172,.T.);
#7648=EDGE_CURVE('',#7566,#7561,#176,.T.);
#7650=EDGE_CURVE('',#7561,#7562,#180,.T.);
#7652=EDGE_CURVE('',#7562,#7564,#184,.T.);
#7654=EDGE_CURVE('',#7282,#7564,#188,.T.);
#7656=EDGE_CURVE('',#6639,#7282,#192,.T.);
#7658=EDGE_CURVE('',#6638,#6639,#196,.T.);
#7660=EDGE_CURVE('',#7280,#6638,#200,.T.);
#7662=EDGE_CURVE('',#7569,#7280,#204,.T.);
#7664=EDGE_CURVE('',#7569,#7570,#208,.T.);
#7666=EDGE_CURVE('',#7570,#7572,#212,.T.);
#7668=EDGE_CURVE('',#7572,#7574,#216,.T.);
#7670=EDGE_CURVE('',#6619,#7574,#221,.T.);
#7672=EDGE_CURVE('',#6619,#6621,#225,.T.);
#7674=EDGE_CURVE('',#7254,#6621,#229,.T.);
#7676=EDGE_CURVE('',#7577,#7254,#233,.T.);
#7678=EDGE_CURVE('',#7577,#7578,#237,.T.);
#7680=EDGE_CURVE('',#7578,#7580,#241,.T.);
#7682=EDGE_CURVE('',#7580,#7582,#245,.T.);
#7684=EDGE_CURVE('',#7260,#7582,#249,.T.);
#7686=EDGE_CURVE('',#7259,#7260,#253,.T.);
#7688=EDGE_CURVE('',#7557,#7259,#257,.T.);
#7690=EDGE_CURVE('',#7557,#7558,#261,.T.);
#7692=EDGE_CURVE('',#7558,#7553,#265,.T.);
#7694=EDGE_CURVE('',#7553,#7554,#269,.T.);
#7696=EDGE_CURVE('',#7276,#7554,#273,.T.);
#7698=EDGE_CURVE('',#7272,#7276,#277,.T.);
#7700=EDGE_CURVE('',#7266,#7272,#281,.T.);
#7702=EDGE_CURVE('',#7265,#7266,#285,.T.);
#7704=EDGE_CURVE('',#7549,#7265,#3396,.T.);
#7706=EDGE_CURVE('',#7549,#7550,#289,.T.);
#7708=EDGE_CURVE('',#7550,#7545,#293,.T.);
#7712=ADVANCED_FACE('',(#7637,#7711),#7623,.T.);
#7718=EDGE_CURVE('',#6546,#6547,#297,.T.);
#7720=EDGE_CURVE('',#6546,#6550,#6159,.T.);
#7723=EDGE_CURVE('',#6551,#6547,#6179,.T.);
#7727=ADVANCED_FACE('',(#7726),#7717,.T.);
#7734=EDGE_CURVE('',#6547,#6557,#301,.T.);
#7736=EDGE_CURVE('',#6557,#6581,#305,.T.);
#7738=EDGE_CURVE('',#6546,#6581,#309,.T.);
#7742=ADVANCED_FACE('',(#7741),#7732,.T.);
#7748=EDGE_CURVE('',#6554,#6555,#313,.T.);
#7750=EDGE_CURVE('',#6555,#6557,#6129,.T.);
#7753=EDGE_CURVE('',#6547,#6554,#6174,.T.);
#7757=ADVANCED_FACE('',(#7756),#7747,.T.);
#7764=EDGE_CURVE('',#6554,#6587,#317,.T.);
#7766=EDGE_CURVE('',#6587,#6559,#6078,.T.);
#7768=EDGE_CURVE('',#6559,#6555,#321,.T.);
#7772=ADVANCED_FACE('',(#7771),#7762,.T.);
#7779=EDGE_CURVE('',#6585,#6587,#326,.T.);
#7782=EDGE_CURVE('',#6554,#6551,#6169,.T.);
#7786=ADVANCED_FACE('',(#7785),#7777,.T.);
#7793=EDGE_CURVE('',#6589,#6591,#331,.T.);
#7795=EDGE_CURVE('',#6587,#6591,#6083,.T.);
#7800=ADVANCED_FACE('',(#7799),#7791,.T.);
#7807=EDGE_CURVE('',#6593,#6595,#336,.T.);
#7809=EDGE_CURVE('',#6591,#6595,#6095,.T.);
#7814=ADVANCED_FACE('',(#7813),#7805,.T.);
#7821=EDGE_CURVE('',#6597,#6599,#341,.T.);
#7823=EDGE_CURVE('',#6595,#6599,#6119,.T.);
#7828=ADVANCED_FACE('',(#7827),#7819,.T.);
#7834=EDGE_CURVE('',#6599,#6583,#353,.T.);
#7838=EDGE_CURVE('',#6550,#6583,#6154,.T.);
#7842=ADVANCED_FACE('',(#7841),#7833,.T.);
#7848=EDGE_CURVE('',#6579,#6575,#345,.T.);
#7850=EDGE_CURVE('',#6599,#6575,#349,.T.);
#7853=EDGE_CURVE('',#6583,#6579,#357,.T.);
#7857=ADVANCED_FACE('',(#7856),#7847,.T.);
#7863=EDGE_CURVE('',#6577,#6573,#439,.T.);
#7865=EDGE_CURVE('',#6573,#6575,#6105,.T.);
#7868=EDGE_CURVE('',#6579,#6577,#6149,.T.);
#7872=ADVANCED_FACE('',(#7871),#7862,.T.);
#7878=EDGE_CURVE('',#6562,#6563,#421,.T.);
#7880=EDGE_CURVE('',#6565,#6562,#426,.T.);
#7882=EDGE_CURVE('',#6569,#6565,#430,.T.);
#7884=EDGE_CURVE('',#6573,#6569,#435,.T.);
#7887=EDGE_CURVE('',#6563,#6577,#443,.T.);
#7891=EDGE_CURVE('',#6680,#6689,#377,.T.);
#7893=EDGE_CURVE('',#6689,#6422,#558,.T.);
#7895=EDGE_CURVE('',#6422,#6423,#381,.T.);
#7897=EDGE_CURVE('',#6418,#6423,#3787,.T.);
#7899=EDGE_CURVE('',#6418,#6419,#385,.T.);
#7901=EDGE_CURVE('',#6419,#6185,#526,.T.);
#7903=EDGE_CURVE('',#6183,#6185,#3987,.T.);
#7905=EDGE_CURVE('',#6182,#6183,#389,.T.);
#7907=EDGE_CURVE('',#6182,#6187,#393,.T.);
#7909=EDGE_CURVE('',#6187,#6399,#485,.T.);
#7911=EDGE_CURVE('',#6399,#6415,#397,.T.);
#7913=EDGE_CURVE('',#6401,#6415,#3703,.T.);
#7915=EDGE_CURVE('',#6667,#6401,#1122,.T.);
#7917=EDGE_CURVE('',#6666,#6667,#401,.T.);
#7919=EDGE_CURVE('',#6602,#6666,#405,.T.);
#7921=EDGE_CURVE('',#6602,#6603,#409,.T.);
#7923=EDGE_CURVE('',#6603,#6669,#413,.T.);
#7925=EDGE_CURVE('',#6681,#6669,#3553,.T.);
#7927=EDGE_CURVE('',#6680,#6681,#417,.T.);
#7931=ADVANCED_FACE('',(#7890,#7930),#7877,.F.);
#7937=EDGE_CURVE('',#6689,#6687,#563,.T.);
#7940=EDGE_CURVE('',#6676,#6680,#448,.T.);
#7942=EDGE_CURVE('',#6687,#6676,#453,.T.);
#7946=ADVANCED_FACE('',(#7945),#7936,.T.);
#7952=EDGE_CURVE('',#6462,#6463,#457,.T.);
#7954=EDGE_CURVE('',#6396,#6462,#1130,.T.);
#7956=EDGE_CURVE('',#6396,#6397,#461,.T.);
#7958=EDGE_CURVE('',#6438,#6397,#465,.T.);
#7960=EDGE_CURVE('',#6438,#6439,#469,.T.);
#7962=EDGE_CURVE('',#6439,#6426,#473,.T.);
#7964=EDGE_CURVE('',#6426,#6427,#477,.T.);
#7966=EDGE_CURVE('',#6399,#6427,#481,.T.);
#7969=EDGE_CURVE('',#6278,#6187,#489,.T.);
#7971=EDGE_CURVE('',#6278,#6279,#493,.T.);
#7973=EDGE_CURVE('',#6463,#6279,#497,.T.);
#7977=EDGE_CURVE('',#6952,#6953,#618,.T.);
#7979=EDGE_CURVE('',#6960,#6953,#5467,.T.);
#7981=EDGE_CURVE('',#6960,#6961,#622,.T.);
#7983=EDGE_CURVE('',#6952,#6961,#5449,.T.);
#7987=EDGE_CURVE('',#6968,#6969,#626,.T.);
#7989=EDGE_CURVE('',#6976,#6969,#5601,.T.);
#7991=EDGE_CURVE('',#6976,#6977,#630,.T.);
#7993=EDGE_CURVE('',#6968,#6977,#5583,.T.);
#7997=EDGE_CURVE('',#6984,#6985,#634,.T.);
#7999=EDGE_CURVE('',#6992,#6985,#5549,.T.);
#8001=EDGE_CURVE('',#6992,#6993,#638,.T.);
#8003=EDGE_CURVE('',#6984,#6993,#5567,.T.);
#8007=EDGE_CURVE('',#6883,#6881,#642,.T.);
#8009=EDGE_CURVE('',#6881,#6891,#646,.T.);
#8011=EDGE_CURVE('',#6891,#6889,#650,.T.);
#8013=EDGE_CURVE('',#6889,#6883,#654,.T.);
#8017=EDGE_CURVE('',#6899,#6897,#658,.T.);
#8019=EDGE_CURVE('',#6897,#6907,#662,.T.);
#8021=EDGE_CURVE('',#6907,#6909,#666,.T.);
#8023=EDGE_CURVE('',#6909,#6899,#670,.T.);
#8027=EDGE_CURVE('',#6915,#6913,#674,.T.);
#8029=EDGE_CURVE('',#6913,#6923,#678,.T.);
#8031=EDGE_CURVE('',#6923,#6921,#682,.T.);
#8033=EDGE_CURVE('',#6921,#6915,#686,.T.);
#8037=ADVANCED_FACE('',(#7976,#7986,#7996,#8006,#8016,#8026,#8036),#7951,.T.);
#8043=EDGE_CURVE('',#6518,#6523,#501,.T.);
#8045=EDGE_CURVE('',#7248,#6523,#1183,.T.);
#8047=EDGE_CURVE('',#7246,#7248,#506,.T.);
#8049=EDGE_CURVE('',#6466,#7246,#1228,.T.);
#8051=EDGE_CURVE('',#6466,#6467,#510,.T.);
#8053=EDGE_CURVE('',#6467,#6274,#514,.T.);
#8055=EDGE_CURVE('',#6274,#6275,#518,.T.);
#8057=EDGE_CURVE('',#6185,#6275,#522,.T.);
#8060=EDGE_CURVE('',#6419,#6430,#530,.T.);
#8062=EDGE_CURVE('',#6430,#6431,#534,.T.);
#8064=EDGE_CURVE('',#6442,#6431,#538,.T.);
#8066=EDGE_CURVE('',#6442,#6443,#542,.T.);
#8068=EDGE_CURVE('',#6443,#6434,#546,.T.);
#8070=EDGE_CURVE('',#6434,#6435,#550,.T.);
#8072=EDGE_CURVE('',#6422,#6435,#554,.T.);
#8076=EDGE_CURVE('',#6687,#6685,#567,.T.);
#8078=EDGE_CURVE('',#6685,#6373,#571,.T.);
#8080=EDGE_CURVE('',#6373,#6777,#575,.T.);
#8082=EDGE_CURVE('',#6777,#6771,#580,.T.);
#8084=EDGE_CURVE('',#6771,#6769,#584,.T.);
#8086=EDGE_CURVE('',#6769,#6763,#588,.T.);
#8088=EDGE_CURVE('',#6763,#6759,#593,.T.);
#8090=EDGE_CURVE('',#6759,#6755,#597,.T.);
#8092=EDGE_CURVE('',#6755,#6748,#601,.T.);
#8094=EDGE_CURVE('',#6748,#6749,#606,.T.);
#8096=EDGE_CURVE('',#6749,#6779,#610,.T.);
#8098=EDGE_CURVE('',#6518,#6779,#614,.T.);
#8102=EDGE_CURVE('',#7073,#7074,#690,.T.);
#8104=EDGE_CURVE('',#7081,#7074,#5779,.T.);
#8106=EDGE_CURVE('',#7081,#7082,#694,.T.);
#8108=EDGE_CURVE('',#7073,#7082,#5761,.T.);
#8112=EDGE_CURVE('',#7089,#7090,#698,.T.);
#8114=EDGE_CURVE('',#7097,#7090,#5913,.T.);
#8116=EDGE_CURVE('',#7097,#7098,#702,.T.);
#8118=EDGE_CURVE('',#7089,#7098,#5895,.T.);
#8122=EDGE_CURVE('',#7105,#7106,#706,.T.);
#8124=EDGE_CURVE('',#7113,#7106,#5861,.T.);
#8126=EDGE_CURVE('',#7113,#7114,#710,.T.);
#8128=EDGE_CURVE('',#7105,#7114,#5879,.T.);
#8132=EDGE_CURVE('',#7124,#7122,#714,.T.);
#8134=EDGE_CURVE('',#7122,#7140,#718,.T.);
#8136=EDGE_CURVE('',#7140,#7138,#722,.T.);
#8138=EDGE_CURVE('',#7138,#7124,#726,.T.);
#8142=EDGE_CURVE('',#7132,#7130,#730,.T.);
#8144=EDGE_CURVE('',#7130,#7148,#734,.T.);
#8146=EDGE_CURVE('',#7148,#7146,#738,.T.);
#8148=EDGE_CURVE('',#7146,#7132,#742,.T.);
#8152=EDGE_CURVE('',#7156,#7154,#746,.T.);
#8154=EDGE_CURVE('',#7154,#7164,#750,.T.);
#8156=EDGE_CURVE('',#7164,#7162,#754,.T.);
#8158=EDGE_CURVE('',#7162,#7156,#758,.T.);
#8162=ADVANCED_FACE('',(#8101,#8111,#8121,#8131,#8141,#8151,#8161),#8042,.T.);
#8169=EDGE_CURVE('',#6463,#6454,#762,.T.);
#8171=EDGE_CURVE('',#6454,#6455,#1040,.T.);
#8173=EDGE_CURVE('',#6462,#6455,#1134,.T.);
#8177=ADVANCED_FACE('',(#8176),#8167,.T.);
#8183=EDGE_CURVE('',#6473,#6475,#766,.T.);
#8185=EDGE_CURVE('',#6473,#6454,#1044,.T.);
#8189=EDGE_CURVE('',#6339,#6279,#770,.T.);
#8191=EDGE_CURVE('',#6339,#6329,#774,.T.);
#8193=EDGE_CURVE('',#6327,#6329,#778,.T.);
#8195=EDGE_CURVE('',#6327,#6475,#811,.T.);
#8199=ADVANCED_FACE('',(#8198),#8182,.F.);
#8205=EDGE_CURVE('',#6470,#6471,#787,.T.);
#8207=EDGE_CURVE('',#6470,#6473,#1023,.T.);
#8210=EDGE_CURVE('',#6475,#6471,#783,.T.);
#8214=ADVANCED_FACE('',(#8213),#8204,.T.);
#8221=EDGE_CURVE('',#6481,#6471,#807,.T.);
#8223=EDGE_CURVE('',#6481,#6479,#791,.T.);
#8225=EDGE_CURVE('',#6479,#6487,#1070,.T.);
#8227=EDGE_CURVE('',#6487,#6495,#795,.T.);
#8229=EDGE_CURVE('',#6491,#6495,#799,.T.);
#8231=EDGE_CURVE('',#6491,#6485,#803,.T.);
#8233=EDGE_CURVE('',#6485,#6470,#1027,.T.);
#8237=ADVANCED_FACE('',(#8236),#8219,.T.);
#8246=EDGE_CURVE('',#6326,#6327,#815,.T.);
#8248=EDGE_CURVE('',#6326,#6312,#820,.T.);
#8250=EDGE_CURVE('',#6312,#6313,#824,.T.);
#8252=EDGE_CURVE('',#6313,#6315,#829,.T.);
#8254=EDGE_CURVE('',#6315,#6306,#833,.T.);
#8256=EDGE_CURVE('',#6306,#6307,#838,.T.);
#8258=EDGE_CURVE('',#6307,#6309,#842,.T.);
#8260=EDGE_CURVE('',#6309,#6323,#847,.T.);
#8262=EDGE_CURVE('',#6322,#6323,#851,.T.);
#8264=EDGE_CURVE('',#6483,#6322,#855,.T.);
#8266=EDGE_CURVE('',#6481,#6483,#1018,.T.);
#8270=ADVANCED_FACE('',(#8269),#8242,.T.);
#8277=EDGE_CURVE('',#6323,#6333,#915,.T.);
#8279=EDGE_CURVE('',#6377,#6333,#859,.T.);
#8281=EDGE_CURVE('',#6376,#6377,#863,.T.);
#8283=EDGE_CURVE('',#6331,#6376,#867,.T.);
#8285=EDGE_CURVE('',#6322,#6331,#1005,.T.);
#8289=EDGE_CURVE('',#7193,#7194,#883,.T.);
#8291=EDGE_CURVE('',#7194,#7198,#887,.T.);
#8293=EDGE_CURVE('',#7197,#7198,#891,.T.);
#8295=EDGE_CURVE('',#7193,#7197,#895,.T.);
#8299=ADVANCED_FACE('',(#8288,#8298),#8275,.T.);
#8307=EDGE_CURVE('',#6381,#6329,#871,.T.);
#8309=EDGE_CURVE('',#6380,#6381,#875,.T.);
#8311=EDGE_CURVE('',#6335,#6380,#879,.T.);
#8313=EDGE_CURVE('',#6326,#6335,#948,.T.);
#8317=EDGE_CURVE('',#7310,#7308,#899,.T.);
#8319=EDGE_CURVE('',#7308,#7312,#903,.T.);
#8321=EDGE_CURVE('',#7314,#7312,#907,.T.);
#8323=EDGE_CURVE('',#7310,#7314,#911,.T.);
#8327=ADVANCED_FACE('',(#8316,#8326),#8304,.T.);
#8335=EDGE_CURVE('',#6309,#6289,#919,.T.);
#8337=EDGE_CURVE('',#6289,#6291,#3846,.T.);
#8339=EDGE_CURVE('',#6345,#6291,#3824,.T.);
#8341=EDGE_CURVE('',#6333,#6345,#924,.T.);
#8345=ADVANCED_FACE('',(#8344),#8332,.T.);
#8352=EDGE_CURVE('',#6307,#6287,#928,.T.);
#8354=EDGE_CURVE('',#6287,#6289,#3850,.T.);
#8359=ADVANCED_FACE('',(#8358),#8350,.T.);
#8366=EDGE_CURVE('',#6306,#6286,#932,.T.);
#8368=EDGE_CURVE('',#6286,#6287,#3855,.T.);
#8373=ADVANCED_FACE('',(#8372),#8364,.T.);
#8380=EDGE_CURVE('',#6315,#6303,#936,.T.);
#8382=EDGE_CURVE('',#6303,#6286,#3859,.T.);
#8387=ADVANCED_FACE('',(#8386),#8378,.T.);
#8394=EDGE_CURVE('',#6313,#6301,#940,.T.);
#8396=EDGE_CURVE('',#6301,#6303,#3864,.T.);
#8401=ADVANCED_FACE('',(#8400),#8392,.T.);
#8408=EDGE_CURVE('',#6312,#6299,#944,.T.);
#8410=EDGE_CURVE('',#6299,#6301,#3868,.T.);
#8415=ADVANCED_FACE('',(#8414),#8406,.T.);
#8422=EDGE_CURVE('',#6351,#6335,#953,.T.);
#8424=EDGE_CURVE('',#6351,#6297,#957,.T.);
#8426=EDGE_CURVE('',#6297,#6299,#3873,.T.);
#8432=ADVANCED_FACE('',(#8431),#8420,.T.);
#8438=EDGE_CURVE('',#6385,#6341,#977,.T.);
#8440=EDGE_CURVE('',#6385,#6377,#961,.T.);
#8444=EDGE_CURVE('',#6345,#6347,#3828,.T.);
#8446=EDGE_CURVE('',#6341,#6347,#3816,.T.);
#8450=ADVANCED_FACE('',(#8449),#8437,.T.);
#8456=EDGE_CURVE('',#6343,#6387,#989,.T.);
#8458=EDGE_CURVE('',#6349,#6343,#3975,.T.);
#8460=EDGE_CURVE('',#6349,#6351,#3970,.T.);
#8464=EDGE_CURVE('',#6387,#6380,#5111,.T.);
#8468=ADVANCED_FACE('',(#8467),#8455,.T.);
#8474=EDGE_CURVE('',#6337,#6274,#965,.T.);
#8476=EDGE_CURVE('',#6337,#6383,#969,.T.);
#8478=EDGE_CURVE('',#6383,#6385,#973,.T.);
#8481=EDGE_CURVE('',#6341,#6319,#981,.T.);
#8483=EDGE_CURVE('',#6319,#6281,#3832,.T.);
#8485=EDGE_CURVE('',#6275,#6281,#3983,.T.);
#8490=ADVANCED_FACE('',(#8489),#8473,.F.);
#8498=EDGE_CURVE('',#6278,#6283,#3979,.T.);
#8500=EDGE_CURVE('',#6283,#6317,#3886,.T.);
#8502=EDGE_CURVE('',#6343,#6317,#985,.T.);
#8505=EDGE_CURVE('',#6387,#6389,#993,.T.);
#8507=EDGE_CURVE('',#6339,#6389,#997,.T.);
#8511=ADVANCED_FACE('',(#8510),#8495,.F.);
#8517=EDGE_CURVE('',#6483,#6478,#1001,.T.);
#8521=EDGE_CURVE('',#6337,#6331,#1009,.T.);
#8525=EDGE_CURVE('',#6467,#6459,#1013,.T.);
#8527=EDGE_CURVE('',#6459,#6478,#1053,.T.);
#8531=ADVANCED_FACE('',(#8530),#8516,.F.);
#8537=EDGE_CURVE('',#6478,#6479,#1049,.T.);
#8544=ADVANCED_FACE('',(#8543),#8536,.T.);
#8552=EDGE_CURVE('',#6489,#6485,#1032,.T.);
#8554=EDGE_CURVE('',#6455,#6489,#1036,.T.);
#8560=ADVANCED_FACE('',(#8559),#8549,.T.);
#8568=EDGE_CURVE('',#6458,#6459,#1057,.T.);
#8570=EDGE_CURVE('',#6497,#6458,#1061,.T.);
#8572=EDGE_CURVE('',#6487,#6497,#1066,.T.);
#8577=ADVANCED_FACE('',(#8576),#8565,.T.);
#8585=EDGE_CURVE('',#6491,#6493,#1080,.T.);
#8587=EDGE_CURVE('',#6493,#6489,#1106,.T.);
#8591=ADVANCED_FACE('',(#8590),#8582,.T.);
#8597=EDGE_CURVE('',#6514,#6505,#1089,.T.);
#8599=EDGE_CURVE('',#6493,#6505,#1075,.T.);
#8602=EDGE_CURVE('',#6514,#6491,#1220,.T.);
#8606=ADVANCED_FACE('',(#8605),#8596,.T.);
#8612=EDGE_CURVE('',#6504,#6505,#1084,.T.);
#8615=EDGE_CURVE('',#6514,#6515,#1093,.T.);
#8617=EDGE_CURVE('',#6508,#6515,#1098,.T.);
#8619=EDGE_CURVE('',#6508,#6509,#1102,.T.);
#8621=EDGE_CURVE('',#6504,#6509,#1167,.T.);
#8625=ADVANCED_FACE('',(#8624),#8611,.T.);
#8631=EDGE_CURVE('',#6501,#6493,#1110,.T.);
#8635=EDGE_CURVE('',#6504,#6501,#1163,.T.);
#8639=ADVANCED_FACE('',(#8638),#8630,.T.);
#8647=EDGE_CURVE('',#6541,#6501,#1114,.T.);
#8649=EDGE_CURVE('',#6540,#6541,#1118,.T.);
#8651=EDGE_CURVE('',#6663,#6540,#3565,.T.);
#8653=EDGE_CURVE('',#6663,#6667,#3537,.T.);
#8656=EDGE_CURVE('',#6401,#6393,#1126,.T.);
#8658=EDGE_CURVE('',#6393,#6396,#3715,.T.);
#8665=ADVANCED_FACE('',(#8664),#8644,.F.);
#8671=EDGE_CURVE('',#6537,#6504,#1195,.T.);
#8673=EDGE_CURVE('',#6537,#6541,#3579,.T.);
#8679=ADVANCED_FACE('',(#8678),#8670,.T.);
#8686=EDGE_CURVE('',#6511,#6509,#1205,.T.);
#8688=EDGE_CURVE('',#7241,#6511,#1171,.T.);
#8690=EDGE_CURVE('',#7241,#7242,#1175,.T.);
#8692=EDGE_CURVE('',#7242,#7248,#1179,.T.);
#8695=EDGE_CURVE('',#6523,#6525,#1187,.T.);
#8697=EDGE_CURVE('',#6525,#6537,#1191,.T.);
#8702=ADVANCED_FACE('',(#8701),#8684,.T.);
#8709=EDGE_CURVE('',#6508,#6499,#1200,.T.);
#8711=EDGE_CURVE('',#6499,#6511,#1240,.T.);
#8716=ADVANCED_FACE('',(#8715),#8707,.T.);
#8723=EDGE_CURVE('',#6495,#6515,#1210,.T.);
#8725=EDGE_CURVE('',#6499,#6495,#1215,.T.);
#8730=ADVANCED_FACE('',(#8729),#8721,.T.);
#8742=ADVANCED_FACE('',(#8741),#8735,.T.);
#8750=EDGE_CURVE('',#6497,#6499,#1224,.T.);
#8755=ADVANCED_FACE('',(#8754),#8747,.T.);
#8763=EDGE_CURVE('',#6466,#6458,#1244,.T.);
#8766=EDGE_CURVE('',#7244,#7246,#1232,.T.);
#8768=EDGE_CURVE('',#7241,#7244,#1236,.T.);
#8774=ADVANCED_FACE('',(#8773),#8760,.F.);
#8786=ADVANCED_FACE('',(#8785),#8779,.T.);
#8793=EDGE_CURVE('',#7244,#7242,#1249,.T.);
#8799=ADVANCED_FACE('',(#8798),#8791,.F.);
#8810=ADVANCED_FACE('',(#8809),#8804,.F.);
#8817=EDGE_CURVE('',#6523,#6521,#1278,.T.);
#8819=EDGE_CURVE('',#6521,#6527,#1876,.T.);
#8821=EDGE_CURVE('',#6527,#6525,#3636,.T.);
#8825=ADVANCED_FACE('',(#8824),#8815,.T.);
#8831=EDGE_CURVE('',#6518,#6519,#1283,.T.);
#8833=EDGE_CURVE('',#6519,#6521,#1848,.T.);
#8839=ADVANCED_FACE('',(#8838),#8830,.T.);
#8847=EDGE_CURVE('',#6781,#6779,#1321,.T.);
#8849=EDGE_CURVE('',#6781,#6367,#1287,.T.);
#8851=EDGE_CURVE('',#6367,#6369,#1896,.T.);
#8853=EDGE_CURVE('',#6363,#6369,#1880,.T.);
#8855=EDGE_CURVE('',#6519,#6363,#1852,.T.);
#8859=ADVANCED_FACE('',(#8858),#8844,.F.);
#8866=EDGE_CURVE('',#6753,#6749,#1316,.T.);
#8868=EDGE_CURVE('',#6753,#6781,#1672,.T.);
#8873=ADVANCED_FACE('',(#8872),#8864,.F.);
#8880=EDGE_CURVE('',#6752,#6748,#1350,.T.);
#8882=EDGE_CURVE('',#6752,#6753,#3664,.T.);
#8887=ADVANCED_FACE('',(#8886),#8878,.F.);
#8894=EDGE_CURVE('',#6757,#6755,#1379,.T.);
#8896=EDGE_CURVE('',#6757,#6752,#1504,.T.);
#8901=ADVANCED_FACE('',(#8900),#8892,.F.);
#8908=EDGE_CURVE('',#6761,#6759,#1408,.T.);
#8910=EDGE_CURVE('',#6761,#6757,#3686,.T.);
#8915=ADVANCED_FACE('',(#8914),#8906,.F.);
#8922=EDGE_CURVE('',#6765,#6763,#1437,.T.);
#8924=EDGE_CURVE('',#6765,#6761,#3695,.T.);
#8929=ADVANCED_FACE('',(#8928),#8920,.F.);
#8935=EDGE_CURVE('',#6767,#6765,#1474,.T.);
#8939=EDGE_CURVE('',#6767,#6769,#1466,.T.);
#8943=ADVANCED_FACE('',(#8942),#8934,.F.);
#8949=EDGE_CURVE('',#6767,#6796,#1470,.T.);
#8951=EDGE_CURVE('',#6792,#6796,#3673,.T.);
#8953=EDGE_CURVE('',#6792,#6234,#1551,.T.);
#8955=EDGE_CURVE('',#6765,#6234,#3699,.T.);
#8960=ADVANCED_FACE('',(#8959),#8948,.T.);
#8966=EDGE_CURVE('',#6243,#6801,#1560,.T.);
#8968=EDGE_CURVE('',#6805,#6801,#1769,.T.);
#8970=EDGE_CURVE('',#6805,#6267,#1478,.T.);
#8972=EDGE_CURVE('',#6266,#6267,#1489,.T.);
#8974=EDGE_CURVE('',#6266,#6265,#1660,.T.);
#8976=EDGE_CURVE('',#6264,#6265,#1500,.T.);
#8978=EDGE_CURVE('',#6788,#6264,#1636,.T.);
#8980=EDGE_CURVE('',#6784,#6788,#1598,.T.);
#8982=EDGE_CURVE('',#6784,#6238,#1534,.T.);
#8984=EDGE_CURVE('',#6752,#6238,#3668,.T.);
#8987=EDGE_CURVE('',#6797,#6757,#3682,.T.);
#8989=EDGE_CURVE('',#6796,#6797,#1508,.T.);
#8992=EDGE_CURVE('',#6773,#6767,#1512,.T.);
#8994=EDGE_CURVE('',#6773,#6243,#1516,.T.);
#8998=ADVANCED_FACE('',(#8997),#8965,.T.);
#9004=EDGE_CURVE('',#6784,#6785,#1521,.T.);
#9006=EDGE_CURVE('',#6239,#6785,#1525,.T.);
#9008=EDGE_CURVE('',#6238,#6239,#1530,.T.);
#9013=ADVANCED_FACE('',(#9012),#9003,.T.);
#9019=EDGE_CURVE('',#6792,#6793,#1538,.T.);
#9021=EDGE_CURVE('',#6235,#6793,#1542,.T.);
#9023=EDGE_CURVE('',#6234,#6235,#1547,.T.);
#9028=ADVANCED_FACE('',(#9027),#9018,.T.);
#9034=EDGE_CURVE('',#6800,#6801,#1556,.T.);
#9037=EDGE_CURVE('',#6242,#6243,#1565,.T.);
#9039=EDGE_CURVE('',#6800,#6242,#1569,.T.);
#9043=ADVANCED_FACE('',(#9042),#9033,.T.);
#9051=EDGE_CURVE('',#6788,#6789,#1632,.T.);
#9053=EDGE_CURVE('',#6789,#6785,#1627,.T.);
#9057=ADVANCED_FACE('',(#9056),#9048,.F.);
#9065=EDGE_CURVE('',#6271,#6264,#1646,.T.);
#9067=EDGE_CURVE('',#6789,#6271,#1680,.T.);
#9071=ADVANCED_FACE('',(#9070),#9062,.T.);
#9077=EDGE_CURVE('',#6265,#6270,#1641,.T.);
#9079=EDGE_CURVE('',#6270,#6271,#1691,.T.);
#9085=ADVANCED_FACE('',(#9084),#9076,.T.);
#9091=EDGE_CURVE('',#6267,#6268,#1651,.T.);
#9093=EDGE_CURVE('',#6268,#6269,#1702,.T.);
#9095=EDGE_CURVE('',#6269,#6266,#1656,.T.);
#9100=ADVANCED_FACE('',(#9099),#9090,.T.);
#9109=EDGE_CURVE('',#6270,#6269,#1664,.T.);
#9113=ADVANCED_FACE('',(#9112),#9105,.T.);
#9119=EDGE_CURVE('',#6804,#6268,#1711,.T.);
#9121=EDGE_CURVE('',#6800,#6804,#1740,.T.);
#9124=EDGE_CURVE('',#6775,#6242,#1778,.T.);
#9126=EDGE_CURVE('',#6777,#6775,#1806,.T.);
#9129=EDGE_CURVE('',#6366,#6373,#1668,.T.);
#9131=EDGE_CURVE('',#6366,#6367,#1924,.T.);
#9135=EDGE_CURVE('',#6753,#6239,#1676,.T.);
#9145=ADVANCED_FACE('',(#9144),#9118,.T.);
#9151=EDGE_CURVE('',#6804,#6805,#1707,.T.);
#9158=ADVANCED_FACE('',(#9157),#9150,.T.);
#9170=ADVANCED_FACE('',(#9169),#9163,.F.);
#9176=EDGE_CURVE('',#6775,#6773,#1774,.T.);
#9183=ADVANCED_FACE('',(#9182),#9175,.T.);
#9190=EDGE_CURVE('',#6773,#6771,#1835,.T.);
#9196=ADVANCED_FACE('',(#9195),#9188,.F.);
#9208=ADVANCED_FACE('',(#9207),#9201,.F.);
#9214=EDGE_CURVE('',#6684,#6685,#1840,.T.);
#9216=EDGE_CURVE('',#6684,#6362,#1860,.T.);
#9218=EDGE_CURVE('',#6362,#6371,#1844,.T.);
#9220=EDGE_CURVE('',#6366,#6371,#1888,.T.);
#9226=ADVANCED_FACE('',(#9225),#9213,.F.);
#9235=EDGE_CURVE('',#6676,#6684,#1864,.T.);
#9239=ADVANCED_FACE('',(#9238),#9231,.T.);
#9247=EDGE_CURVE('',#6362,#6363,#1856,.T.);
#9251=EDGE_CURVE('',#6676,#6677,#1868,.T.);
#9253=EDGE_CURVE('',#6677,#6658,#3549,.T.);
#9255=EDGE_CURVE('',#6533,#6658,#3645,.T.);
#9257=EDGE_CURVE('',#6527,#6533,#1872,.T.);
#9262=ADVANCED_FACE('',(#9261),#9244,.T.);
#9270=EDGE_CURVE('',#6369,#6371,#1892,.T.);
#9275=ADVANCED_FACE('',(#9274),#9267,.F.);
#9281=EDGE_CURVE('',#7256,#6366,#1884,.T.);
#9286=EDGE_CURVE('',#6367,#6206,#1900,.T.);
#9288=EDGE_CURVE('',#6206,#6207,#2502,.T.);
#9290=EDGE_CURVE('',#7262,#6207,#3464,.T.);
#9292=EDGE_CURVE('',#7262,#7256,#1904,.T.);
#9296=ADVANCED_FACE('',(#9295),#9280,.F.);
#9302=EDGE_CURVE('',#7601,#7602,#1908,.T.);
#9304=EDGE_CURVE('',#7601,#7252,#1912,.T.);
#9306=EDGE_CURVE('',#7252,#6203,#1916,.T.);
#9308=EDGE_CURVE('',#6203,#7602,#2344,.T.);
#9312=ADVANCED_FACE('',(#9311),#9301,.F.);
#9318=EDGE_CURVE('',#7605,#7606,#1920,.T.);
#9320=EDGE_CURVE('',#7606,#6206,#2328,.T.);
#9325=EDGE_CURVE('',#7256,#7605,#1928,.T.);
#9329=ADVANCED_FACE('',(#9328),#9317,.F.);
#9336=EDGE_CURVE('',#7577,#7601,#1932,.T.);
#9339=EDGE_CURVE('',#7602,#7541,#2340,.T.);
#9341=EDGE_CURVE('',#7578,#7541,#3044,.T.);
#9345=ADVANCED_FACE('',(#9344),#9334,.F.);
#9353=EDGE_CURVE('',#7252,#7254,#1936,.T.);
#9358=ADVANCED_FACE('',(#9357),#9350,.T.);
#9364=EDGE_CURVE('',#7582,#7605,#1940,.T.);
#9367=EDGE_CURVE('',#7256,#7260,#3492,.T.);
#9372=ADVANCED_FACE('',(#9371),#9363,.T.);
#9378=EDGE_CURVE('',#6621,#7250,#1948,.T.);
#9380=EDGE_CURVE('',#7252,#7250,#3048,.T.);
#9386=ADVANCED_FACE('',(#9385),#9377,.T.);
#9392=EDGE_CURVE('',#7036,#7043,#1944,.T.);
#9394=EDGE_CURVE('',#7036,#6202,#2352,.T.);
#9396=EDGE_CURVE('',#7250,#6202,#3052,.T.);
#9400=EDGE_CURVE('',#6618,#6619,#1955,.T.);
#9402=EDGE_CURVE('',#6618,#6631,#1959,.T.);
#9404=EDGE_CURVE('',#6631,#7040,#2368,.T.);
#9406=EDGE_CURVE('',#7040,#7045,#1963,.T.);
#9408=EDGE_CURVE('',#7045,#7043,#1967,.T.);
#9412=ADVANCED_FACE('',(#9411),#9391,.F.);
#9418=EDGE_CURVE('',#7062,#7057,#1971,.T.);
#9420=EDGE_CURVE('',#7053,#7062,#2166,.T.);
#9422=EDGE_CURVE('',#7053,#7037,#1975,.T.);
#9424=EDGE_CURVE('',#7036,#7037,#2356,.T.);
#9427=EDGE_CURVE('',#7043,#7057,#1979,.T.);
#9431=ADVANCED_FACE('',(#9430),#9417,.T.);
#9437=EDGE_CURVE('',#7057,#7058,#1990,.T.);
#9439=EDGE_CURVE('',#7060,#7058,#2037,.T.);
#9441=EDGE_CURVE('',#7060,#7062,#1986,.T.);
#9446=ADVANCED_FACE('',(#9445),#9436,.T.);
#9455=EDGE_CURVE('',#7068,#7045,#2022,.T.);
#9457=EDGE_CURVE('',#7065,#7068,#1994,.T.);
#9459=EDGE_CURVE('',#7065,#7000,#1998,.T.);
#9461=EDGE_CURVE('',#7000,#7047,#2002,.T.);
#9463=EDGE_CURVE('',#7049,#7047,#2006,.T.);
#9465=EDGE_CURVE('',#7005,#7049,#2010,.T.);
#9467=EDGE_CURVE('',#7005,#7058,#2014,.T.);
#9471=ADVANCED_FACE('',(#9470),#9451,.T.);
#9477=EDGE_CURVE('',#7068,#7070,#2018,.T.);
#9481=EDGE_CURVE('',#7040,#7041,#2364,.T.);
#9483=EDGE_CURVE('',#7054,#7041,#2026,.T.);
#9485=EDGE_CURVE('',#7070,#7054,#2149,.T.);
#9489=ADVANCED_FACE('',(#9488),#9476,.F.);
#9495=EDGE_CURVE('',#7065,#7066,#2051,.T.);
#9499=EDGE_CURVE('',#7070,#7066,#2033,.T.);
#9503=ADVANCED_FACE('',(#9502),#9494,.T.);
#9511=EDGE_CURVE('',#7004,#7005,#2042,.T.);
#9513=EDGE_CURVE('',#7060,#7004,#2047,.T.);
#9517=ADVANCED_FACE('',(#9516),#9508,.T.);
#9524=EDGE_CURVE('',#7001,#7066,#2056,.T.);
#9526=EDGE_CURVE('',#7000,#7001,#2061,.T.);
#9531=ADVANCED_FACE('',(#9530),#9522,.T.);
#9539=EDGE_CURVE('',#7049,#7009,#2134,.T.);
#9541=EDGE_CURVE('',#7009,#7004,#2065,.T.);
#9545=ADVANCED_FACE('',(#9544),#9536,.T.);
#9551=EDGE_CURVE('',#7054,#7007,#2094,.T.);
#9553=EDGE_CURVE('',#7052,#7054,#2162,.T.);
#9555=EDGE_CURVE('',#7009,#7052,#2123,.T.);
#9559=EDGE_CURVE('',#7007,#7047,#2145,.T.);
#9563=ADVANCED_FACE('',(#9562),#9550,.T.);
#9573=EDGE_CURVE('',#7007,#7001,#2153,.T.);
#9577=ADVANCED_FACE('',(#9576),#9568,.T.);
#9589=ADVANCED_FACE('',(#9588),#9582,.T.);
#9595=EDGE_CURVE('',#7052,#7053,#2158,.T.);
#9599=EDGE_CURVE('',#7041,#7037,#2360,.T.);
#9604=ADVANCED_FACE('',(#9603),#9594,.T.);
#9618=ADVANCED_FACE('',(#9617),#9609,.T.);
#9624=EDGE_CURVE('',#7357,#7358,#2238,.T.);
#9626=EDGE_CURVE('',#7360,#7358,#2243,.T.);
#9628=EDGE_CURVE('',#7360,#7362,#2247,.T.);
#9630=EDGE_CURVE('',#7364,#7362,#2252,.T.);
#9632=EDGE_CURVE('',#7364,#7366,#2256,.T.);
#9634=EDGE_CURVE('',#7366,#7368,#2260,.T.);
#9636=EDGE_CURVE('',#7368,#7370,#2264,.T.);
#9638=EDGE_CURVE('',#7370,#7372,#2268,.T.);
#9640=EDGE_CURVE('',#7372,#7374,#2272,.T.);
#9642=EDGE_CURVE('',#7374,#7376,#2276,.T.);
#9644=EDGE_CURVE('',#7376,#7378,#2280,.T.);
#9646=EDGE_CURVE('',#7378,#7380,#2284,.T.);
#9648=EDGE_CURVE('',#7380,#7382,#2288,.T.);
#9650=EDGE_CURVE('',#7382,#7357,#2292,.T.);
#9654=EDGE_CURVE('',#7217,#7218,#2296,.T.);
#9656=EDGE_CURVE('',#7218,#7220,#2300,.T.);
#9658=EDGE_CURVE('',#7220,#7222,#2304,.T.);
#9660=EDGE_CURVE('',#7222,#7217,#2308,.T.);
#9664=EDGE_CURVE('',#7332,#7334,#2312,.T.);
#9666=EDGE_CURVE('',#7334,#7336,#2316,.T.);
#9668=EDGE_CURVE('',#7336,#7338,#2320,.T.);
#9670=EDGE_CURVE('',#7338,#7332,#2324,.T.);
#9674=ADVANCED_FACE('',(#9653,#9663,#9673),#9623,.T.);
#9681=EDGE_CURVE('',#7542,#7606,#2332,.T.);
#9683=EDGE_CURVE('',#7541,#7542,#2336,.T.);
#9687=EDGE_CURVE('',#6202,#6203,#2348,.T.);
#9694=EDGE_CURVE('',#7597,#6631,#2373,.T.);
#9696=EDGE_CURVE('',#7538,#7597,#2377,.T.);
#9698=EDGE_CURVE('',#7537,#7538,#2381,.T.);
#9700=EDGE_CURVE('',#7594,#7537,#2385,.T.);
#9702=EDGE_CURVE('',#6199,#7594,#2389,.T.);
#9704=EDGE_CURVE('',#6197,#6199,#2393,.T.);
#9706=EDGE_CURVE('',#6195,#6197,#2397,.T.);
#9708=EDGE_CURVE('',#6194,#6195,#2401,.T.);
#9710=EDGE_CURVE('',#7590,#6194,#2405,.T.);
#9712=EDGE_CURVE('',#7534,#7590,#2409,.T.);
#9714=EDGE_CURVE('',#7533,#7534,#2413,.T.);
#9716=EDGE_CURVE('',#7585,#7533,#2417,.T.);
#9718=EDGE_CURVE('',#6625,#7585,#2422,.T.);
#9720=EDGE_CURVE('',#6833,#6625,#2426,.T.);
#9722=EDGE_CURVE('',#6832,#6833,#2430,.T.);
#9724=EDGE_CURVE('',#6836,#6832,#2434,.T.);
#9726=EDGE_CURVE('',#6836,#6837,#2438,.T.);
#9728=EDGE_CURVE('',#6191,#6837,#2442,.T.);
#9730=EDGE_CURVE('',#6190,#6191,#2446,.T.);
#9732=EDGE_CURVE('',#7616,#6190,#2450,.T.);
#9734=EDGE_CURVE('',#7526,#7616,#2454,.T.);
#9736=EDGE_CURVE('',#7525,#7526,#2458,.T.);
#9738=EDGE_CURVE('',#7618,#7525,#2462,.T.);
#9740=EDGE_CURVE('',#6215,#7618,#2466,.T.);
#9742=EDGE_CURVE('',#6213,#6215,#2470,.T.);
#9744=EDGE_CURVE('',#6211,#6213,#2474,.T.);
#9746=EDGE_CURVE('',#6210,#6211,#2478,.T.);
#9748=EDGE_CURVE('',#7610,#6210,#2482,.T.);
#9750=EDGE_CURVE('',#7530,#7610,#2486,.T.);
#9752=EDGE_CURVE('',#7529,#7530,#2490,.T.);
#9754=EDGE_CURVE('',#7614,#7529,#2494,.T.);
#9756=EDGE_CURVE('',#6207,#7614,#2498,.T.);
#9761=EDGE_CURVE('',#7389,#7390,#2170,.T.);
#9763=EDGE_CURVE('',#7390,#7392,#2175,.T.);
#9765=EDGE_CURVE('',#7392,#7394,#2179,.T.);
#9767=EDGE_CURVE('',#7394,#7396,#2183,.T.);
#9769=EDGE_CURVE('',#7396,#7412,#2187,.T.);
#9771=EDGE_CURVE('',#7412,#7420,#2192,.T.);
#9773=EDGE_CURVE('',#7420,#7399,#2196,.T.);
#9775=EDGE_CURVE('',#7399,#7400,#2200,.T.);
#9777=EDGE_CURVE('',#7400,#7402,#2204,.T.);
#9779=EDGE_CURVE('',#7402,#7404,#2208,.T.);
#9781=EDGE_CURVE('',#7404,#7422,#2212,.T.);
#9783=EDGE_CURVE('',#7422,#7414,#2217,.T.);
#9785=EDGE_CURVE('',#7414,#7407,#2221,.T.);
#9787=EDGE_CURVE('',#7407,#7408,#2225,.T.);
#9789=EDGE_CURVE('',#7408,#7410,#2229,.T.);
#9791=EDGE_CURVE('',#7410,#7389,#2234,.T.);
#9795=ADVANCED_FACE('',(#9760,#9794),#9679,.T.);
#9801=EDGE_CURVE('',#7494,#7490,#2506,.T.);
#9803=EDGE_CURVE('',#7390,#7490,#2968,.T.);
#9806=EDGE_CURVE('',#7389,#7494,#2510,.T.);
#9810=ADVANCED_FACE('',(#9809),#9800,.T.);
#9816=EDGE_CURVE('',#7492,#7488,#2585,.T.);
#9818=EDGE_CURVE('',#7488,#7490,#2972,.T.);
#9821=EDGE_CURVE('',#7492,#7494,#2514,.T.);
#9825=ADVANCED_FACE('',(#9824),#9815,.T.);
#9831=EDGE_CURVE('',#7486,#7481,#2576,.T.);
#9833=EDGE_CURVE('',#7488,#7486,#2581,.T.);
#9836=EDGE_CURVE('',#7496,#7492,#2590,.T.);
#9838=EDGE_CURVE('',#7502,#7496,#2594,.T.);
#9840=EDGE_CURVE('',#7418,#7502,#2598,.T.);
#9842=EDGE_CURVE('',#7513,#7418,#2602,.T.);
#9844=EDGE_CURVE('',#7518,#7513,#2607,.T.);
#9846=EDGE_CURVE('',#7522,#7518,#2611,.T.);
#9848=EDGE_CURVE('',#7386,#7522,#2615,.T.);
#9850=EDGE_CURVE('',#7385,#7386,#2619,.T.);
#9852=EDGE_CURVE('',#7505,#7385,#2623,.T.);
#9854=EDGE_CURVE('',#7510,#7505,#2627,.T.);
#9856=EDGE_CURVE('',#7512,#7510,#2632,.T.);
#9858=EDGE_CURVE('',#7416,#7512,#2636,.T.);
#9860=EDGE_CURVE('',#7481,#7416,#2640,.T.);
#9864=EDGE_CURVE('',#7429,#7430,#2518,.T.);
#9866=EDGE_CURVE('',#7434,#7429,#2522,.T.);
#9868=EDGE_CURVE('',#7438,#7434,#2526,.T.);
#9870=EDGE_CURVE('',#7442,#7438,#2530,.T.);
#9872=EDGE_CURVE('',#7446,#7442,#2534,.T.);
#9874=EDGE_CURVE('',#7450,#7446,#2538,.T.);
#9876=EDGE_CURVE('',#7454,#7450,#2542,.T.);
#9878=EDGE_CURVE('',#7458,#7454,#2546,.T.);
#9880=EDGE_CURVE('',#7462,#7458,#2550,.T.);
#9882=EDGE_CURVE('',#7464,#7462,#2555,.T.);
#9884=EDGE_CURVE('',#7468,#7464,#2559,.T.);
#9886=EDGE_CURVE('',#7472,#7468,#2564,.T.);
#9888=EDGE_CURVE('',#7476,#7472,#2568,.T.);
#9890=EDGE_CURVE('',#7430,#7476,#2572,.T.);
#9894=ADVANCED_FACE('',(#9863,#9893),#9830,.T.);
#9900=EDGE_CURVE('',#7425,#7426,#2648,.T.);
#9902=EDGE_CURVE('',#7425,#7429,#2776,.T.);
#9905=EDGE_CURVE('',#7426,#7430,#2644,.T.);
#9909=ADVANCED_FACE('',(#9908),#9899,.T.);
#9916=EDGE_CURVE('',#7382,#7426,#2660,.T.);
#9919=EDGE_CURVE('',#7380,#7425,#2652,.T.);
#9923=ADVANCED_FACE('',(#9922),#9914,.T.);
#9929=EDGE_CURVE('',#7426,#7478,#2656,.T.);
#9931=EDGE_CURVE('',#7357,#7478,#2810,.T.);
#9937=ADVANCED_FACE('',(#9936),#9928,.T.);
#9944=EDGE_CURVE('',#7478,#7476,#2664,.T.);
#9950=ADVANCED_FACE('',(#9949),#9942,.T.);
#9957=EDGE_CURVE('',#7472,#7474,#2668,.T.);
#9959=EDGE_CURVE('',#7478,#7474,#2806,.T.);
#9964=ADVANCED_FACE('',(#9963),#9955,.T.);
#9971=EDGE_CURVE('',#7468,#7470,#2672,.T.);
#9973=EDGE_CURVE('',#7474,#7470,#2798,.T.);
#9978=ADVANCED_FACE('',(#9977),#9969,.F.);
#9985=EDGE_CURVE('',#7464,#7466,#2676,.T.);
#9987=EDGE_CURVE('',#7470,#7466,#2789,.T.);
#9992=ADVANCED_FACE('',(#9991),#9983,.T.);
#9999=EDGE_CURVE('',#7462,#7460,#2680,.T.);
#10001=EDGE_CURVE('',#7466,#7460,#2781,.T.);
#10006=ADVANCED_FACE('',(#10005),#9997,.F.);
#10012=EDGE_CURVE('',#7460,#7456,#2688,.T.);
#10016=EDGE_CURVE('',#7456,#7458,#2684,.T.);
#10020=ADVANCED_FACE('',(#10019),#10011,.T.);
#10027=EDGE_CURVE('',#7366,#7456,#2700,.T.);
#10030=EDGE_CURVE('',#7364,#7460,#2692,.T.);
#10034=ADVANCED_FACE('',(#10033),#10025,.T.);
#10040=EDGE_CURVE('',#7456,#7452,#2696,.T.);
#10042=EDGE_CURVE('',#7368,#7452,#2716,.T.);
#10048=ADVANCED_FACE('',(#10047),#10039,.T.);
#10057=EDGE_CURVE('',#7452,#7454,#2704,.T.);
#10061=ADVANCED_FACE('',(#10060),#10053,.T.);
#10067=EDGE_CURVE('',#7452,#7448,#2712,.T.);
#10071=EDGE_CURVE('',#7448,#7450,#2708,.T.);
#10075=ADVANCED_FACE('',(#10074),#10066,.T.);
#10082=EDGE_CURVE('',#7370,#7448,#2724,.T.);
#10088=ADVANCED_FACE('',(#10087),#10080,.T.);
#10094=EDGE_CURVE('',#7448,#7444,#2720,.T.);
#10096=EDGE_CURVE('',#7372,#7444,#2740,.T.);
#10102=ADVANCED_FACE('',(#10101),#10093,.T.);
#10111=EDGE_CURVE('',#7444,#7446,#2728,.T.);
#10115=ADVANCED_FACE('',(#10114),#10107,.T.);
#10121=EDGE_CURVE('',#7444,#7440,#2736,.T.);
#10125=EDGE_CURVE('',#7440,#7442,#2732,.T.);
#10129=ADVANCED_FACE('',(#10128),#10120,.T.);
#10136=EDGE_CURVE('',#7374,#7440,#2748,.T.);
#10142=ADVANCED_FACE('',(#10141),#10134,.T.);
#10148=EDGE_CURVE('',#7440,#7436,#2744,.T.);
#10150=EDGE_CURVE('',#7376,#7436,#2764,.T.);
#10156=ADVANCED_FACE('',(#10155),#10147,.T.);
#10165=EDGE_CURVE('',#7436,#7438,#2752,.T.);
#10169=ADVANCED_FACE('',(#10168),#10161,.T.);
#10175=EDGE_CURVE('',#7436,#7432,#2760,.T.);
#10179=EDGE_CURVE('',#7432,#7434,#2756,.T.);
#10183=ADVANCED_FACE('',(#10182),#10174,.T.);
#10190=EDGE_CURVE('',#7378,#7432,#2772,.T.);
#10196=ADVANCED_FACE('',(#10195),#10188,.T.);
#10202=EDGE_CURVE('',#7432,#7425,#2768,.T.);
#10209=ADVANCED_FACE('',(#10208),#10201,.T.);
#10221=ADVANCED_FACE('',(#10220),#10214,.T.);
#10230=EDGE_CURVE('',#7362,#7466,#2785,.T.);
#10234=ADVANCED_FACE('',(#10233),#10226,.F.);
#10243=EDGE_CURVE('',#7360,#7470,#2793,.T.);
#10247=ADVANCED_FACE('',(#10246),#10239,.T.);
#10256=EDGE_CURVE('',#7358,#7474,#2802,.T.);
#10260=ADVANCED_FACE('',(#10259),#10252,.F.);
#10272=ADVANCED_FACE('',(#10271),#10265,.T.);
#10278=EDGE_CURVE('',#7481,#7482,#2818,.T.);
#10280=EDGE_CURVE('',#7484,#7482,#2955,.T.);
#10282=EDGE_CURVE('',#7486,#7484,#2814,.T.);
#10287=ADVANCED_FACE('',(#10286),#10277,.T.);
#10295=EDGE_CURVE('',#7396,#7416,#2838,.T.);
#10298=EDGE_CURVE('',#7394,#7482,#2822,.T.);
#10302=ADVANCED_FACE('',(#10301),#10292,.T.);
#10308=EDGE_CURVE('',#7511,#7512,#2834,.T.);
#10310=EDGE_CURVE('',#7412,#7511,#2951,.T.);
#10317=ADVANCED_FACE('',(#10316),#10307,.T.);
#10325=EDGE_CURVE('',#7510,#7508,#2842,.T.);
#10327=EDGE_CURVE('',#7511,#7508,#2944,.T.);
#10331=ADVANCED_FACE('',(#10330),#10322,.T.);
#10337=EDGE_CURVE('',#7505,#7506,#2846,.T.);
#10339=EDGE_CURVE('',#7508,#7506,#2935,.T.);
#10345=ADVANCED_FACE('',(#10344),#10336,.T.);
#10353=EDGE_CURVE('',#7400,#7385,#2854,.T.);
#10356=EDGE_CURVE('',#7399,#7506,#2850,.T.);
#10360=ADVANCED_FACE('',(#10359),#10350,.T.);
#10369=EDGE_CURVE('',#7402,#7386,#2862,.T.);
#10373=ADVANCED_FACE('',(#10372),#10365,.T.);
#10379=EDGE_CURVE('',#7521,#7522,#2858,.T.);
#10381=EDGE_CURVE('',#7404,#7521,#2931,.T.);
#10388=ADVANCED_FACE('',(#10387),#10378,.T.);
#10396=EDGE_CURVE('',#7518,#7516,#2866,.T.);
#10398=EDGE_CURVE('',#7521,#7516,#2927,.T.);
#10402=ADVANCED_FACE('',(#10401),#10393,.T.);
#10408=EDGE_CURVE('',#7513,#7514,#2878,.T.);
#10410=EDGE_CURVE('',#7516,#7514,#2919,.T.);
#10416=ADVANCED_FACE('',(#10415),#10407,.T.);
#10424=EDGE_CURVE('',#7407,#7418,#2893,.T.);
#10427=EDGE_CURVE('',#7414,#7514,#2885,.T.);
#10431=ADVANCED_FACE('',(#10430),#10421,.T.);
#10437=EDGE_CURVE('',#7501,#7502,#2889,.T.);
#10439=EDGE_CURVE('',#7408,#7501,#2914,.T.);
#10446=ADVANCED_FACE('',(#10445),#10436,.T.);
#10454=EDGE_CURVE('',#7496,#7498,#2897,.T.);
#10456=EDGE_CURVE('',#7501,#7498,#2910,.T.);
#10460=ADVANCED_FACE('',(#10459),#10451,.T.);
#10468=EDGE_CURVE('',#7498,#7494,#2902,.T.);
#10473=ADVANCED_FACE('',(#10472),#10465,.T.);
#10482=EDGE_CURVE('',#7410,#7498,#2906,.T.);
#10486=ADVANCED_FACE('',(#10485),#10478,.T.);
#10498=ADVANCED_FACE('',(#10497),#10491,.T.);
#10507=EDGE_CURVE('',#7422,#7516,#2923,.T.);
#10511=ADVANCED_FACE('',(#10510),#10503,.T.);
#10523=ADVANCED_FACE('',(#10522),#10516,.T.);
#10532=EDGE_CURVE('',#7420,#7508,#2939,.T.);
#10536=ADVANCED_FACE('',(#10535),#10528,.T.);
#10548=ADVANCED_FACE('',(#10547),#10541,.T.);
#10557=EDGE_CURVE('',#7392,#7484,#2959,.T.);
#10561=ADVANCED_FACE('',(#10560),#10553,.T.);
#10567=EDGE_CURVE('',#7490,#7484,#2964,.T.);
#10574=ADVANCED_FACE('',(#10573),#10566,.T.);
#10586=ADVANCED_FACE('',(#10585),#10579,.T.);
#10593=EDGE_CURVE('',#7217,#7209,#2976,.T.);
#10595=EDGE_CURVE('',#7209,#7210,#2992,.T.);
#10597=EDGE_CURVE('',#7218,#7210,#2988,.T.);
#10601=ADVANCED_FACE('',(#10600),#10591,.T.);
#10608=EDGE_CURVE('',#7222,#7214,#2980,.T.);
#10610=EDGE_CURVE('',#7214,#7209,#2996,.T.);
#10615=ADVANCED_FACE('',(#10614),#10606,.T.);
#10622=EDGE_CURVE('',#7220,#7212,#2984,.T.);
#10624=EDGE_CURVE('',#7212,#7214,#3000,.T.);
#10629=ADVANCED_FACE('',(#10628),#10620,.T.);
#10637=EDGE_CURVE('',#7210,#7212,#3004,.T.);
#10642=ADVANCED_FACE('',(#10641),#10634,.T.);
#10654=ADVANCED_FACE('',(#10653),#10647,.T.);
#10660=EDGE_CURVE('',#7332,#7325,#3008,.T.);
#10662=EDGE_CURVE('',#7325,#7326,#3024,.T.);
#10664=EDGE_CURVE('',#7334,#7326,#3020,.T.);
#10669=ADVANCED_FACE('',(#10668),#10659,.T.);
#10677=EDGE_CURVE('',#7338,#7330,#3012,.T.);
#10679=EDGE_CURVE('',#7330,#7325,#3028,.T.);
#10683=ADVANCED_FACE('',(#10682),#10674,.T.);
#10689=EDGE_CURVE('',#7336,#7328,#3016,.T.);
#10691=EDGE_CURVE('',#7328,#7330,#3032,.T.);
#10697=ADVANCED_FACE('',(#10696),#10688,.T.);
#10704=EDGE_CURVE('',#7326,#7328,#3036,.T.);
#10710=ADVANCED_FACE('',(#10709),#10702,.T.);
#10722=ADVANCED_FACE('',(#10721),#10715,.T.);
#10729=EDGE_CURVE('',#7580,#7542,#3040,.T.);
#10736=ADVANCED_FACE('',(#10735),#10727,.F.);
#10748=ADVANCED_FACE('',(#10747),#10741,.F.);
#10760=ADVANCED_FACE('',(#10759),#10753,.F.);
#10766=EDGE_CURVE('',#7597,#7598,#3056,.T.);
#10770=EDGE_CURVE('',#6618,#7598,#3061,.T.);
#10774=ADVANCED_FACE('',(#10773),#10765,.F.);
#10781=EDGE_CURVE('',#7572,#7538,#3065,.T.);
#10785=EDGE_CURVE('',#7574,#7598,#3528,.T.);
#10789=ADVANCED_FACE('',(#10788),#10779,.F.);
#10796=EDGE_CURVE('',#7570,#7537,#3069,.T.);
#10802=ADVANCED_FACE('',(#10801),#10794,.F.);
#10809=EDGE_CURVE('',#7569,#7593,#3073,.T.);
#10811=EDGE_CURVE('',#7593,#7594,#3512,.T.);
#10817=ADVANCED_FACE('',(#10816),#10807,.F.);
#10825=EDGE_CURVE('',#6629,#7280,#3077,.T.);
#10827=EDGE_CURVE('',#7593,#6629,#3516,.T.);
#10831=ADVANCED_FACE('',(#10830),#10822,.T.);
#10838=EDGE_CURVE('',#6634,#6638,#3081,.T.);
#10840=EDGE_CURVE('',#6629,#6634,#3504,.T.);
#10845=ADVANCED_FACE('',(#10844),#10836,.T.);
#10851=EDGE_CURVE('',#6634,#6635,#3089,.T.);
#10855=EDGE_CURVE('',#6635,#6639,#3085,.T.);
#10859=ADVANCED_FACE('',(#10858),#10850,.T.);
#10866=EDGE_CURVE('',#6635,#6195,#3093,.T.);
#10869=EDGE_CURVE('',#6634,#6197,#3508,.T.);
#10873=ADVANCED_FACE('',(#10872),#10864,.F.);
#10879=EDGE_CURVE('',#6627,#6194,#3097,.T.);
#10883=EDGE_CURVE('',#6635,#6627,#3101,.T.);
#10887=ADVANCED_FACE('',(#10886),#10878,.F.);
#10893=EDGE_CURVE('',#7589,#7590,#3105,.T.);
#10897=EDGE_CURVE('',#6627,#7589,#3109,.T.);
#10901=ADVANCED_FACE('',(#10900),#10892,.F.);
#10908=EDGE_CURVE('',#7562,#7534,#3113,.T.);
#10912=EDGE_CURVE('',#7564,#7589,#3496,.T.);
#10916=ADVANCED_FACE('',(#10915),#10906,.F.);
#10923=EDGE_CURVE('',#7561,#7533,#3117,.T.);
#10929=ADVANCED_FACE('',(#10928),#10921,.F.);
#10936=EDGE_CURVE('',#7586,#7566,#3125,.T.);
#10938=EDGE_CURVE('',#7585,#7586,#3355,.T.);
#10944=ADVANCED_FACE('',(#10943),#10934,.F.);
#10952=EDGE_CURVE('',#6617,#6624,#3136,.T.);
#10954=EDGE_CURVE('',#7586,#6624,#3360,.T.);
#10958=ADVANCED_FACE('',(#10957),#10949,.F.);
#10964=EDGE_CURVE('',#6839,#6833,#3129,.T.);
#10967=EDGE_CURVE('',#6624,#6625,#3364,.T.);
#10971=EDGE_CURVE('',#6610,#6614,#3368,.T.);
#10973=EDGE_CURVE('',#6610,#6191,#3144,.T.);
#10976=EDGE_CURVE('',#6837,#6841,#3148,.T.);
#10978=EDGE_CURVE('',#6839,#6841,#3152,.T.);
#10982=ADVANCED_FACE('',(#10981),#10963,.F.);
#10988=EDGE_CURVE('',#6869,#6864,#3156,.T.);
#10990=EDGE_CURVE('',#6843,#6869,#3351,.T.);
#10992=EDGE_CURVE('',#6843,#6832,#3160,.T.);
#10996=EDGE_CURVE('',#6839,#6864,#3164,.T.);
#11000=ADVANCED_FACE('',(#10999),#10987,.T.);
#11006=EDGE_CURVE('',#6864,#6865,#3175,.T.);
#11008=EDGE_CURVE('',#6867,#6865,#3222,.T.);
#11010=EDGE_CURVE('',#6867,#6869,#3171,.T.);
#11015=ADVANCED_FACE('',(#11014),#11005,.T.);
#11024=EDGE_CURVE('',#6875,#6841,#3207,.T.);
#11026=EDGE_CURVE('',#6872,#6875,#3179,.T.);
#11028=EDGE_CURVE('',#6872,#6848,#3183,.T.);
#11030=EDGE_CURVE('',#6848,#6849,#3187,.T.);
#11032=EDGE_CURVE('',#6853,#6849,#3191,.T.);
#11034=EDGE_CURVE('',#6852,#6853,#3195,.T.);
#11036=EDGE_CURVE('',#6865,#6852,#3199,.T.);
#11040=ADVANCED_FACE('',(#11039),#11020,.T.);
#11046=EDGE_CURVE('',#6875,#6877,#3203,.T.);
#11051=EDGE_CURVE('',#6845,#6836,#3211,.T.);
#11053=EDGE_CURVE('',#6877,#6845,#3334,.T.);
#11057=ADVANCED_FACE('',(#11056),#11045,.F.);
#11063=EDGE_CURVE('',#6872,#6873,#3236,.T.);
#11067=EDGE_CURVE('',#6877,#6873,#3218,.T.);
#11071=ADVANCED_FACE('',(#11070),#11062,.T.);
#11079=EDGE_CURVE('',#6861,#6852,#3227,.T.);
#11081=EDGE_CURVE('',#6867,#6861,#3232,.T.);
#11085=ADVANCED_FACE('',(#11084),#11076,.T.);
#11092=EDGE_CURVE('',#6859,#6873,#3241,.T.);
#11094=EDGE_CURVE('',#6848,#6859,#3246,.T.);
#11099=ADVANCED_FACE('',(#11098),#11090,.T.);
#11106=EDGE_CURVE('',#6853,#6857,#3319,.T.);
#11108=EDGE_CURVE('',#6857,#6861,#3250,.T.);
#11113=ADVANCED_FACE('',(#11112),#11104,.T.);
#11119=EDGE_CURVE('',#6845,#6856,#3279,.T.);
#11121=EDGE_CURVE('',#6855,#6845,#3347,.T.);
#11123=EDGE_CURVE('',#6857,#6855,#3308,.T.);
#11127=EDGE_CURVE('',#6856,#6849,#3330,.T.);
#11131=ADVANCED_FACE('',(#11130),#11118,.T.);
#11141=EDGE_CURVE('',#6856,#6859,#3338,.T.);
#11145=ADVANCED_FACE('',(#11144),#11136,.T.);
#11157=ADVANCED_FACE('',(#11156),#11150,.T.);
#11164=EDGE_CURVE('',#6855,#6843,#3343,.T.);
#11171=ADVANCED_FACE('',(#11170),#11162,.T.);
#11185=ADVANCED_FACE('',(#11184),#11176,.T.);
#11197=ADVANCED_FACE('',(#11196),#11190,.F.);
#11203=EDGE_CURVE('',#6610,#6611,#3376,.T.);
#11207=EDGE_CURVE('',#6615,#6611,#3372,.T.);
#11211=ADVANCED_FACE('',(#11210),#11202,.T.);
#11218=EDGE_CURVE('',#6611,#6190,#3380,.T.);
#11224=ADVANCED_FACE('',(#11223),#11216,.F.);
#11230=EDGE_CURVE('',#7546,#7616,#3384,.T.);
#11238=ADVANCED_FACE('',(#11237),#11229,.F.);
#11244=EDGE_CURVE('',#7549,#7618,#3392,.T.);
#11247=EDGE_CURVE('',#7269,#7265,#3416,.T.);
#11249=EDGE_CURVE('',#7269,#6215,#3400,.T.);
#11254=ADVANCED_FACE('',(#11253),#11243,.F.);
#11261=EDGE_CURVE('',#7545,#7526,#3404,.T.);
#11267=ADVANCED_FACE('',(#11266),#11259,.F.);
#11274=EDGE_CURVE('',#7550,#7525,#3408,.T.);
#11280=ADVANCED_FACE('',(#11279),#11272,.F.);
#11292=ADVANCED_FACE('',(#11291),#11285,.F.);
#11299=EDGE_CURVE('',#7270,#7266,#3412,.T.);
#11301=EDGE_CURVE('',#7269,#7270,#3484,.T.);
#11306=ADVANCED_FACE('',(#11305),#11297,.T.);
#11313=EDGE_CURVE('',#7274,#7272,#3420,.T.);
#11315=EDGE_CURVE('',#7270,#7274,#3476,.T.);
#11320=ADVANCED_FACE('',(#11319),#11311,.T.);
#11327=EDGE_CURVE('',#7278,#7276,#3424,.T.);
#11329=EDGE_CURVE('',#7274,#7278,#3468,.T.);
#11334=ADVANCED_FACE('',(#11333),#11325,.T.);
#11340=EDGE_CURVE('',#7554,#7609,#3428,.T.);
#11342=EDGE_CURVE('',#7278,#7609,#3452,.T.);
#11348=ADVANCED_FACE('',(#11347),#11339,.T.);
#11354=EDGE_CURVE('',#7557,#7613,#3432,.T.);
#11357=EDGE_CURVE('',#7262,#7259,#3436,.T.);
#11359=EDGE_CURVE('',#7613,#7262,#3460,.T.);
#11363=ADVANCED_FACE('',(#11362),#11353,.T.);
#11370=EDGE_CURVE('',#7553,#7530,#3440,.T.);
#11373=EDGE_CURVE('',#7609,#7610,#3448,.T.);
#11378=ADVANCED_FACE('',(#11377),#11368,.F.);
#11385=EDGE_CURVE('',#7558,#7529,#3444,.T.);
#11391=ADVANCED_FACE('',(#11390),#11383,.F.);
#11399=EDGE_CURVE('',#7613,#7614,#3456,.T.);
#11405=ADVANCED_FACE('',(#11404),#11396,.F.);
#11413=EDGE_CURVE('',#7278,#6210,#3472,.T.);
#11418=ADVANCED_FACE('',(#11417),#11410,.F.);
#11430=ADVANCED_FACE('',(#11429),#11423,.F.);
#11439=EDGE_CURVE('',#7274,#6211,#3480,.T.);
#11443=ADVANCED_FACE('',(#11442),#11435,.F.);
#11452=EDGE_CURVE('',#7270,#6213,#3488,.T.);
#11456=ADVANCED_FACE('',(#11455),#11448,.F.);
#11468=ADVANCED_FACE('',(#11467),#11461,.F.);
#11480=ADVANCED_FACE('',(#11479),#11473,.T.);
#11488=EDGE_CURVE('',#6627,#7282,#3500,.T.);
#11493=ADVANCED_FACE('',(#11492),#11485,.T.);
#11505=ADVANCED_FACE('',(#11504),#11498,.T.);
#11511=EDGE_CURVE('',#6629,#6199,#3520,.T.);
#11518=ADVANCED_FACE('',(#11517),#11510,.F.);
#11530=ADVANCED_FACE('',(#11529),#11523,.F.);
#11542=ADVANCED_FACE('',(#11541),#11535,.F.);
#11551=EDGE_CURVE('',#6681,#6677,#3533,.T.);
#11555=ADVANCED_FACE('',(#11554),#11547,.F.);
#11563=EDGE_CURVE('',#6662,#6663,#3541,.T.);
#11565=EDGE_CURVE('',#6666,#6662,#3545,.T.);
#11569=ADVANCED_FACE('',(#11568),#11560,.T.);
#11578=EDGE_CURVE('',#6659,#6669,#3557,.T.);
#11580=EDGE_CURVE('',#6658,#6659,#3561,.T.);
#11584=ADVANCED_FACE('',(#11583),#11574,.T.);
#11591=EDGE_CURVE('',#6543,#6540,#3574,.T.);
#11593=EDGE_CURVE('',#6543,#6673,#3613,.T.);
#11595=EDGE_CURVE('',#6673,#6662,#3569,.T.);
#11600=ADVANCED_FACE('',(#11599),#11589,.T.);
#11607=EDGE_CURVE('',#6541,#6535,#3589,.T.);
#11609=EDGE_CURVE('',#6543,#6535,#3617,.T.);
#11614=ADVANCED_FACE('',(#11613),#11605,.T.);
#11621=EDGE_CURVE('',#6535,#6537,#3584,.T.);
#11626=ADVANCED_FACE('',(#11625),#11619,.T.);
#11632=EDGE_CURVE('',#6530,#6535,#3621,.T.);
#11636=EDGE_CURVE('',#6525,#6530,#3631,.T.);
#11640=ADVANCED_FACE('',(#11639),#11631,.T.);
#11646=EDGE_CURVE('',#6530,#6531,#3593,.T.);
#11648=EDGE_CURVE('',#6531,#6671,#3597,.T.);
#11650=EDGE_CURVE('',#6607,#6671,#3601,.T.);
#11652=EDGE_CURVE('',#6606,#6607,#3605,.T.);
#11654=EDGE_CURVE('',#6606,#6673,#3609,.T.);
#11661=ADVANCED_FACE('',(#11660),#11645,.T.);
#11668=EDGE_CURVE('',#6530,#6527,#3641,.T.);
#11671=EDGE_CURVE('',#6533,#6531,#3626,.T.);
#11675=ADVANCED_FACE('',(#11674),#11666,.T.);
#11686=ADVANCED_FACE('',(#11685),#11680,.T.);
#11696=EDGE_CURVE('',#6671,#6659,#3654,.T.);
#11700=ADVANCED_FACE('',(#11699),#11691,.T.);
#11706=EDGE_CURVE('',#6607,#6603,#3650,.T.);
#11714=ADVANCED_FACE('',(#11713),#11705,.T.);
#11721=EDGE_CURVE('',#6602,#6606,#3659,.T.);
#11727=ADVANCED_FACE('',(#11726),#11719,.F.);
#11740=ADVANCED_FACE('',(#11739),#11732,.T.);
#11752=ADVANCED_FACE('',(#11751),#11745,.T.);
#11761=EDGE_CURVE('',#6797,#6793,#3678,.T.);
#11765=ADVANCED_FACE('',(#11764),#11757,.F.);
#11775=EDGE_CURVE('',#6761,#6235,#3690,.T.);
#11779=ADVANCED_FACE('',(#11778),#11770,.T.);
#11791=ADVANCED_FACE('',(#11790),#11784,.T.);
#11798=EDGE_CURVE('',#6415,#6404,#3707,.T.);
#11800=EDGE_CURVE('',#6404,#6405,#3731,.T.);
#11802=EDGE_CURVE('',#6447,#6405,#3779,.T.);
#11804=EDGE_CURVE('',#6447,#6445,#3767,.T.);
#11806=EDGE_CURVE('',#6445,#6392,#3711,.T.);
#11808=EDGE_CURVE('',#6392,#6393,#3719,.T.);
#11813=ADVANCED_FACE('',(#11812),#11796,.T.);
#11821=EDGE_CURVE('',#6427,#6404,#3735,.T.);
#11826=ADVANCED_FACE('',(#11825),#11818,.T.);
#11835=EDGE_CURVE('',#6397,#6392,#3723,.T.);
#11839=ADVANCED_FACE('',(#11838),#11831,.T.);
#11846=EDGE_CURVE('',#6405,#6426,#3727,.T.);
#11852=ADVANCED_FACE('',(#11851),#11844,.T.);
#11859=EDGE_CURVE('',#6409,#6430,#3739,.T.);
#11861=EDGE_CURVE('',#6408,#6409,#3743,.T.);
#11863=EDGE_CURVE('',#6431,#6408,#3747,.T.);
#11867=ADVANCED_FACE('',(#11866),#11857,.T.);
#11874=EDGE_CURVE('',#6413,#6434,#3751,.T.);
#11876=EDGE_CURVE('',#6412,#6413,#3755,.T.);
#11878=EDGE_CURVE('',#6435,#6412,#3759,.T.);
#11882=ADVANCED_FACE('',(#11881),#11872,.T.);
#11888=EDGE_CURVE('',#6438,#6445,#3763,.T.);
#11895=ADVANCED_FACE('',(#11894),#11887,.T.);
#11904=EDGE_CURVE('',#6447,#6439,#3775,.T.);
#11908=ADVANCED_FACE('',(#11907),#11900,.T.);
#11915=EDGE_CURVE('',#6442,#6449,#3783,.T.);
#11917=EDGE_CURVE('',#6451,#6449,#3771,.T.);
#11919=EDGE_CURVE('',#6451,#6443,#3799,.T.);
#11923=ADVANCED_FACE('',(#11922),#11913,.T.);
#11935=ADVANCED_FACE('',(#11934),#11928,.T.);
#11944=EDGE_CURVE('',#6449,#6408,#3795,.T.);
#11948=ADVANCED_FACE('',(#11947),#11940,.T.);
#11955=EDGE_CURVE('',#6423,#6412,#3791,.T.);
#11958=EDGE_CURVE('',#6451,#6413,#3803,.T.);
#11963=EDGE_CURVE('',#6418,#6409,#3807,.T.);
#11967=ADVANCED_FACE('',(#11966),#11953,.T.);
#11979=ADVANCED_FACE('',(#11978),#11972,.T.);
#11991=ADVANCED_FACE('',(#11990),#11984,.T.);
#12003=ADVANCED_FACE('',(#12002),#11996,.T.);
#12012=EDGE_CURVE('',#6383,#6376,#3811,.T.);
#12016=ADVANCED_FACE('',(#12015),#12008,.T.);
#12028=ADVANCED_FACE('',(#12027),#12021,.T.);
#12036=EDGE_CURVE('',#6347,#6293,#3820,.T.);
#12038=EDGE_CURVE('',#6293,#6319,#3837,.T.);
#12042=ADVANCED_FACE('',(#12041),#12033,.F.);
#12049=EDGE_CURVE('',#6291,#6293,#3841,.T.);
#12055=ADVANCED_FACE('',(#12054),#12047,.T.);
#12071=EDGE_CURVE('',#6296,#6297,#3877,.T.);
#12073=EDGE_CURVE('',#6317,#6296,#3882,.T.);
#12076=EDGE_CURVE('',#6283,#6182,#3890,.T.);
#12079=EDGE_CURVE('',#6281,#6183,#3894,.T.);
#12083=EDGE_CURVE('',#6354,#6355,#3898,.T.);
#12085=EDGE_CURVE('',#6355,#6357,#3902,.T.);
#12087=EDGE_CURVE('',#6357,#6359,#3906,.T.);
#12089=EDGE_CURVE('',#6359,#6354,#3910,.T.);
#12093=EDGE_CURVE('',#6692,#6693,#3915,.T.);
#12095=EDGE_CURVE('',#6693,#6715,#3919,.T.);
#12097=EDGE_CURVE('',#6715,#6719,#3923,.T.);
#12099=EDGE_CURVE('',#6719,#6725,#3928,.T.);
#12101=EDGE_CURVE('',#6725,#6727,#3932,.T.);
#12103=EDGE_CURVE('',#6727,#6731,#3936,.T.);
#12105=EDGE_CURVE('',#6731,#6735,#3941,.T.);
#12107=EDGE_CURVE('',#6735,#6739,#3945,.T.);
#12109=EDGE_CURVE('',#6739,#6743,#3949,.T.);
#12111=EDGE_CURVE('',#6743,#6708,#3954,.T.);
#12113=EDGE_CURVE('',#6708,#6709,#3958,.T.);
#12115=EDGE_CURVE('',#6709,#6692,#3962,.T.);
#12119=ADVANCED_FACE('',(#12082,#12092,#12118),#12060,.T.);
#12125=EDGE_CURVE('',#6349,#6296,#3966,.T.);
#12132=ADVANCED_FACE('',(#12131),#12124,.T.);
#12144=ADVANCED_FACE('',(#12143),#12137,.F.);
#12156=ADVANCED_FACE('',(#12155),#12149,.F.);
#12168=ADVANCED_FACE('',(#12167),#12161,.F.);
#12174=EDGE_CURVE('',#6655,#6642,#3991,.T.);
#12176=EDGE_CURVE('',#6355,#6642,#4106,.T.);
#12179=EDGE_CURVE('',#6354,#6655,#3995,.T.);
#12183=ADVANCED_FACE('',(#12182),#12173,.T.);
#12190=EDGE_CURVE('',#6655,#6653,#4053,.T.);
#12192=EDGE_CURVE('',#6653,#6646,#4061,.T.);
#12194=EDGE_CURVE('',#6642,#6646,#4024,.T.);
#12198=ADVANCED_FACE('',(#12197),#12188,.T.);
#12204=EDGE_CURVE('',#6651,#6653,#4065,.T.);
#12207=EDGE_CURVE('',#6649,#6655,#4147,.T.);
#12209=EDGE_CURVE('',#6649,#6651,#4143,.T.);
#12213=ADVANCED_FACE('',(#12212),#12203,.T.);
#12219=EDGE_CURVE('',#6646,#6647,#4057,.T.);
#12223=EDGE_CURVE('',#6647,#6651,#4069,.T.);
#12227=ADVANCED_FACE('',(#12226),#12218,.T.);
#12233=EDGE_CURVE('',#6642,#6643,#4102,.T.);
#12237=EDGE_CURVE('',#6643,#6647,#4098,.T.);
#12241=ADVANCED_FACE('',(#12240),#12232,.T.);
#12248=EDGE_CURVE('',#6357,#6643,#4114,.T.);
#12254=ADVANCED_FACE('',(#12253),#12246,.T.);
#12260=EDGE_CURVE('',#6643,#6649,#4110,.T.);
#12262=EDGE_CURVE('',#6359,#6649,#4151,.T.);
#12268=ADVANCED_FACE('',(#12267),#12259,.T.);
#12280=ADVANCED_FACE('',(#12279),#12273,.T.);
#12292=ADVANCED_FACE('',(#12291),#12285,.T.);
#12299=EDGE_CURVE('',#6696,#6692,#4180,.T.);
#12301=EDGE_CURVE('',#6696,#6697,#4957,.T.);
#12303=EDGE_CURVE('',#6697,#6693,#4923,.T.);
#12307=ADVANCED_FACE('',(#12306),#12297,.F.);
#12314=EDGE_CURVE('',#6713,#6709,#4209,.T.);
#12316=EDGE_CURVE('',#6713,#6696,#4665,.T.);
#12321=ADVANCED_FACE('',(#12320),#12312,.F.);
#12328=EDGE_CURVE('',#6712,#6708,#4238,.T.);
#12330=EDGE_CURVE('',#6712,#6713,#5094,.T.);
#12335=ADVANCED_FACE('',(#12334),#12326,.F.);
#12342=EDGE_CURVE('',#6745,#6743,#4267,.T.);
#12344=EDGE_CURVE('',#6745,#6712,#5103,.T.);
#12349=ADVANCED_FACE('',(#12348),#12340,.F.);
#12356=EDGE_CURVE('',#6741,#6739,#4296,.T.);
#12358=EDGE_CURVE('',#6741,#6745,#4984,.T.);
#12363=ADVANCED_FACE('',(#12362),#12354,.F.);
#12370=EDGE_CURVE('',#6737,#6735,#4325,.T.);
#12372=EDGE_CURVE('',#6737,#6741,#4730,.T.);
#12377=ADVANCED_FACE('',(#12376),#12368,.F.);
#12384=EDGE_CURVE('',#6733,#6731,#4354,.T.);
#12386=EDGE_CURVE('',#6733,#6737,#4976,.T.);
#12391=ADVANCED_FACE('',(#12390),#12382,.F.);
#12398=EDGE_CURVE('',#6729,#6727,#4383,.T.);
#12400=EDGE_CURVE('',#6729,#6733,#4788,.T.);
#12405=ADVANCED_FACE('',(#12404),#12396,.F.);
#12412=EDGE_CURVE('',#6723,#6725,#4412,.T.);
#12414=EDGE_CURVE('',#6723,#6729,#4861,.T.);
#12419=ADVANCED_FACE('',(#12418),#12410,.F.);
#12425=EDGE_CURVE('',#6721,#6723,#4446,.T.);
#12429=EDGE_CURVE('',#6721,#6719,#4441,.T.);
#12433=ADVANCED_FACE('',(#12432),#12424,.F.);
#12440=EDGE_CURVE('',#6721,#6230,#4450,.T.);
#12442=EDGE_CURVE('',#6230,#6231,#4607,.T.);
#12444=EDGE_CURVE('',#6723,#6231,#4865,.T.);
#12448=ADVANCED_FACE('',(#12447),#12438,.T.);
#12454=EDGE_CURVE('',#6828,#6255,#4484,.T.);
#12456=EDGE_CURVE('',#6824,#6828,#4514,.T.);
#12458=EDGE_CURVE('',#6824,#6230,#4611,.T.);
#12461=EDGE_CURVE('',#6717,#6721,#4454,.T.);
#12463=EDGE_CURVE('',#6717,#6253,#4458,.T.);
#12465=EDGE_CURVE('',#6255,#6253,#4475,.T.);
#12469=ADVANCED_FACE('',(#12468),#12453,.T.);
#12475=EDGE_CURVE('',#6828,#6829,#4480,.T.);
#12478=EDGE_CURVE('',#6255,#6245,#4489,.T.);
#12480=EDGE_CURVE('',#6829,#6245,#4840,.T.);
#12484=ADVANCED_FACE('',(#12483),#12474,.T.);
#12490=EDGE_CURVE('',#6824,#6825,#4598,.T.);
#12494=EDGE_CURVE('',#6829,#6825,#4539,.T.);
#12498=ADVANCED_FACE('',(#12497),#12489,.F.);
#12504=EDGE_CURVE('',#6700,#6701,#4544,.T.);
#12506=EDGE_CURVE('',#6227,#6701,#4548,.T.);
#12508=EDGE_CURVE('',#6226,#6227,#4553,.T.);
#12510=EDGE_CURVE('',#6700,#6226,#4557,.T.);
#12514=ADVANCED_FACE('',(#12513),#12503,.T.);
#12520=EDGE_CURVE('',#6808,#6809,#4562,.T.);
#12522=EDGE_CURVE('',#6223,#6809,#4566,.T.);
#12524=EDGE_CURVE('',#6222,#6223,#4571,.T.);
#12526=EDGE_CURVE('',#6808,#6222,#4575,.T.);
#12530=ADVANCED_FACE('',(#12529),#12519,.T.);
#12536=EDGE_CURVE('',#6816,#6817,#4580,.T.);
#12538=EDGE_CURVE('',#6219,#6817,#4584,.T.);
#12540=EDGE_CURVE('',#6218,#6219,#4589,.T.);
#12542=EDGE_CURVE('',#6816,#6218,#4593,.T.);
#12546=ADVANCED_FACE('',(#12545),#12535,.T.);
#12553=EDGE_CURVE('',#6231,#6825,#4602,.T.);
#12559=ADVANCED_FACE('',(#12558),#12551,.T.);
#12566=EDGE_CURVE('',#6700,#6704,#4636,.T.);
#12568=EDGE_CURVE('',#6704,#6705,#4691,.T.);
#12570=EDGE_CURVE('',#6705,#6701,#4661,.T.);
#12574=ADVANCED_FACE('',(#12573),#12564,.F.);
#12580=EDGE_CURVE('',#6704,#6252,#4695,.T.);
#12584=EDGE_CURVE('',#6696,#6226,#4961,.T.);
#12587=EDGE_CURVE('',#6713,#6250,#4669,.T.);
#12589=EDGE_CURVE('',#6252,#6250,#4686,.T.);
#12593=ADVANCED_FACE('',(#12592),#12579,.T.);
#12601=EDGE_CURVE('',#6252,#6263,#4700,.T.);
#12603=EDGE_CURVE('',#6263,#6254,#4705,.T.);
#12605=EDGE_CURVE('',#6705,#6254,#4869,.T.);
#12609=ADVANCED_FACE('',(#12608),#12598,.T.);
#12615=EDGE_CURVE('',#6247,#6248,#4726,.T.);
#12617=EDGE_CURVE('',#6261,#6248,#4828,.T.);
#12619=EDGE_CURVE('',#6261,#6259,#4836,.T.);
#12621=EDGE_CURVE('',#6258,#6259,#4966,.T.);
#12623=EDGE_CURVE('',#6263,#6258,#4832,.T.);
#12627=EDGE_CURVE('',#6250,#6251,#5090,.T.);
#12629=EDGE_CURVE('',#6249,#6251,#5019,.T.);
#12631=EDGE_CURVE('',#6249,#6247,#5005,.T.);
#12635=ADVANCED_FACE('',(#12634),#12614,.T.);
#12642=EDGE_CURVE('',#6821,#6817,#4784,.T.);
#12644=EDGE_CURVE('',#6821,#6248,#4709,.T.);
#12647=EDGE_CURVE('',#6741,#6247,#4988,.T.);
#12650=EDGE_CURVE('',#6737,#6219,#4734,.T.);
#12654=ADVANCED_FACE('',(#12653),#12640,.T.);
#12661=EDGE_CURVE('',#6816,#6820,#4759,.T.);
#12663=EDGE_CURVE('',#6820,#6821,#4814,.T.);
#12668=ADVANCED_FACE('',(#12667),#12659,.F.);
#12674=EDGE_CURVE('',#6820,#6246,#4818,.T.);
#12678=EDGE_CURVE('',#6733,#6218,#4980,.T.);
#12681=EDGE_CURVE('',#6729,#6244,#4792,.T.);
#12683=EDGE_CURVE('',#6246,#6244,#4809,.T.);
#12687=ADVANCED_FACE('',(#12686),#12673,.T.);
#12695=EDGE_CURVE('',#6246,#6261,#4823,.T.);
#12701=ADVANCED_FACE('',(#12700),#12692,.T.);
#12707=EDGE_CURVE('',#6244,#6245,#4857,.T.);
#12711=EDGE_CURVE('',#6253,#6254,#4886,.T.);
#12715=EDGE_CURVE('',#6259,#6258,#4971,.T.);
#12722=ADVANCED_FACE('',(#12721),#12706,.T.);
#12737=ADVANCED_FACE('',(#12736),#12727,.T.);
#12748=EDGE_CURVE('',#6697,#6717,#4890,.T.);
#12750=EDGE_CURVE('',#6697,#6227,#4894,.T.);
#12754=ADVANCED_FACE('',(#12753),#12742,.T.);
#12763=EDGE_CURVE('',#6717,#6715,#4952,.T.);
#12767=ADVANCED_FACE('',(#12766),#12759,.F.);
#12779=ADVANCED_FACE('',(#12778),#12772,.F.);
#12791=ADVANCED_FACE('',(#12790),#12784,.T.);
#12801=ADVANCED_FACE('',(#12800),#12796,.T.);
#12813=ADVANCED_FACE('',(#12812),#12806,.T.);
#12819=EDGE_CURVE('',#6812,#6249,#5014,.T.);
#12821=EDGE_CURVE('',#6808,#6812,#5044,.T.);
#12824=EDGE_CURVE('',#6745,#6222,#5107,.T.);
#12831=ADVANCED_FACE('',(#12830),#12818,.T.);
#12837=EDGE_CURVE('',#6812,#6813,#5010,.T.);
#12841=EDGE_CURVE('',#6813,#6251,#5073,.T.);
#12845=ADVANCED_FACE('',(#12844),#12836,.T.);
#12854=EDGE_CURVE('',#6813,#6809,#5069,.T.);
#12858=ADVANCED_FACE('',(#12857),#12850,.F.);
#12870=EDGE_CURVE('',#6712,#6223,#5098,.T.);
#12874=ADVANCED_FACE('',(#12873),#12863,.T.);
#12886=ADVANCED_FACE('',(#12885),#12879,.T.);
#12895=EDGE_CURVE('',#6389,#6381,#5115,.T.);
#12899=ADVANCED_FACE('',(#12898),#12891,.T.);
#12911=ADVANCED_FACE('',(#12910),#12904,.T.);
#12918=EDGE_CURVE('',#7193,#7173,#5119,.T.);
#12920=EDGE_CURVE('',#7173,#7174,#5124,.T.);
#12922=EDGE_CURVE('',#7174,#7176,#5128,.T.);
#12924=EDGE_CURVE('',#7176,#7178,#5132,.T.);
#12926=EDGE_CURVE('',#7178,#7169,#5136,.T.);
#12928=EDGE_CURVE('',#7169,#7170,#5141,.T.);
#12930=EDGE_CURVE('',#7170,#7194,#5145,.T.);
#12934=ADVANCED_FACE('',(#12933),#12916,.F.);
#12941=EDGE_CURVE('',#7197,#7185,#5175,.T.);
#12943=EDGE_CURVE('',#7173,#7185,#5275,.T.);
#12948=ADVANCED_FACE('',(#12947),#12939,.T.);
#12955=EDGE_CURVE('',#7182,#7198,#5149,.T.);
#12957=EDGE_CURVE('',#7181,#7182,#5154,.T.);
#12959=EDGE_CURVE('',#7190,#7181,#5158,.T.);
#12961=EDGE_CURVE('',#7188,#7190,#5162,.T.);
#12963=EDGE_CURVE('',#7186,#7188,#5166,.T.);
#12965=EDGE_CURVE('',#7185,#7186,#5171,.T.);
#12970=ADVANCED_FACE('',(#12969),#12953,.T.);
#12978=EDGE_CURVE('',#7170,#7182,#5179,.T.);
#12983=ADVANCED_FACE('',(#12982),#12975,.T.);
#12990=EDGE_CURVE('',#7169,#7181,#5183,.T.);
#12996=ADVANCED_FACE('',(#12995),#12988,.T.);
#13002=EDGE_CURVE('',#7178,#7234,#5187,.T.);
#13004=EDGE_CURVE('',#7238,#7234,#5263,.T.);
#13006=EDGE_CURVE('',#7238,#7206,#5191,.T.);
#13008=EDGE_CURVE('',#7206,#7201,#5237,.T.);
#13010=EDGE_CURVE('',#7229,#7201,#5229,.T.);
#13012=EDGE_CURVE('',#7225,#7229,#5216,.T.);
#13014=EDGE_CURVE('',#7225,#7190,#5195,.T.);
#13021=ADVANCED_FACE('',(#13020),#13001,.T.);
#13027=EDGE_CURVE('',#7225,#7226,#5199,.T.);
#13029=EDGE_CURVE('',#7226,#7188,#5203,.T.);
#13035=ADVANCED_FACE('',(#13034),#13026,.T.);
#13041=EDGE_CURVE('',#7233,#7234,#5207,.T.);
#13045=EDGE_CURVE('',#7176,#7233,#5211,.T.);
#13049=ADVANCED_FACE('',(#13048),#13040,.T.);
#13057=EDGE_CURVE('',#7229,#7230,#5225,.T.);
#13059=EDGE_CURVE('',#7230,#7226,#5221,.T.);
#13063=ADVANCED_FACE('',(#13062),#13054,.F.);
#13071=EDGE_CURVE('',#7201,#7202,#5233,.T.);
#13073=EDGE_CURVE('',#7230,#7202,#5271,.T.);
#13077=ADVANCED_FACE('',(#13076),#13068,.T.);
#13085=EDGE_CURVE('',#7204,#7206,#5241,.T.);
#13087=EDGE_CURVE('',#7202,#7204,#5245,.T.);
#13091=ADVANCED_FACE('',(#13090),#13082,.T.);
#13097=EDGE_CURVE('',#7237,#7238,#5249,.T.);
#13099=EDGE_CURVE('',#7237,#7204,#5253,.T.);
#13105=ADVANCED_FACE('',(#13104),#13096,.T.);
#13112=EDGE_CURVE('',#7233,#7237,#5258,.T.);
#13118=ADVANCED_FACE('',(#13117),#13110,.F.);
#13128=EDGE_CURVE('',#7174,#7186,#5267,.T.);
#13137=ADVANCED_FACE('',(#13136),#13123,.T.);
#13149=ADVANCED_FACE('',(#13148),#13142,.F.);
#13155=EDGE_CURVE('',#7286,#7308,#5279,.T.);
#13158=EDGE_CURVE('',#7310,#7289,#5283,.T.);
#13160=EDGE_CURVE('',#7289,#7290,#5288,.T.);
#13162=EDGE_CURVE('',#7290,#7292,#5292,.T.);
#13164=EDGE_CURVE('',#7292,#7294,#5296,.T.);
#13166=EDGE_CURVE('',#7294,#7285,#5300,.T.);
#13168=EDGE_CURVE('',#7285,#7286,#5305,.T.);
#13172=ADVANCED_FACE('',(#13171),#13154,.F.);
#13179=EDGE_CURVE('',#7286,#7298,#5309,.T.);
#13181=EDGE_CURVE('',#7298,#7312,#5409,.T.);
#13186=ADVANCED_FACE('',(#13185),#13177,.T.);
#13193=EDGE_CURVE('',#7285,#7297,#5313,.T.);
#13195=EDGE_CURVE('',#7297,#7298,#5414,.T.);
#13200=ADVANCED_FACE('',(#13199),#13191,.T.);
#13206=EDGE_CURVE('',#7294,#7350,#5317,.T.);
#13208=EDGE_CURVE('',#7354,#7350,#5393,.T.);
#13210=EDGE_CURVE('',#7354,#7322,#5321,.T.);
#13212=EDGE_CURVE('',#7322,#7317,#5367,.T.);
#13214=EDGE_CURVE('',#7345,#7317,#5359,.T.);
#13216=EDGE_CURVE('',#7341,#7345,#5346,.T.);
#13218=EDGE_CURVE('',#7341,#7306,#5325,.T.);
#13220=EDGE_CURVE('',#7306,#7297,#5418,.T.);
#13226=ADVANCED_FACE('',(#13225),#13205,.T.);
#13232=EDGE_CURVE('',#7341,#7342,#5329,.T.);
#13234=EDGE_CURVE('',#7342,#7304,#5333,.T.);
#13236=EDGE_CURVE('',#7304,#7306,#5422,.T.);
#13241=ADVANCED_FACE('',(#13240),#13231,.T.);
#13247=EDGE_CURVE('',#7349,#7350,#5337,.T.);
#13251=EDGE_CURVE('',#7292,#7349,#5341,.T.);
#13255=ADVANCED_FACE('',(#13254),#13246,.T.);
#13263=EDGE_CURVE('',#7345,#7346,#5355,.T.);
#13265=EDGE_CURVE('',#7346,#7342,#5351,.T.);
#13269=ADVANCED_FACE('',(#13268),#13260,.F.);
#13277=EDGE_CURVE('',#7317,#7318,#5363,.T.);
#13279=EDGE_CURVE('',#7346,#7318,#5401,.T.);
#13283=ADVANCED_FACE('',(#13282),#13274,.T.);
#13291=EDGE_CURVE('',#7320,#7322,#5371,.T.);
#13293=EDGE_CURVE('',#7318,#7320,#5375,.T.);
#13297=ADVANCED_FACE('',(#13296),#13288,.T.);
#13303=EDGE_CURVE('',#7353,#7354,#5379,.T.);
#13305=EDGE_CURVE('',#7353,#7320,#5383,.T.);
#13311=ADVANCED_FACE('',(#13310),#13302,.T.);
#13318=EDGE_CURVE('',#7349,#7353,#5388,.T.);
#13324=ADVANCED_FACE('',(#13323),#13316,.F.);
#13334=EDGE_CURVE('',#7290,#7302,#5397,.T.);
#13336=EDGE_CURVE('',#7302,#7304,#5426,.T.);
#13344=ADVANCED_FACE('',(#13343),#13329,.T.);
#13351=EDGE_CURVE('',#7289,#7301,#5405,.T.);
#13353=EDGE_CURVE('',#7301,#7302,#5431,.T.);
#13358=ADVANCED_FACE('',(#13357),#13349,.F.);
#13366=EDGE_CURVE('',#7314,#7301,#5435,.T.);
#13371=ADVANCED_FACE('',(#13370),#13363,.T.);
#13387=ADVANCED_FACE('',(#13386),#13376,.T.);
#13394=EDGE_CURVE('',#6952,#6956,#5440,.T.);
#13396=EDGE_CURVE('',#6956,#6957,#5635,.T.);
#13398=EDGE_CURVE('',#6957,#6953,#5445,.T.);
#13402=ADVANCED_FACE('',(#13401),#13392,.F.);
#13409=EDGE_CURVE('',#6965,#6961,#5463,.T.);
#13411=EDGE_CURVE('',#6965,#6944,#5453,.T.);
#13413=EDGE_CURVE('',#6944,#6945,#5515,.T.);
#13415=EDGE_CURVE('',#6956,#6945,#5639,.T.);
#13420=ADVANCED_FACE('',(#13419),#13407,.T.);
#13427=EDGE_CURVE('',#6960,#6964,#5458,.T.);
#13429=EDGE_CURVE('',#6964,#6965,#5475,.T.);
#13434=ADVANCED_FACE('',(#13433),#13425,.F.);
#13440=EDGE_CURVE('',#6964,#6949,#5479,.T.);
#13445=EDGE_CURVE('',#6957,#6947,#5471,.T.);
#13447=EDGE_CURVE('',#6947,#6949,#5523,.T.);
#13451=ADVANCED_FACE('',(#13450),#13439,.T.);
#13459=EDGE_CURVE('',#6949,#6944,#5519,.T.);
#13464=ADVANCED_FACE('',(#13463),#13456,.T.);
#13470=EDGE_CURVE('',#6928,#6929,#5483,.T.);
#13472=EDGE_CURVE('',#6933,#6928,#5487,.T.);
#13474=EDGE_CURVE('',#6931,#6933,#5491,.T.);
#13476=EDGE_CURVE('',#6929,#6931,#5495,.T.);
#13480=ADVANCED_FACE('',(#13479),#13469,.T.);
#13486=EDGE_CURVE('',#6936,#6937,#5499,.T.);
#13488=EDGE_CURVE('',#6941,#6936,#5503,.T.);
#13490=EDGE_CURVE('',#6939,#6941,#5507,.T.);
#13492=EDGE_CURVE('',#6937,#6939,#5511,.T.);
#13496=ADVANCED_FACE('',(#13495),#13485,.T.);
#13505=EDGE_CURVE('',#6945,#6947,#5527,.T.);
#13509=ADVANCED_FACE('',(#13508),#13501,.T.);
#13515=EDGE_CURVE('',#6996,#6997,#5531,.T.);
#13517=EDGE_CURVE('',#6996,#6928,#5535,.T.);
#13520=EDGE_CURVE('',#6997,#6929,#5571,.T.);
#13524=ADVANCED_FACE('',(#13523),#13514,.T.);
#13531=EDGE_CURVE('',#6992,#6996,#5540,.T.);
#13534=EDGE_CURVE('',#6997,#6993,#5545,.T.);
#13538=ADVANCED_FACE('',(#13537),#13529,.F.);
#13547=EDGE_CURVE('',#6989,#6985,#5563,.T.);
#13549=EDGE_CURVE('',#6989,#6933,#5553,.T.);
#13554=ADVANCED_FACE('',(#13553),#13543,.T.);
#13561=EDGE_CURVE('',#6984,#6988,#5558,.T.);
#13563=EDGE_CURVE('',#6988,#6989,#5575,.T.);
#13568=ADVANCED_FACE('',(#13567),#13559,.F.);
#13578=EDGE_CURVE('',#6988,#6931,#5579,.T.);
#13583=ADVANCED_FACE('',(#13582),#13573,.T.);
#13595=ADVANCED_FACE('',(#13594),#13588,.T.);
#13602=EDGE_CURVE('',#6981,#6977,#5597,.T.);
#13604=EDGE_CURVE('',#6981,#6936,#5587,.T.);
#13607=EDGE_CURVE('',#6972,#6937,#5631,.T.);
#13609=EDGE_CURVE('',#6968,#6972,#5618,.T.);
#13613=ADVANCED_FACE('',(#13612),#13600,.T.);
#13620=EDGE_CURVE('',#6976,#6980,#5592,.T.);
#13622=EDGE_CURVE('',#6980,#6981,#5609,.T.);
#13627=ADVANCED_FACE('',(#13626),#13618,.F.);
#13633=EDGE_CURVE('',#6980,#6941,#5613,.T.);
#13637=EDGE_CURVE('',#6973,#6969,#5623,.T.);
#13639=EDGE_CURVE('',#6973,#6939,#5605,.T.);
#13644=ADVANCED_FACE('',(#13643),#13632,.T.);
#13656=ADVANCED_FACE('',(#13655),#13649,.T.);
#13664=EDGE_CURVE('',#6972,#6973,#5627,.T.);
#13669=ADVANCED_FACE('',(#13668),#13661,.F.);
#13681=ADVANCED_FACE('',(#13680),#13674,.T.);
#13693=ADVANCED_FACE('',(#13692),#13686,.T.);
#13699=EDGE_CURVE('',#6880,#6881,#5644,.T.);
#13702=EDGE_CURVE('',#6883,#6885,#5702,.T.);
#13704=EDGE_CURVE('',#6885,#6880,#5653,.T.);
#13708=ADVANCED_FACE('',(#13707),#13698,.T.);
#13715=EDGE_CURVE('',#6880,#6893,#5665,.T.);
#13717=EDGE_CURVE('',#6891,#6893,#5649,.T.);
#13722=ADVANCED_FACE('',(#13721),#13713,.T.);
#13729=EDGE_CURVE('',#6888,#6885,#5657,.T.);
#13731=EDGE_CURVE('',#6893,#6888,#5661,.T.);
#13736=ADVANCED_FACE('',(#13735),#13727,.T.);
#13742=EDGE_CURVE('',#6901,#6896,#5669,.T.);
#13744=EDGE_CURVE('',#6905,#6901,#5673,.T.);
#13746=EDGE_CURVE('',#6903,#6905,#5677,.T.);
#13748=EDGE_CURVE('',#6896,#6903,#5681,.T.);
#13752=ADVANCED_FACE('',(#13751),#13741,.T.);
#13758=EDGE_CURVE('',#6917,#6912,#5685,.T.);
#13760=EDGE_CURVE('',#6920,#6917,#5689,.T.);
#13762=EDGE_CURVE('',#6925,#6920,#5693,.T.);
#13764=EDGE_CURVE('',#6912,#6925,#5697,.T.);
#13768=ADVANCED_FACE('',(#13767),#13757,.T.);
#13776=EDGE_CURVE('',#6888,#6889,#5707,.T.);
#13781=ADVANCED_FACE('',(#13780),#13773,.T.);
#13793=ADVANCED_FACE('',(#13792),#13786,.T.);
#13799=EDGE_CURVE('',#6896,#6897,#5712,.T.);
#13802=EDGE_CURVE('',#6899,#6901,#5722,.T.);
#13807=ADVANCED_FACE('',(#13806),#13798,.T.);
#13815=EDGE_CURVE('',#6907,#6903,#5717,.T.);
#13820=ADVANCED_FACE('',(#13819),#13812,.T.);
#13826=EDGE_CURVE('',#6905,#6909,#5727,.T.);
#13833=ADVANCED_FACE('',(#13832),#13825,.T.);
#13845=ADVANCED_FACE('',(#13844),#13838,.T.);
#13851=EDGE_CURVE('',#6912,#6913,#5732,.T.);
#13854=EDGE_CURVE('',#6915,#6917,#5742,.T.);
#13859=ADVANCED_FACE('',(#13858),#13850,.T.);
#13867=EDGE_CURVE('',#6923,#6925,#5737,.T.);
#13872=ADVANCED_FACE('',(#13871),#13864,.T.);
#13878=EDGE_CURVE('',#6920,#6921,#5747,.T.);
#13885=ADVANCED_FACE('',(#13884),#13877,.T.);
#13897=ADVANCED_FACE('',(#13896),#13890,.T.);
#13904=EDGE_CURVE('',#7073,#7077,#5752,.T.);
#13906=EDGE_CURVE('',#7077,#7078,#5947,.T.);
#13908=EDGE_CURVE('',#7078,#7074,#5757,.T.);
#13912=ADVANCED_FACE('',(#13911),#13902,.F.);
#13919=EDGE_CURVE('',#7086,#7082,#5775,.T.);
#13921=EDGE_CURVE('',#7086,#7028,#5765,.T.);
#13923=EDGE_CURVE('',#7028,#7029,#5827,.T.);
#13925=EDGE_CURVE('',#7077,#7029,#5951,.T.);
#13930=ADVANCED_FACE('',(#13929),#13917,.T.);
#13937=EDGE_CURVE('',#7081,#7085,#5770,.T.);
#13939=EDGE_CURVE('',#7085,#7086,#5787,.T.);
#13944=ADVANCED_FACE('',(#13943),#13935,.F.);
#13950=EDGE_CURVE('',#7085,#7033,#5791,.T.);
#13955=EDGE_CURVE('',#7078,#7031,#5783,.T.);
#13957=EDGE_CURVE('',#7031,#7033,#5835,.T.);
#13961=ADVANCED_FACE('',(#13960),#13949,.T.);
#13969=EDGE_CURVE('',#7033,#7028,#5831,.T.);
#13974=ADVANCED_FACE('',(#13973),#13966,.T.);
#13980=EDGE_CURVE('',#7012,#7013,#5795,.T.);
#13982=EDGE_CURVE('',#7017,#7012,#5799,.T.);
#13984=EDGE_CURVE('',#7015,#7017,#5803,.T.);
#13986=EDGE_CURVE('',#7013,#7015,#5807,.T.);
#13990=ADVANCED_FACE('',(#13989),#13979,.T.);
#13996=EDGE_CURVE('',#7020,#7021,#5811,.T.);
#13998=EDGE_CURVE('',#7025,#7020,#5815,.T.);
#14000=EDGE_CURVE('',#7023,#7025,#5819,.T.);
#14002=EDGE_CURVE('',#7021,#7023,#5823,.T.);
#14006=ADVANCED_FACE('',(#14005),#13995,.T.);
#14015=EDGE_CURVE('',#7029,#7031,#5839,.T.);
#14019=ADVANCED_FACE('',(#14018),#14011,.T.);
#14025=EDGE_CURVE('',#7117,#7118,#5843,.T.);
#14027=EDGE_CURVE('',#7117,#7012,#5847,.T.);
#14030=EDGE_CURVE('',#7118,#7013,#5883,.T.);
#14034=ADVANCED_FACE('',(#14033),#14024,.T.);
#14041=EDGE_CURVE('',#7113,#7117,#5852,.T.);
#14044=EDGE_CURVE('',#7118,#7114,#5857,.T.);
#14048=ADVANCED_FACE('',(#14047),#14039,.F.);
#14057=EDGE_CURVE('',#7110,#7106,#5875,.T.);
#14059=EDGE_CURVE('',#7110,#7017,#5865,.T.);
#14064=ADVANCED_FACE('',(#14063),#14053,.T.);
#14071=EDGE_CURVE('',#7105,#7109,#5870,.T.);
#14073=EDGE_CURVE('',#7109,#7110,#5887,.T.);
#14078=ADVANCED_FACE('',(#14077),#14069,.F.);
#14088=EDGE_CURVE('',#7109,#7015,#5891,.T.);
#14093=ADVANCED_FACE('',(#14092),#14083,.T.);
#14105=ADVANCED_FACE('',(#14104),#14098,.T.);
#14112=EDGE_CURVE('',#7102,#7098,#5909,.T.);
#14114=EDGE_CURVE('',#7102,#7020,#5899,.T.);
#14117=EDGE_CURVE('',#7093,#7021,#5943,.T.);
#14119=EDGE_CURVE('',#7089,#7093,#5930,.T.);
#14123=ADVANCED_FACE('',(#14122),#14110,.T.);
#14130=EDGE_CURVE('',#7097,#7101,#5904,.T.);
#14132=EDGE_CURVE('',#7101,#7102,#5921,.T.);
#14137=ADVANCED_FACE('',(#14136),#14128,.F.);
#14143=EDGE_CURVE('',#7101,#7025,#5925,.T.);
#14147=EDGE_CURVE('',#7094,#7090,#5935,.T.);
#14149=EDGE_CURVE('',#7094,#7023,#5917,.T.);
#14154=ADVANCED_FACE('',(#14153),#14142,.T.);
#14166=ADVANCED_FACE('',(#14165),#14159,.T.);
#14174=EDGE_CURVE('',#7093,#7094,#5939,.T.);
#14179=ADVANCED_FACE('',(#14178),#14171,.F.);
#14191=ADVANCED_FACE('',(#14190),#14184,.T.);
#14203=ADVANCED_FACE('',(#14202),#14196,.T.);
#14209=EDGE_CURVE('',#7121,#7122,#5956,.T.);
#14212=EDGE_CURVE('',#7124,#7126,#6014,.T.);
#14214=EDGE_CURVE('',#7126,#7121,#5965,.T.);
#14218=ADVANCED_FACE('',(#14217),#14208,.T.);
#14225=EDGE_CURVE('',#7121,#7142,#5977,.T.);
#14227=EDGE_CURVE('',#7140,#7142,#5961,.T.);
#14232=ADVANCED_FACE('',(#14231),#14223,.T.);
#14239=EDGE_CURVE('',#7137,#7126,#5969,.T.);
#14241=EDGE_CURVE('',#7142,#7137,#5973,.T.);
#14246=ADVANCED_FACE('',(#14245),#14237,.T.);
#14252=EDGE_CURVE('',#7134,#7129,#5981,.T.);
#14254=EDGE_CURVE('',#7145,#7134,#5985,.T.);
#14256=EDGE_CURVE('',#7150,#7145,#5989,.T.);
#14258=EDGE_CURVE('',#7129,#7150,#5993,.T.);
#14262=ADVANCED_FACE('',(#14261),#14251,.T.);
#14268=EDGE_CURVE('',#7158,#7153,#5997,.T.);
#14270=EDGE_CURVE('',#7161,#7158,#6001,.T.);
#14272=EDGE_CURVE('',#7166,#7161,#6005,.T.);
#14274=EDGE_CURVE('',#7153,#7166,#6009,.T.);
#14278=ADVANCED_FACE('',(#14277),#14267,.T.);
#14286=EDGE_CURVE('',#7137,#7138,#6019,.T.);
#14291=ADVANCED_FACE('',(#14290),#14283,.T.);
#14303=ADVANCED_FACE('',(#14302),#14296,.T.);
#14309=EDGE_CURVE('',#7129,#7130,#6024,.T.);
#14312=EDGE_CURVE('',#7132,#7134,#6034,.T.);
#14317=ADVANCED_FACE('',(#14316),#14308,.T.);
#14325=EDGE_CURVE('',#7148,#7150,#6029,.T.);
#14330=ADVANCED_FACE('',(#14329),#14322,.T.);
#14336=EDGE_CURVE('',#7145,#7146,#6039,.T.);
#14343=ADVANCED_FACE('',(#14342),#14335,.T.);
#14355=ADVANCED_FACE('',(#14354),#14348,.T.);
#14361=EDGE_CURVE('',#7153,#7154,#6044,.T.);
#14364=EDGE_CURVE('',#7156,#7158,#6054,.T.);
#14369=ADVANCED_FACE('',(#14368),#14360,.T.);
#14377=EDGE_CURVE('',#7164,#7166,#6049,.T.);
#14382=ADVANCED_FACE('',(#14381),#14374,.T.);
#14388=EDGE_CURVE('',#7161,#7162,#6059,.T.);
#14395=ADVANCED_FACE('',(#14394),#14387,.T.);
#14407=ADVANCED_FACE('',(#14406),#14400,.T.);
#14414=EDGE_CURVE('',#6562,#6559,#6064,.T.);
#14417=EDGE_CURVE('',#6563,#6555,#6134,.T.);
#14421=ADVANCED_FACE('',(#14420),#14412,.T.);
#14429=EDGE_CURVE('',#6567,#6559,#6074,.T.);
#14431=EDGE_CURVE('',#6565,#6567,#6069,.T.);
#14435=ADVANCED_FACE('',(#14434),#14426,.T.);
#14444=EDGE_CURVE('',#6591,#6567,#6091,.T.);
#14448=ADVANCED_FACE('',(#14447),#14440,.T.);
#14454=EDGE_CURVE('',#6571,#6567,#6087,.T.);
#14458=EDGE_CURVE('',#6595,#6571,#6114,.T.);
#14462=ADVANCED_FACE('',(#14461),#14453,.T.);
#14471=EDGE_CURVE('',#6569,#6571,#6100,.T.);
#14475=ADVANCED_FACE('',(#14474),#14467,.T.);
#14483=EDGE_CURVE('',#6575,#6571,#6110,.T.);
#14488=ADVANCED_FACE('',(#14487),#14480,.T.);
#14500=ADVANCED_FACE('',(#14499),#14493,.T.);
#14506=EDGE_CURVE('',#6557,#6563,#6124,.T.);
#14512=ADVANCED_FACE('',(#14511),#14505,.T.);
#14519=EDGE_CURVE('',#6577,#6581,#6144,.T.);
#14525=ADVANCED_FACE('',(#14524),#14517,.T.);
#14531=EDGE_CURVE('',#6581,#6579,#6139,.T.);
#14537=ADVANCED_FACE('',(#14536),#14530,.T.);
#14546=EDGE_CURVE('',#6583,#6546,#6164,.T.);
#14550=ADVANCED_FACE('',(#14549),#14542,.T.);
#14561=ADVANCED_FACE('',(#14560),#14555,.T.);
#14572=ADVANCED_FACE('',(#14571),#14566,.T.);
#14575=(LENGTH_UNIT()NAMED_UNIT(*)SI_UNIT(.MILLI.,.METRE.));
#14576=(NAMED_UNIT(*)PLANE_ANGLE_UNIT()SI_UNIT($,.RADIAN.));
#14579=(NAMED_UNIT(*)SI_UNIT($,.STERADIAN.)SOLID_ANGLE_UNIT());
#14581=(GEOMETRIC_REPRESENTATION_CONTEXT(3)GLOBAL_UNCERTAINTY_ASSIGNED_CONTEXT((
#14580))GLOBAL_UNIT_ASSIGNED_CONTEXT((#14575,#14578,#14579))REPRESENTATION_CONTEXT('ID1','3'));
#14582=ADVANCED_BREP_SHAPE_REPRESENTATION('',(#14574),#14581);
#14589=PRODUCT_DEFINITION('part definition','',#14588,#14585);
#14590=PRODUCT_DEFINITION_SHAPE('','SHAPE FOR C-9-2304372-9.',#14589);
#14591=SHAPE_ASPECT('','solid data associated with C-9-2304372-9',#14590,.F.);
#14592=PROPERTY_DEFINITION('',
'shape for solid data with which properties are associated',#14591);
#14593=SHAPE_REPRESENTATION('',(#14574),#14581);
#14594=SHAPE_DEFINITION_REPRESENTATION(#14592,#14593);
#14595=(LENGTH_UNIT()NAMED_UNIT(*)SI_UNIT(.MILLI.,.METRE.));
#14599=PROPERTY_DEFINITION('geometric validation property',
'area of C-9-2304372-9',#14591);
#14600=REPRESENTATION('surface area',(#14598),#14581);
#14601=PROPERTY_DEFINITION_REPRESENTATION(#14599,#14600);
#14602=(LENGTH_UNIT()NAMED_UNIT(*)SI_UNIT(.MILLI.,.METRE.));
#14606=PROPERTY_DEFINITION('geometric validation property',
'volume of C-9-2304372-9',#14591);
#14607=REPRESENTATION('volume',(#14605),#14581);
#14608=PROPERTY_DEFINITION_REPRESENTATION(#14606,#14607);
#14610=PROPERTY_DEFINITION('geometric validation property',
'centroid of C-9-2304372-9',#14591);
#14611=REPRESENTATION('centroid',(#14609),#14581);
#14612=PROPERTY_DEFINITION_REPRESENTATION(#14610,#14611);
#14613=(LENGTH_UNIT()NAMED_UNIT(*)SI_UNIT(.MILLI.,.METRE.));
#14617=PROPERTY_DEFINITION('geometric validation property',
'area of C-9-2304372-9',#14590);
#14618=REPRESENTATION('surface area',(#14616),#14581);
#14619=PROPERTY_DEFINITION_REPRESENTATION(#14617,#14618);
#14620=(LENGTH_UNIT()NAMED_UNIT(*)SI_UNIT(.MILLI.,.METRE.));
#14624=PROPERTY_DEFINITION('geometric validation property',
'volume of C-9-2304372-9',#14590);
#14625=REPRESENTATION('volume',(#14623),#14581);
#14626=PROPERTY_DEFINITION_REPRESENTATION(#14624,#14625);
#14628=PROPERTY_DEFINITION('geometric validation property',
'centroid of C-9-2304372-9',#14590);
#14629=REPRESENTATION('centroid',(#14627),#14581);
#14630=PROPERTY_DEFINITION_REPRESENTATION(#14628,#14629);
#14631=SHAPE_DEFINITION_REPRESENTATION(#14590,#14582);
ENDSEC;
END-ISO-10303-21;
