ISO-10303-21;
HEADER;
FILE_DESCRIPTION (( 'STEP AP214' ),
    '1' );
FILE_NAME ('E6S20A-40MT5-Y.STEP',
    '2023-10-27T17:55:06',
    ( '' ),
    ( '' ),
    'SwSTEP 2.0',
    'SolidWorks 2023',
    '' );
FILE_SCHEMA (( 'AUTOMOTIVE_DESIGN' ));
ENDSEC;

DATA;
#1 = ORIENTED_EDGE ( 'NONE', *, *, #4973, .T. ) ;
#2 = CONTEXT_DEPENDENT_SHAPE_REPRESENTATION ( #3001, #745 ) ;
#3 = CARTESIAN_POINT ( 'NONE',  ( -4.501211795066562438, -1.137024544664035686, -6.854900965951202352 ) ) ;
#4 = EDGE_CURVE ( 'NONE', #9353, #2362, #5147, .T. ) ;
#5 = CARTESIAN_POINT ( 'NONE',  ( 4.167157049533950719, -1.926335649230739744, 2.772276292613179205 ) ) ;
#6 =( NAMED_UNIT ( * ) PLANE_ANGLE_UNIT ( ) SI_UNIT ( $, .RADIAN. ) );
#7 = PRESENTATION_STYLE_ASSIGNMENT (( #8737 ) ) ;
#8 = VECTOR ( 'NONE', #798, 1000.000000000000000 ) ;
#9 = FACE_OUTER_BOUND ( 'NONE', #625, .T. ) ;
#10 = CARTESIAN_POINT ( 'NONE',  ( -2.488008628878240813, -5.380630895175809947, -0.1434653624726539844 ) ) ;
#11 = CARTESIAN_POINT ( 'NONE',  ( -0.9999999999999800160, 1.340049406695269951, 7.424802541892311147 ) ) ;
#12 = VERTEX_POINT ( 'NONE', #5969 ) ;
#13 = ORIENTED_EDGE ( 'NONE', *, *, #7907, .T. ) ;
#14 = EDGE_LOOP ( 'NONE', ( #5766, #7710, #1990, #8162, #149, #6835, #1406 ) ) ;
#15 = CARTESIAN_POINT ( 'NONE',  ( 8.499999999999948486, 0.9170932621786821448, -1.677632078487529821 ) ) ;
#16 = ORIENTED_EDGE ( 'NONE', *, *, #4056, .T. ) ;
#17 = CARTESIAN_POINT ( 'NONE',  ( 4.372664976581895679, 3.640943135232369343, -7.867280422007794094 ) ) ;
#18 = CARTESIAN_POINT ( 'NONE',  ( 8.499999999999948486, 2.260983478623206810, -8.892772711514741246 ) ) ;
#19 = CARTESIAN_POINT ( 'NONE',  ( -4.146177118283294050, 6.169803423694314226, 0.05900991493612324501 ) ) ;
#20 = CARTESIAN_POINT ( 'NONE',  ( 0.7477004393022188555, 2.420857930529159319, 4.356534637527337495 ) ) ;
#21 = ORIENTED_EDGE ( 'NONE', *, *, #189, .F. ) ;
#22 = ORIENTED_EDGE ( 'NONE', *, *, #1416, .F. ) ;
#23 = EDGE_CURVE ( 'NONE', #9401, #6298, #7973, .T. ) ;
#24 = DIRECTION ( 'NONE',  ( -1.000000000000000000, -0.000000000000000000, -0.000000000000000000 ) ) ;
#25 = CARTESIAN_POINT ( 'NONE',  ( -5.500000000000060396, -3.018949692510942029, -7.069655554617711779 ) ) ;
#26 = CARTESIAN_POINT ( 'NONE',  ( 5.499999999999559464, 3.291695085336127313, -11.92234529488799133 ) ) ;
#27 = DIRECTION ( 'NONE',  ( -0.000000000000000000, 1.000000000000000000, 0.000000000000000000 ) ) ;
#28 = DIRECTION ( 'NONE',  ( 0.000000000000000000, -1.000000000000000000, 0.000000000000000000 ) ) ;
#29 = LINE ( 'NONE', #2915, #8384 ) ;
#30 = EDGE_CURVE ( 'NONE', #8449, #6910, #3810, .T. ) ;
#31 = ORIENTED_EDGE ( 'NONE', *, *, #6732, .F. ) ;
#32 = VECTOR ( 'NONE', #2047, 1000.000000000000000 ) ;
#33 = CARTESIAN_POINT ( 'NONE',  ( -2.488008628878230599, -1.709488200989064177, 0.2999999999999947153 ) ) ;
#34 = DIRECTION ( 'NONE',  ( -1.000000000000000000, 0.000000000000000000, 0.000000000000000000 ) ) ;
#35 = DIRECTION ( 'NONE',  ( -1.000000000000000000, 0.000000000000000000, 0.000000000000000000 ) ) ;
#36 = DIRECTION ( 'NONE',  ( -0.000000000000000000, 1.000000000000000000, 0.000000000000000000 ) ) ;
#37 = CARTESIAN_POINT ( 'NONE',  ( -1.000000000000000000, -1.863163407847400421, 6.865220410559250475 ) ) ;
#38 = PLANE ( 'NONE',  #4123 ) ;
#39 = VERTEX_POINT ( 'NONE', #5831 ) ;
#40 = PRESENTATION_LAYER_ASSIGNMENT (  '', '', ( #1729 ) ) ;
#41 = CARTESIAN_POINT ( 'NONE',  ( -4.455036957276424125, -1.449366130634640149, -4.790566284294478727 ) ) ;
#42 = ORIENTED_EDGE ( 'NONE', *, *, #6614, .F. ) ;
#43 = CARTESIAN_POINT ( 'NONE',  ( -4.453112841643471320, -1.104394410665070270, -7.213381100741846907 ) ) ;
#44 = EDGE_CURVE ( 'NONE', #4055, #3263, #4525, .T. ) ;
#45 =( NAMED_UNIT ( * ) PLANE_ANGLE_UNIT ( ) SI_UNIT ( $, .RADIAN. ) );
#46 = CYLINDRICAL_SURFACE ( 'NONE', #3779, 2.488011465802470124 ) ;
#47 = DIRECTION ( 'NONE',  ( 0.000000000000000000, -1.000000000000000000, 1.201179063752586100E-14 ) ) ;
#48 = CARTESIAN_POINT ( 'NONE',  ( 1.499999999999939826, 3.243903520801311391, -8.898559815854707011 ) ) ;
#49 = PLANE ( 'NONE',  #3831 ) ;
#50 = ORIENTED_EDGE ( 'NONE', *, *, #5278, .F. ) ;
#51 = EDGE_LOOP ( 'NONE', ( #8525, #1700, #6407, #2470 ) ) ;
#52 = EDGE_CURVE ( 'NONE', #8390, #7808, #9121, .T. ) ;
#53 = ORIENTED_EDGE ( 'NONE', *, *, #7027, .F. ) ;
#54 =( LENGTH_UNIT ( ) NAMED_UNIT ( * ) SI_UNIT ( .MILLI., .METRE. ) );
#55 = VERTEX_POINT ( 'NONE', #1596 ) ;
#56 = CARTESIAN_POINT ( 'NONE',  ( 4.049999762008570592, -2.339157802475679837, 7.570146519281769848 ) ) ;
#57 = EDGE_CURVE ( 'NONE', #1787, #7679, #7350, .T. ) ;
#58 = VERTEX_POINT ( 'NONE', #102 ) ;
#59 = CARTESIAN_POINT ( 'NONE',  ( -4.246445016640411296, 4.375132780679524380, 10.64611689698214825 ) ) ;
#60 = CARTESIAN_POINT ( 'NONE',  ( 8.499957535417566490, 2.258797177307165782, -8.889888373405392841 ) ) ;
#61 = CARTESIAN_POINT ( 'NONE',  ( -4.050000237991429053, 6.273626543402450295, 0.2999999999999998224 ) ) ;
#62 = DIRECTION ( 'NONE',  ( 0.000000000000000000, 0.000000000000000000, 1.000000000000000000 ) ) ;
#63 = ORIENTED_EDGE ( 'NONE', *, *, #2986, .T. ) ;
#64 = EDGE_LOOP ( 'NONE', ( #2463, #2329, #425, #7488, #9237, #3521, #223, #2686 ) ) ;
#65 = AXIS2_PLACEMENT_3D ( 'NONE', #1085, #4019, #6169 ) ;
#66 = DIRECTION ( 'NONE',  ( -0.000000000000000000, -0.000000000000000000, 1.000000000000000000 ) ) ;
#67 = CARTESIAN_POINT ( 'NONE',  ( -0.1754445076305791162, 6.353183604626312153, -8.956386325229059864 ) ) ;
#68 = DIRECTION ( 'NONE',  ( 1.000000000000000000, 0.000000000000000000, 0.000000000000000000 ) ) ;
#69 = CARTESIAN_POINT ( 'NONE',  ( 5.506582728557017248, 3.259159924651829243, -11.92723902974959316 ) ) ;
#70 = EDGE_CURVE ( 'NONE', #7632, #1492, #156, .T. ) ;
#71 = CARTESIAN_POINT ( 'NONE',  ( -1.340000000000000080, 1.000000000000000000, 9.475924141582259708 ) ) ;
#72 = DIRECTION ( 'NONE',  ( 0.000000000000000000, 0.000000000000000000, -1.000000000000000000 ) ) ;
#73 = CARTESIAN_POINT ( 'NONE',  ( -5.591000000000068582, 6.749999999999978684, -8.008710327333215417 ) ) ;
#74 = ORIENTED_EDGE ( 'NONE', *, *, #2753, .T. ) ;
#75 = FACE_OUTER_BOUND ( 'NONE', #7194, .T. ) ;
#76 = CARTESIAN_POINT ( 'NONE',  ( -2.841201866779023089, 6.153613606401329150, 5.795966941508345904 ) ) ;
#77 = EDGE_CURVE ( 'NONE', #3770, #1194, #982, .T. ) ;
#78 = CARTESIAN_POINT ( 'NONE',  ( -1.074366137629754636, 0.7000000000000082823, 6.876305102502937139 ) ) ;
#79 = CARTESIAN_POINT ( 'NONE',  ( -5.500000000000060396, -1.275702287286611059, -7.069655554617711779 ) ) ;
#80 = CARTESIAN_POINT ( 'NONE',  ( 4.248811144730698430, 4.362751903525607489, 10.63373352921777126 ) ) ;
#81 = CARTESIAN_POINT ( 'NONE',  ( 5.499999999999949374, 0.7756719059413025308, -11.91684562691437677 ) ) ;
#82 = DIRECTION ( 'NONE',  ( 0.000000000000000000, 1.000000000000000000, 0.000000000000000000 ) ) ;
#83 = ORIENTED_EDGE ( 'NONE', *, *, #5924, .F. ) ;
#84 = VERTEX_POINT ( 'NONE', #2186 ) ;
#85 = VECTOR ( 'NONE', #789, 1000.000000000000000 ) ;
#86 = CARTESIAN_POINT ( 'NONE',  ( 1.499999999999939826, -3.242975956555899764, -0.9929644752390692775 ) ) ;
#87 = EDGE_LOOP ( 'NONE', ( #2390, #1037, #6911, #1636 ) ) ;
#88 = CARTESIAN_POINT ( 'NONE',  ( -4.494102421267011316, -1.071764276666104854, -6.940253544063685887 ) ) ;
#89 = CARTESIAN_POINT ( 'NONE',  ( -3.500000237991430119, -4.426335649230740188, 9.595220410559260671 ) ) ;
#90 = SURFACE_SIDE_STYLE ('',( #7285 ) ) ;
#91 = CARTESIAN_POINT ( 'NONE',  ( -4.050000237991429053, -1.926335649230739744, 0.2999999999999999334 ) ) ;
#92 = CARTESIAN_POINT ( 'NONE',  ( 2.534983887501680133, 6.265387365725998414, 5.665387885177611160 ) ) ;
#93 = CARTESIAN_POINT ( 'NONE',  ( -1.340000000000000080, 0.9181187075417509558, 7.287103035880700297 ) ) ;
#94 = VERTEX_POINT ( 'NONE', #4381 ) ;
#95 = EDGE_LOOP ( 'NONE', ( #8500, #639, #8680, #3915 ) ) ;
#96 = DIRECTION ( 'NONE',  ( 1.000000000000000000, 0.000000000000000000, 0.000000000000000000 ) ) ;
#97 = ORIENTED_EDGE ( 'NONE', *, *, #9110, .F. ) ;
#98 = CARTESIAN_POINT ( 'NONE',  ( 8.496973614314432766, 0.8892821505323011966, -1.697473800746325256 ) ) ;
#99 = EDGE_LOOP ( 'NONE', ( #9295, #8985, #8973, #6466 ) ) ;
#100 = AXIS2_PLACEMENT_3D ( 'NONE', #6344, #4232, #7213 ) ;
#101 = ADVANCED_FACE ( 'NONE', ( #8789 ), #9466, .T. ) ;
#102 = CARTESIAN_POINT ( 'NONE',  ( -2.986120869726993643, 5.076540080366842567, -7.867280422007712382 ) ) ;
#103 = CARTESIAN_POINT ( 'NONE',  ( 4.249999762008569881, -1.926335649230740188, 0.2999999999999999334 ) ) ;
#104 = CARTESIAN_POINT ( 'NONE',  ( -4.189899982178374671, 6.053593124798099190, 0.1156356754750173105 ) ) ;
#105 = CARTESIAN_POINT ( 'NONE',  ( 1.499999999999939826, 1.215951923305366833, -9.561659363273927070 ) ) ;
#106 = VERTEX_POINT ( 'NONE', #2899 ) ;
#107 = ADVANCED_FACE ( 'NONE', ( #4474 ), #4514, .T. ) ;
#108 = EDGE_CURVE ( 'NONE', #5006, #6079, #7732, .T. ) ;
#109 = ORIENTED_EDGE ( 'NONE', *, *, #6491, .F. ) ;
#110 =( GEOMETRIC_REPRESENTATION_CONTEXT ( 3 ) GLOBAL_UNCERTAINTY_ASSIGNED_CONTEXT ( ( #3126 ) ) GLOBAL_UNIT_ASSIGNED_CONTEXT ( ( #2641, #2734, #1141 ) ) REPRESENTATION_CONTEXT ( 'NONE', 'WORKASPACE' ) );
#111 = AXIS2_PLACEMENT_3D ( 'NONE', #439, #5680, #3372 ) ;
#112 = DIRECTION ( 'NONE',  ( -1.000000000000000000, -0.000000000000000000, 0.000000000000000000 ) ) ;
#113 = LINE ( 'NONE', #6905, #2436 ) ;
#114 = DIRECTION ( 'NONE',  ( 0.000000000000000000, 0.000000000000000000, -1.000000000000000000 ) ) ;
#115 = CARTESIAN_POINT ( 'NONE',  ( 1.000000000000000000, 0.9479456440070870293, 6.897181832996751361 ) ) ;
#116 = AXIS2_PLACEMENT_3D ( 'NONE', #8568, #7177, #4061 ) ;
#117 = CARTESIAN_POINT ( 'NONE',  ( 0.8225245360204840317, 0.7000000000000000666, 7.508577557786588308 ) ) ;
#118 = VECTOR ( 'NONE', #8447, 1000.000000000000000 ) ;
#119 = VECTOR ( 'NONE', #435, 1000.000000000000000 ) ;
#120 = EDGE_CURVE ( 'NONE', #1737, #495, #5773, .T. ) ;
#121 = COLOUR_RGB ( '',0.6470588235294117974, 0.5176470588235293491, 0.000000000000000000 ) ;
#122 = EDGE_LOOP ( 'NONE', ( #5269, #3717, #657, #1448, #4328 ) ) ;
#123 = AXIS2_PLACEMENT_3D ( 'NONE', #6044, #1628, #1057 ) ;
#124 = DIRECTION ( 'NONE',  ( 1.000000000000000000, 0.000000000000000000, 0.000000000000000000 ) ) ;
#125 = SURFACE_SIDE_STYLE ('',( #7322 ) ) ;
#126 = CARTESIAN_POINT ( 'NONE',  ( -4.201997686067668880, 4.568049583993277984, 5.740497800101509007 ) ) ;
#127 = VECTOR ( 'NONE', #4783, 1000.000000000000000 ) ;
#128 = CARTESIAN_POINT ( 'NONE',  ( -4.050000237991429053, 4.619626543402450380, 10.80857426865710202 ) ) ;
#129 = CARTESIAN_POINT ( 'NONE',  ( 5.599999999999949907, 0.8170932621786820560, -0.1245757293229024509 ) ) ;
#130 = LINE ( 'NONE', #3073, #1212 ) ;
#131 = ORIENTED_EDGE ( 'NONE', *, *, #6729, .F. ) ;
#132 =( BOUNDED_CURVE ( )  B_SPLINE_CURVE ( 3, ( #91, #2981, #5909, #144 ),
 .UNSPECIFIED., .F., .T. ) 
 B_SPLINE_CURVE_WITH_KNOTS ( ( 4, 4 ),
 ( 0.000000000000000000, 1.570796326794896558 ),
 .UNSPECIFIED. ) 
 CURVE ( )  GEOMETRIC_REPRESENTATION_ITEM ( )  RATIONAL_B_SPLINE_CURVE ( ( 1.000000000000000000, 0.8047378541243649375, 0.8047378541243649375, 1.000000000000000000 ) ) 
 REPRESENTATION_ITEM ( '' )  );
#133 = VECTOR ( 'NONE', #3195, 1000.000000000000000 ) ;
#134 = EDGE_CURVE ( 'NONE', #7343, #9420, #4431, .T. ) ;
#135 = VECTOR ( 'NONE', #2452, 1000.000000000000000 ) ;
#136 = FACE_OUTER_BOUND ( 'NONE', #3316, .T. ) ;
#137 = VECTOR ( 'NONE', #5155, 1000.000000000000000 ) ;
#138 = VERTEX_POINT ( 'NONE', #3723 ) ;
#139 = CARTESIAN_POINT ( 'NONE',  ( -4.565441106613965516, -1.169654678663000213, -7.008535606553674135 ) ) ;
#140 = LINE ( 'NONE', #3123, #6115 ) ;
#141 = FACE_OUTER_BOUND ( 'NONE', #6040, .T. ) ;
#142 = AXIS2_PLACEMENT_3D ( 'NONE', #524, #6990, #9293 ) ;
#143 = UNCERTAINTY_MEASURE_WITH_UNIT (LENGTH_MEASURE( 1.000000000000000082E-05 ), #1767, 'distance_accuracy_value', 'NONE');
#144 = CARTESIAN_POINT ( 'NONE',  ( -3.950000237991428964, -1.626335649230739921, 0.000000000000000000 ) ) ;
#145 = CIRCLE ( 'NONE', #3369, 2.832967397192063697 ) ;
#146 = DIRECTION ( 'NONE',  ( 0.000000000000000000, 0.000000000000000000, -1.000000000000000000 ) ) ;
#147 = CARTESIAN_POINT ( 'NONE',  ( -1.339999999999969660, 0.9479456440070833656, 6.897181832996738038 ) ) ;
#148 = ORIENTED_EDGE ( 'NONE', *, *, #6993, .T. ) ;
#149 = ORIENTED_EDGE ( 'NONE', *, *, #8687, .T. ) ;
#150 = VERTEX_POINT ( 'NONE', #6624 ) ;
#151 = EDGE_CURVE ( 'NONE', #4752, #5624, #9433, .T. ) ;
#152 = ORIENTED_EDGE ( 'NONE', *, *, #8644, .F. ) ;
#153 = CARTESIAN_POINT ( 'NONE',  ( 8.399999999999948841, 0.8170932621786820560, -1.750000000000001554 ) ) ;
#154 = VECTOR ( 'NONE', #175, 1000.000000000000000 ) ;
#155 = VERTEX_POINT ( 'NONE', #5918 ) ;
#156 = LINE ( 'NONE', #5107, #6066 ) ;
#157 = DIRECTION ( 'NONE',  ( -0.000000000000000000, 1.000000000000000000, 0.000000000000000000 ) ) ;
#158 = CARTESIAN_POINT ( 'NONE',  ( -4.029966819387077237, 6.213526287589396624, 0.1156356754750173937 ) ) ;
#159 = PLANE ( 'NONE',  #8831 ) ;
#160 = VERTEX_POINT ( 'NONE', #8114 ) ;
#161 = B_SPLINE_CURVE_WITH_KNOTS ( 'NONE', 3,
 ( #8748, #2949, #8013, #3569, #2229, #3681, #3724, #5919, #2188, #5108, #6625, #6667, #1414, #6530, #1455, #5061, #7300, #60, #738, #1363, #18, #6587 ),
 .UNSPECIFIED., .F., .F.,
 ( 4, 3, 3, 3, 3, 3, 3, 4 ),
 ( 0.000000000000000000, 2.844433108984537715E-05, 5.671990967616234280E-05, 8.715527381649341998E-05, 0.0001239123936655181274, 0.0001685121041913472024, 0.0001752207708187632218, 0.0001772592165344033955 ),
 .UNSPECIFIED. ) ;
#162 = VECTOR ( 'NONE', #4311, 1000.000000000000000 ) ;
#163 = EDGE_LOOP ( 'NONE', ( #4283, #2698, #4697, #4380, #4572, #3952, #8752, #5805, #9009, #8746, #5423, #1762, #1155, #4839, #5714, #204, #6390, #3441, #4901, #6712, #5629, #836, #2126, #7252, #1673, #8925, #5144, #4271, #4586, #3833, #1102, #7751, #2798, #1449 ) ) ;
#164 = ORIENTED_EDGE ( 'NONE', *, *, #5743, .T. ) ;
#165 = CARTESIAN_POINT ( 'NONE',  ( -0.9008451486024393606, -1.926335649230757729, 6.879999999999999893 ) ) ;
#166 = EDGE_CURVE ( 'NONE', #2941, #4826, #6666, .T. ) ;
#167 = FACE_OUTER_BOUND ( 'NONE', #6080, .T. ) ;
#168 = EDGE_CURVE ( 'NONE', #8208, #4110, #546, .T. ) ;
#169 = VECTOR ( 'NONE', #4357, 1000.000000000000000 ) ;
#170 = CARTESIAN_POINT ( 'NONE',  ( 3.949999762008570059, 5.973626543402450473, 0.000000000000000000 ) ) ;
#171 = CARTESIAN_POINT ( 'NONE',  ( 1.339999999999960334, 0.6949738193473818937, 7.545223478139784667 ) ) ;
#172 = CARTESIAN_POINT ( 'NONE',  ( 3.499999762008580539, -4.426335649230740188, 9.075220410559280637 ) ) ;
#173 = EDGE_CURVE ( 'NONE', #7874, #1890, #4040, .T. ) ;
#174 = ORIENTED_EDGE ( 'NONE', *, *, #1156, .T. ) ;
#175 = DIRECTION ( 'NONE',  ( 1.000000000000000000, -0.000000000000000000, -0.000000000000000000 ) ) ;
#176 = EDGE_CURVE ( 'NONE', #978, #5602, #6208, .T. ) ;
#177 = CARTESIAN_POINT ( 'NONE',  ( -5.591000000000060588, -6.750000000000033751, -10.00518197067437853 ) ) ;
#178 = CARTESIAN_POINT ( 'NONE',  ( 0.7477002781420570843, 3.119626625391880737, 8.856534637527339271 ) ) ;
#179 = DIRECTION ( 'NONE',  ( 0.000000000000000000, -1.000000000000000000, 0.000000000000000000 ) ) ;
#180 = DIRECTION ( 'NONE',  ( -1.000000000000000000, 0.000000000000000000, -0.000000000000000000 ) ) ;
#181 = CARTESIAN_POINT ( 'NONE',  ( 299.2999999999999545, 5.337783869614061594, -5.059838790869076064 ) ) ;
#182 = ORIENTED_EDGE ( 'NONE', *, *, #2312, .F. ) ;
#183 = CYLINDRICAL_SURFACE ( 'NONE', #1819, 0.7200000000000001954 ) ;
#184 = EDGE_LOOP ( 'NONE', ( #992, #2061, #3531, #2108 ) ) ;
#185 = LINE ( 'NONE', #9148, #5668 ) ;
#186 = CARTESIAN_POINT ( 'NONE',  ( -5.591000000000068582, 3.882125191446057944, -1.631008506796572277 ) ) ;
#187 =( BOUNDED_CURVE ( )  B_SPLINE_CURVE ( 3, ( #6025, #2289, #6733, #3059 ),
 .UNSPECIFIED., .F., .F. ) 
 B_SPLINE_CURVE_WITH_KNOTS ( ( 4, 4 ),
 ( 0.000000000000000000, 1.570796326794896558 ),
 .UNSPECIFIED. ) 
 CURVE ( )  GEOMETRIC_REPRESENTATION_ITEM ( )  RATIONAL_B_SPLINE_CURVE ( ( 1.000000000000000000, 0.8047378541243649375, 0.8047378541243649375, 1.000000000000000000 ) ) 
 REPRESENTATION_ITEM ( '' )  );
#188 = CARTESIAN_POINT ( 'NONE',  ( 5.499999999999949374, 3.295621070737436042, -11.91978456867877334 ) ) ;
#189 = EDGE_CURVE ( 'NONE', #3907, #6185, #8198, .T. ) ;
#190 = LINE ( 'NONE', #7427, #9461 ) ;
#191 = CARTESIAN_POINT ( 'NONE',  ( 8.419392756730422533, 0.8185399844793898039, -10.25106729551942131 ) ) ;
#192 = VERTEX_POINT ( 'NONE', #7624 ) ;
#193 = ORIENTED_EDGE ( 'NONE', *, *, #250, .T. ) ;
#194 = CARTESIAN_POINT ( 'NONE',  ( -4.455107804064223131, -1.068959574631859644, -5.173254527743315734 ) ) ;
#195 = ORIENTED_EDGE ( 'NONE', *, *, #941, .T. ) ;
#196 = CARTESIAN_POINT ( 'NONE',  ( 1.499999999999939826, 0.9675451179377199118, -7.069655554617711779 ) ) ;
#197 = VERTEX_POINT ( 'NONE', #3947 ) ;
#198 = CARTESIAN_POINT ( 'NONE',  ( 5.599999999999949907, 0.7170932621786316741, -10.24999999999996803 ) ) ;
#199 = CARTESIAN_POINT ( 'NONE',  ( 1.499999999999939826, -3.242975956555899764, -0.9929644752390692775 ) ) ;
#200 = DIRECTION ( 'NONE',  ( -1.000000000000000000, -0.000000000000000000, -0.000000000000000000 ) ) ;
#201 = EDGE_CURVE ( 'NONE', #1825, #6198, #4386, .T. ) ;
#202 = CYLINDRICAL_SURFACE ( 'NONE', #7901, 0.7200000000000001954 ) ;
#203 = VERTEX_POINT ( 'NONE', #4657 ) ;
#204 = ORIENTED_EDGE ( 'NONE', *, *, #3188, .T. ) ;
#205 = ORIENTED_EDGE ( 'NONE', *, *, #574, .F. ) ;
#206 = DIRECTION ( 'NONE',  ( 0.000000000000000000, -1.000000000000000000, 0.000000000000000000 ) ) ;
#207 = AXIS2_PLACEMENT_3D ( 'NONE', #2695, #1300, #8534 ) ;
#208 = CARTESIAN_POINT ( 'NONE',  ( 1.499999999999939826, 4.771167705692607619, -7.867280422007712382 ) ) ;
#209 = PLANE ( 'NONE',  #505 ) ;
#210 =( NAMED_UNIT ( * ) PLANE_ANGLE_UNIT ( ) SI_UNIT ( $, .RADIAN. ) );
#211 = CARTESIAN_POINT ( 'NONE',  ( 0.9109882081482892913, 0.7000000000000000666, 7.545220410559250190 ) ) ;
#212 = EDGE_CURVE ( 'NONE', #937, #811, #2086, .T. ) ;
#213 = ORIENTED_EDGE ( 'NONE', *, *, #5581, .F. ) ;
#214 = CARTESIAN_POINT ( 'NONE',  ( 5.500000000000171418, 3.026389538271987423, 0.000000000000000000 ) ) ;
#215 = DIRECTION ( 'NONE',  ( 0.000000000000000000, -2.710505431213765522E-16, 1.000000000000000000 ) ) ;
#216 = CARTESIAN_POINT ( 'NONE',  ( -0.6600000000000046940, 1.165319909422429800, 7.039903344578381628 ) ) ;
#217 = EDGE_CURVE ( 'NONE', #8743, #8205, #6012, .T. ) ;
#218 = FACE_OUTER_BOUND ( 'NONE', #5776, .T. ) ;
#219 = DIRECTION ( 'NONE',  ( 0.000000000000000000, -1.000000000000000000, 0.000000000000000000 ) ) ;
#220 = CARTESIAN_POINT ( 'NONE',  ( 1.499999999999939826, 4.771167705692607619, -8.898559815854707011 ) ) ;
#221 = CARTESIAN_POINT ( 'NONE',  ( -4.050000237991429053, -1.726335649230739788, 0.2999999999999999334 ) ) ;
#222 = EDGE_LOOP ( 'NONE', ( #7397, #1108, #1744, #8624 ) ) ;
#223 = ORIENTED_EDGE ( 'NONE', *, *, #3257, .T. ) ;
#224 = EDGE_CURVE ( 'NONE', #2828, #7807, #1836, .T. ) ;
#225 = EDGE_CURVE ( 'NONE', #2185, #3876, #7576, .T. ) ;
#226 = CARTESIAN_POINT ( 'NONE',  ( 2.516508722435041534, 6.270861064318353328, 10.64691272010795764 ) ) ;
#227 = ORIENTED_EDGE ( 'NONE', *, *, #2493, .T. ) ;
#228 = CARTESIAN_POINT ( 'NONE',  ( 2.488007481513837771, -1.926335649230805691, 2.772276292613187643 ) ) ;
#229 = SURFACE_SIDE_STYLE ('',( #1053 ) ) ;
#230 = SURFACE_SIDE_STYLE ('',( #8471 ) ) ;
#231 = DIRECTION ( 'NONE',  ( 1.000000000000000000, -0.000000000000000000, -0.000000000000000000 ) ) ;
#232 = UNCERTAINTY_MEASURE_WITH_UNIT (LENGTH_MEASURE( 1.000000000000000082E-05 ), #1778, 'distance_accuracy_value', 'NONE');
#233 = PLANE ( 'NONE',  #123 ) ;
#234 = DIRECTION ( 'NONE',  ( -0.000000000000000000, -0.000000000000000000, -1.000000000000000000 ) ) ;
#235 = CARTESIAN_POINT ( 'NONE',  ( -4.050000237991429053, 6.073626543402451006, 0.2999999999999999889 ) ) ;
#236 = EDGE_LOOP ( 'NONE', ( #4331, #5575, #7768, #2947 ) ) ;
#237 = ORIENTED_EDGE ( 'NONE', *, *, #6132, .F. ) ;
#238 = EDGE_CURVE ( 'NONE', #8008, #4741, #4611, .T. ) ;
#239 = CARTESIAN_POINT ( 'NONE',  ( -4.469795383682605205, -1.447010295314860251, -7.179240208153211178 ) ) ;
#240 = ORIENTED_EDGE ( 'NONE', *, *, #1771, .F. ) ;
#241 = CARTESIAN_POINT ( 'NONE',  ( -4.500000237991429231, -1.926335649230739744, 10.38998545934429885 ) ) ;
#242 = CARTESIAN_POINT ( 'NONE',  ( 3.949999762008570059, -1.626335649230739255, 0.000000000000000000 ) ) ;
#243 = CARTESIAN_POINT ( 'NONE',  ( 8.399999999999948841, 0.8170932621786317629, -10.24999999999996980 ) ) ;
#244 = LINE ( 'NONE', #5339, #2863 ) ;
#245 = ORIENTED_EDGE ( 'NONE', *, *, #3158, .F. ) ;
#246 = MECHANICAL_DESIGN_GEOMETRIC_PRESENTATION_REPRESENTATION (  '', ( #8666 ), #3933 ) ;
#247 = ORIENTED_EDGE ( 'NONE', *, *, #7868, .T. ) ;
#248 = VECTOR ( 'NONE', #8793, 1000.000000000000000 ) ;
#249 = ORIENTED_EDGE ( 'NONE', *, *, #2616, .F. ) ;
#250 = EDGE_CURVE ( 'NONE', #4055, #9399, #294, .T. ) ;
#251 = CARTESIAN_POINT ( 'NONE',  ( -2.488008628878230155, -2.339157802475679837, 2.772276292613180093 ) ) ;
#252 = FACE_OUTER_BOUND ( 'NONE', #1093, .T. ) ;
#253 = DIRECTION ( 'NONE',  ( 0.000000000000000000, 0.000000000000000000, 1.000000000000000000 ) ) ;
#254 = VECTOR ( 'NONE', #2697, 1000.000000000000000 ) ;
#255 = CARTESIAN_POINT ( 'NONE',  ( 3.499999762008580539, -4.226335649230740898, 8.355220410559281774 ) ) ;
#256 = VECTOR ( 'NONE', #1431, 1000.000000000000000 ) ;
#257 = ADVANCED_FACE ( 'NONE', ( #8976 ), #2506, .T. ) ;
#258 = AXIS2_PLACEMENT_3D ( 'NONE', #2302, #7518, #6743 ) ;
#259 = VERTEX_POINT ( 'NONE', #8347 ) ;
#260 = CARTESIAN_POINT ( 'NONE',  ( 299.2999999999999545, 4.296441359891090883, -4.494573699557634860 ) ) ;
#261 = DIRECTION ( 'NONE',  ( 0.000000000000000000, 0.000000000000000000, -1.000000000000000000 ) ) ;
#262 = CYLINDRICAL_SURFACE ( 'NONE', #4621, 0.2999999999999999889 ) ;
#263 = VECTOR ( 'NONE', #1267, 1000.000000000000000 ) ;
#264 = DIRECTION ( 'NONE',  ( 0.000000000000000000, 1.000000000000000000, -1.221676898501524622E-16 ) ) ;
#265 = DIRECTION ( 'NONE',  ( 0.000000000000000000, 0.000000000000000000, -1.000000000000000000 ) ) ;
#266 = FILL_AREA_STYLE_COLOUR ( '', #4249 ) ;
#267 = COLOUR_RGB ( '',0.9019607843137255054, 0.9019607843137255054, 0.9019607843137255054 ) ;
#268 = EDGE_LOOP ( 'NONE', ( #3614, #4423, #2114, #7799 ) ) ;
#269 = AXIS2_PLACEMENT_3D ( 'NONE', #3339, #6404, #7840 ) ;
#270 = ORIENTED_EDGE ( 'NONE', *, *, #1107, .F. ) ;
#271 = VECTOR ( 'NONE', #5453, 1000.000000000000000 ) ;
#272 = DIRECTION ( 'NONE',  ( -1.000000000000000000, -0.000000000000000000, -0.000000000000000000 ) ) ;
#273 = ORIENTED_EDGE ( 'NONE', *, *, #287, .F. ) ;
#274 =( LENGTH_UNIT ( ) NAMED_UNIT ( * ) SI_UNIT ( .MILLI., .METRE. ) );
#275 = DIRECTION ( 'NONE',  ( 0.000000000000000000, 0.000000000000000000, 1.000000000000000000 ) ) ;
#276 = EDGE_CURVE ( 'NONE', #8672, #4975, #8242, .T. ) ;
#277 = DIRECTION ( 'NONE',  ( 0.000000000000000000, -0.000000000000000000, -1.000000000000000000 ) ) ;
#278 = ADVANCED_FACE ( 'NONE', ( #6192 ), #9115, .F. ) ;
#279 = AXIS2_PLACEMENT_3D ( 'NONE', #8734, #7196, #632 ) ;
#280 = CARTESIAN_POINT ( 'NONE',  ( 5.529216699011747060, 3.267437591971880106, -11.87542427067709738 ) ) ;
#281 = CIRCLE ( 'NONE', #4113, 0.1000000000000002554 ) ;
#282 = CARTESIAN_POINT ( 'NONE',  ( -5.500000000000060396, 0.5675451179377200006, -7.069655554617711779 ) ) ;
#283 = DIRECTION ( 'NONE',  ( -0.000000000000000000, -0.000000000000000000, -1.000000000000000000 ) ) ;
#284 = VERTEX_POINT ( 'NONE', #5479 ) ;
#285 = CIRCLE ( 'NONE', #6867, 0.1000000000000002554 ) ;
#286 = AXIS2_PLACEMENT_3D ( 'NONE', #4483, #7356, #3145 ) ;
#287 = EDGE_CURVE ( 'NONE', #4513, #9112, #6808, .T. ) ;
#288 = CARTESIAN_POINT ( 'NONE',  ( -4.519100535760275150, -1.416287241497577565, -5.107045163196772819 ) ) ;
#289 = ORIENTED_EDGE ( 'NONE', *, *, #6489, .T. ) ;
#290 = AXIS2_PLACEMENT_3D ( 'NONE', #6227, #2457, #3303 ) ;
#291 = CARTESIAN_POINT ( 'NONE',  ( -4.521211211357751836, -1.447010295314860251, -7.008535606553673247 ) ) ;
#292 = ORIENTED_EDGE ( 'NONE', *, *, #6347, .T. ) ;
#293 = AXIS2_PLACEMENT_3D ( 'NONE', #6128, #2434, #1757 ) ;
#294 = LINE ( 'NONE', #9074, #3466 ) ;
#295 =( GEOMETRIC_REPRESENTATION_CONTEXT ( 3 ) GLOBAL_UNCERTAINTY_ASSIGNED_CONTEXT ( ( #6088 ) ) GLOBAL_UNIT_ASSIGNED_CONTEXT ( ( #6749, #4599, #7524 ) ) REPRESENTATION_CONTEXT ( 'NONE', 'WORKASPACE' ) );
#296 = CARTESIAN_POINT ( 'NONE',  ( 5.599999999999949907, 3.184987554672518595, -0.1245757293229024509 ) ) ;
#297 = DIRECTION ( 'NONE',  ( 0.000000000000000000, 0.000000000000000000, 1.000000000000000000 ) ) ;
#298 = DIRECTION ( 'NONE',  ( 0.000000000000000000, 8.847734441202872159E-16, 1.000000000000000000 ) ) ;
#299 = ORIENTED_EDGE ( 'NONE', *, *, #2102, .F. ) ;
#300 = ORIENTED_EDGE ( 'NONE', *, *, #1586, .T. ) ;
#301 = AXIS2_PLACEMENT_3D ( 'NONE', #6922, #1038, #7644 ) ;
#302 = VERTEX_POINT ( 'NONE', #7673 ) ;
#303 = CARTESIAN_POINT ( 'NONE',  ( -4.138249553968257111, 4.770803779284653601, 10.79272667029356825 ) ) ;
#304 = CARTESIAN_POINT ( 'NONE',  ( 4.028759712901855750, 5.999879860366879036, 0.000000000000000000 ) ) ;
#305 =( NAMED_UNIT ( * ) SI_UNIT ( $, .STERADIAN. ) SOLID_ANGLE_UNIT ( ) );
#306 = CARTESIAN_POINT ( 'NONE',  ( 299.2999999999999545, 4.452858754446012313, -10.00518197067437853 ) ) ;
#307 = ADVANCED_FACE ( 'NONE', ( #4275 ), #7715, .T. ) ;
#308 = B_SPLINE_CURVE_WITH_KNOTS ( 'NONE', 3,
 ( #1966, #4167, #3404, #6319, #6987, #2682, #8474, #2014 ),
 .UNSPECIFIED., .F., .F.,
 ( 4, 2, 2, 4 ),
 ( 2.868975136083162838E-16, 0.0002645530190021774353, 0.0003968295285031220895, 0.0005291060380040667980 ),
 .UNSPECIFIED. ) ;
#309 = ORIENTED_EDGE ( 'NONE', *, *, #8264, .F. ) ;
#310 = CARTESIAN_POINT ( 'NONE',  ( -5.591000000000060588, 4.771167705692608507, -12.00000000000000000 ) ) ;
#311 = CARTESIAN_POINT ( 'NONE',  ( -2.488007230840694195, -1.271866509722523686, 4.000000000000000000 ) ) ;
#312 = DIRECTION ( 'NONE',  ( -0.000000000000000000, -1.000000000000000000, 0.000000000000000000 ) ) ;
#313 = LINE ( 'NONE', #1807, #3809 ) ;
#314 = ADVANCED_FACE ( 'NONE', ( #7059 ), #4082, .T. ) ;
#315 = COLOUR_RGB ( '',0.9019607843137255054, 0.9019607843137255054, 0.9019607843137255054 ) ;
#316 = CARTESIAN_POINT ( 'NONE',  ( -0.6600000000000000311, 1.000000000000000000, 13.68857426865710281 ) ) ;
#317 = CARTESIAN_POINT ( 'NONE',  ( -5.591000000000060588, -1.102483268413138484, -10.27700303808966886 ) ) ;
#318 = ORIENTED_EDGE ( 'NONE', *, *, #5760, .F. ) ;
#319 = ORIENTED_EDGE ( 'NONE', *, *, #4388, .F. ) ;
#320 = CARTESIAN_POINT ( 'NONE',  ( 5.499999999999949374, 3.026389538271987423, -0.4919261306450205540 ) ) ;
#321 = EDGE_LOOP ( 'NONE', ( #5021, #5666, #2125, #6561 ) ) ;
#322 = CARTESIAN_POINT ( 'NONE',  ( -4.500000000000060396, -1.275702287286611281, -4.800000000000000711 ) ) ;
#323 = AXIS2_PLACEMENT_3D ( 'NONE', #5991, #8907, #4491 ) ;
#324 = CARTESIAN_POINT ( 'NONE',  ( -5.591000000000068582, -3.834801901544083957, -2.940962153935815060 ) ) ;
#325 = DIRECTION ( 'NONE',  ( -0.000000000000000000, 1.000000000000000000, -0.000000000000000000 ) ) ;
#326 = LINE ( 'NONE', #6701, #1178 ) ;
#327 = CARTESIAN_POINT ( 'NONE',  ( 5.499999910575210649, 3.266508921011217037, -11.93882210675523936 ) ) ;
#328 = DIRECTION ( 'NONE',  ( 0.7071067811865486830, 0.000000000000000000, -0.7071067811865464625 ) ) ;
#329 = CARTESIAN_POINT ( 'NONE',  ( 8.491644809372862923, 0.8770779036789110306, -10.29372798327458760 ) ) ;
#330 = VERTEX_POINT ( 'NONE', #532 ) ;
#331 = CIRCLE ( 'NONE', #1565, 1.743247405224330970 ) ;
#332 = EDGE_CURVE ( 'NONE', #6659, #1355, #3311, .T. ) ;
#333 = CARTESIAN_POINT ( 'NONE',  ( -4.496082459868988579, -1.267432240380768516, -5.206359210016584527 ) ) ;
#334 = EDGE_LOOP ( 'NONE', ( #2690, #8938, #7721, #3330 ) ) ;
#335 = CARTESIAN_POINT ( 'NONE',  ( -0.9081170191110091716, 0.7623466576205720768, 6.880000000012937100 ) ) ;
#336 = ORIENTED_EDGE ( 'NONE', *, *, #7205, .F. ) ;
#337 = DIRECTION ( 'NONE',  ( -0.000000000000000000, -0.000000000000000000, 1.000000000000000000 ) ) ;
#338 = VECTOR ( 'NONE', #8653, 1000.000000000000000 ) ;
#339 = CARTESIAN_POINT ( 'NONE',  ( -4.500191897840243094, -1.379825217442726570, -6.821284073014059146 ) ) ;
#340 = DIRECTION ( 'NONE',  ( 0.000000000000000000, 1.000000000000000000, -0.000000000000000000 ) ) ;
#341 = DIRECTION ( 'NONE',  ( 0.000000000000000000, 0.000000000000000000, -1.000000000000000000 ) ) ;
#342 = EDGE_CURVE ( 'NONE', #1412, #2251, #3459, .T. ) ;
#343 = LINE ( 'NONE', #1021, #6989 ) ;
#345 = ORIENTED_EDGE ( 'NONE', *, *, #3277, .F. ) ;
#344 = B_SPLINE_CURVE_WITH_KNOTS ( 'NONE', 3,
 ( #5105, #9463, #4287, #5630, #7825, #2036, #1991, #7154, #4913, #7970, #8688, #685, #2896, #3424, #5827, #7068, #1411, #4955, #1308, #7866, #1264, #1215 ),
 .UNSPECIFIED., .F., .F.,
 ( 4, 3, 3, 3, 3, 3, 3, 4 ),
 ( -2.038445715638732047E-06, 0.000000000000000000, 6.781699895085331741E-06, 5.186694097082422309E-05, 8.902421374467856614E-05, 0.0001197909096114595896, 0.0001483743076221209994, 0.0001771282952445542844 ),
 .UNSPECIFIED. ) ;
#346 = ORIENTED_EDGE ( 'NONE', *, *, #7145, .T. ) ;
#347 = ADVANCED_FACE ( 'NONE', ( #6374 ), #3509, .T. ) ;
#348 = ORIENTED_EDGE ( 'NONE', *, *, #4949, .F. ) ;
#349 = DIRECTION ( 'NONE',  ( -1.000000000000000000, 0.000000000000000000, 0.000000000000000000 ) ) ;
#350 = CARTESIAN_POINT ( 'NONE',  ( 3.976253078972998178, 6.052386494295736163, 0.000000000000000000 ) ) ;
#351 = LINE ( 'NONE', #2561, #6231 ) ;
#352 = VECTOR ( 'NONE', #1310, 1000.000000000000000 ) ;
#353 = CYLINDRICAL_SURFACE ( 'NONE', #5965, 0.3400000000000000244 ) ;
#354 = VERTEX_POINT ( 'NONE', #6332 ) ;
#355 = ADVANCED_FACE ( 'NONE', ( #7758 ), #2651, .T. ) ;
#356 = CARTESIAN_POINT ( 'NONE',  ( 1.499999999999939826, 2.791380799352038977, -7.867280422007712382 ) ) ;
#357 = LINE ( 'NONE', #6783, #1376 ) ;
#358 = CARTESIAN_POINT ( 'NONE',  ( -1.000000000000000000, 0.6600000000000000311, 7.505220410559251043 ) ) ;
#359 = LINE ( 'NONE', #1716, #2063 ) ;
#360 = LINE ( 'NONE', #510, #4879 ) ;
#361 = DIRECTION ( 'NONE',  ( 2.612289469706220103E-15, -2.612289469706250080E-15, -1.000000000000000000 ) ) ;
#362 = DIRECTION ( 'NONE',  ( -1.000000000000000000, -0.000000000000000000, -0.000000000000000000 ) ) ;
#363 = ORIENTED_EDGE ( 'NONE', *, *, #6027, .F. ) ;
#364 = ORIENTED_EDGE ( 'NONE', *, *, #470, .T. ) ;
#365 = ORIENTED_EDGE ( 'NONE', *, *, #2374, .T. ) ;
#366 = PLANE ( 'NONE',  #2438 ) ;
#367 = ORIENTED_EDGE ( 'NONE', *, *, #2634, .T. ) ;
#368 = ADVANCED_FACE ( 'NONE', ( #437 ), #1204, .T. ) ;
#369 = DIRECTION ( 'NONE',  ( -1.000000000000000000, -0.000000000000000000, -0.000000000000000000 ) ) ;
#370 = DIRECTION ( 'NONE',  ( 0.000000000000000000, -1.000000000000000000, 0.000000000000000000 ) ) ;
#371 = CARTESIAN_POINT ( 'NONE',  ( 4.249999762008569881, 6.073626543402451006, 5.608574268657101847 ) ) ;
#372 = CARTESIAN_POINT ( 'NONE',  ( 5.499999999999949374, 3.226283217479251952, -11.96019572275707965 ) ) ;
#373 = CARTESIAN_POINT ( 'NONE',  ( -5.591000000000068582, 3.518315668917007866, -10.36899149320342772 ) ) ;
#374 = DIRECTION ( 'NONE',  ( 1.000000000000000000, -0.000000000000000000, -0.000000000000000000 ) ) ;
#375 = ORIENTED_EDGE ( 'NONE', *, *, #7204, .T. ) ;
#376 =( LENGTH_UNIT ( ) NAMED_UNIT ( * ) SI_UNIT ( .MILLI., .METRE. ) );
#377 = ORIENTED_EDGE ( 'NONE', *, *, #4558, .T. ) ;
#378 = EDGE_CURVE ( 'NONE', #714, #94, #2071, .T. ) ;
#379 = CARTESIAN_POINT ( 'NONE',  ( -4.498009587744125959, -1.479640298728989389, -6.991465090931176185 ) ) ;
#380 = VERTEX_POINT ( 'NONE', #5536 ) ;
#381 = DIRECTION ( 'NONE',  ( 0.000000000000000000, 1.000000000000000000, -1.201179063752586100E-14 ) ) ;
#382 = SURFACE_STYLE_USAGE ( .BOTH. , #4221 ) ;
#383 = DIRECTION ( 'NONE',  ( 1.000000000000000000, -0.000000000000000000, -0.000000000000000000 ) ) ;
#384 = CARTESIAN_POINT ( 'NONE',  ( -5.400000000000059863, 0.4675451179377199118, -7.069655554617711779 ) ) ;
#385 = DIRECTION ( 'NONE',  ( -0.000000000000000000, -1.000000000000000000, 0.000000000000000000 ) ) ;
#386 = ORIENTED_EDGE ( 'NONE', *, *, #7237, .F. ) ;
#387 = VERTEX_POINT ( 'NONE', #1925 ) ;
#388 = VECTOR ( 'NONE', #2366, 1000.000000000000114 ) ;
#389 = EDGE_LOOP ( 'NONE', ( #3047, #3859, #3842, #5309, #4375, #7554, #5344, #8426 ) ) ;
#390 = CARTESIAN_POINT ( 'NONE',  ( -5.591000000000060588, -0.9040905573164232933, -4.317469199095388177 ) ) ;
#391 = LINE ( 'NONE', #4050, #352 ) ;
#392 = CARTESIAN_POINT ( 'NONE',  ( 1.499999999999939826, 0.4675451179377199118, -4.930344445382288221 ) ) ;
#393 = ADVANCED_FACE ( 'NONE', ( #4845 ), #4135, .T. ) ;
#394 = EDGE_CURVE ( 'NONE', #7540, #4024, #4840, .T. ) ;
#395 = LINE ( 'NONE', #2521, #2862 ) ;
#396 = DIRECTION ( 'NONE',  ( -0.000000000000000000, 0.000000000000000000, -1.000000000000000000 ) ) ;
#397 = ADVANCED_FACE ( 'NONE', ( #5233 ), #778, .T. ) ;
#398 = MANIFOLD_SOLID_BREP ( 'Move Face1', #5753 ) ;
#399 = ORIENTED_EDGE ( 'NONE', *, *, #7785, .T. ) ;
#400 = DIRECTION ( 'NONE',  ( -0.000000000000000000, 1.153814465479998049E-14, 1.000000000000000000 ) ) ;
#401 = VECTOR ( 'NONE', #1851, 1000.000000000000000 ) ;
#402 = AXIS2_PLACEMENT_3D ( 'NONE', #105, #2903, #3045 ) ;
#403 = CARTESIAN_POINT ( 'NONE',  ( 8.399999999999948841, 3.195100562410515543, -3.206685749735108004 ) ) ;
#404 = CARTESIAN_POINT ( 'NONE',  ( -0.6600000000000000311, 0.9850175072293672063, 7.388994976989440744 ) ) ;
#405 = DIRECTION ( 'NONE',  ( -1.000000000000000000, 0.000000000000000000, 0.000000000000000000 ) ) ;
#406 = DIRECTION ( 'NONE',  ( 0.000000000000000000, -1.000000000000000000, 0.000000000000000000 ) ) ;
#407 = TOROIDAL_SURFACE ( 'NONE', #3034, 1.843247405224331059, 0.1000000000000000056 ) ;
#408 = LINE ( 'NONE', #9388, #8079 ) ;
#409 = ORIENTED_EDGE ( 'NONE', *, *, #5626, .F. ) ;
#410 = VERTEX_POINT ( 'NONE', #5816 ) ;
#411 = EDGE_CURVE ( 'NONE', #7629, #7976, #1399, .T. ) ;
#412 = AXIS2_PLACEMENT_3D ( 'NONE', #3355, #8475, #8436 ) ;
#413 = DIRECTION ( 'NONE',  ( 0.000000000000000000, 0.000000000000000000, 1.000000000000000000 ) ) ;
#414 = ORIENTED_EDGE ( 'NONE', *, *, #1771, .T. ) ;
#415 = VECTOR ( 'NONE', #4703, 1000.000000000000000 ) ;
#416 = DIRECTION ( 'NONE',  ( 0.000000000000000000, 0.000000000000000000, 1.000000000000000000 ) ) ;
#417 = CARTESIAN_POINT ( 'NONE',  ( 2.788007129812288376, -1.571866509722523730, 0.000000000000000000 ) ) ;
#418 = CARTESIAN_POINT ( 'NONE',  ( 4.645139837156142093, 3.348340558649291587, -4.132719577992287618 ) ) ;
#419 = CARTESIAN_POINT ( 'NONE',  ( 5.565124022942876891, 3.200982660086705955, -0.1187804080125094419 ) ) ;
#420 = AXIS2_PLACEMENT_3D ( 'NONE', #7215, #2712, #649 ) ;
#421 = CARTESIAN_POINT ( 'NONE',  ( -4.250000237991429231, 4.350197784570501547, 5.621181900873125414 ) ) ;
#422 = LINE ( 'NONE', #7662, #3180 ) ;
#423 = FACE_OUTER_BOUND ( 'NONE', #4129, .T. ) ;
#424 = VECTOR ( 'NONE', #1425, 1000.000000000000000 ) ;
#425 = ORIENTED_EDGE ( 'NONE', *, *, #6829, .T. ) ;
#426 = CIRCLE ( 'NONE', #1352, 0.1999999999999996503 ) ;
#427 = EDGE_CURVE ( 'NONE', #4385, #1825, #633, .T. ) ;
#428 = CARTESIAN_POINT ( 'NONE',  ( -4.515636680808289505, -1.449366130634644811, -5.057255846633120555 ) ) ;
#429 = AXIS2_PLACEMENT_3D ( 'NONE', #2376, #6952, #4523 ) ;
#430 = ORIENTED_EDGE ( 'NONE', *, *, #7371, .F. ) ;
#431 = FILL_AREA_STYLE_COLOUR ( '', #1226 ) ;
#432 = ORIENTED_EDGE ( 'NONE', *, *, #1933, .F. ) ;
#433 = PRESENTATION_LAYER_ASSIGNMENT (  '', '', ( #749 ) ) ;
#434 = CARTESIAN_POINT ( 'NONE',  ( 8.499999999999948486, 0.9170932621786821448, -1.677632078487529821 ) ) ;
#435 = DIRECTION ( 'NONE',  ( -1.000000000000000000, -0.000000000000000000, -0.000000000000000000 ) ) ;
#436 = VECTOR ( 'NONE', #4720, 1000.000000000000000 ) ;
#437 = FACE_OUTER_BOUND ( 'NONE', #5876, .T. ) ;
#438 = DIRECTION ( 'NONE',  ( -0.7071067811865464625, 0.000000000000000000, -0.7071067811865486830 ) ) ;
#439 = CARTESIAN_POINT ( 'NONE',  ( 299.2999999999999545, 3.882125191446057944, -10.36899149320342772 ) ) ;
#440 = VECTOR ( 'NONE', #7608, 1000.000000000000000 ) ;
#441 = FACE_OUTER_BOUND ( 'NONE', #4308, .T. ) ;
#442 = VECTOR ( 'NONE', #6650, 1000.000000000000000 ) ;
#443 = ORIENTED_EDGE ( 'NONE', *, *, #4449, .F. ) ;
#444 = ADVANCED_FACE ( 'NONE', ( #3028 ), #46, .F. ) ;
#445 = EDGE_LOOP ( 'NONE', ( #6017, #6900, #3789, #758 ) ) ;
#446 = MANIFOLD_SOLID_BREP ( 'Fillet6', #3294 ) ;
#447 = AXIS2_PLACEMENT_3D ( 'NONE', #809, #3018, #2209 ) ;
#448 = VERTEX_POINT ( 'NONE', #5137 ) ;
#449 = CARTESIAN_POINT ( 'NONE',  ( -4.221109661754480769, 4.492710586021759767, 10.71272560289686560 ) ) ;
#450 = STYLED_ITEM ( 'NONE', ( #6937 ), #8951 ) ;
#451 =( GEOMETRIC_REPRESENTATION_CONTEXT ( 3 ) GLOBAL_UNCERTAINTY_ASSIGNED_CONTEXT ( ( #1682 ) ) GLOBAL_UNIT_ASSIGNED_CONTEXT ( ( #4187, #4146, #3469 ) ) REPRESENTATION_CONTEXT ( 'NONE', 'WORKASPACE' ) );
#452 = CYLINDRICAL_SURFACE ( 'NONE', #7497, 0.3400000000000000244 ) ;
#453 =( NAMED_UNIT ( * ) SI_UNIT ( $, .STERADIAN. ) SOLID_ANGLE_UNIT ( ) );
#454 = CARTESIAN_POINT ( 'NONE',  ( -4.500000237991419461, -2.339157802475679837, 7.570146519281761854 ) ) ;
#455 = CARTESIAN_POINT ( 'NONE',  ( -4.050000237991429053, -1.926335649230739744, 7.570146519281761854 ) ) ;
#456 = VERTEX_POINT ( 'NONE', #4370 ) ;
#457 = LINE ( 'NONE', #5594, #8707 ) ;
#458 = AXIS2_PLACEMENT_3D ( 'NONE', #2483, #7514, #6880 ) ;
#459 = VECTOR ( 'NONE', #2879, 1000.000000000000000 ) ;
#460 = ADVANCED_FACE ( 'NONE', ( #2259 ), #5761, .T. ) ;
#461 = EDGE_CURVE ( 'NONE', #483, #203, #1541, .T. ) ;
#462 = ORIENTED_EDGE ( 'NONE', *, *, #4312, .T. ) ;
#463 = CARTESIAN_POINT ( 'NONE',  ( -1.000000000000000000, 1.000000000000000000, 18.91092414158229928 ) ) ;
#464 = AXIS2_PLACEMENT_3D ( 'NONE', #7789, #5842, #3581 ) ;
#465 =( GEOMETRIC_REPRESENTATION_CONTEXT ( 3 ) GLOBAL_UNCERTAINTY_ASSIGNED_CONTEXT ( ( #8002 ) ) GLOBAL_UNIT_ASSIGNED_CONTEXT ( ( #4301, #8797, #3631 ) ) REPRESENTATION_CONTEXT ( 'NONE', 'WORKASPACE' ) );
#466 =( NAMED_UNIT ( * ) PLANE_ANGLE_UNIT ( ) SI_UNIT ( $, .RADIAN. ) );
#467 = CARTESIAN_POINT ( 'NONE',  ( 8.399999999999948841, 3.195100562410447154, -11.87542427067709561 ) ) ;
#468 = FACE_OUTER_BOUND ( 'NONE', #4605, .T. ) ;
#469 = DIRECTION ( 'NONE',  ( 0.000000000000000000, -1.000000000000000000, 0.000000000000000000 ) ) ;
#470 = EDGE_CURVE ( 'NONE', #785, #9389, #3753, .T. ) ;
#471 = CYLINDRICAL_SURFACE ( 'NONE', #8849, 0.09999999999999939493 ) ;
#472 = ORIENTED_EDGE ( 'NONE', *, *, #9272, .T. ) ;
#473 = EDGE_CURVE ( 'NONE', #7138, #4984, #4905, .T. ) ;
#474 = ORIENTED_EDGE ( 'NONE', *, *, #2283, .T. ) ;
#475 = CARTESIAN_POINT ( 'NONE',  ( -4.167157525516810068, -1.926335649230739744, 2.772276292613179649 ) ) ;
#476 = CARTESIAN_POINT ( 'NONE',  ( -5.400000000000059863, -1.275702287286611059, -7.069655554617711779 ) ) ;
#477 = SURFACE_STYLE_USAGE ( .BOTH. , #1327 ) ;
#478 = PLANE ( 'NONE',  #7155 ) ;
#479 = CARTESIAN_POINT ( 'NONE',  ( 0.6599999999999821565, 0.8162245206283159638, 7.220202327326859404 ) ) ;
#480 = LINE ( 'NONE', #5707, #3480 ) ;
#481 = LINE ( 'NONE', #7851, #6260 ) ;
#482 = ORIENTED_EDGE ( 'NONE', *, *, #6258, .F. ) ;
#483 = VERTEX_POINT ( 'NONE', #963 ) ;
#484 = CARTESIAN_POINT ( 'NONE',  ( -4.517380894120377910, -1.383208352360504101, -4.857304821456016164 ) ) ;
#485 = ORIENTED_EDGE ( 'NONE', *, *, #9044, .F. ) ;
#486 = CARTESIAN_POINT ( 'NONE',  ( -4.515941626768837480, -1.267545080659895351, -7.179240208153211178 ) ) ;
#487 = VERTEX_POINT ( 'NONE', #1768 ) ;
#488 = LINE ( 'NONE', #577, #1062 ) ;
#489 = LINE ( 'NONE', #3414, #9012 ) ;
#490 = EDGE_CURVE ( 'NONE', #7105, #7996, #1727, .T. ) ;
#491 = DIRECTION ( 'NONE',  ( 0.000000000000000000, 0.000000000000000000, 1.000000000000000000 ) ) ;
#492 = CARTESIAN_POINT ( 'NONE',  ( -1.074366137629754636, 0.7000000000000082823, 6.876305102502937139 ) ) ;
#493 = FACE_OUTER_BOUND ( 'NONE', #2065, .T. ) ;
#494 = PLANE ( 'NONE',  #7304 ) ;
#495 = VERTEX_POINT ( 'NONE', #2495 ) ;
#496 = ORIENTED_EDGE ( 'NONE', *, *, #3384, .F. ) ;
#497 = ORIENTED_EDGE ( 'NONE', *, *, #7741, .T. ) ;
#498 = FILL_AREA_STYLE_COLOUR ( '', #5051 ) ;
#499 = ADVANCED_FACE ( 'NONE', ( #9013 ), #1792, .T. ) ;
#500 = SURFACE_SIDE_STYLE ('',( #1220 ) ) ;
#501 = CARTESIAN_POINT ( 'NONE',  ( -4.189899982178374671, -1.706302230626388416, 0.1156356754750173105 ) ) ;
#502 = VERTEX_POINT ( 'NONE', #1007 ) ;
#503 = CARTESIAN_POINT ( 'NONE',  ( 1.340000000000000080, 0.6999999999999998446, 7.205220410559250332 ) ) ;
#504 =( BOUNDED_CURVE ( )  B_SPLINE_CURVE ( 3, ( #1148, #2649, #5478, #9072 ),
 .UNSPECIFIED., .F., .T. ) 
 B_SPLINE_CURVE_WITH_KNOTS ( ( 4, 4 ),
 ( 0.000000000000000000, 1.570796326794896558 ),
 .UNSPECIFIED. ) 
 CURVE ( )  GEOMETRIC_REPRESENTATION_ITEM ( )  RATIONAL_B_SPLINE_CURVE ( ( 1.000000000000000000, 0.8047378541243649375, 0.8047378541243649375, 1.000000000000000000 ) ) 
 REPRESENTATION_ITEM ( '' )  );
#505 = AXIS2_PLACEMENT_3D ( 'NONE', #4667, #9042, #3148 ) ;
#506 = CARTESIAN_POINT ( 'NONE',  ( 0.9999999999999974465, 1.000000000000002665, 9.475924141582259708 ) ) ;
#507 = PLANE ( 'NONE',  #9038 ) ;
#508 = CYLINDRICAL_SURFACE ( 'NONE', #7384, 0.2000000000000000944 ) ;
#509 = CARTESIAN_POINT ( 'NONE',  ( 5.510918294208421386, 0.7638918233173448424, -1.734302358784128861 ) ) ;
#510 = CARTESIAN_POINT ( 'NONE',  ( -5.500000000000060396, 0.9675451179377199118, -4.930344445382288221 ) ) ;
#511 = ADVANCED_FACE ( 'NONE', ( #5463 ), #3082, .T. ) ;
#512 = DIRECTION ( 'NONE',  ( -0.000000000000000000, 0.000000000000000000, 1.000000000000000000 ) ) ;
#513 = ORIENTED_EDGE ( 'NONE', *, *, #411, .T. ) ;
#514 = VERTEX_POINT ( 'NONE', #9062 ) ;
#515 = DIRECTION ( 'NONE',  ( 0.000000000000000000, -1.000000000000000000, 0.000000000000000000 ) ) ;
#516 = EDGE_CURVE ( 'NONE', #7282, #8427, #6798, .T. ) ;
#517 = DIRECTION ( 'NONE',  ( 9.674119995890032619E-15, 1.000000000000000000, -0.000000000000000000 ) ) ;
#518 = CARTESIAN_POINT ( 'NONE',  ( 5.499999999999949374, 3.295100562410483658, -8.693314250264892351 ) ) ;
#519 = CARTESIAN_POINT ( 'NONE',  ( 5.557290104868283898, 3.204322803962530219, -0.1154934751633456685 ) ) ;
#520 = UNCERTAINTY_MEASURE_WITH_UNIT (LENGTH_MEASURE( 1.000000000000000082E-05 ), #1464, 'distance_accuracy_value', 'NONE');
#521 = CARTESIAN_POINT ( 'NONE',  ( 1.000000000000000000, 0.6600000000000000311, 7.505220410559251043 ) ) ;
#522 = ADVANCED_FACE ( 'NONE', ( #7610 ), #8918, .T. ) ;
#523 = EDGE_CURVE ( 'NONE', #5227, #4150, #3169, .T. ) ;
#524 = CARTESIAN_POINT ( 'NONE',  ( -4.500000000000060396, -1.275702287286611281, -5.000000000000000000 ) ) ;
#525 = ORIENTED_EDGE ( 'NONE', *, *, #2677, .F. ) ;
#526 = CARTESIAN_POINT ( 'NONE',  ( -4.542475787732009884, -1.135117085276592386, -4.990781895779086597 ) ) ;
#527 = ORIENTED_EDGE ( 'NONE', *, *, #7117, .F. ) ;
#528 = CARTESIAN_POINT ( 'NONE',  ( -4.475379665082921399, -1.381750288486601752, -6.786618903461214991 ) ) ;
#529 = ORIENTED_EDGE ( 'NONE', *, *, #3552, .F. ) ;
#530 = DIRECTION ( 'NONE',  ( -6.377659838150025734E-16, 0.000000000000000000, 1.000000000000000000 ) ) ;
#531 = FACE_OUTER_BOUND ( 'NONE', #7535, .T. ) ;
#532 = CARTESIAN_POINT ( 'NONE',  ( -2.488008628878230599, -1.926335649230742408, 0.3000000000000007661 ) ) ;
#533 = CARTESIAN_POINT ( 'NONE',  ( 1.196262859121620004, -4.395153435249018692, 7.205220410559250332 ) ) ;
#534 = CARTESIAN_POINT ( 'NONE',  ( 4.645139837156036400, -5.585694816515836436, -304.8000000000000114 ) ) ;
#535 = CARTESIAN_POINT ( 'NONE',  ( 4.249999762008569881, 4.337592642964938960, 10.60857426865710096 ) ) ;
#536 = ORIENTED_EDGE ( 'NONE', *, *, #6807, .T. ) ;
#537 = VERTEX_POINT ( 'NONE', #6139 ) ;
#538 = EDGE_CURVE ( 'NONE', #5914, #9326, #2398, .T. ) ;
#539 = DIRECTION ( 'NONE',  ( 1.000000000000000000, 0.000000000000000000, 0.000000000000000000 ) ) ;
#540 = ORIENTED_EDGE ( 'NONE', *, *, #6897, .F. ) ;
#541 = LINE ( 'NONE', #6384, #5201 ) ;
#542 = DIRECTION ( 'NONE',  ( -0.000000000000000000, -0.000000000000000000, 1.000000000000000000 ) ) ;
#543 = CARTESIAN_POINT ( 'NONE',  ( -2.788008628878230866, -1.617257452184180488, 0.000000000000000000 ) ) ;
#544 = CARTESIAN_POINT ( 'NONE',  ( -3.950000237991428964, -1.626335649230739477, 0.000000000000000000 ) ) ;
#545 = ORIENTED_EDGE ( 'NONE', *, *, #276, .F. ) ;
#546 = CIRCLE ( 'NONE', #854, 0.3400000000000000244 ) ;
#547 = PLANE ( 'NONE',  #2724 ) ;
#548 = EDGE_CURVE ( 'NONE', #5951, #9089, #8333, .T. ) ;
#549 = VECTOR ( 'NONE', #5908, 1000.000000000000000 ) ;
#550 = DIRECTION ( 'NONE',  ( -1.000000000000000000, -0.000000000000000000, -0.000000000000000000 ) ) ;
#551 = DIRECTION ( 'NONE',  ( 0.000000000000000000, 0.000000000000000000, -1.000000000000000000 ) ) ;
#552 = DIRECTION ( 'NONE',  ( -0.000000000000000000, 0.000000000000000000, 1.000000000000000000 ) ) ;
#553 =( BOUNDED_CURVE ( )  B_SPLINE_CURVE ( 3, ( #5082, #3546, #5127, #8035 ),
 .UNSPECIFIED., .F., .F. ) 
 B_SPLINE_CURVE_WITH_KNOTS ( ( 4, 4 ),
 ( 0.000000000000000000, 1.570796326794896558 ),
 .UNSPECIFIED. ) 
 CURVE ( )  GEOMETRIC_REPRESENTATION_ITEM ( )  RATIONAL_B_SPLINE_CURVE ( ( 1.000000000000000000, 0.8047378541243649375, 0.8047378541243649375, 1.000000000000000000 ) ) 
 REPRESENTATION_ITEM ( '' )  );
#554 = CYLINDRICAL_SURFACE ( 'NONE', #1333, 0.3400000000000000244 ) ;
#555 = CARTESIAN_POINT ( 'NONE',  ( 1.499999999999939826, 3.243903520801311391, -3.101440184145292989 ) ) ;
#556 = DIRECTION ( 'NONE',  ( -0.000000000000000000, -0.000000000000000000, 1.000000000000000000 ) ) ;
#557 = VECTOR ( 'NONE', #4645, 1000.000000000000000 ) ;
#558 = EDGE_CURVE ( 'NONE', #456, #1694, #326, .T. ) ;
#559 = ORIENTED_EDGE ( 'NONE', *, *, #1044, .T. ) ;
#560 = FILL_AREA_STYLE ('',( #7127 ) ) ;
#561 = DIRECTION ( 'NONE',  ( 0.000000000000000000, 0.000000000000000000, -1.000000000000000000 ) ) ;
#562 = PLANE ( 'NONE',  #4754 ) ;
#563 = FILL_AREA_STYLE_COLOUR ( '', #1644 ) ;
#564 = CARTESIAN_POINT ( 'NONE',  ( 0.9999999999999560352, 0.7804188904419380179, 6.865171329269159628 ) ) ;
#565 = PRESENTATION_STYLE_ASSIGNMENT (( #7133 ) ) ;
#566 = MECHANICAL_DESIGN_GEOMETRIC_PRESENTATION_REPRESENTATION (  '', ( #7909 ), #110 ) ;
#567 =( NAMED_UNIT ( * ) PLANE_ANGLE_UNIT ( ) SI_UNIT ( $, .RADIAN. ) );
#568 = ORIENTED_EDGE ( 'NONE', *, *, #650, .F. ) ;
#569 = VECTOR ( 'NONE', #7367, 1000.000000000000000 ) ;
#570 = CARTESIAN_POINT ( 'NONE',  ( -4.542476145393939291, -1.416287241497574900, -4.990781895779083932 ) ) ;
#571 = ORIENTED_EDGE ( 'NONE', *, *, #5986, .F. ) ;
#572 = ADVANCED_FACE ( 'NONE', ( #4744 ), #478, .T. ) ;
#573 = CARTESIAN_POINT ( 'NONE',  ( -4.534743557903271771, -1.218599879661447449, -7.145099315564573672 ) ) ;
#574 = EDGE_CURVE ( 'NONE', #7763, #6314, #1485, .T. ) ;
#575 = VERTEX_POINT ( 'NONE', #371 ) ;
#576 = VECTOR ( 'NONE', #1529, 1000.000000000000114 ) ;
#577 = CARTESIAN_POINT ( 'NONE',  ( -0.8037371408783653415, -4.395153435249020468, 7.205220410559255662 ) ) ;
#578 = CARTESIAN_POINT ( 'NONE',  ( 5.510256745380856636, 2.196547630667958995, -8.738833090096374434 ) ) ;
#579 = CARTESIAN_POINT ( 'NONE',  ( -1.196262859121639988, -4.395153435249020468, 7.205220410559250332 ) ) ;
#580 = CIRCLE ( 'NONE', #4250, 0.1999999999999996503 ) ;
#581 = DIRECTION ( 'NONE',  ( 0.000000000000000000, 0.000000000000000000, 1.000000000000000000 ) ) ;
#582 = PLANE ( 'NONE',  #3040 ) ;
#583 = VECTOR ( 'NONE', #7113, 1000.000000000000000 ) ;
#584 = CARTESIAN_POINT ( 'NONE',  ( -2.788008628878230866, -1.626335649230739921, 0.000000000000000000 ) ) ;
#585 = ORIENTED_EDGE ( 'NONE', *, *, #1570, .T. ) ;
#586 = EDGE_CURVE ( 'NONE', #9282, #2131, #9457, .T. ) ;
#587 = ORIENTED_EDGE ( 'NONE', *, *, #7868, .F. ) ;
#588 = FILL_AREA_STYLE_COLOUR ( '', #9159 ) ;
#589 = CIRCLE ( 'NONE', #279, 0.09999999999999982514 ) ;
#590 = EDGE_LOOP ( 'NONE', ( #4964, #1945, #1818, #8310, #8750, #7442, #8459, #4664, #3274, #3551, #3304, #6876 ) ) ;
#591 = VECTOR ( 'NONE', #5464, 1000.000000000000000 ) ;
#592 = ADVANCED_FACE ( 'NONE', ( #9202 ), #407, .T. ) ;
#593 = DIRECTION ( 'NONE',  ( 0.7071067811865251462, 0.000000000000000000, -0.7071067811865699992 ) ) ;
#594 = CIRCLE ( 'NONE', #7176, 11.30078710486259652 ) ;
#595 = SURFACE_STYLE_USAGE ( .BOTH. , #500 ) ;
#596 = CARTESIAN_POINT ( 'NONE',  ( -4.060129950283891453, -1.736465361523203743, 0.008564706381038978203 ) ) ;
#597 =( GEOMETRIC_REPRESENTATION_CONTEXT ( 3 ) GLOBAL_UNCERTAINTY_ASSIGNED_CONTEXT ( ( #8292 ) ) GLOBAL_UNIT_ASSIGNED_CONTEXT ( ( #1096, #1054, #7566 ) ) REPRESENTATION_CONTEXT ( 'NONE', 'WORKASPACE' ) );
#598 = ORIENTED_EDGE ( 'NONE', *, *, #5626, .T. ) ;
#599 = AXIS2_PLACEMENT_3D ( 'NONE', #801, #4396, #5118 ) ;
#600 = PLANE ( 'NONE',  #8844 ) ;
#601 = ORIENTED_EDGE ( 'NONE', *, *, #3927, .F. ) ;
#602 = PRESENTATION_LAYER_ASSIGNMENT (  '', '', ( #450 ) ) ;
#603 = CIRCLE ( 'NONE', #5970, 11.30078710486259652 ) ;
#604 = DIRECTION ( 'NONE',  ( -6.377659838150025734E-16, 0.000000000000000000, 1.000000000000000000 ) ) ;
#605 = MANIFOLD_SOLID_BREP ( 'Body-Move/Copy6[6]', #2079 ) ;
#606 = AXIS2_PLACEMENT_3D ( 'NONE', #1916, #5571, #624 ) ;
#607 = LINE ( 'NONE', #2714, #7509 ) ;
#608 = DIRECTION ( 'NONE',  ( 9.674119995890032619E-15, 1.000000000000000000, -0.000000000000000000 ) ) ;
#609 = ADVANCED_FACE ( 'NONE', ( #5026 ), #5521, .T. ) ;
#610 = STYLED_ITEM ( 'NONE', ( #3643 ), #9229 ) ;
#611 = DIRECTION ( 'NONE',  ( -0.000000000000000000, 1.000000000000000000, 0.000000000000000000 ) ) ;
#612 = PLANE ( 'NONE',  #4428 ) ;
#613 = DIRECTION ( 'NONE',  ( -0.000000000000000000, -2.027198695514634932E-16, -1.000000000000000000 ) ) ;
#614 = AXIS2_PLACEMENT_3D ( 'NONE', #8420, #9381, #8652 ) ;
#615 = CIRCLE ( 'NONE', #8739, 0.3400000000000000244 ) ;
#616 = ORIENTED_EDGE ( 'NONE', *, *, #2533, .F. ) ;
#617 = CARTESIAN_POINT ( 'NONE',  ( -2.488008628878230599, -1.926335649230742408, 0.3000000000000007661 ) ) ;
#618 = CARTESIAN_POINT ( 'NONE',  ( 0.9008132834873328054, 0.7159181931104134922, 6.880000000000083382 ) ) ;
#619 = DIRECTION ( 'NONE',  ( 0.000000000000000000, 0.000000000000000000, -1.000000000000000000 ) ) ;
#620 = EDGE_CURVE ( 'NONE', #6475, #8152, #2206, .T. ) ;
#621 = LINE ( 'NONE', #9437, #2868 ) ;
#622 = CARTESIAN_POINT ( 'NONE',  ( 0.6600000000000170175, 1.000023159388400140, 7.467524534621659882 ) ) ;
#623 = LINE ( 'NONE', #710, #3649 ) ;
#624 = DIRECTION ( 'NONE',  ( 0.000000000000000000, 0.000000000000000000, 1.000000000000000000 ) ) ;
#625 = EDGE_LOOP ( 'NONE', ( #9122, #9175, #6242, #1261 ) ) ;
#626 = EDGE_LOOP ( 'NONE', ( #6338, #7099, #8266, #8494 ) ) ;
#627 = CARTESIAN_POINT ( 'NONE',  ( -4.602122326878839154, -1.283971684949299696, -4.990781895779085708 ) ) ;
#628 = ORIENTED_EDGE ( 'NONE', *, *, #2081, .F. ) ;
#629 = CARTESIAN_POINT ( 'NONE',  ( -4.501211504970187072, -1.414380291900731779, -7.145099315564573672 ) ) ;
#630 = EDGE_LOOP ( 'NONE', ( #6207, #8284, #2940, #3759 ) ) ;
#631 = DIRECTION ( 'NONE',  ( 1.000000000000000000, 0.000000000000000000, 0.000000000000000000 ) ) ;
#632 = DIRECTION ( 'NONE',  ( 0.000000000000000000, 0.000000000000000000, -1.000000000000000000 ) ) ;
#633 = LINE ( 'NONE', #7337, #5157 ) ;
#634 = DIRECTION ( 'NONE',  ( 0.000000000000000000, 0.000000000000000000, -1.000000000000000000 ) ) ;
#635 = FACE_OUTER_BOUND ( 'NONE', #2611, .T. ) ;
#636 = CARTESIAN_POINT ( 'NONE',  ( -2.488008628878230155, -0.9502539030984712420, -0.1434653624726539844 ) ) ;
#637 = ORIENTED_EDGE ( 'NONE', *, *, #1695, .T. ) ;
#638 = EDGE_CURVE ( 'NONE', #5251, #3450, #4313, .T. ) ;
#639 = ORIENTED_EDGE ( 'NONE', *, *, #2081, .T. ) ;
#640 = DIRECTION ( 'NONE',  ( -1.000000000000000000, 0.000000000000000000, 0.000000000000000000 ) ) ;
#641 = ORIENTED_EDGE ( 'NONE', *, *, #5161, .F. ) ;
#642 = SURFACE_STYLE_USAGE ( .BOTH. , #4229 ) ;
#643 = EDGE_LOOP ( 'NONE', ( #3940, #386, #9184, #1369 ) ) ;
#644 = EDGE_CURVE ( 'NONE', #9299, #7620, #2158, .T. ) ;
#645 = DIRECTION ( 'NONE',  ( -0.000000000000000000, 1.167177897768564214E-14, 1.000000000000000000 ) ) ;
#646 = CARTESIAN_POINT ( 'NONE',  ( -3.950000237991428964, -1.626335649230739255, 0.000000000000000000 ) ) ;
#647 = CARTESIAN_POINT ( 'NONE',  ( 0.6600000000000096900, -3.569272152702969159, 7.205220410559252109 ) ) ;
#648 = ORIENTED_EDGE ( 'NONE', *, *, #8325, .T. ) ;
#649 = DIRECTION ( 'NONE',  ( 0.000000000000000000, 0.000000000000000000, 1.000000000000000000 ) ) ;
#650 = EDGE_CURVE ( 'NONE', #5603, #5089, #2971, .T. ) ;
#651 = EDGE_LOOP ( 'NONE', ( #2373, #2765, #6931, #2408 ) ) ;
#652 = CARTESIAN_POINT ( 'NONE',  ( 1.499999999999939826, 0.4415745526624924033, -10.92728053718713532 ) ) ;
#653 = LINE ( 'NONE', #2624, #9073 ) ;
#654 = CARTESIAN_POINT ( 'NONE',  ( 0.7477003587221094927, 2.420857955918825244, 8.856534637527328613 ) ) ;
#655 = DIRECTION ( 'NONE',  ( -1.000000000000000000, 0.000000000000000000, -0.000000000000000000 ) ) ;
#656 = CARTESIAN_POINT ( 'NONE',  ( 8.399999999999948841, 3.095100562410488365, -8.319187790970909546 ) ) ;
#657 = ORIENTED_EDGE ( 'NONE', *, *, #8011, .F. ) ;
#658 = ORIENTED_EDGE ( 'NONE', *, *, #4353, .F. ) ;
#659 = EDGE_CURVE ( 'NONE', #192, #1694, #1527, .T. ) ;
#660 = ORIENTED_EDGE ( 'NONE', *, *, #6087, .F. ) ;
#661 = CARTESIAN_POINT ( 'NONE',  ( 1.000000000000000000, -1.863163407847409969, 7.545220410559251079 ) ) ;
#662 = FACE_OUTER_BOUND ( 'NONE', #2294, .T. ) ;
#663 = CARTESIAN_POINT ( 'NONE',  ( -4.500177813330271448, -1.097438180410437614, -6.895369283134726857 ) ) ;
#664 = DIRECTION ( 'NONE',  ( 0.000000000000000000, -1.000000000000000000, 0.000000000000000000 ) ) ;
#665 = CARTESIAN_POINT ( 'NONE',  ( 5.530713956332137471, 0.7901153168257190051, -10.25816809004956731 ) ) ;
#666 = CARTESIAN_POINT ( 'NONE',  ( 2.935098673953480564, -1.271866509722523686, 0.2999999999999999334 ) ) ;
#667 = ORIENTED_EDGE ( 'NONE', *, *, #702, .F. ) ;
#668 = ORIENTED_EDGE ( 'NONE', *, *, #4094, .T. ) ;
#669 = EDGE_CURVE ( 'NONE', #3450, #5998, #807, .T. ) ;
#670 = LINE ( 'NONE', #5037, #9321 ) ;
#671 = ORIENTED_EDGE ( 'NONE', *, *, #4364, .F. ) ;
#672 = CARTESIAN_POINT ( 'NONE',  ( -4.537910183465157843, -1.414380291900731779, -6.940253544063685887 ) ) ;
#673 = ORIENTED_EDGE ( 'NONE', *, *, #9430, .T. ) ;
#674 = DIRECTION ( 'NONE',  ( -0.000000000000000000, -1.000000000000000000, -0.000000000000000000 ) ) ;
#675 = FACE_OUTER_BOUND ( 'NONE', #4033, .T. ) ;
#676 = CYLINDRICAL_SURFACE ( 'NONE', #4812, 0.09999999999999939493 ) ;
#677 = DIRECTION ( 'NONE',  ( 0.000000000000000000, 0.000000000000000000, -1.000000000000000000 ) ) ;
#678 = DIRECTION ( 'NONE',  ( 0.000000000000000000, 3.726965813680791121E-16, 1.000000000000000000 ) ) ;
#679 = DIRECTION ( 'NONE',  ( -1.000000000000000000, -0.000000000000000000, -0.000000000000000000 ) ) ;
#680 = ORIENTED_EDGE ( 'NONE', *, *, #1389, .T. ) ;
#681 = ORIENTED_EDGE ( 'NONE', *, *, #8011, .T. ) ;
#682 = EDGE_CURVE ( 'NONE', #8107, #2226, #621, .T. ) ;
#683 = PRESENTATION_STYLE_ASSIGNMENT (( #7766 ) ) ;
#684 = ORIENTED_EDGE ( 'NONE', *, *, #8571, .T. ) ;
#685 = CARTESIAN_POINT ( 'NONE',  ( 8.480921046972548893, 2.215652652062324091, -3.166396560612443789 ) ) ;
#686 = ORIENTED_EDGE ( 'NONE', *, *, #5875, .T. ) ;
#687 = CARTESIAN_POINT ( 'NONE',  ( 4.029966343404218776, -1.866235393417685851, 0.1156356754750173105 ) ) ;
#688 = DIRECTION ( 'NONE',  ( -0.000000000000000000, 0.000000000000000000, 1.000000000000000000 ) ) ;
#689 = DIRECTION ( 'NONE',  ( 1.000000000000000000, 0.000000000000000000, -0.000000000000000000 ) ) ;
#690 = ORIENTED_EDGE ( 'NONE', *, *, #3272, .T. ) ;
#691 = ORIENTED_EDGE ( 'NONE', *, *, #5848, .F. ) ;
#692 = CLOSED_SHELL ( 'NONE', ( #8339, #609, #5156, #4936, #5657, #7657 ) ) ;
#693 = ADVANCED_FACE ( 'NONE', ( #5853 ), #7185, .T. ) ;
#694 = LINE ( 'NONE', #9474, #8857 ) ;
#695 = EDGE_CURVE ( 'NONE', #1134, #514, #1472, .T. ) ;
#696 = ADVANCED_FACE ( 'NONE', ( #8765 ), #2721, .T. ) ;
#697 =( NAMED_UNIT ( * ) SI_UNIT ( $, .STERADIAN. ) SOLID_ANGLE_UNIT ( ) );
#698 = DIRECTION ( 'NONE',  ( 0.000000000000000000, -1.000000000000000000, 0.000000000000000000 ) ) ;
#699 = CARTESIAN_POINT ( 'NONE',  ( 1.000000000000000000, 0.6600000000000000311, 7.505220410559251043 ) ) ;
#700 = DIRECTION ( 'NONE',  ( -1.000000000000000000, -0.000000000000000000, -0.000000000000000000 ) ) ;
#701 = DIRECTION ( 'NONE',  ( 1.000000000000000000, -0.000000000000000000, -0.000000000000000000 ) ) ;
#702 = EDGE_CURVE ( 'NONE', #4866, #1304, #4673, .T. ) ;
#703 = ORIENTED_EDGE ( 'NONE', *, *, #52, .F. ) ;
#704 = CARTESIAN_POINT ( 'NONE',  ( -2.722379410492048901, 6.201928913614558780, 5.763225449769095121 ) ) ;
#705 =( NAMED_UNIT ( * ) SI_UNIT ( $, .STERADIAN. ) SOLID_ANGLE_UNIT ( ) );
#706 = FILL_AREA_STYLE ('',( #7273 ) ) ;
#707 = UNCERTAINTY_MEASURE_WITH_UNIT (LENGTH_MEASURE( 1.000000000000000082E-05 ), #7030, 'distance_accuracy_value', 'NONE');
#708 = FACE_BOUND ( 'NONE', #5474, .T. ) ;
#709 = AXIS2_PLACEMENT_3D ( 'NONE', #8533, #4902, #7816 ) ;
#710 = CARTESIAN_POINT ( 'NONE',  ( -0.6600000000000000311, 1.000000000000000000, 18.91092414158229928 ) ) ;
#711 = DIRECTION ( 'NONE',  ( -0.000000000000000000, 1.000000000000000000, -0.000000000000000000 ) ) ;
#712 = ORIENTED_EDGE ( 'NONE', *, *, #3703, .T. ) ;
#713 = VECTOR ( 'NONE', #3623, 1000.000000000000000 ) ;
#714 = VERTEX_POINT ( 'NONE', #7727 ) ;
#715 = CARTESIAN_POINT ( 'NONE',  ( -4.470704291892628746, -1.102038329954222240, -4.823935552875250110 ) ) ;
#716 = ORIENTED_EDGE ( 'NONE', *, *, #3784, .F. ) ;
#717 = CARTESIAN_POINT ( 'NONE',  ( -4.516715923905162633, -1.169654678662999991, -7.145099315564573672 ) ) ;
#718 = ORIENTED_EDGE ( 'NONE', *, *, #8102, .F. ) ;
#719 = CARTESIAN_POINT ( 'NONE',  ( 4.296983244237894795, 3.714653945997038242, -10.03134657622013570 ) ) ;
#720 = CARTESIAN_POINT ( 'NONE',  ( 5.522420231890603937, 2.192524750965776814, -8.757353988612328166 ) ) ;
#721 = UNCERTAINTY_MEASURE_WITH_UNIT (LENGTH_MEASURE( 1.000000000000000082E-05 ), #7464, 'distance_accuracy_value', 'NONE');
#722 = VECTOR ( 'NONE', #385, 1000.000000000000000 ) ;
#723 = FACE_OUTER_BOUND ( 'NONE', #2446, .T. ) ;
#724 = ADVANCED_FACE ( 'NONE', ( #1894 ), #986, .F. ) ;
#725 = CARTESIAN_POINT ( 'NONE',  ( 8.499999999999948486, 3.153679206173172211, -8.834735606502199801 ) ) ;
#726 = CARTESIAN_POINT ( 'NONE',  ( -5.400000000000059863, 0.4675451179377199118, -7.069655554617711779 ) ) ;
#727 = VERTEX_POINT ( 'NONE', #9043 ) ;
#728 = VECTOR ( 'NONE', #9392, 1000.000000000000000 ) ;
#729 = EDGE_LOOP ( 'NONE', ( #7417, #443, #1246, #4736, #2500 ) ) ;
#730 = DIRECTION ( 'NONE',  ( 6.530691785966537740E-12, 1.000000000000000000, -1.167177897768564214E-14 ) ) ;
#731 = AXIS2_PLACEMENT_3D ( 'NONE', #5072, #611, #5017 ) ;
#732 = CIRCLE ( 'NONE', #258, 0.3400000000000067413 ) ;
#733 = ORIENTED_EDGE ( 'NONE', *, *, #1897, .F. ) ;
#734 = DIRECTION ( 'NONE',  ( -1.000000000000000000, 0.000000000000000000, 0.000000000000000000 ) ) ;
#735 = ORIENTED_EDGE ( 'NONE', *, *, #9334, .T. ) ;
#736 = VECTOR ( 'NONE', #4567, 1000.000000000000000 ) ;
#737 = DIRECTION ( 'NONE',  ( 2.612289469706220103E-15, -2.612289469706250080E-15, -1.000000000000000000 ) ) ;
#738 = CARTESIAN_POINT ( 'NONE',  ( 8.499986802792454554, 2.260162696430288332, -8.891689668062433327 ) ) ;
#739 = CARTESIAN_POINT ( 'NONE',  ( 4.049999762008570592, 3.914972254309967425, 5.608574268657101847 ) ) ;
#740 =( GEOMETRIC_REPRESENTATION_CONTEXT ( 3 ) GLOBAL_UNCERTAINTY_ASSIGNED_CONTEXT ( ( #4646 ) ) GLOBAL_UNIT_ASSIGNED_CONTEXT ( ( #54, #2988, #8883 ) ) REPRESENTATION_CONTEXT ( 'NONE', 'WORKASPACE' ) );
#741 = EDGE_LOOP ( 'NONE', ( #1290, #8450, #8573, #7496 ) ) ;
#742 = ORIENTED_EDGE ( 'NONE', *, *, #7619, .T. ) ;
#743 = CIRCLE ( 'NONE', #116, 2.243247405224330748 ) ;
#744 = AXIS2_PLACEMENT_3D ( 'NONE', #7961, #2121, #2937 ) ;
#745 = PRODUCT_DEFINITION_SHAPE ( 'NONE', 'NONE',  #9497 ) ;
#746 = CARTESIAN_POINT ( 'NONE',  ( 2.788007246419831997, -1.926333251723310713, 0.2999999999999999889 ) ) ;
#747 = VECTOR ( 'NONE', #6135, 1000.000000000000000 ) ;
#748 = CARTESIAN_POINT ( 'NONE',  ( -3.500000237991430119, -4.226335649230740898, 9.075220410559261097 ) ) ;
#749 = STYLED_ITEM ( 'NONE', ( #8237 ), #3603 ) ;
#750 = CARTESIAN_POINT ( 'NONE',  ( 5.503057574129062601, 3.270290059144962846, -11.92918120196718235 ) ) ;
#751 = DIRECTION ( 'NONE',  ( -1.000000000000000000, 0.000000000000000000, 0.000000000000000000 ) ) ;
#752 = DIRECTION ( 'NONE',  ( 0.000000000000000000, 0.000000000000000000, -1.000000000000000000 ) ) ;
#753 = AXIS2_PLACEMENT_3D ( 'NONE', #3848, #6750, #6653 ) ;
#754 = AXIS2_PLACEMENT_3D ( 'NONE', #8814, #2254, #5180 ) ;
#755 = CARTESIAN_POINT ( 'NONE',  ( -4.250000237991429231, 4.337590152354478867, 5.608574268657101847 ) ) ;
#756 = ADVANCED_FACE ( 'NONE', ( #4051, #8270 ), #2477, .T. ) ;
#757 = VECTOR ( 'NONE', #6607, 1000.000000000000000 ) ;
#758 = ORIENTED_EDGE ( 'NONE', *, *, #2825, .F. ) ;
#759 = CARTESIAN_POINT ( 'NONE',  ( 2.488006595590889436, 0.05207502981678730630, 4.000000000000000000 ) ) ;
#760 = VECTOR ( 'NONE', #1726, 1000.000000000000000 ) ;
#761 = AXIS2_PLACEMENT_3D ( 'NONE', #8009, #8928, #928 ) ;
#762 = FACE_OUTER_BOUND ( 'NONE', #9270, .T. ) ;
#763 = SURFACE_STYLE_USAGE ( .BOTH. , #125 ) ;
#764 = SURFACE_SIDE_STYLE ('',( #3646 ) ) ;
#765 = EDGE_CURVE ( 'NONE', #138, #2417, #7453, .T. ) ;
#766 = DIRECTION ( 'NONE',  ( 1.000000000000000000, -9.566489757225038010E-15, 0.000000000000000000 ) ) ;
#767 = CARTESIAN_POINT ( 'NONE',  ( 299.2999999999999545, -3.834801901544083957, -9.059037846064184052 ) ) ;
#768 = CARTESIAN_POINT ( 'NONE',  ( -2.986120869726938132, 5.337783869614061594, -6.940161209130924824 ) ) ;
#769 = EDGE_LOOP ( 'NONE', ( #1061, #3086, #2510 ) ) ;
#770 = VECTOR ( 'NONE', #416, 1000.000000000000000 ) ;
#771 = EDGE_CURVE ( 'NONE', #4456, #502, #2559, .T. ) ;
#772 = STYLED_ITEM ( 'NONE', ( #8344 ), #7722 ) ;
#773 = LINE ( 'NONE', #6695, #1973 ) ;
#774 = ORIENTED_EDGE ( 'NONE', *, *, #4152, .T. ) ;
#775 = CARTESIAN_POINT ( 'NONE',  ( -4.494102264367092481, -1.071764276666104854, -7.059747014764805151 ) ) ;
#776 = CARTESIAN_POINT ( 'NONE',  ( 4.249999762008570769, -1.843492936756120582, 2.855119005087798811 ) ) ;
#777 = DIRECTION ( 'NONE',  ( -1.000000000000000000, 0.000000000000000000, 0.000000000000000000 ) ) ;
#778 = CYLINDRICAL_SURFACE ( 'NONE', #4529, 0.06960863754223914346 ) ;
#779 = CARTESIAN_POINT ( 'NONE',  ( 0.000000000000000000, 0.000000000000000000, -12.00000000000000000 ) ) ;
#780 = DIRECTION ( 'NONE',  ( 0.000000000000000000, -0.000000000000000000, -1.000000000000000000 ) ) ;
#781 = CARTESIAN_POINT ( 'NONE',  ( -1.339999999999980096, 1.000023159388400140, 7.467524534621659882 ) ) ;
#782 = ORIENTED_EDGE ( 'NONE', *, *, #8751, .T. ) ;
#783 = VERTEX_POINT ( 'NONE', #7586 ) ;
#784 = EDGE_LOOP ( 'NONE', ( #4553, #2076, #2875, #9375 ) ) ;
#785 = VERTEX_POINT ( 'NONE', #1032 ) ;
#786 = ADVANCED_FACE ( 'NONE', ( #252 ), #5441, .T. ) ;
#787 = FACE_OUTER_BOUND ( 'NONE', #236, .T. ) ;
#788 = ORIENTED_EDGE ( 'NONE', *, *, #9314, .F. ) ;
#789 = DIRECTION ( 'NONE',  ( 1.000000000000000000, -3.183272527090203812E-15, 0.000000000000000000 ) ) ;
#790 = DIRECTION ( 'NONE',  ( 1.000000000000000000, 0.000000000000000000, 0.000000000000000000 ) ) ;
#791 = CARTESIAN_POINT ( 'NONE',  ( -4.242191822521541589, 6.071023738245820311, 0.2214751072580559976 ) ) ;
#792 = PRESENTATION_LAYER_ASSIGNMENT (  '', '', ( #2317 ) ) ;
#793 = LINE ( 'NONE', #20, #6824 ) ;
#794 = ORIENTED_EDGE ( 'NONE', *, *, #2292, .T. ) ;
#795 = ORIENTED_EDGE ( 'NONE', *, *, #224, .T. ) ;
#796 = EDGE_CURVE ( 'NONE', #2997, #6296, #5010, .T. ) ;
#797 = CARTESIAN_POINT ( 'NONE',  ( 1.499999999999939826, -3.242975956555899764, -0.9929644752390692775 ) ) ;
#798 = DIRECTION ( 'NONE',  ( -0.000000000000000000, -1.673575304458053374E-16, -1.000000000000000000 ) ) ;
#799 = DIRECTION ( 'NONE',  ( 0.000000000000000000, 0.000000000000000000, 1.000000000000000000 ) ) ;
#800 = CARTESIAN_POINT ( 'NONE',  ( -5.591000000000060588, -6.750000000000025757, -1.541375956710543393 ) ) ;
#801 = CARTESIAN_POINT ( 'NONE',  ( 3.949999762008570059, -2.408745645934470492, 0.2999999999999999334 ) ) ;
#802 = CIRCLE ( 'NONE', #4475, 2.940962153935815504 ) ;
#803 = CARTESIAN_POINT ( 'NONE',  ( -2.516508722435023326, 6.270861064318352440, 5.646912720107956751 ) ) ;
#804 = EDGE_LOOP ( 'NONE', ( #6525, #6851, #6134, #2531 ) ) ;
#805 = CARTESIAN_POINT ( 'NONE',  ( -2.788008628878422268, -1.709488200989062845, 5.421010862427522170E-16 ) ) ;
#806 = DIRECTION ( 'NONE',  ( 0.000000000000000000, 0.000000000000000000, -1.000000000000000000 ) ) ;
#807 = LINE ( 'NONE', #8662, #1953 ) ;
#808 = FACE_OUTER_BOUND ( 'NONE', #5577, .T. ) ;
#809 = CARTESIAN_POINT ( 'NONE',  ( -3.500000237991429231, -4.226335649230749780, 1.055220410559261079 ) ) ;
#810 = ORIENTED_EDGE ( 'NONE', *, *, #4043, .F. ) ;
#811 = VERTEX_POINT ( 'NONE', #7017 ) ;
#812 =( BOUNDED_CURVE ( )  B_SPLINE_CURVE ( 3, ( #8580, #1289, #4212, #8622 ),
 .UNSPECIFIED., .F., .F. ) 
 B_SPLINE_CURVE_WITH_KNOTS ( ( 4, 4 ),
 ( 0.000000000000000000, 1.570796326794896558 ),
 .UNSPECIFIED. ) 
 CURVE ( )  GEOMETRIC_REPRESENTATION_ITEM ( )  RATIONAL_B_SPLINE_CURVE ( ( 1.000000000000000000, 0.8047378541243649375, 0.8047378541243649375, 1.000000000000000000 ) ) 
 REPRESENTATION_ITEM ( '' )  );
#813 = EDGE_CURVE ( 'NONE', #8852, #1647, #351, .T. ) ;
#814 = CARTESIAN_POINT ( 'NONE',  ( -4.467391892355204064, -1.482445019771709838, -4.857304821456013499 ) ) ;
#815 = ORIENTED_EDGE ( 'NONE', *, *, #120, .F. ) ;
#816 = CARTESIAN_POINT ( 'NONE',  ( -4.496691232587236797, -1.169654678662999991, -6.820759934706209116 ) ) ;
#817 = CARTESIAN_POINT ( 'NONE',  ( -5.591000000000060588, -3.242975956555899764, -2.023575344751846750 ) ) ;
#818 = SURFACE_SIDE_STYLE ('',( #3124 ) ) ;
#819 = ADVANCED_FACE ( 'NONE', ( #5493 ), #6916, .T. ) ;
#820 = DIRECTION ( 'NONE',  ( 1.000000000000000000, -0.000000000000000000, 0.000000000000000000 ) ) ;
#821 = EDGE_CURVE ( 'NONE', #1754, #978, #7683, .T. ) ;
#822 = CARTESIAN_POINT ( 'NONE',  ( 1.499999999999939826, 3.243903520801311391, -7.867280422007712382 ) ) ;
#823 = DIRECTION ( 'NONE',  ( 0.000000000000000000, -1.000000000000000000, 0.000000000000000000 ) ) ;
#824 = CARTESIAN_POINT ( 'NONE',  ( -1.339999999999999414, 0.6619976657027909495, 7.520717135035208223 ) ) ;
#825 = ORIENTED_EDGE ( 'NONE', *, *, #3662, .T. ) ;
#826 = ORIENTED_EDGE ( 'NONE', *, *, #3328, .F. ) ;
#827 =( NAMED_UNIT ( * ) SI_UNIT ( $, .STERADIAN. ) SOLID_ANGLE_UNIT ( ) );
#828 = ORIENTED_EDGE ( 'NONE', *, *, #6669, .F. ) ;
#829 = CARTESIAN_POINT ( 'NONE',  ( -2.935098673953480564, 1.932139300074104726, 4.000000000000000000 ) ) ;
#830 = VERTEX_POINT ( 'NONE', #392 ) ;
#831 = DIRECTION ( 'NONE',  ( -0.000000000000000000, -0.000000000000000000, 1.000000000000000000 ) ) ;
#832 = DIRECTION ( 'NONE',  ( -1.000000000000000000, -0.000000000000000000, -0.000000000000000000 ) ) ;
#833 = VECTOR ( 'NONE', #1111, 1000.000000000000000 ) ;
#834 = ORIENTED_EDGE ( 'NONE', *, *, #6218, .T. ) ;
#835 = ADVANCED_FACE ( 'NONE', ( #3323 ), #7606, .T. ) ;
#836 = ORIENTED_EDGE ( 'NONE', *, *, #979, .T. ) ;
#837 = VECTOR ( 'NONE', #1176, 1000.000000000000000 ) ;
#838 = LINE ( 'NONE', #8796, #2596 ) ;
#839 = CARTESIAN_POINT ( 'NONE',  ( -4.050000237991429053, -2.339157802475679837, 10.38998545934429885 ) ) ;
#840 = CARTESIAN_POINT ( 'NONE',  ( -1.000000000000000000, -3.569272152705960544, 7.545220410559251079 ) ) ;
#841 = CARTESIAN_POINT ( 'NONE',  ( 1.340000000000020730, 0.6845033972496076258, 7.543222821657024291 ) ) ;
#842 = CARTESIAN_POINT ( 'NONE',  ( -5.500000000000060396, -3.518949692510942029, -4.930344445382288221 ) ) ;
#843 = EDGE_CURVE ( 'NONE', #2490, #487, #3327, .T. ) ;
#844 = ORIENTED_EDGE ( 'NONE', *, *, #8519, .F. ) ;
#845 = DIRECTION ( 'NONE',  ( -0.000000000000000000, 1.000000000000000000, 0.000000000000000000 ) ) ;
#846 = CARTESIAN_POINT ( 'NONE',  ( -4.250000237991429231, -2.139157802475679659, 10.60857426865710096 ) ) ;
#847 = CARTESIAN_POINT ( 'NONE',  ( 8.399999999999948841, 0.9170932621786821448, -3.680812209029087789 ) ) ;
#848 = DIRECTION ( 'NONE',  ( -1.000000000000000000, 0.000000000000000000, 0.000000000000000000 ) ) ;
#849 = EDGE_CURVE ( 'NONE', #58, #5721, #1995, .T. ) ;
#850 = CARTESIAN_POINT ( 'NONE',  ( -5.400000000000059863, 0.8675451179377196009, -7.069655554617711779 ) ) ;
#851 = CARTESIAN_POINT ( 'NONE',  ( 4.249999762008569881, -2.139157802475679659, 10.60857426865710096 ) ) ;
#852 = VERTEX_POINT ( 'NONE', #9225 ) ;
#853 = APPLICATION_CONTEXT ( 'automotive_design' ) ;
#854 = AXIS2_PLACEMENT_3D ( 'NONE', #3230, #6054, #1739 ) ;
#855 = B_SPLINE_CURVE_WITH_KNOTS ( 'NONE', 3,
 ( #5305, #8176, #4992, #8678, #126, #5222, #7902, #7460, #7960, #952 ),
 .UNSPECIFIED., .F., .F.,
 ( 4, 2, 2, 2, 4 ),
 ( 0.000000000000000000, 0.0003281901304251907893, 0.0004922851956377861027, 0.0005743327282440838406, 0.0006563802608503814702 ),
 .UNSPECIFIED. ) ;
#856 = SURFACE_SIDE_STYLE ('',( #7418 ) ) ;
#857 = EDGE_LOOP ( 'NONE', ( #3780, #5176, #7065, #7269, #5435, #2852 ) ) ;
#858 = CARTESIAN_POINT ( 'NONE',  ( -4.464676304779277238, -1.137024544664035686, -7.213381100741846907 ) ) ;
#859 = PLANE ( 'NONE',  #7489 ) ;
#860 = DIRECTION ( 'NONE',  ( 0.000000000000000000, 3.347150608916108721E-16, 1.000000000000000000 ) ) ;
#861 = DIRECTION ( 'NONE',  ( -0.000000000000000000, -0.000000000000000000, 1.000000000000000000 ) ) ;
#862 =( BOUNDED_CURVE ( )  B_SPLINE_CURVE ( 3, ( #6820, #4815, #6485, #2850 ),
 .UNSPECIFIED., .F., .T. ) 
 B_SPLINE_CURVE_WITH_KNOTS ( ( 4, 4 ),
 ( 3.141592653589793116, 4.712388980384689674 ),
 .UNSPECIFIED. ) 
 CURVE ( )  GEOMETRIC_REPRESENTATION_ITEM ( )  RATIONAL_B_SPLINE_CURVE ( ( 1.000000000000000000, 0.8047378541243649375, 0.8047378541243649375, 1.000000000000000000 ) ) 
 REPRESENTATION_ITEM ( '' )  );
#863 = DIRECTION ( 'NONE',  ( 0.000000000000000000, -1.000000000000000000, 0.000000000000000000 ) ) ;
#864 = DIRECTION ( 'NONE',  ( 0.000000000000000000, 1.000000000000000000, 0.000000000000000000 ) ) ;
#865 = CARTESIAN_POINT ( 'NONE',  ( -1.340000000000030278, 0.9850175072294131695, 7.388994976989529562 ) ) ;
#866 = VERTEX_POINT ( 'NONE', #2139 ) ;
#867 = ORIENTED_EDGE ( 'NONE', *, *, #7072, .T. ) ;
#868 = EDGE_CURVE ( 'NONE', #7976, #6164, #1221, .T. ) ;
#869 = ADVANCED_FACE ( 'NONE', ( #2806 ), #9371, .F. ) ;
#870 = SURFACE_SIDE_STYLE ('',( #7432 ) ) ;
#871 = ORIENTED_EDGE ( 'NONE', *, *, #2533, .T. ) ;
#872 = CARTESIAN_POINT ( 'NONE',  ( 4.049999762008570592, -2.139157802475679659, 11.85091001134370003 ) ) ;
#874 = ORIENTED_EDGE ( 'NONE', *, *, #2325, .F. ) ;
#873 = CIRCLE ( 'NONE', #2252, 0.06960863754223914346 ) ;
#875 =( GEOMETRIC_REPRESENTATION_CONTEXT ( 3 ) GLOBAL_UNCERTAINTY_ASSIGNED_CONTEXT ( ( #5817 ) ) GLOBAL_UNIT_ASSIGNED_CONTEXT ( ( #7073, #6388, #2764 ) ) REPRESENTATION_CONTEXT ( 'NONE', 'WORKASPACE' ) );
#876 = ORIENTED_EDGE ( 'NONE', *, *, #7136, .T. ) ;
#877 = CARTESIAN_POINT ( 'NONE',  ( 3.949999762008570059, -1.626335649230739699, 0.000000000000000000 ) ) ;
#878 = LINE ( 'NONE', #8014, #3802 ) ;
#879 = AXIS2_PLACEMENT_3D ( 'NONE', #3961, #7638, #1794 ) ;
#880 = ADVANCED_FACE ( 'NONE', ( #5687 ), #5062, .F. ) ;
#881 = ORIENTED_EDGE ( 'NONE', *, *, #5550, .T. ) ;
#882 = ORIENTED_EDGE ( 'NONE', *, *, #5961, .T. ) ;
#883 = COLOUR_RGB ( '',0.6470588235294117974, 0.6196078431372549211, 0.5882352941176470784 ) ;
#884 = ADVANCED_FACE ( 'NONE', ( #1940 ), #5730, .F. ) ;
#885 = ORIENTED_EDGE ( 'NONE', *, *, #1946, .T. ) ;
#886 = VECTOR ( 'NONE', #5833, 1000.000000000000000 ) ;
#887 = CARTESIAN_POINT ( 'NONE',  ( -2.041079270776850141, 6.749999999999978684, -304.8000000000000114 ) ) ;
#888 = DIRECTION ( 'NONE',  ( 0.000000000000000000, -1.000000000000000000, -0.000000000000000000 ) ) ;
#889 = STYLED_ITEM ( 'NONE', ( #4494 ), #6315 ) ;
#890 = CARTESIAN_POINT ( 'NONE',  ( 5.501503352502994382, 3.277442623259853249, -11.92839644090763684 ) ) ;
#891 = CARTESIAN_POINT ( 'NONE',  ( 1.340000000000000080, 1.000023159388410132, 7.467524534621670540 ) ) ;
#892 = LINE ( 'NONE', #2290, #7329 ) ;
#893 = AXIS2_PLACEMENT_3D ( 'NONE', #6034, #179, #265 ) ;
#894 = VECTOR ( 'NONE', #3467, 1000.000000000000000 ) ;
#895 = AXIS2_PLACEMENT_3D ( 'NONE', #2932, #916, #4463 ) ;
#896 = ORIENTED_EDGE ( 'NONE', *, *, #8644, .T. ) ;
#897 = AXIS2_PLACEMENT_3D ( 'NONE', #6543, #28, #2960 ) ;
#898 = EDGE_CURVE ( 'NONE', #259, #7620, #5004, .T. ) ;
#899 = CARTESIAN_POINT ( 'NONE',  ( -4.250000237991429231, -2.408745645934470492, 7.370146519281761677 ) ) ;
#900 = CARTESIAN_POINT ( 'NONE',  ( 4.049999762008570592, -1.726335649230739788, 11.85091001134370003 ) ) ;
#901 = LINE ( 'NONE', #1471, #169 ) ;
#902 = VECTOR ( 'NONE', #845, 1000.000000000000000 ) ;
#903 = DIRECTION ( 'NONE',  ( -1.000000000000000000, 0.000000000000000000, 0.000000000000000000 ) ) ;
#904 = AXIS2_PLACEMENT_3D ( 'NONE', #5413, #8327, #7604 ) ;
#905 = DIRECTION ( 'NONE',  ( 1.000000000000000000, 0.000000000000000000, 0.000000000000000000 ) ) ;
#906 = VERTEX_POINT ( 'NONE', #2707 ) ;
#907 = ORIENTED_EDGE ( 'NONE', *, *, #2340, .T. ) ;
#908 = CIRCLE ( 'NONE', #9174, 0.3400000000000000244 ) ;
#909 =( GEOMETRIC_REPRESENTATION_CONTEXT ( 3 ) GLOBAL_UNCERTAINTY_ASSIGNED_CONTEXT ( ( #8473 ) ) GLOBAL_UNIT_ASSIGNED_CONTEXT ( ( #6853, #7622, #6289 ) ) REPRESENTATION_CONTEXT ( 'NONE', 'WORKASPACE' ) );
#910 = DIRECTION ( 'NONE',  ( -0.000000000000000000, -0.000000000000000000, -1.000000000000000000 ) ) ;
#911 = AXIS2_PLACEMENT_3D ( 'NONE', #8121, #7400, #5252 ) ;
#912 = ORIENTED_EDGE ( 'NONE', *, *, #217, .T. ) ;
#913 = ADVANCED_FACE ( 'NONE', ( #4231 ), #7832, .T. ) ;
#914 = LINE ( 'NONE', #9445, #459 ) ;
#915 = CARTESIAN_POINT ( 'NONE',  ( -2.488008628878237705, -2.339157802475679837, 7.570146519281761854 ) ) ;
#916 = DIRECTION ( 'NONE',  ( 1.000000000000000000, -0.000000000000000000, -0.000000000000000000 ) ) ;
#917 = VECTOR ( 'NONE', #5119, 1000.000000000000000 ) ;
#918 = FILL_AREA_STYLE_COLOUR ( '', #5928 ) ;
#919 = UNCERTAINTY_MEASURE_WITH_UNIT (LENGTH_MEASURE( 1.000000000000000082E-05 ), #5171, 'distance_accuracy_value', 'NONE');
#920 = CARTESIAN_POINT ( 'NONE',  ( -5.591000000000060588, 2.791380799352038977, -4.132719577992287618 ) ) ;
#921 = AXIS2_PLACEMENT_3D ( 'NONE', #324, #3255, #6179 ) ;
#922 = DIRECTION ( 'NONE',  ( -1.000000000000000000, -0.000000000000000000, -0.000000000000000000 ) ) ;
#923 = CARTESIAN_POINT ( 'NONE',  ( -1.339999999999999414, 0.7000000000000090594, 6.865220410559229158 ) ) ;
#924 = ORIENTED_EDGE ( 'NONE', *, *, #3423, .F. ) ;
#925 = ORIENTED_EDGE ( 'NONE', *, *, #8657, .T. ) ;
#926 = CARTESIAN_POINT ( 'NONE',  ( -4.496082408940820230, -1.283971684949303027, -5.206359210016584527 ) ) ;
#927 = ORIENTED_EDGE ( 'NONE', *, *, #9410, .F. ) ;
#928 = DIRECTION ( 'NONE',  ( 1.000000000000000000, 0.000000000000000000, -0.000000000000000000 ) ) ;
#929 = AXIS2_PLACEMENT_3D ( 'NONE', #7169, #4773, #4924 ) ;
#930 = EDGE_LOOP ( 'NONE', ( #1634, #5143, #7052, #4895, #16, #585, #2646, #2371, #8527, #3110 ) ) ;
#931 = CARTESIAN_POINT ( 'NONE',  ( -5.591000000000068582, 5.146119801567417440, -7.009769846673163940 ) ) ;
#932 = CARTESIAN_POINT ( 'NONE',  ( 4.002198633573237352, -1.782932263924742688, 0.03233254598207395414 ) ) ;
#933 = PLANE ( 'NONE',  #7166 ) ;
#934 = ADVANCED_FACE ( 'NONE', ( #3472 ), #6484, .T. ) ;
#935 = PLANE ( 'NONE',  #3790 ) ;
#936 = ORIENTED_EDGE ( 'NONE', *, *, #659, .F. ) ;
#937 = VERTEX_POINT ( 'NONE', #8693 ) ;
#938 = ORIENTED_EDGE ( 'NONE', *, *, #9492, .F. ) ;
#939 = ORIENTED_EDGE ( 'NONE', *, *, #8068, .T. ) ;
#940 = LINE ( 'NONE', #6593, #4892 ) ;
#941 = EDGE_CURVE ( 'NONE', #4984, #4850, #5203, .T. ) ;
#942 = FACE_OUTER_BOUND ( 'NONE', #5292, .T. ) ;
#943 = LINE ( 'NONE', #4767, #1567 ) ;
#944 = EDGE_CURVE ( 'NONE', #3619, #3930, #7352, .T. ) ;
#945 = ADVANCED_FACE ( 'NONE', ( #3622 ), #8813, .T. ) ;
#946 =( LENGTH_UNIT ( ) NAMED_UNIT ( * ) SI_UNIT ( .MILLI., .METRE. ) );
#947 = DIRECTION ( 'NONE',  ( 0.000000000000000000, 0.000000000000000000, -1.000000000000000000 ) ) ;
#948 = EDGE_LOOP ( 'NONE', ( #1313, #1936, #8926, #7796, #4724 ) ) ;
#949 = CYLINDRICAL_SURFACE ( 'NONE', #8710, 2.504644647884494812 ) ;
#950 = CARTESIAN_POINT ( 'NONE',  ( 4.645139837156038176, 3.348340558649291587, -304.8000000000000114 ) ) ;
#951 = CARTESIAN_POINT ( 'NONE',  ( -0.6600000000000046940, 0.6709175056610575671, 7.534302727183002091 ) ) ;
#952 = CARTESIAN_POINT ( 'NONE',  ( -4.246445016640411296, 4.375132780679524380, 5.646116896982150024 ) ) ;
#953 = LINE ( 'NONE', #1616, #4106 ) ;
#954 = CARTESIAN_POINT ( 'NONE',  ( 1.196262859121634436, -4.395153435249020468, 7.205220410559255662 ) ) ;
#955 = CARTESIAN_POINT ( 'NONE',  ( 1.499999999999939826, 0.7903099654848935174, -9.847109111472885701 ) ) ;
#956 = EDGE_LOOP ( 'NONE', ( #9069, #5673, #8545, #5830 ) ) ;
#957 = ORIENTED_EDGE ( 'NONE', *, *, #2987, .T. ) ;
#958 = EDGE_CURVE ( 'NONE', #5858, #150, #1598, .T. ) ;
#959 = PLANE ( 'NONE',  #3824 ) ;
#960 = ORIENTED_EDGE ( 'NONE', *, *, #5121, .T. ) ;
#961 = CARTESIAN_POINT ( 'NONE',  ( 0.9999999999999974465, 0.6600000000000025846, 9.475924141582261484 ) ) ;
#962 = PLANE ( 'NONE',  #4584 ) ;
#963 = CARTESIAN_POINT ( 'NONE',  ( -1.602906781438529604, 3.264331192589055686, 0.2999999999999999334 ) ) ;
#964 = CARTESIAN_POINT ( 'NONE',  ( -1.291220683601682635E-06, 0.04785494356568017332, 4.000000000000000000 ) ) ;
#965 = DIRECTION ( 'NONE',  ( 2.612289469706220103E-15, -2.612289469706250080E-15, -1.000000000000000000 ) ) ;
#966 = CARTESIAN_POINT ( 'NONE',  ( 8.437437208988358250, 0.8238905600042446542, -10.25500576004365882 ) ) ;
#967 = ORIENTED_EDGE ( 'NONE', *, *, #6661, .F. ) ;
#968 = EDGE_CURVE ( 'NONE', #2864, #1015, #878, .T. ) ;
#969 = CARTESIAN_POINT ( 'NONE',  ( -4.485960550659636503, -1.416287241497578231, -5.173254527743312181 ) ) ;
#970 = ORIENTED_EDGE ( 'NONE', *, *, #7506, .T. ) ;
#971 = CIRCLE ( 'NONE', #8161, 0.09999999999999982514 ) ;
#972 = CARTESIAN_POINT ( 'NONE',  ( -4.454756859285669890, -1.479640298728989389, -7.179240208153211178 ) ) ;
#973 = ORIENTED_EDGE ( 'NONE', *, *, #4671, .F. ) ;
#974 = DIRECTION ( 'NONE',  ( 0.000000000000000000, 0.000000000000000000, -1.000000000000000000 ) ) ;
#975 = CARTESIAN_POINT ( 'NONE',  ( -4.500159491542393475, -1.275702287286610392, -4.799999999999997158 ) ) ;
#976 = CARTESIAN_POINT ( 'NONE',  ( -4.050000237991429053, 6.273626543402450295, 0.2999999999999999889 ) ) ;
#977 = CARTESIAN_POINT ( 'NONE',  ( 299.2999999999999545, 5.337783869614061594, -5.059838790869076064 ) ) ;
#978 = VERTEX_POINT ( 'NONE', #5289 ) ;
#979 = EDGE_CURVE ( 'NONE', #4459, #7582, #2189, .T. ) ;
#980 = VERTEX_POINT ( 'NONE', #3812 ) ;
#981 = ORIENTED_EDGE ( 'NONE', *, *, #151, .F. ) ;
#982 =( BOUNDED_CURVE ( )  B_SPLINE_CURVE ( 3, ( #59, #8012, #2992, #8889 ),
 .UNSPECIFIED., .F., .T. ) 
 B_SPLINE_CURVE_WITH_KNOTS ( ( 4, 4 ),
 ( 1.381962946094129174, 1.570796326794896558 ),
 .UNSPECIFIED. ) 
 CURVE ( )  GEOMETRIC_REPRESENTATION_ITEM ( )  RATIONAL_B_SPLINE_CURVE ( ( 1.000000000000000000, 0.9970307029973004553, 0.9970307029973004553, 1.000000000000000000 ) ) 
 REPRESENTATION_ITEM ( '' )  );
#983 = DIRECTION ( 'NONE',  ( -1.000000000000000000, -0.000000000000000000, 0.000000000000000000 ) ) ;
#984 = DIRECTION ( 'NONE',  ( -6.579099405186140077E-16, 1.000000000000000000, -6.579099405186140077E-16 ) ) ;
#985 = DIRECTION ( 'NONE',  ( 0.000000000000000000, -1.000000000000000000, 7.110249149658772963E-16 ) ) ;
#986 = CYLINDRICAL_SURFACE ( 'NONE', #9296, 2.021221927182350164 ) ;
#987 = LINE ( 'NONE', #4295, #3173 ) ;
#988 = DIRECTION ( 'NONE',  ( -0.000000000000000000, -1.000000000000000000, 0.000000000000000000 ) ) ;
#989 = CIRCLE ( 'NONE', #8329, 0.2999999999999999334 ) ;
#990 = EDGE_CURVE ( 'NONE', #6651, #2360, #3682, .T. ) ;
#991 = EDGE_CURVE ( 'NONE', #1880, #8194, #4383, .T. ) ;
#992 = ORIENTED_EDGE ( 'NONE', *, *, #5531, .F. ) ;
#993 = CARTESIAN_POINT ( 'NONE',  ( 4.049999762008569704, -2.339157802475680281, 10.80857426865710202 ) ) ;
#994 = CARTESIAN_POINT ( 'NONE',  ( 1.499999999999939826, -5.507928190936763890, -5.887857747749970727 ) ) ;
#995 = CARTESIAN_POINT ( 'NONE',  ( -0.6600000000000295630, 0.7804188904419488981, 6.865171329269148970 ) ) ;
#996 = B_SPLINE_CURVE_WITH_KNOTS ( 'NONE', 3,
 ( #4930, #2051, #7081, #3394, #6269, #9342, #1277, #5558, #5601, #1954 ),
 .UNSPECIFIED., .F., .F.,
 ( 4, 2, 2, 2, 4 ),
 ( 1.617870604186928550E-12, 0.0001564944984879395077, 0.0003129889953580084101, 0.0004694834922280772854, 0.0006259779890981461608 ),
 .UNSPECIFIED. ) ;
#997 = DIRECTION ( 'NONE',  ( 0.000000000000000000, -0.000000000000000000, -1.000000000000000000 ) ) ;
#998 = CARTESIAN_POINT ( 'NONE',  ( 5.593909595026083537, 0.8170932621786521910, -10.24999999999999112 ) ) ;
#999 = EDGE_CURVE ( 'NONE', #7126, #8541, #6668, .T. ) ;
#1000 = CARTESIAN_POINT ( 'NONE',  ( -4.167157525516810068, -2.339157802475679837, 10.38998545934429885 ) ) ;
#1001 = PLANE ( 'NONE',  #4438 ) ;
#1002 = VERTEX_POINT ( 'NONE', #5247 ) ;
#1003 = ORIENTED_EDGE ( 'NONE', *, *, #9221, .F. ) ;
#1004 = DIRECTION ( 'NONE',  ( 0.000000000000000000, 0.000000000000000000, 1.000000000000000000 ) ) ;
#1005 = EDGE_LOOP ( 'NONE', ( #5052, #5389, #6723, #4555 ) ) ;
#1006 = FILL_AREA_STYLE_COLOUR ( '', #1826 ) ;
#1007 = CARTESIAN_POINT ( 'NONE',  ( 1.000000000000000000, 1.339999999999945457, 13.68857426865710281 ) ) ;
#1008 = DIRECTION ( 'NONE',  ( 0.000000000000000000, 0.000000000000000000, 1.000000000000000000 ) ) ;
#1009 = CARTESIAN_POINT ( 'NONE',  ( -1.000000000000002220, -3.569272152702969159, 7.545220410559253743 ) ) ;
#1010 = DIRECTION ( 'NONE',  ( 0.000000000000000000, 0.000000000000000000, 1.000000000000000000 ) ) ;
#1011 = EDGE_LOOP ( 'NONE', ( #3997, #7055, #6383, #7937 ) ) ;
#1012 = CARTESIAN_POINT ( 'NONE',  ( -4.499859884398297538, -1.168195840598963198, -5.173254527743315734 ) ) ;
#1013 = ORIENTED_EDGE ( 'NONE', *, *, #8077, .F. ) ;
#1014 =( NAMED_UNIT ( * ) PLANE_ANGLE_UNIT ( ) SI_UNIT ( $, .RADIAN. ) );
#1015 = VERTEX_POINT ( 'NONE', #2230 ) ;
#1016 = CARTESIAN_POINT ( 'NONE',  ( 5.599999999999949907, 3.295100562410515188, -0.1245757293229024509 ) ) ;
#1017 = EDGE_CURVE ( 'NONE', #8828, #906, #6531, .T. ) ;
#1018 = CARTESIAN_POINT ( 'NONE',  ( -5.591000000000060588, -6.750000000000033751, -1.994818029325622355 ) ) ;
#1019 = CARTESIAN_POINT ( 'NONE',  ( 5.599999999999949907, 3.179930804371487341, -0.1245757293229024509 ) ) ;
#1020 = CARTESIAN_POINT ( 'NONE',  ( -4.500000237991429231, 6.073626543402451006, 10.80857426865710202 ) ) ;
#1021 = CARTESIAN_POINT ( 'NONE',  ( -0.9999999999999997780, -4.395153435249021356, 7.008957551437619671 ) ) ;
#1022 = ORIENTED_EDGE ( 'NONE', *, *, #1928, .F. ) ;
#1023 = COLOUR_RGB ( '',0.6470588235294117974, 0.6196078431372549211, 0.5882352941176470784 ) ;
#1024 = ORIENTED_EDGE ( 'NONE', *, *, #5743, .F. ) ;
#1025 = AXIS2_PLACEMENT_3D ( 'NONE', #8848, #8124, #4487 ) ;
#1026 = TOROIDAL_SURFACE ( 'NONE', #7592, 2.143247405224331104, 0.1000000000000000056 ) ;
#1027 = VERTEX_POINT ( 'NONE', #5149 ) ;
#1028 = DIRECTION ( 'NONE',  ( 0.000000000000000000, 0.000000000000000000, 1.000000000000000000 ) ) ;
#1029 = B_SPLINE_CURVE_WITH_KNOTS ( 'NONE', 3,
 ( #3238, #1937, #8405, #4765, #7681, #6159, #2514, #4049, #4858, #5438, #7770, #3909, #8355, #1791, #5057, #7251 ),
 .UNSPECIFIED., .F., .F.,
 ( 4, 3, 3, 3, 3, 4 ),
 ( 0.000000000000000000, 3.480326212934370172E-05, 6.961213912993990634E-05, 0.0001042930899316651006, 0.0001382729253350811218, 0.0001579437834122994033 ),
 .UNSPECIFIED. ) ;
#1030 = EDGE_CURVE ( 'NONE', #7398, #1131, #1501, .T. ) ;
#1031 = CARTESIAN_POINT ( 'NONE',  ( 0.8037371408783680060, -4.395153435249019580, 7.205220410559250332 ) ) ;
#1032 = CARTESIAN_POINT ( 'NONE',  ( -5.591000000000068582, -6.750000000000033751, -9.447468583315512092 ) ) ;
#1033 = CARTESIAN_POINT ( 'NONE',  ( -3.562645891095561623, -5.884663887553380768, -11.16790584316519208 ) ) ;
#1034 = AXIS2_PLACEMENT_3D ( 'NONE', #7386, #7340, #780 ) ;
#1035 = LINE ( 'NONE', #7588, #8091 ) ;
#1036 = VECTOR ( 'NONE', #3529, 1000.000000000000000 ) ;
#1037 = ORIENTED_EDGE ( 'NONE', *, *, #1161, .F. ) ;
#1038 = DIRECTION ( 'NONE',  ( 0.000000000000000000, 0.000000000000000000, -1.000000000000000000 ) ) ;
#1039 = CARTESIAN_POINT ( 'NONE',  ( 1.499999999999939826, 1.571505490158367824, -1.541375956710549611 ) ) ;
#1040 = CARTESIAN_POINT ( 'NONE',  ( -1.000000000000000000, 0.6600000000000000311, 7.505220410559251043 ) ) ;
#1041 = CIRCLE ( 'NONE', #3956, 2.504644647884494812 ) ;
#1042 = CARTESIAN_POINT ( 'NONE',  ( -5.591000000000060588, -6.750000000000033751, -12.00000000000000000 ) ) ;
#1043 = CARTESIAN_POINT ( 'NONE',  ( 8.499999999999948486, 2.184171825948720169, -3.206685749735108004 ) ) ;
#1044 = EDGE_CURVE ( 'NONE', #4266, #4698, #9468, .T. ) ;
#1045 = VECTOR ( 'NONE', #1213, 1000.000000000000000 ) ;
#1046 = CYLINDRICAL_SURFACE ( 'NONE', #6246, 0.7200000000000001954 ) ;
#1047 = ORIENTED_EDGE ( 'NONE', *, *, #2921, .F. ) ;
#1048 = VECTOR ( 'NONE', #3754, 1000.000000000000000 ) ;
#1049 = CARTESIAN_POINT ( 'NONE',  ( 2.497439238278131857, 6.273626543402449407, 10.62784323595104752 ) ) ;
#1050 = ORIENTED_EDGE ( 'NONE', *, *, #6273, .T. ) ;
#1051 = CARTESIAN_POINT ( 'NONE',  ( 4.049999762008570592, -2.139157802475679659, 11.73357426865710273 ) ) ;
#1052 = ADVANCED_FACE ( 'NONE', ( #2552 ), #933, .F. ) ;
#1053 = SURFACE_STYLE_FILL_AREA ( #8331 ) ;
#1054 =( NAMED_UNIT ( * ) PLANE_ANGLE_UNIT ( ) SI_UNIT ( $, .RADIAN. ) );
#1055 = CARTESIAN_POINT ( 'NONE',  ( -5.500000000000060396, 0.5675451179377200006, -7.069655554617711779 ) ) ;
#1056 = VECTOR ( 'NONE', #777, 1000.000000000000000 ) ;
#1057 = DIRECTION ( 'NONE',  ( 0.000000000000000000, -0.7483469392281407728, -0.6633075143158514431 ) ) ;
#1058 = VECTOR ( 'NONE', #7552, 1000.000000000000000 ) ;
#1059 = EDGE_CURVE ( 'NONE', #7429, #1704, #7912, .T. ) ;
#1060 = CARTESIAN_POINT ( 'NONE',  ( 4.049999762008569704, -2.339157802475680281, 10.80857426865710202 ) ) ;
#1061 = ORIENTED_EDGE ( 'NONE', *, *, #4985, .T. ) ;
#1062 = VECTOR ( 'NONE', #1978, 1000.000000000000000 ) ;
#1063 = CIRCLE ( 'NONE', #5821, 0.7200000000000001954 ) ;
#1064 = CARTESIAN_POINT ( 'NONE',  ( -4.586295667105822815, -1.217814040489863858, -5.057255846633124108 ) ) ;
#1065 = EDGE_LOOP ( 'NONE', ( #2897, #131, #3738, #2392 ) ) ;
#1066 = ORIENTED_EDGE ( 'NONE', *, *, #490, .F. ) ;
#1067 = SURFACE_SIDE_STYLE ('',( #4656 ) ) ;
#1068 = VECTOR ( 'NONE', #6457, 1000.000000000000000 ) ;
#1069 = DIRECTION ( 'NONE',  ( 0.000000000000000000, 0.000000000000000000, 1.000000000000000000 ) ) ;
#1070 = CARTESIAN_POINT ( 'NONE',  ( -1.034010996957083872, 0.8290184291057008936, 6.879999999999999893 ) ) ;
#1071 = CARTESIAN_POINT ( 'NONE',  ( -1.099154851397560639, -1.926335649230755731, 6.879999999999999893 ) ) ;
#1072 = CARTESIAN_POINT ( 'NONE',  ( 0.9999999999999629186, 1.308037348756010188, 7.257272818943819814 ) ) ;
#1073 = ORIENTED_EDGE ( 'NONE', *, *, #6157, .T. ) ;
#1074 = VERTEX_POINT ( 'NONE', #976 ) ;
#1075 = EDGE_CURVE ( 'NONE', #1909, #7433, #1741, .T. ) ;
#1076 = ORIENTED_EDGE ( 'NONE', *, *, #7237, .T. ) ;
#1077 = DIRECTION ( 'NONE',  ( 0.000000000000000000, 0.000000000000000000, 1.000000000000000000 ) ) ;
#1078 = FACE_OUTER_BOUND ( 'NONE', #2235, .T. ) ;
#1079 = DIRECTION ( 'NONE',  ( -1.000000000000000000, -0.000000000000000000, -0.000000000000000000 ) ) ;
#1080 = EDGE_CURVE ( 'NONE', #1492, #39, #8349, .T. ) ;
#1081 = VERTEX_POINT ( 'NONE', #6056 ) ;
#1082 = CARTESIAN_POINT ( 'NONE',  ( -1.000000000000000000, -3.569272152705960544, 7.205220410559250332 ) ) ;
#1083 = DIRECTION ( 'NONE',  ( 0.000000000000000000, 1.000000000000000000, 0.000000000000000000 ) ) ;
#1084 = FACE_OUTER_BOUND ( 'NONE', #1899, .T. ) ;
#1085 = CARTESIAN_POINT ( 'NONE',  ( 4.049999762008570592, 6.073626543402451006, -3.552713678800499352E-15 ) ) ;
#1086 = FACE_OUTER_BOUND ( 'NONE', #6945, .T. ) ;
#1087 = FACE_OUTER_BOUND ( 'NONE', #2018, .T. ) ;
#1088 = DIRECTION ( 'NONE',  ( -0.000000000000000000, -0.000000000000000000, 1.000000000000000000 ) ) ;
#1089 = ORIENTED_EDGE ( 'NONE', *, *, #6089, .F. ) ;
#1090 = ORIENTED_EDGE ( 'NONE', *, *, #3736, .F. ) ;
#1091 = B_SPLINE_CURVE_WITH_KNOTS ( 'NONE', 3,
 ( #1284, #3590, #4165, #663, #2056, #6503, #2867, #3492, #7942, #2681 ),
 .UNSPECIFIED., .F., .F.,
 ( 4, 2, 2, 2, 4 ),
 ( 0.0006262237073112803714, 0.0007827572706444566345, 0.0009392908339776330062, 0.001095824397310809269, 0.001252357960643985533 ),
 .UNSPECIFIED. ) ;
#1092 = DIRECTION ( 'NONE',  ( 0.000000000000000000, -5.289585268733985627E-15, -1.000000000000000000 ) ) ;
#1093 = EDGE_LOOP ( 'NONE', ( #2365, #7705, #1089, #7388 ) ) ;
#1094 = FILL_AREA_STYLE ('',( #9010 ) ) ;
#1095 = DIRECTION ( 'NONE',  ( 0.000000000000000000, 1.000000000000000000, 0.000000000000000000 ) ) ;
#1096 =( LENGTH_UNIT ( ) NAMED_UNIT ( * ) SI_UNIT ( .MILLI., .METRE. ) );
#1097 = CARTESIAN_POINT ( 'NONE',  ( 5.573446244115217496, 3.198690510816223131, -0.1210398345795663105 ) ) ;
#1098 = CARTESIAN_POINT ( 'NONE',  ( 3.499999762008580539, -1.926335649230739744, 9.075220410559280637 ) ) ;
#1099 = CARTESIAN_POINT ( 'NONE',  ( 299.2999999999999545, 6.749999999999978684, -8.008710327333215417 ) ) ;
#1100 = CARTESIAN_POINT ( 'NONE',  ( 8.481910908034693719, 0.8587333864518846838, -10.28046728083693928 ) ) ;
#1101 = ORIENTED_EDGE ( 'NONE', *, *, #5278, .T. ) ;
#1102 = ORIENTED_EDGE ( 'NONE', *, *, #6770, .T. ) ;
#1103 = VECTOR ( 'NONE', #9233, 1000.000000000000000 ) ;
#1104 = ORIENTED_EDGE ( 'NONE', *, *, #1570, .F. ) ;
#1105 = ADVANCED_FACE ( 'NONE', ( #1783 ), #4411, .T. ) ;
#1106 = CARTESIAN_POINT ( 'NONE',  ( -4.485155409388648096, -1.447010295314860251, -7.145099315564573672 ) ) ;
#1107 = EDGE_CURVE ( 'NONE', #1210, #2554, #5433, .T. ) ;
#1108 = ORIENTED_EDGE ( 'NONE', *, *, #5925, .T. ) ;
#1109 = PRESENTATION_STYLE_ASSIGNMENT (( #4801 ) ) ;
#1110 = CARTESIAN_POINT ( 'NONE',  ( 4.249999762008569881, -1.726335649230739788, 11.85091001134370003 ) ) ;
#1111 = DIRECTION ( 'NONE',  ( -0.000000000000000000, -0.000000000000000000, 1.000000000000000000 ) ) ;
#1112 = DIRECTION ( 'NONE',  ( 0.000000000000000000, 0.000000000000000000, -1.000000000000000000 ) ) ;
#1113 = CARTESIAN_POINT ( 'NONE',  ( 4.645139837156031959, -3.834801901544083957, -2.940962153935815060 ) ) ;
#1114 = VERTEX_POINT ( 'NONE', #2414 ) ;
#1115 = ORIENTED_EDGE ( 'NONE', *, *, #7490, .T. ) ;
#1116 =( BOUNDED_CURVE ( )  B_SPLINE_CURVE ( 3, ( #6646, #81, #1390, #7232 ),
 .UNSPECIFIED., .F., .T. ) 
 B_SPLINE_CURVE_WITH_KNOTS ( ( 4, 4 ),
 ( 4.712388980384689674, 6.283185307179586232 ),
 .UNSPECIFIED. ) 
 CURVE ( )  GEOMETRIC_REPRESENTATION_ITEM ( )  RATIONAL_B_SPLINE_CURVE ( ( 1.000000000000000000, 0.8047378541243649375, 0.8047378541243649375, 1.000000000000000000 ) ) 
 REPRESENTATION_ITEM ( '' )  );
#1117 = CIRCLE ( 'NONE', #8927, 0.3400000000000006906 ) ;
#1118 = VERTEX_POINT ( 'NONE', #8259 ) ;
#1119 = CARTESIAN_POINT ( 'NONE',  ( -4.097700938623916933, 4.873168632914592457, 10.80857426865710202 ) ) ;
#1120 = DIRECTION ( 'NONE',  ( 1.000000000000000000, 0.000000000000000000, -0.000000000000000000 ) ) ;
#1121 = CARTESIAN_POINT ( 'NONE',  ( 2.605441914925644920, 6.243715483826240309, 5.716001555434671033 ) ) ;
#1122 = EDGE_CURVE ( 'NONE', #4793, #330, #7676, .T. ) ;
#1123 = CARTESIAN_POINT ( 'NONE',  ( 8.458578643762640681, 3.195100562410447154, -11.87542427067709205 ) ) ;
#1124 = ORIENTED_EDGE ( 'NONE', *, *, #620, .F. ) ;
#1125 = CARTESIAN_POINT ( 'NONE',  ( 3.499999762008580539, -4.426335649230740188, 8.555220410559281063 ) ) ;
#1126 = DIRECTION ( 'NONE',  ( -0.000000000000000000, 0.000000000000000000, -1.000000000000000000 ) ) ;
#1127 = DIRECTION ( 'NONE',  ( 1.000000000000000000, 0.000000000000000000, 0.000000000000000000 ) ) ;
#1128 = ADVANCED_FACE ( 'NONE', ( #7626 ), #5338, .F. ) ;
#1129 = FACE_OUTER_BOUND ( 'NONE', #7652, .T. ) ;
#1130 = DIRECTION ( 'NONE',  ( -1.000000000000000000, 0.000000000000000000, -0.000000000000000000 ) ) ;
#1131 = VERTEX_POINT ( 'NONE', #1071 ) ;
#1132 = ORIENTED_EDGE ( 'NONE', *, *, #6721, .F. ) ;
#1133 = DIRECTION ( 'NONE',  ( -0.000000000000000000, -1.000000000000000000, -0.000000000000000000 ) ) ;
#1134 = VERTEX_POINT ( 'NONE', #7494 ) ;
#1135 = DIRECTION ( 'NONE',  ( 2.612289469706220103E-15, -2.612289469706250080E-15, -1.000000000000000000 ) ) ;
#1136 = CARTESIAN_POINT ( 'NONE',  ( 4.249999762008569881, -1.726335649230739788, 10.58998545934429991 ) ) ;
#1137 = DIRECTION ( 'NONE',  ( 0.000000000000000000, 1.000000000000000000, 0.000000000000000000 ) ) ;
#1138 = ADVANCED_FACE ( 'NONE', ( #6239 ), #9034, .T. ) ;
#1139 = DIRECTION ( 'NONE',  ( -0.9999999999999459321, -3.289661041519070103E-07, 6.492902100456611719E-23 ) ) ;
#1140 = CARTESIAN_POINT ( 'NONE',  ( 3.499999762008581428, -4.426335649230749958, 1.575220410559260875 ) ) ;
#1141 =( NAMED_UNIT ( * ) SI_UNIT ( $, .STERADIAN. ) SOLID_ANGLE_UNIT ( ) );
#1142 = PLANE ( 'NONE',  #2755 ) ;
#1143 = ORIENTED_EDGE ( 'NONE', *, *, #3447, .F. ) ;
#1144 = CARTESIAN_POINT ( 'NONE',  ( -4.593301396868286979, -1.217814040489862748, -4.990781895779086597 ) ) ;
#1145 = ORIENTED_EDGE ( 'NONE', *, *, #7436, .T. ) ;
#1146 = DIRECTION ( 'NONE',  ( -1.000000000000000000, -0.000000000000000000, -0.000000000000000000 ) ) ;
#1147 = VERTEX_POINT ( 'NONE', #3269 ) ;
#1148 = CARTESIAN_POINT ( 'NONE',  ( 2.935098673953480564, -1.271866509722523686, 0.2999999999999999334 ) ) ;
#1149 = CARTESIAN_POINT ( 'NONE',  ( -2.488008628878231043, -1.926335649230743297, 2.772276292613189419 ) ) ;
#1150 = VECTOR ( 'NONE', #7438, 1000.000000000000000 ) ;
#1151 = FILL_AREA_STYLE ('',( #9362 ) ) ;
#1152 = CARTESIAN_POINT ( 'NONE',  ( -4.452423505825932715, -6.661981660956194595, -1.891948023038613425 ) ) ;
#1153 = DIRECTION ( 'NONE',  ( -1.000000000000000000, 0.000000000000000000, 0.000000000000000000 ) ) ;
#1154 = PLANE ( 'NONE',  #6537 ) ;
#1155 = ORIENTED_EDGE ( 'NONE', *, *, #1268, .T. ) ;
#1156 = EDGE_CURVE ( 'NONE', #1675, #2458, #6194, .T. ) ;
#1157 = ADVANCED_FACE ( 'NONE', ( #6810 ), #9308, .T. ) ;
#1158 = ORIENTED_EDGE ( 'NONE', *, *, #8687, .F. ) ;
#1159 = EDGE_LOOP ( 'NONE', ( #1779, #4216, #5540, #6158 ) ) ;
#1160 = CARTESIAN_POINT ( 'NONE',  ( -3.500000237991429231, -4.426335649230749958, 1.575220410559260875 ) ) ;
#1161 = EDGE_CURVE ( 'NONE', #4511, #3846, #3949, .T. ) ;
#1162 = SURFACE_STYLE_FILL_AREA ( #2761 ) ;
#1163 = CARTESIAN_POINT ( 'NONE',  ( -2.788008628878230866, -1.626335649230739921, 0.000000000000000000 ) ) ;
#1164 = DIRECTION ( 'NONE',  ( 1.000000000000000000, 0.000000000000000000, 0.000000000000000000 ) ) ;
#1165 =( GEOMETRIC_REPRESENTATION_CONTEXT ( 3 ) GLOBAL_UNCERTAINTY_ASSIGNED_CONTEXT ( ( #8776 ) ) GLOBAL_UNIT_ASSIGNED_CONTEXT ( ( #7144, #7899, #8487 ) ) REPRESENTATION_CONTEXT ( 'NONE', 'WORKASPACE' ) );
#1166 = DIRECTION ( 'NONE',  ( 0.000000000000000000, 0.000000000000000000, -1.000000000000000000 ) ) ;
#1167 =( BOUNDED_CURVE ( )  B_SPLINE_CURVE ( 3, ( #5866, #4504, #5096, #7426 ),
 .UNSPECIFIED., .F., .F. ) 
 B_SPLINE_CURVE_WITH_KNOTS ( ( 4, 4 ),
 ( 3.141592653589793116, 4.712388980384689674 ),
 .UNSPECIFIED. ) 
 CURVE ( )  GEOMETRIC_REPRESENTATION_ITEM ( )  RATIONAL_B_SPLINE_CURVE ( ( 1.000000000000000000, 0.8047378541243649375, 0.8047378541243649375, 1.000000000000000000 ) ) 
 REPRESENTATION_ITEM ( '' )  );
#1168 = EDGE_CURVE ( 'NONE', #811, #7730, #3232, .T. ) ;
#1169 = MECHANICAL_DESIGN_GEOMETRIC_PRESENTATION_REPRESENTATION (  '', ( #3635 ), #4846 ) ;
#1170 = EDGE_LOOP ( 'NONE', ( #540, #7180, #6510, #4036 ) ) ;
#1171 = LINE ( 'NONE', #4103, #8112 ) ;
#1172 = VECTOR ( 'NONE', #3872, 1000.000000000000000 ) ;
#1173 = AXIS2_PLACEMENT_3D ( 'NONE', #6942, #5665, #1823 ) ;
#1174 = DIRECTION ( 'NONE',  ( 0.000000000000000000, 0.000000000000000000, -1.000000000000000000 ) ) ;
#1175 = CARTESIAN_POINT ( 'NONE',  ( 2.488007452262654517, -2.339157802475784198, 7.570146519281763631 ) ) ;
#1176 = DIRECTION ( 'NONE',  ( 1.060108790874715008E-15, 1.108295554096293071E-15, -1.000000000000000000 ) ) ;
#1177 = PLANE ( 'NONE',  #8241 ) ;
#1178 = VECTOR ( 'NONE', #2353, 1000.000000000000114 ) ;
#1179 = DIRECTION ( 'NONE',  ( 1.000000000000000000, 0.000000000000000000, 0.000000000000000000 ) ) ;
#1180 = EDGE_LOOP ( 'NONE', ( #925, #3141, #3822, #9377 ) ) ;
#1181 = AXIS2_PLACEMENT_3D ( 'NONE', #3128, #2401, #8243 ) ;
#1182 = EDGE_CURVE ( 'NONE', #1974, #2789, #9117, .T. ) ;
#1183 = ORIENTED_EDGE ( 'NONE', *, *, #6660, .T. ) ;
#1184 = AXIS2_PLACEMENT_3D ( 'NONE', #5481, #3183, #5538 ) ;
#1185 = CARTESIAN_POINT ( 'NONE',  ( 0.7318685704391818536, -3.569272152702968270, 7.277088980998430046 ) ) ;
#1186 = CARTESIAN_POINT ( 'NONE',  ( -1.602906781438529604, 1.932139300074104726, 0.2999999999999999334 ) ) ;
#1187 = CARTESIAN_POINT ( 'NONE',  ( 5.499999999999949374, 3.236521918647792262, -8.751892894027582415 ) ) ;
#1188 = CARTESIAN_POINT ( 'NONE',  ( 5.503057574129068819, 3.270290059145008144, -0.07081879803284950314 ) ) ;
#1189 = VECTOR ( 'NONE', #2103, 1000.000000000000000 ) ;
#1190 = FACE_OUTER_BOUND ( 'NONE', #5587, .T. ) ;
#1191 = DIRECTION ( 'NONE',  ( -1.000000000000000000, 0.000000000000000000, 0.000000000000000000 ) ) ;
#1192 = PLANE ( 'NONE',  #606 ) ;
#1193 = VECTOR ( 'NONE', #4877, 1000.000000000000000 ) ;
#1194 = VERTEX_POINT ( 'NONE', #4042 ) ;
#1195 = CIRCLE ( 'NONE', #7769, 2.021221927182350164 ) ;
#1196 = EDGE_CURVE ( 'NONE', #1027, #3131, #6847, .T. ) ;
#1197 = CARTESIAN_POINT ( 'NONE',  ( -4.565086123373937710, -1.383208352360506099, -5.007466530069467403 ) ) ;
#1198 = VERTEX_POINT ( 'NONE', #2609 ) ;
#1199 = CARTESIAN_POINT ( 'NONE',  ( -4.483624264322700448, -1.414380291900731779, -6.820759934706209116 ) ) ;
#1200 = EDGE_LOOP ( 'NONE', ( #7082, #9198, #5653, #5291 ) ) ;
#1201 = PRESENTATION_LAYER_ASSIGNMENT (  '', '', ( #5342 ) ) ;
#1202 = PLANE ( 'NONE',  #8406 ) ;
#1203 = CIRCLE ( 'NONE', #7179, 2.243247405224330748 ) ;
#1204 = CYLINDRICAL_SURFACE ( 'NONE', #7443, 0.1000000000000002554 ) ;
#1205 = DIRECTION ( 'NONE',  ( -1.000000000000000000, -0.000000000000000000, -0.000000000000000000 ) ) ;
#1206 = CARTESIAN_POINT ( 'NONE',  ( -5.591000000000068582, 4.296441359891090883, -7.505426300442365140 ) ) ;
#1207 = AXIS2_PLACEMENT_3D ( 'NONE', #1297, #2792, #530 ) ;
#1208 = CARTESIAN_POINT ( 'NONE',  ( -2.935098673953480564, -1.271866509722523686, 4.000000000000000000 ) ) ;
#1209 = AXIS2_PLACEMENT_3D ( 'NONE', #8744, #8827, #2268 ) ;
#1210 = VERTEX_POINT ( 'NONE', #7760 ) ;
#1211 = ORIENTED_EDGE ( 'NONE', *, *, #70, .F. ) ;
#1212 = VECTOR ( 'NONE', #5995, 1000.000000000000000 ) ;
#1213 = DIRECTION ( 'NONE',  ( -0.000000000000000000, -0.000000000000000000, 1.000000000000000000 ) ) ;
#1214 = ORIENTED_EDGE ( 'NONE', *, *, #8395, .F. ) ;
#1215 = CARTESIAN_POINT ( 'NONE',  ( 8.399999999999948841, 2.184171825948720169, -3.206685749735108004 ) ) ;
#1216 = VECTOR ( 'NONE', #4631, 1000.000000000000000 ) ;
#1217 = VECTOR ( 'NONE', #8974, 1000.000000000000000 ) ;
#1218 = CARTESIAN_POINT ( 'NONE',  ( -0.8225245360204839207, 0.7000000000000086153, 7.508577557786587420 ) ) ;
#1219 = ADVANCED_FACE ( 'NONE', ( #493 ), #8535, .T. ) ;
#1220 = SURFACE_STYLE_FILL_AREA ( #4813 ) ;
#1221 = LINE ( 'NONE', #7775, #583 ) ;
#1222 = DIRECTION ( 'NONE',  ( -1.000000000000000000, 0.000000000000000000, 0.000000000000000000 ) ) ;
#1223 = VERTEX_POINT ( 'NONE', #4906 ) ;
#1224 = CARTESIAN_POINT ( 'NONE',  ( -4.050000237991429053, 6.273626543402451183, 0.1242640687119284937 ) ) ;
#1225 = VECTOR ( 'NONE', #2623, 1000.000000000000000 ) ;
#1226 = COLOUR_RGB ( '',0.6470588235294117974, 0.5176470588235293491, 0.000000000000000000 ) ;
#1227 = EDGE_CURVE ( 'NONE', #866, #3318, #1041, .T. ) ;
#1228 = EDGE_CURVE ( 'NONE', #4617, #5312, #3190, .T. ) ;
#1229 = DIRECTION ( 'NONE',  ( -0.000000000000000000, 1.000000000000000000, -0.000000000000000000 ) ) ;
#1230 = EDGE_CURVE ( 'NONE', #2328, #2180, #6376, .T. ) ;
#1231 = CIRCLE ( 'NONE', #6591, 0.7200000000000001954 ) ;
#1232 = CYLINDRICAL_SURFACE ( 'NONE', #3874, 0.1000000000000002554 ) ;
#1233 = CARTESIAN_POINT ( 'NONE',  ( 5.589160737849337757, 0.8170932621786820560, -1.750000000000001554 ) ) ;
#1234 = DIRECTION ( 'NONE',  ( 1.000000000000000000, -0.000000000000000000, -0.000000000000000000 ) ) ;
#1235 = DIRECTION ( 'NONE',  ( 0.000000000000000000, 0.000000000000000000, 1.000000000000000000 ) ) ;
#1236 = ORIENTED_EDGE ( 'NONE', *, *, #5566, .F. ) ;
#1237 = VERTEX_POINT ( 'NONE', #4182 ) ;
#1238 = VERTEX_POINT ( 'NONE', #4223 ) ;
#1239 = CARTESIAN_POINT ( 'NONE',  ( 4.645139837156036400, -5.585694816515836436, -304.8000000000000114 ) ) ;
#1240 = CARTESIAN_POINT ( 'NONE',  ( 0.9912493985045423006, 0.8367118189600939449, 6.879999998270317718 ) ) ;
#1241 = CYLINDRICAL_SURFACE ( 'NONE', #5541, 0.09999999999999939493 ) ;
#1242 = DIRECTION ( 'NONE',  ( 3.289661041519070103E-07, -0.9999999999999459321, 0.000000000000000000 ) ) ;
#1243 = FACE_OUTER_BOUND ( 'NONE', #184, .T. ) ;
#1244 = ADVANCED_FACE ( 'NONE', ( #7103 ), #582, .F. ) ;
#1245 = FILL_AREA_STYLE_COLOUR ( '', #883 ) ;
#1246 = ORIENTED_EDGE ( 'NONE', *, *, #4091, .F. ) ;
#1247 = VECTOR ( 'NONE', #8131, 1000.000000000000000 ) ;
#1248 = CARTESIAN_POINT ( 'NONE',  ( -4.593482976643946891, -1.333590018654903009, -5.007466530069469179 ) ) ;
#1249 = EDGE_LOOP ( 'NONE', ( #2801, #8569, #346, #5039 ) ) ;
#1250 = CARTESIAN_POINT ( 'NONE',  ( -4.516715869947718787, -1.381750288486601530, -6.854900965951202352 ) ) ;
#1251 = ORIENTED_EDGE ( 'NONE', *, *, #5863, .F. ) ;
#1252 = CARTESIAN_POINT ( 'NONE',  ( -5.591000000000060588, 3.518315668917007866, -12.00000000000000000 ) ) ;
#1253 = DIRECTION ( 'NONE',  ( 1.000000000000000000, -0.000000000000000000, -0.000000000000000000 ) ) ;
#1254 = CARTESIAN_POINT ( 'NONE',  ( -1.000000000000000000, 1.000000000000000000, 18.91092414158229928 ) ) ;
#1255 = FACE_OUTER_BOUND ( 'NONE', #8218, .T. ) ;
#1256 = DIRECTION ( 'NONE',  ( 1.807003620809174583E-15, 0.000000000000000000, -1.000000000000000000 ) ) ;
#1257 = EDGE_CURVE ( 'NONE', #6659, #3439, #8138, .T. ) ;
#1258 = AXIS2_PLACEMENT_3D ( 'NONE', #7558, #6168, #7647 ) ;
#1259 = LINE ( 'NONE', #7104, #2260 ) ;
#1260 = ORIENTED_EDGE ( 'NONE', *, *, #3579, .F. ) ;
#1261 = ORIENTED_EDGE ( 'NONE', *, *, #4780, .T. ) ;
#1262 = CARTESIAN_POINT ( 'NONE',  ( 8.499999999999948486, 0.8585146184159916372, -0.1659970855602117823 ) ) ;
#1263 = VERTEX_POINT ( 'NONE', #3511 ) ;
#1264 = CARTESIAN_POINT ( 'NONE',  ( 8.409481443696563474, 2.184171825948720169, -3.206685749735108004 ) ) ;
#1265 = CARTESIAN_POINT ( 'NONE',  ( -5.591000000000060588, 1.571505490158367824, -2.123190884288185920 ) ) ;
#1266 = CARTESIAN_POINT ( 'NONE',  ( -2.788008628878230422, -1.608179255137621277, 0.000000000000000000 ) ) ;
#1267 = DIRECTION ( 'NONE',  ( -0.000000000000000000, -0.000000000000000000, -1.000000000000000000 ) ) ;
#1268 = EDGE_CURVE ( 'NONE', #2345, #7192, #1959, .T. ) ;
#1269 = FACE_OUTER_BOUND ( 'NONE', #5270, .T. ) ;
#1270 = EDGE_LOOP ( 'NONE', ( #2683, #1296, #3574, #6861 ) ) ;
#1271 = DIRECTION ( 'NONE',  ( 0.000000000000000000, -1.000000000000000000, 0.000000000000000000 ) ) ;
#1272 = AXIS2_PLACEMENT_3D ( 'NONE', #4862, #1939, #9322 ) ;
#1273 = FACE_OUTER_BOUND ( 'NONE', #445, .T. ) ;
#1274 = CARTESIAN_POINT ( 'NONE',  ( 2.488007382225099207, -2.339157802475827275, 8.856534637527349929 ) ) ;
#1275 = CARTESIAN_POINT ( 'NONE',  ( 5.501127778393531287, 0.7343621700773476091, -1.726286678828698129 ) ) ;
#1276 = CARTESIAN_POINT ( 'NONE',  ( 5.499999999999949374, 0.7170932621786819672, -0.02457572932290244538 ) ) ;
#1277 = CARTESIAN_POINT ( 'NONE',  ( -4.500262456516552767, -1.096958020472644568, -5.104096704657258954 ) ) ;
#1278 = VERTEX_POINT ( 'NONE', #9363 ) ;
#1279 = EDGE_CURVE ( 'NONE', #1493, #1074, #8489, .T. ) ;
#1280 = ADVANCED_FACE ( 'NONE', ( #4138 ), #7061, .F. ) ;
#1281 = ORIENTED_EDGE ( 'NONE', *, *, #5863, .T. ) ;
#1282 = FACE_OUTER_BOUND ( 'NONE', #1180, .T. ) ;
#1283 = CARTESIAN_POINT ( 'NONE',  ( 1.000000004195001235, 0.8367118347829748393, 6.880000000000001670 ) ) ;
#1284 = CARTESIAN_POINT ( 'NONE',  ( -4.500107396240891511, -1.275702287286594627, -6.799999999999972289 ) ) ;
#1285 = CARTESIAN_POINT ( 'NONE',  ( 2.488006595590550152, 0.05207503001323490754, 8.856534637527349929 ) ) ;
#1286 = EDGE_CURVE ( 'NONE', #7615, #487, #4252, .T. ) ;
#1287 = LINE ( 'NONE', #8578, #4263 ) ;
#1288 = DIRECTION ( 'NONE',  ( 0.000000000000000000, 0.000000000000000000, 1.000000000000000000 ) ) ;
#1289 = CARTESIAN_POINT ( 'NONE',  ( -4.250000237991429231, 6.073626543402451006, 0.1242640687119284659 ) ) ;
#1290 = ORIENTED_EDGE ( 'NONE', *, *, #3058, .T. ) ;
#1291 = VERTEX_POINT ( 'NONE', #6293 ) ;
#1292 = ADVANCED_FACE ( 'NONE', ( #2073 ), #2029, .T. ) ;
#1293 = CARTESIAN_POINT ( 'NONE',  ( -4.564943456722336812, -1.383208352360506099, -4.990781895779084820 ) ) ;
#1294 = VERTEX_POINT ( 'NONE', #1927 ) ;
#1295 = CARTESIAN_POINT ( 'NONE',  ( -4.511771243448943203, -1.218599879661447449, -7.179240208153211178 ) ) ;
#1296 = ORIENTED_EDGE ( 'NONE', *, *, #2179, .T. ) ;
#1297 = CARTESIAN_POINT ( 'NONE',  ( -1.000000000000000000, 0.7000000000000081712, 7.205220410559250332 ) ) ;
#1298 = CARTESIAN_POINT ( 'NONE',  ( 5.530062024911416074, 2.190658106003920746, -8.765632488723252180 ) ) ;
#1299 = CARTESIAN_POINT ( 'NONE',  ( 4.049999762008570592, -1.726335649230739788, 11.85091001134370003 ) ) ;
#1300 = DIRECTION ( 'NONE',  ( -0.000000000000000000, 1.000000000000000000, 0.000000000000000000 ) ) ;
#1301 = DIRECTION ( 'NONE',  ( 0.000000000000000000, 0.000000000000000000, -1.000000000000000000 ) ) ;
#1302 = CARTESIAN_POINT ( 'NONE',  ( -5.591000000000060588, 5.337783869614061594, -12.00000000000000000 ) ) ;
#1303 = ORIENTED_EDGE ( 'NONE', *, *, #8540, .T. ) ;
#1304 = VERTEX_POINT ( 'NONE', #7859 ) ;
#1305 = ORIENTED_EDGE ( 'NONE', *, *, #8288, .T. ) ;
#1306 = EDGE_CURVE ( 'NONE', #6185, #6341, #6334, .T. ) ;
#1307 = CLOSED_SHELL ( 'NONE', ( #6257, #2397, #1638, #5047, #3403, #1996, #4771, #1330, #8492, #8370 ) ) ;
#1308 = CARTESIAN_POINT ( 'NONE',  ( 8.427986211008503759, 2.187315727042054903, -3.202689770449787865 ) ) ;
#1309 = DIRECTION ( 'NONE',  ( 6.492902100456260246E-23, 2.135944708626944851E-29, 1.000000000000000000 ) ) ;
#1310 = DIRECTION ( 'NONE',  ( -0.000000000000000000, -0.000000000000000000, -1.000000000000000000 ) ) ;
#1311 = CARTESIAN_POINT ( 'NONE',  ( -4.242191822521541589, -1.723732844074111759, 0.2214751072580559976 ) ) ;
#1312 = PRESENTATION_STYLE_ASSIGNMENT (( #2664 ) ) ;
#1313 = ORIENTED_EDGE ( 'NONE', *, *, #77, .T. ) ;
#1314 = DIRECTION ( 'NONE',  ( -1.000000000000000000, 0.000000000000000000, 0.000000000000000000 ) ) ;
#1315 = EDGE_LOOP ( 'NONE', ( #1999, #7786, #7202, #3223 ) ) ;
#1316 = ADVANCED_FACE ( 'NONE', ( #2696 ), #5620, .F. ) ;
#1317 = CARTESIAN_POINT ( 'NONE',  ( 5.599999999999949907, 0.8170932621786317629, -10.24999999999996980 ) ) ;
#1318 = CARTESIAN_POINT ( 'NONE',  ( 4.049999762008570592, 3.914972254309967425, 5.808574268657101136 ) ) ;
#1319 = CARTESIAN_POINT ( 'NONE',  ( -5.400000000000059863, -1.275702287286611059, -4.930344445382288221 ) ) ;
#1320 = FACE_OUTER_BOUND ( 'NONE', #4608, .T. ) ;
#1321 = CARTESIAN_POINT ( 'NONE',  ( 3.499999762008580539, -3.176335649230749514, 1.575220410559260209 ) ) ;
#1322 = LINE ( 'NONE', #4247, #1505 ) ;
#1323 = CIRCLE ( 'NONE', #1944, 0.7200000000000001954 ) ;
#1324 = ORIENTED_EDGE ( 'NONE', *, *, #5781, .T. ) ;
#1325 = SURFACE_STYLE_FILL_AREA ( #560 ) ;
#1326 = CARTESIAN_POINT ( 'NONE',  ( 0.9069005253227334640, 0.7473692030579505152, 6.880000000000380034 ) ) ;
#1327 = SURFACE_SIDE_STYLE ('',( #4207 ) ) ;
#1328 = COLOUR_RGB ( '',0.9019607843137255054, 0.9019607843137255054, 0.9019607843137255054 ) ;
#1329 = CARTESIAN_POINT ( 'NONE',  ( -5.500000000000060396, 0.9675451179377199118, -7.069655554617711779 ) ) ;
#1330 = ADVANCED_FACE ( 'NONE', ( #635 ), #3560, .T. ) ;
#1331 = CARTESIAN_POINT ( 'NONE',  ( 0.6599999999999948130, 0.7000000000000005107, 6.865220410559229158 ) ) ;
#1332 = DIRECTION ( 'NONE',  ( 0.000000000000000000, 0.000000000000000000, 1.000000000000000000 ) ) ;
#1333 = AXIS2_PLACEMENT_3D ( 'NONE', #7837, #7079, #2673 ) ;
#1334 = TOROIDAL_SURFACE ( 'NONE', #2563, 2.143247405224331104, 0.1000000000000000056 ) ;
#1335 = DIRECTION ( 'NONE',  ( 3.947459643111233114E-16, 1.298580398550210865E-22, 1.000000000000000000 ) ) ;
#1336 = ORIENTED_EDGE ( 'NONE', *, *, #7385, .F. ) ;
#1337 = ORIENTED_EDGE ( 'NONE', *, *, #6788, .F. ) ;
#1338 = AXIS2_PLACEMENT_3D ( 'NONE', #6387, #9417, #2763 ) ;
#1339 = EDGE_CURVE ( 'NONE', #7192, #5509, #2886, .T. ) ;
#1340 = CARTESIAN_POINT ( 'NONE',  ( -4.519772348937345363, -1.449366130634644145, -4.990781895779083044 ) ) ;
#1341 = ORIENTED_EDGE ( 'NONE', *, *, #7430, .T. ) ;
#1342 = CARTESIAN_POINT ( 'NONE',  ( -4.475379997074901084, -1.381750288486601752, -7.213381100741846907 ) ) ;
#1343 = ORIENTED_EDGE ( 'NONE', *, *, #6355, .T. ) ;
#1344 = VECTOR ( 'NONE', #5855, 1000.000000000000000 ) ;
#1346 = CIRCLE ( 'NONE', #8055, 0.4919261306450209981 ) ;
#1345 = LINE ( 'NONE', #1252, #9331 ) ;
#1347 = LINE ( 'NONE', #2883, #1511 ) ;
#1348 = ADVANCED_FACE ( 'NONE', ( #723 ), #6616, .T. ) ;
#1349 = VECTOR ( 'NONE', #6078, 1000.000000000000114 ) ;
#1350 = FACE_OUTER_BOUND ( 'NONE', #6658, .T. ) ;
#1351 = CARTESIAN_POINT ( 'NONE',  ( -2.935098673953480564, -1.271866509722523686, 4.000000000000000000 ) ) ;
#1352 = AXIS2_PLACEMENT_3D ( 'NONE', #1487, #4325, #5049 ) ;
#1353 = CARTESIAN_POINT ( 'NONE',  ( 0.6532000000000000028, 0.6532000000000000028, 9.475924141582259708 ) ) ;
#1354 = ORIENTED_EDGE ( 'NONE', *, *, #7278, .T. ) ;
#1355 = VERTEX_POINT ( 'NONE', #8146 ) ;
#1356 = MECHANICAL_DESIGN_GEOMETRIC_PRESENTATION_REPRESENTATION (  '', ( #5953 ), #8851 ) ;
#1357 = SURFACE_STYLE_FILL_AREA ( #2842 ) ;
#1358 = EDGE_LOOP ( 'NONE', ( #2878, #3407, #7643, #1405, #9132 ) ) ;
#1359 = CARTESIAN_POINT ( 'NONE',  ( -2.534983887501661037, 6.265387365725998414, 10.66538788517761027 ) ) ;
#1360 = VERTEX_POINT ( 'NONE', #3609 ) ;
#1361 = CARTESIAN_POINT ( 'NONE',  ( 1.000000000000000000, -1.863163407847409969, 7.205220410559250332 ) ) ;
#1362 = AXIS2_PLACEMENT_3D ( 'NONE', #4066, #6274, #604 ) ;
#1363 = CARTESIAN_POINT ( 'NONE',  ( 8.499995599990189277, 2.260573144643747590, -8.892231101837602125 ) ) ;
#1364 = CARTESIAN_POINT ( 'NONE',  ( -4.106596852685431287, -1.678534520795407214, 0.03233254598207395414 ) ) ;
#1365 = ORIENTED_EDGE ( 'NONE', *, *, #6300, .T. ) ;
#1366 = AXIS2_PLACEMENT_3D ( 'NONE', #172, #7510, #947 ) ;
#1367 = EDGE_CURVE ( 'NONE', #8880, #9301, #9473, .T. ) ;
#1368 = DIRECTION ( 'NONE',  ( 0.000000000000000000, 0.000000000000000000, -1.000000000000000000 ) ) ;
#1369 = ORIENTED_EDGE ( 'NONE', *, *, #2519, .T. ) ;
#1370 = VECTOR ( 'NONE', #5254, 1000.000000000000000 ) ;
#1371 = VECTOR ( 'NONE', #5394, 1000.000000000000000 ) ;
#1372 = DIRECTION ( 'NONE',  ( 0.000000000000000000, -1.000000000000000000, 1.221676898501524622E-16 ) ) ;
#1373 = CARTESIAN_POINT ( 'NONE',  ( 3.017933635599316933, 4.784221121338601002, -9.984447609032493176 ) ) ;
#1374 = CARTESIAN_POINT ( 'NONE',  ( 8.458578643762640681, 3.195100562410515987, -3.206685749735108004 ) ) ;
#1375 = LINE ( 'NONE', #4303, #5555 ) ;
#1376 = VECTOR ( 'NONE', #6825, 1000.000000000000000 ) ;
#1377 = CARTESIAN_POINT ( 'NONE',  ( 5.523242423846936866, 0.7820870483304215304, -1.739486365504532062 ) ) ;
#1378 = VECTOR ( 'NONE', #369, 1000.000000000000000 ) ;
#1379 = FACE_OUTER_BOUND ( 'NONE', #857, .T. ) ;
#1380 = ADVANCED_FACE ( 'NONE', ( #6518 ), #5187, .F. ) ;
#1381 = DIRECTION ( 'NONE',  ( 0.000000000000000000, 0.000000000000000000, 1.000000000000000000 ) ) ;
#1382 = VECTOR ( 'NONE', #4309, 1000.000000000000000 ) ;
#1383 = ORIENTED_EDGE ( 'NONE', *, *, #3703, .F. ) ;
#1384 = DIRECTION ( 'NONE',  ( 0.000000000000000000, 0.000000000000000000, -1.000000000000000000 ) ) ;
#1385 = LINE ( 'NONE', #4310, #7640 ) ;
#1386 = CYLINDRICAL_SURFACE ( 'NONE', #1850, 0.3638095225290500778 ) ;
#1387 = CARTESIAN_POINT ( 'NONE',  ( -1.089011791851710598, 0.7000000000000082823, 7.545220410559250190 ) ) ;
#1388 = CARTESIAN_POINT ( 'NONE',  ( 5.570633756667294101, 0.8133577948000955127, -10.25115369361887829 ) ) ;
#1389 = EDGE_CURVE ( 'NONE', #2213, #6791, #1167, .T. ) ;
#1390 = CARTESIAN_POINT ( 'NONE',  ( 5.541421356237258955, 0.8170932621786125560, -11.87542427067706896 ) ) ;
#1391 = LINE ( 'NONE', #7233, #8561 ) ;
#1392 = ORIENTED_EDGE ( 'NONE', *, *, #6816, .F. ) ;
#1393 = CARTESIAN_POINT ( 'NONE',  ( -4.441832147733399516, -1.482445019771708949, -4.790566284294476951 ) ) ;
#1394 = ORIENTED_EDGE ( 'NONE', *, *, #796, .T. ) ;
#1395 = CARTESIAN_POINT ( 'NONE',  ( -4.518191387052016061, -1.414380291900731779, -7.110958422975937054 ) ) ;
#1396 = EDGE_LOOP ( 'NONE', ( #7465, #5518, #8172, #1875, #1590, #3944 ) ) ;
#1397 = LINE ( 'NONE', #3413, #8716 ) ;
#1398 = CARTESIAN_POINT ( 'NONE',  ( 5.499999999999949374, 3.179930804371467801, -0.02457572932289660630 ) ) ;
#1399 = LINE ( 'NONE', #7382, #549 ) ;
#1400 = LINE ( 'NONE', #5718, #3897 ) ;
#1401 = CARTESIAN_POINT ( 'NONE',  ( -0.7477006264186545348, 3.119626425554262283, 8.856534637527339271 ) ) ;
#1402 = EDGE_CURVE ( 'NONE', #4793, #5120, #132, .T. ) ;
#1403 = LINE ( 'NONE', #4326, #2411 ) ;
#1404 = CARTESIAN_POINT ( 'NONE',  ( -2.488008628878235928, -2.339157802475678505, 4.356534637527348153 ) ) ;
#1405 = ORIENTED_EDGE ( 'NONE', *, *, #7474, .F. ) ;
#1406 = ORIENTED_EDGE ( 'NONE', *, *, #8835, .F. ) ;
#1407 = ADVANCED_FACE ( 'NONE', ( #8821 ), #3030, .F. ) ;
#1408 = EDGE_CURVE ( 'NONE', #4617, #8636, #3197, .T. ) ;
#1409 = FILL_AREA_STYLE ('',( #588 ) ) ;
#1410 = ORIENTED_EDGE ( 'NONE', *, *, #8132, .F. ) ;
#1411 = CARTESIAN_POINT ( 'NONE',  ( 8.445227853861291933, 2.192335608083312515, -3.196300317912708078 ) ) ;
#1412 = VERTEX_POINT ( 'NONE', #3083 ) ;
#1413 = CARTESIAN_POINT ( 'NONE',  ( 1.602906781438529604, 3.564331192589055508, 0.2999999999999999334 ) ) ;
#1414 = CARTESIAN_POINT ( 'NONE',  ( 8.490861642119380548, 2.229504295668333747, -8.851551084772205868 ) ) ;
#1415 = DIRECTION ( 'NONE',  ( 0.000000000000000000, -1.000000000000000000, 0.000000000000000000 ) ) ;
#1416 = EDGE_CURVE ( 'NONE', #9193, #1027, #5956, .T. ) ;
#1417 = FACE_OUTER_BOUND ( 'NONE', #1601, .T. ) ;
#1418 = VERTEX_POINT ( 'NONE', #1401 ) ;
#1419 = ORIENTED_EDGE ( 'NONE', *, *, #3534, .T. ) ;
#1420 = PLANE ( 'NONE',  #4722 ) ;
#1421 = LINE ( 'NONE', #2854, #6427 ) ;
#1422 = CARTESIAN_POINT ( 'NONE',  ( 5.508175451154676772, 3.255300643803620719, -11.92561964769407190 ) ) ;
#1423 = DIRECTION ( 'NONE',  ( -1.000000000000000000, 0.000000000000000000, 0.000000000000000000 ) ) ;
#1424 = CARTESIAN_POINT ( 'NONE',  ( -4.050000237991429053, -1.926335649230739744, 10.38998545934429885 ) ) ;
#1425 = DIRECTION ( 'NONE',  ( 0.000000000000000000, 1.000000000000000000, 0.000000000000000000 ) ) ;
#1426 = AXIS2_PLACEMENT_3D ( 'NONE', #3811, #340, #4515 ) ;
#1427 = EDGE_LOOP ( 'NONE', ( #8980, #6708, #7469, #4410, #2023, #5596 ) ) ;
#1428 = ADVANCED_FACE ( 'NONE', ( #8047 ), #5139, .T. ) ;
#1429 = PLANE ( 'NONE',  #8887 ) ;
#1430 = CARTESIAN_POINT ( 'NONE',  ( 8.399999999999948841, 3.195100562410515543, -3.206685749735108004 ) ) ;
#1431 = DIRECTION ( 'NONE',  ( -1.000000000000000000, -0.000000000000000000, -0.000000000000000000 ) ) ;
#1432 = CARTESIAN_POINT ( 'NONE',  ( 4.249999762008569881, -2.139157802475679659, 10.58998545934429991 ) ) ;
#1433 = CARTESIAN_POINT ( 'NONE',  ( 4.049999762008569704, 4.972880154081113169, 10.80857426865710202 ) ) ;
#1434 = CARTESIAN_POINT ( 'NONE',  ( -2.986120869726938132, 5.076540080366747532, -4.992236348263475954 ) ) ;
#1435 = ORIENTED_EDGE ( 'NONE', *, *, #9011, .F. ) ;
#1436 = ORIENTED_EDGE ( 'NONE', *, *, #6816, .T. ) ;
#1437 = CARTESIAN_POINT ( 'NONE',  ( -4.494067583604961946, -1.267432240380761410, -4.790566284294484056 ) ) ;
#1438 = VERTEX_POINT ( 'NONE', #6573 ) ;
#1439 = ADVANCED_FACE ( 'NONE', ( #9 ), #4465, .T. ) ;
#1440 = CARTESIAN_POINT ( 'NONE',  ( -4.440355894683606586, -1.071764276666104854, -7.213381100741846019 ) ) ;
#1441 = EDGE_LOOP ( 'NONE', ( #2569, #3251, #3133, #4470 ) ) ;
#1442 = CARTESIAN_POINT ( 'NONE',  ( 3.442354257981283805, 4.452858754446012313, -1.994818029325622355 ) ) ;
#1443 = CARTESIAN_POINT ( 'NONE',  ( 8.499999999999948486, 0.8170932621786820560, -1.750000000000001554 ) ) ;
#1444 =( NAMED_UNIT ( * ) SI_UNIT ( $, .STERADIAN. ) SOLID_ANGLE_UNIT ( ) );
#1445 = CARTESIAN_POINT ( 'NONE',  ( -3.500000237991429231, -4.226335649230749780, 2.095220410559260671 ) ) ;
#1446 = CARTESIAN_POINT ( 'NONE',  ( 8.458578643762640681, 3.195100562410483569, -8.793314250264888443 ) ) ;
#1447 = CARTESIAN_POINT ( 'NONE',  ( 0.9008451486024393606, -1.926335649230775049, 6.879999999999999893 ) ) ;
#1448 = ORIENTED_EDGE ( 'NONE', *, *, #5330, .F. ) ;
#1449 = ORIENTED_EDGE ( 'NONE', *, *, #8901, .F. ) ;
#1450 = CARTESIAN_POINT ( 'NONE',  ( -4.250000237991429231, -1.726335649230739788, 10.58998545934429991 ) ) ;
#1451 = ORIENTED_EDGE ( 'NONE', *, *, #1339, .F. ) ;
#1452 = PLANE ( 'NONE',  #761 ) ;
#1453 = ORIENTED_EDGE ( 'NONE', *, *, #5036, .T. ) ;
#1454 = DIRECTION ( 'NONE',  ( 0.000000000000000000, 0.000000000000000000, 1.000000000000000000 ) ) ;
#1455 = CARTESIAN_POINT ( 'NONE',  ( 8.498920306187446982, 2.247082111491956802, -8.874463916289494492 ) ) ;
#1456 = CARTESIAN_POINT ( 'NONE',  ( 1.499999999999939826, -1.468035014617230072, -0.9929644752390694995 ) ) ;
#1457 = EDGE_CURVE ( 'NONE', #84, #1974, #426, .T. ) ;
#1458 = ADVANCED_FACE ( 'NONE', ( #4417 ), #7338, .F. ) ;
#1459 = FACE_OUTER_BOUND ( 'NONE', #9146, .T. ) ;
#1460 = ORIENTED_EDGE ( 'NONE', *, *, #3995, .F. ) ;
#1461 = ORIENTED_EDGE ( 'NONE', *, *, #6960, .F. ) ;
#1462 = CARTESIAN_POINT ( 'NONE',  ( 5.599999999999949907, 2.184171825948686418, -8.793314250264877785 ) ) ;
#1463 = EDGE_CURVE ( 'NONE', #8615, #2360, #8101, .T. ) ;
#1464 =( LENGTH_UNIT ( ) NAMED_UNIT ( * ) SI_UNIT ( .MILLI., .METRE. ) );
#1465 = CARTESIAN_POINT ( 'NONE',  ( 5.500937730408015369, 3.281022101940992197, -11.92736571037655224 ) ) ;
#1466 = ADVANCED_FACE ( 'NONE', ( #9016 ), #3989, .T. ) ;
#1467 = CARTESIAN_POINT ( 'NONE',  ( 8.399999999999948841, 3.195100562410515543, -3.206685749735108004 ) ) ;
#1468 = CYLINDRICAL_SURFACE ( 'NONE', #6549, 0.09999999999999982514 ) ;
#1469 = EDGE_LOOP ( 'NONE', ( #6589, #2418, #9024, #6970, #6579, #2504, #1336, #4596 ) ) ;
#1470 = CARTESIAN_POINT ( 'NONE',  ( -4.246445016640411296, 4.375132780679524380, 5.808574268657101136 ) ) ;
#1471 = CARTESIAN_POINT ( 'NONE',  ( -2.488007230840694195, -1.271866509722523686, 4.000000000000000000 ) ) ;
#1472 = LINE ( 'NONE', #7323, #256 ) ;
#1473 = DIRECTION ( 'NONE',  ( -1.000000000000000000, -0.000000000000000000, -0.000000000000000000 ) ) ;
#1474 = DIRECTION ( 'NONE',  ( 0.000000000000000000, 0.000000000000000000, 1.000000000000000000 ) ) ;
#1475 = LINE ( 'NONE', #7373, #757 ) ;
#1476 = ORIENTED_EDGE ( 'NONE', *, *, #7023, .F. ) ;
#1477 =( BOUNDED_CURVE ( )  B_SPLINE_CURVE ( 3, ( #92, #5764, #1544, #3561 ),
 .UNSPECIFIED., .F., .T. ) 
 B_SPLINE_CURVE_WITH_KNOTS ( ( 4, 4 ),
 ( 4.424354650431986613, 4.712388980384689674 ),
 .UNSPECIFIED. ) 
 CURVE ( )  GEOMETRIC_REPRESENTATION_ITEM ( )  RATIONAL_B_SPLINE_CURVE ( ( 1.000000000000000000, 0.9930982934375078841, 0.9930982934375078841, 1.000000000000000000 ) ) 
 REPRESENTATION_ITEM ( '' )  );
#1478 = ADVANCED_FACE ( 'NONE', ( #6893 ), #5154, .F. ) ;
#1479 = AXIS2_PLACEMENT_3D ( 'NONE', #5298, #27, #5888 ) ;
#1480 = CARTESIAN_POINT ( 'NONE',  ( -4.513600044297230163, -1.217814040489860306, -4.823935552875250110 ) ) ;
#1481 = ORIENTED_EDGE ( 'NONE', *, *, #5989, .F. ) ;
#1482 = CARTESIAN_POINT ( 'NONE',  ( -4.483624320468741153, -1.137024544664035686, -7.179240208153211178 ) ) ;
#1483 = DIRECTION ( 'NONE',  ( -1.000000000000000000, -0.000000000000000000, 0.000000000000000000 ) ) ;
#1484 =( NAMED_UNIT ( * ) SI_UNIT ( $, .STERADIAN. ) SOLID_ANGLE_UNIT ( ) );
#1485 = B_SPLINE_CURVE_WITH_KNOTS ( 'NONE', 3,
 ( #9349, #7658, #4788, #5606, #7848, #1913, #7701, #1188, #3351, #2782, #6940, #2637, #7130, #4166, #8520, #3300, #1869, #9289, #4071, #519, #419, #1097, #6360, #6985, #4029 ),
 .UNSPECIFIED., .F., .F.,
 ( 4, 3, 3, 3, 3, 3, 3, 3, 4 ),
 ( 0.0003644689307232891907, 0.0003766741608671623294, 0.0003877029540785762026, 0.0003987530705291001472, 0.0004119255378629006997, 0.0004422515529773316271, 0.0004818747368421712370, 0.0005087153331955726653, 0.0005358002678404111046 ),
 .UNSPECIFIED. ) ;
#1486 = AXIS2_PLACEMENT_3D ( 'NONE', #8579, #9291, #1288 ) ;
#1487 = CARTESIAN_POINT ( 'NONE',  ( -4.050000237991429053, 6.073626543402451006, 5.608574268657101847 ) ) ;
#1488 = LINE ( 'NONE', #2262, #1948 ) ;
#1489 = CARTESIAN_POINT ( 'NONE',  ( -1.000000000000039968, 0.7804188904419450123, 6.865171329269159628 ) ) ;
#1490 = ORIENTED_EDGE ( 'NONE', *, *, #8432, .F. ) ;
#1491 = ADVANCED_FACE ( 'NONE', ( #6842 ), #6091, .T. ) ;
#1492 = VERTEX_POINT ( 'NONE', #7527 ) ;
#1493 = VERTEX_POINT ( 'NONE', #2400 ) ;
#1494 = VECTOR ( 'NONE', #7981, 1000.000000000000000 ) ;
#1495 = AXIS2_PLACEMENT_3D ( 'NONE', #3290, #1271, #1368 ) ;
#1496 = ORIENTED_EDGE ( 'NONE', *, *, #1997, .F. ) ;
#1497 = DIRECTION ( 'NONE',  ( -1.000000000000000000, 0.000000000000000000, 0.000000000000000000 ) ) ;
#1498 = ORIENTED_EDGE ( 'NONE', *, *, #1268, .F. ) ;
#1499 = CARTESIAN_POINT ( 'NONE',  ( -4.050000237991429053, 4.337590152354478867, 5.808574268657101136 ) ) ;
#1500 = CYLINDRICAL_SURFACE ( 'NONE', #1889, 0.09999999999999999167 ) ;
#1501 = LINE ( 'NONE', #4434, #6240 ) ;
#1502 = DIRECTION ( 'NONE',  ( 0.000000000000000000, 0.000000000000000000, -1.000000000000000000 ) ) ;
#1503 = VERTEX_POINT ( 'NONE', #920 ) ;
#1504 = ORIENTED_EDGE ( 'NONE', *, *, #548, .T. ) ;
#1505 = VECTOR ( 'NONE', #2722, 1000.000000000000000 ) ;
#1506 = AXIS2_PLACEMENT_3D ( 'NONE', #3741, #9438, #7414 ) ;
#1507 = FACE_OUTER_BOUND ( 'NONE', #2489, .T. ) ;
#1508 = EDGE_CURVE ( 'NONE', #106, #5858, #6399, .T. ) ;
#1509 = CIRCLE ( 'NONE', #6859, 1.743247405224330970 ) ;
#1510 = CARTESIAN_POINT ( 'NONE',  ( 5.499999999999949374, 0.7170932621786313410, -10.27816337099007526 ) ) ;
#1511 = VECTOR ( 'NONE', #7815, 1000.000000000000000 ) ;
#1512 = APPLICATION_PROTOCOL_DEFINITION ( 'draft international standard', 'automotive_design', 1998, #1533 ) ;
#1513 = CYLINDRICAL_SURFACE ( 'NONE', #2497, 0.7200000000000001954 ) ;
#1514 = AXIS2_PLACEMENT_3D ( 'NONE', #5557, #5599, #9138 ) ;
#1515 = CARTESIAN_POINT ( 'NONE',  ( 1.000000000000000000, 0.6600000000000000311, 7.505220410559251043 ) ) ;
#1516 = FACE_OUTER_BOUND ( 'NONE', #3340, .T. ) ;
#1517 = VECTOR ( 'NONE', #4322, 1000.000000000000000 ) ;
#1518 = STYLED_ITEM ( 'NONE', ( #8599 ), #7545 ) ;
#1519 = LINE ( 'NONE', #7314, #3808 ) ;
#1520 = CIRCLE ( 'NONE', #8410, 0.2000000000000000944 ) ;
#1521 = EDGE_CURVE ( 'NONE', #1294, #5922, #1770, .T. ) ;
#1522 = EDGE_CURVE ( 'NONE', #1294, #5951, #8394, .T. ) ;
#1523 = ORIENTED_EDGE ( 'NONE', *, *, #2292, .F. ) ;
#1524 = CARTESIAN_POINT ( 'NONE',  ( -0.7477005242537131391, 2.420857981308560447, 4.000000000000000000 ) ) ;
#1525 = CIRCLE ( 'NONE', #7038, 1.332191892514950737 ) ;
#1526 = FACE_OUTER_BOUND ( 'NONE', #6329, .T. ) ;
#1527 = LINE ( 'NONE', #2869, #8369 ) ;
#1528 = FACE_BOUND ( 'NONE', #3164, .T. ) ;
#1529 = DIRECTION ( 'NONE',  ( -3.289661041519070103E-07, 0.9999999999999459321, -0.000000000000000000 ) ) ;
#1530 = CARTESIAN_POINT ( 'NONE',  ( 4.049999762008570592, -1.926335649230739744, 2.772276292613194748 ) ) ;
#1531 = ORIENTED_EDGE ( 'NONE', *, *, #7694, .T. ) ;
#1532 = ORIENTED_EDGE ( 'NONE', *, *, #1813, .T. ) ;
#1533 = APPLICATION_CONTEXT ( 'automotive_design' ) ;
#1534 = CIRCLE ( 'NONE', #7198, 0.3400000000000000244 ) ;
#1535 = LINE ( 'NONE', #6511, #5347 ) ;
#1536 = VERTEX_POINT ( 'NONE', #1822 ) ;
#1537 = CARTESIAN_POINT ( 'NONE',  ( -4.498009564263385052, -1.071764276666104854, -7.008535606553673247 ) ) ;
#1538 = FACE_OUTER_BOUND ( 'NONE', #3596, .T. ) ;
#1539 = PRESENTATION_STYLE_ASSIGNMENT (( #5136 ) ) ;
#1540 = EDGE_CURVE ( 'NONE', #8008, #6148, #4721, .T. ) ;
#1541 = LINE ( 'NONE', #4464, #6366 ) ;
#1542 =( BOUNDED_CURVE ( )  B_SPLINE_CURVE ( 3, ( #2558, #5588, #6114, #3319 ),
 .UNSPECIFIED., .F., .T. ) 
 B_SPLINE_CURVE_WITH_KNOTS ( ( 4, 4 ),
 ( 4.712388980384689674, 6.283185307179586232 ),
 .UNSPECIFIED. ) 
 CURVE ( )  GEOMETRIC_REPRESENTATION_ITEM ( )  RATIONAL_B_SPLINE_CURVE ( ( 1.000000000000000000, 0.8047378541243649375, 0.8047378541243649375, 1.000000000000000000 ) ) 
 REPRESENTATION_ITEM ( '' )  );
#1543 = DIRECTION ( 'NONE',  ( 0.000000000000000000, -1.000000000000000000, 0.000000000000000000 ) ) ;
#1544 = CARTESIAN_POINT ( 'NONE',  ( 2.497439238278132301, 6.273626543402449407, 5.627843235951048406 ) ) ;
#1545 = ORIENTED_EDGE ( 'NONE', *, *, #6489, .F. ) ;
#1546 = ORIENTED_EDGE ( 'NONE', *, *, #1182, .T. ) ;
#1547 = CARTESIAN_POINT ( 'NONE',  ( 4.645139837156031959, -3.834801901544083957, -9.059037846064184052 ) ) ;
#1548 = VERTEX_POINT ( 'NONE', #3127 ) ;
#1549 = FACE_OUTER_BOUND ( 'NONE', #1829, .T. ) ;
#1550 = EDGE_LOOP ( 'NONE', ( #2143, #1504, #1631, #7975 ) ) ;
#1551 = ADVANCED_FACE ( 'NONE', ( #7661 ), #233, .F. ) ;
#1552 = CARTESIAN_POINT ( 'NONE',  ( 4.049999762008570592, -2.339157802475679837, 7.570146519281761854 ) ) ;
#1553 = CARTESIAN_POINT ( 'NONE',  ( -2.534983887501661037, 6.265387365725998414, 5.808574268657101136 ) ) ;
#1554 = CARTESIAN_POINT ( 'NONE',  ( -4.037378949650316073, 6.235762678379110469, 0.1489148333228902943 ) ) ;
#1555 = AXIS2_PLACEMENT_3D ( 'NONE', #5169, #34, #5124 ) ;
#1556 = SURFACE_STYLE_USAGE ( .BOTH. , #1600 ) ;
#1557 = ORIENTED_EDGE ( 'NONE', *, *, #523, .T. ) ;
#1558 = ORIENTED_EDGE ( 'NONE', *, *, #2604, .F. ) ;
#1559 = DIRECTION ( 'NONE',  ( -3.289661041519070103E-07, 0.9999999999999460432, 0.000000000000000000 ) ) ;
#1560 = EDGE_CURVE ( 'NONE', #4024, #7236, #2541, .T. ) ;
#1561 = DIRECTION ( 'NONE',  ( 0.000000000000000000, 0.000000000000000000, 1.000000000000000000 ) ) ;
#1562 = CARTESIAN_POINT ( 'NONE',  ( 5.590908561704583057, 3.195111605184203896, -11.87542427067709561 ) ) ;
#1563 = DIRECTION ( 'NONE',  ( -0.000000000000000000, -0.000000000000000000, -1.000000000000000000 ) ) ;
#1564 = FACE_OUTER_BOUND ( 'NONE', #3674, .T. ) ;
#1565 = AXIS2_PLACEMENT_3D ( 'NONE', #1319, #5598, #8507 ) ;
#1566 = ORIENTED_EDGE ( 'NONE', *, *, #5314, .F. ) ;
#1567 = VECTOR ( 'NONE', #3960, 1000.000000000000000 ) ;
#1568 = CARTESIAN_POINT ( 'NONE',  ( 1.000000000000004885, -4.395153435249020468, 7.008957551437635658 ) ) ;
#1569 = CARTESIAN_POINT ( 'NONE',  ( 4.249999762008569881, -2.408745645934470492, 11.85091001134370003 ) ) ;
#1570 = EDGE_CURVE ( 'NONE', #8649, #5792, #5045, .T. ) ;
#1571 = EDGE_CURVE ( 'NONE', #6888, #2180, #9157, .T. ) ;
#1572 =( NAMED_UNIT ( * ) PLANE_ANGLE_UNIT ( ) SI_UNIT ( $, .RADIAN. ) );
#1573 = DIRECTION ( 'NONE',  ( -1.000000000000000000, 0.000000000000000000, -0.000000000000000000 ) ) ;
#1574 = VERTEX_POINT ( 'NONE', #6754 ) ;
#1575 = ORIENTED_EDGE ( 'NONE', *, *, #7843, .T. ) ;
#1576 = VECTOR ( 'NONE', #7448, 1000.000000000000227 ) ;
#1577 = CARTESIAN_POINT ( 'NONE',  ( 5.499999999999949374, 0.7170932621786114680, -11.97542427067706683 ) ) ;
#1578 = ORIENTED_EDGE ( 'NONE', *, *, #4614, .T. ) ;
#1579 = CARTESIAN_POINT ( 'NONE',  ( -2.935098673953480564, -1.271866509722523686, 4.000000000000000000 ) ) ;
#1580 = ADVANCED_FACE ( 'NONE', ( #8919 ), #3170, .T. ) ;
#1581 = LINE ( 'NONE', #5906, #4730 ) ;
#1582 = SURFACE_SIDE_STYLE ('',( #2215 ) ) ;
#1583 = AXIS2_PLACEMENT_3D ( 'NONE', #4476, #790, #2138 ) ;
#1584 = SURFACE_STYLE_USAGE ( .BOTH. , #90 ) ;
#1585 = CARTESIAN_POINT ( 'NONE',  ( -3.500000237991430119, -4.426335649230740188, 9.075220410559261097 ) ) ;
#1586 = EDGE_CURVE ( 'NONE', #2458, #7523, #308, .T. ) ;
#1587 = CARTESIAN_POINT ( 'NONE',  ( -1.000000000000000000, -1.926335649230756619, 6.865220410559250475 ) ) ;
#1588 = DIRECTION ( 'NONE',  ( 0.000000000000000000, 1.000000000000000000, -0.000000000000000000 ) ) ;
#1589 = ORIENTED_EDGE ( 'NONE', *, *, #3927, .T. ) ;
#1590 = ORIENTED_EDGE ( 'NONE', *, *, #3166, .F. ) ;
#1591 = EDGE_LOOP ( 'NONE', ( #4909, #6514, #2998, #1211 ) ) ;
#1592 = FILL_AREA_STYLE ('',( #8151 ) ) ;
#1593 = EDGE_LOOP ( 'NONE', ( #8439, #3050, #4989, #8837 ) ) ;
#1594 = CARTESIAN_POINT ( 'NONE',  ( 8.437437208988358250, 0.8238905600042948363, -1.744994239956310977 ) ) ;
#1595 = ORIENTED_EDGE ( 'NONE', *, *, #1632, .F. ) ;
#1596 = CARTESIAN_POINT ( 'NONE',  ( 5.599999999999949907, 3.179930804371494446, -11.87542427067709561 ) ) ;
#1597 = CARTESIAN_POINT ( 'NONE',  ( -0.9999999999999800160, 1.340049406695269951, 7.424802541892311147 ) ) ;
#1598 = LINE ( 'NONE', #3043, #8536 ) ;
#1599 = AXIS2_PLACEMENT_3D ( 'NONE', #79, #3559, #8856 ) ;
#1600 = SURFACE_SIDE_STYLE ('',( #8159 ) ) ;
#1601 = EDGE_LOOP ( 'NONE', ( #3229, #5326, #7302, #774 ) ) ;
#1602 = EDGE_LOOP ( 'NONE', ( #2420, #5835, #2410, #6991, #8595 ) ) ;
#1603 = ADVANCED_FACE ( 'NONE', ( #1190 ), #9204, .F. ) ;
#1604 = VERTEX_POINT ( 'NONE', #4935 ) ;
#1605 = VECTOR ( 'NONE', #7648, 1000.000000000000000 ) ;
#1606 = CYLINDRICAL_SURFACE ( 'NONE', #286, 11.30078710486259652 ) ;
#1607 = CARTESIAN_POINT ( 'NONE',  ( -4.250000237991429231, -2.139157802475679659, 11.85091001134370003 ) ) ;
#1608 = CARTESIAN_POINT ( 'NONE',  ( 4.249999762008569881, 6.273626543402451183, 0.2999999999999998224 ) ) ;
#1609 = CARTESIAN_POINT ( 'NONE',  ( -2.935098673953480564, -1.271866509722523686, 0.2999999999999999334 ) ) ;
#1610 = CARTESIAN_POINT ( 'NONE',  ( 4.187243933940217211, 4.619387575896282350, 10.75551724308013313 ) ) ;
#1611 = EDGE_CURVE ( 'NONE', #8205, #3185, #1287, .T. ) ;
#1612 = VERTEX_POINT ( 'NONE', #8619 ) ;
#1613 = DIRECTION ( 'NONE',  ( 0.000000000000000000, 0.000000000000000000, -1.000000000000000000 ) ) ;
#1614 = CARTESIAN_POINT ( 'NONE',  ( -2.488008628878230599, -1.267939694885474200, 0.2999999999999997113 ) ) ;
#1615 = LINE ( 'NONE', #3608, #2057 ) ;
#1616 = CARTESIAN_POINT ( 'NONE',  ( 0.6600000000000069145, -3.569272152702969603, 7.205220410559253885 ) ) ;
#1617 = FACE_OUTER_BOUND ( 'NONE', #7896, .T. ) ;
#1618 = FACE_OUTER_BOUND ( 'NONE', #4362, .T. ) ;
#1619 = EDGE_LOOP ( 'NONE', ( #8247, #3212, #9056, #6920 ) ) ;
#1620 = AXIS2_PLACEMENT_3D ( 'NONE', #6529, #737, #8058 ) ;
#1621 = EDGE_LOOP ( 'NONE', ( #4562, #193, #4087, #9294, #5384, #6997, #6536 ) ) ;
#1622 = CARTESIAN_POINT ( 'NONE',  ( 1.838618586295336588, 3.914972254309967425, 5.808574268657101136 ) ) ;
#1623 = ORIENTED_EDGE ( 'NONE', *, *, #4974, .F. ) ;
#1624 = CARTESIAN_POINT ( 'NONE',  ( -4.454757060658967482, -1.071764276666104854, -7.179240208153211178 ) ) ;
#1625 = EDGE_CURVE ( 'NONE', #487, #2490, #2738, .T. ) ;
#1626 = DIRECTION ( 'NONE',  ( -0.000000000000000000, -1.000000000000000000, -0.000000000000000000 ) ) ;
#1627 = CARTESIAN_POINT ( 'NONE',  ( -5.591000000000060588, -6.750000000000033751, -12.00000000000000000 ) ) ;
#1628 = DIRECTION ( 'NONE',  ( 0.000000000000000000, -0.6633075143158514431, 0.7483469392281407728 ) ) ;
#1629 = CYLINDRICAL_SURFACE ( 'NONE', #5477, 4.131008938312695555 ) ;
#1630 = CARTESIAN_POINT ( 'NONE',  ( 1.499999999999939826, 2.791380799352039421, -1.541375956710550499 ) ) ;
#1631 = ORIENTED_EDGE ( 'NONE', *, *, #5935, .F. ) ;
#1632 = EDGE_CURVE ( 'NONE', #7918, #3237, #4481, .T. ) ;
#1633 = VERTEX_POINT ( 'NONE', #7746 ) ;
#1634 = ORIENTED_EDGE ( 'NONE', *, *, #8967, .T. ) ;
#1635 = SURFACE_STYLE_FILL_AREA ( #4425 ) ;
#1636 = ORIENTED_EDGE ( 'NONE', *, *, #2657, .F. ) ;
#1637 = CARTESIAN_POINT ( 'NONE',  ( 8.499985929349222147, 0.9154157842571181147, -1.678824461273117574 ) ) ;
#1638 = ADVANCED_FACE ( 'NONE', ( #1243 ), #3092, .T. ) ;
#1639 = VERTEX_POINT ( 'NONE', #2824 ) ;
#1640 = AXIS2_PLACEMENT_3D ( 'NONE', #8456, #8499, #1222 ) ;
#1641 = DIRECTION ( 'NONE',  ( 0.000000000000000000, 0.000000000000000000, -1.000000000000000000 ) ) ;
#1642 = CARTESIAN_POINT ( 'NONE',  ( -4.500237023373291123, -1.380091944355244626, -5.178400512890329210 ) ) ;
#1643 = CARTESIAN_POINT ( 'NONE',  ( -3.950000237991428964, 5.973626543402450473, 0.000000000000000000 ) ) ;
#1644 = COLOUR_RGB ( '',0.6470588235294117974, 0.6196078431372549211, 0.5882352941176470784 ) ;
#1645 = CARTESIAN_POINT ( 'NONE',  ( 299.2999999999999545, 3.026389538271987423, -0.4919261306450205540 ) ) ;
#1646 = ORIENTED_EDGE ( 'NONE', *, *, #2044, .T. ) ;
#1647 = VERTEX_POINT ( 'NONE', #3647 ) ;
#1648 = VECTOR ( 'NONE', #7850, 1000.000000000000000 ) ;
#1649 = ORIENTED_EDGE ( 'NONE', *, *, #4161, .F. ) ;
#1650 = AXIS2_PLACEMENT_3D ( 'NONE', #4805, #3462, #1982 ) ;
#1651 = CARTESIAN_POINT ( 'NONE',  ( -5.400000000000059863, -1.275702287286611059, -8.812902959842043416 ) ) ;
#1652 = PLANE ( 'NONE',  #429 ) ;
#1653 = VECTOR ( 'NONE', #6171, 1000.000000000000000 ) ;
#1654 = DIRECTION ( 'NONE',  ( -1.000000000000000000, -0.000000000000000000, -0.000000000000000000 ) ) ;
#1655 = EDGE_CURVE ( 'NONE', #7203, #5726, #2164, .T. ) ;
#1656 =( NAMED_UNIT ( * ) SI_UNIT ( $, .STERADIAN. ) SOLID_ANGLE_UNIT ( ) );
#1657 = VECTOR ( 'NONE', #1309, 1000.000000000000000 ) ;
#1658 = CARTESIAN_POINT ( 'NONE',  ( 0.6966428527726638009, 0.7000000000000001776, 7.027744946579735696 ) ) ;
#1659 = CIRCLE ( 'NONE', #3049, 0.3400000000000000244 ) ;
#1660 = AXIS2_PLACEMENT_3D ( 'NONE', #2800, #4332, #3564 ) ;
#1661 =( GEOMETRIC_REPRESENTATION_CONTEXT ( 3 ) GLOBAL_UNCERTAINTY_ASSIGNED_CONTEXT ( ( #2454 ) ) GLOBAL_UNIT_ASSIGNED_CONTEXT ( ( #7772, #3381, #8600 ) ) REPRESENTATION_CONTEXT ( 'NONE', 'WORKASPACE' ) );
#1662 = EDGE_LOOP ( 'NONE', ( #2372, #4800, #7998, #5470 ) ) ;
#1663 = VECTOR ( 'NONE', #8027, 1000.000000000000000 ) ;
#1664 = DIRECTION ( 'NONE',  ( 6.492902100456260246E-23, 2.135944708626944851E-29, 1.000000000000000000 ) ) ;
#1665 = CARTESIAN_POINT ( 'NONE',  ( 5.499999999999949374, 2.205640489774867152, -8.693314250264878140 ) ) ;
#1666 = CARTESIAN_POINT ( 'NONE',  ( -0.6600000000000245670, 0.6619976657027485389, 7.520717135035152268 ) ) ;
#1667 = ADVANCED_FACE ( 'NONE', ( #708, #1528, #8766 ), #5854, .F. ) ;
#1668 = DIRECTION ( 'NONE',  ( -1.370940862869002853E-14, 0.9851904798862952672, -0.1714634606597308375 ) ) ;
#1669 = MECHANICAL_DESIGN_GEOMETRIC_PRESENTATION_REPRESENTATION (  '', ( #2900 ), #6709 ) ;
#1670 = LINE ( 'NONE', #3786, #5497 ) ;
#1671 = LINE ( 'NONE', #954, #5174 ) ;
#1672 = CARTESIAN_POINT ( 'NONE',  ( -2.478170270984168422, 6.273626543402450295, 10.60857426865710096 ) ) ;
#1673 = ORIENTED_EDGE ( 'NONE', *, *, #1508, .T. ) ;
#1674 = AXIS2_PLACEMENT_3D ( 'NONE', #6647, #8135, #1573 ) ;
#1675 = VERTEX_POINT ( 'NONE', #2100 ) ;
#1676 = AXIS2_PLACEMENT_3D ( 'NONE', #3491, #6411, #7846 ) ;
#1677 = VERTEX_POINT ( 'NONE', #8808 ) ;
#1678 = DIRECTION ( 'NONE',  ( 0.000000000000000000, -1.000000000000000000, 0.000000000000000000 ) ) ;
#1679 = DIRECTION ( 'NONE',  ( 1.000000000000000000, -0.000000000000000000, -0.000000000000000000 ) ) ;
#1680 = ADVANCED_FACE ( 'NONE', ( #2871 ), #8085, .T. ) ;
#1681 = CARTESIAN_POINT ( 'NONE',  ( -2.935098673953480564, -1.271866509722523686, 0.2999999999999999334 ) ) ;
#1682 = UNCERTAINTY_MEASURE_WITH_UNIT (LENGTH_MEASURE( 1.000000000000000082E-05 ), #4187, 'distance_accuracy_value', 'NONE');
#1683 = CARTESIAN_POINT ( 'NONE',  ( 5.574701931632956686, 3.332005751192750331, -11.87542427067709738 ) ) ;
#1684 = CIRCLE ( 'NONE', #6418, 1.743247405224331414 ) ;
#1685 = CARTESIAN_POINT ( 'NONE',  ( -5.591000000000068582, 3.518315668917007866, -0.4919261306450205540 ) ) ;
#1686 = CIRCLE ( 'NONE', #4903, 0.3400000000000000244 ) ;
#1687 = CARTESIAN_POINT ( 'NONE',  ( 8.461612254040407066, 0.8377472441499310696, -10.26517102341923859 ) ) ;
#1688 = ORIENTED_EDGE ( 'NONE', *, *, #813, .T. ) ;
#1689 = ORIENTED_EDGE ( 'NONE', *, *, #6491, .T. ) ;
#1690 = CARTESIAN_POINT ( 'NONE',  ( -4.538097519931895363, -1.217814040489864968, -5.140149845470044276 ) ) ;
#1691 = ORIENTED_EDGE ( 'NONE', *, *, #958, .T. ) ;
#1692 = CARTESIAN_POINT ( 'NONE',  ( -4.480037576414638956, -1.479640298728989389, -7.110958422975937054 ) ) ;
#1693 = VECTOR ( 'NONE', #2090, 1000.000000000000000 ) ;
#1694 = VERTEX_POINT ( 'NONE', #2969 ) ;
#1695 = EDGE_CURVE ( 'NONE', #9399, #2547, #1659, .T. ) ;
#1696 = DIRECTION ( 'NONE',  ( 0.000000000000000000, -1.173967842118904391E-14, -1.000000000000000000 ) ) ;
#1697 = CARTESIAN_POINT ( 'NONE',  ( -4.500263581940576074, -1.453954199654754254, -5.104643199681289545 ) ) ;
#1698 = CARTESIAN_POINT ( 'NONE',  ( -1.000000000000000000, 1.000000000000000000, 8.490572276070761149 ) ) ;
#1699 = DIRECTION ( 'NONE',  ( -1.000000000000000000, -0.000000000000000000, -0.000000000000000000 ) ) ;
#1700 = ORIENTED_EDGE ( 'NONE', *, *, #9357, .F. ) ;
#1701 = ADVANCED_FACE ( 'NONE', ( #8721 ), #2922, .T. ) ;
#1702 = ADVANCED_FACE ( 'NONE', ( #5940 ), #4454, .T. ) ;
#1703 = ORIENTED_EDGE ( 'NONE', *, *, #6165, .F. ) ;
#1704 = VERTEX_POINT ( 'NONE', #5899 ) ;
#1705 = FACE_OUTER_BOUND ( 'NONE', #3888, .T. ) ;
#1706 = PLANE ( 'NONE',  #7315 ) ;
#1707 = ADVANCED_FACE ( 'NONE', ( #9393 ), #5749, .F. ) ;
#1708 = CARTESIAN_POINT ( 'NONE',  ( 1.499999999999939826, -0.9040905573164232933, -4.317469199095388177 ) ) ;
#1709 = CARTESIAN_POINT ( 'NONE',  ( -5.591000000000060588, -6.750000000000033751, -12.00000000000000000 ) ) ;
#1710 = DIRECTION ( 'NONE',  ( -6.579099405186070066E-16, 1.000000000000000000, -6.579099405186140077E-16 ) ) ;
#1711 = CARTESIAN_POINT ( 'NONE',  ( 4.201997097106055179, 4.568051704104672872, 10.74049792936158632 ) ) ;
#1712 = ORIENTED_EDGE ( 'NONE', *, *, #8153, .T. ) ;
#1713 = DIRECTION ( 'NONE',  ( 0.000000000000000000, 0.000000000000000000, 1.000000000000000000 ) ) ;
#1714 = FACE_OUTER_BOUND ( 'NONE', #5682, .T. ) ;
#1715 = CARTESIAN_POINT ( 'NONE',  ( -3.235098673953480386, -1.271866509722523686, 0.2999999999999999334 ) ) ;
#1716 = CARTESIAN_POINT ( 'NONE',  ( 4.249999762008569881, -2.139157802475679659, 11.85091001134370003 ) ) ;
#1717 = CARTESIAN_POINT ( 'NONE',  ( 4.645139837156038176, 3.640943135232368455, -4.132719577992327586 ) ) ;
#1718 = CARTESIAN_POINT ( 'NONE',  ( -4.250000237991429231, -2.139157802475679659, 10.58998545934429991 ) ) ;
#1719 = CARTESIAN_POINT ( 'NONE',  ( 1.499999999999939826, 0.7903099654848935174, -10.64268622057410596 ) ) ;
#1720 = ORIENTED_EDGE ( 'NONE', *, *, #6268, .F. ) ;
#1721 = ORIENTED_EDGE ( 'NONE', *, *, #7731, .T. ) ;
#1722 = EDGE_CURVE ( 'NONE', #6962, #3846, #553, .T. ) ;
#1723 = CIRCLE ( 'NONE', #8301, 0.3400000000000000244 ) ;
#1724 = ORIENTED_EDGE ( 'NONE', *, *, #2987, .F. ) ;
#1725 = FACE_OUTER_BOUND ( 'NONE', #6370, .T. ) ;
#1726 = DIRECTION ( 'NONE',  ( 1.156482317317870936E-15, 1.084202172485504040E-15, -1.000000000000000000 ) ) ;
#1727 = LINE ( 'NONE', #4547, #557 ) ;
#1728 = CARTESIAN_POINT ( 'NONE',  ( 5.499999999997961631, 3.179930804365442398, -11.87542427067709561 ) ) ;
#1729 = STYLED_ITEM ( 'NONE', ( #6301 ), #4282 ) ;
#1730 = CARTESIAN_POINT ( 'NONE',  ( 1.000000000000000000, -4.395153435249019580, 7.401483269680889876 ) ) ;
#1731 = CARTESIAN_POINT ( 'NONE',  ( -4.250000237991429231, -1.726335649230739788, 0.2999999999999999334 ) ) ;
#1732 = ORIENTED_EDGE ( 'NONE', *, *, #6493, .T. ) ;
#1733 = EDGE_CURVE ( 'NONE', #39, #7105, #6644, .T. ) ;
#1734 = CARTESIAN_POINT ( 'NONE',  ( -4.538097701755789970, -1.333590018654905229, -5.140149845470044276 ) ) ;
#1735 = ORIENTED_EDGE ( 'NONE', *, *, #7687, .T. ) ;
#1736 = LINE ( 'NONE', #6189, #4290 ) ;
#1737 = VERTEX_POINT ( 'NONE', #2301 ) ;
#1738 = CARTESIAN_POINT ( 'NONE',  ( -0.9008451486024394717, 0.7000000000000081712, 6.879999999999999893 ) ) ;
#1739 = DIRECTION ( 'NONE',  ( 0.000000000000000000, 0.000000000000000000, 1.000000000000000000 ) ) ;
#1740 = CARTESIAN_POINT ( 'NONE',  ( 1.000000000000000000, 0.6599999999999452971, 13.68857426865710281 ) ) ;
#1741 = LINE ( 'NONE', #2508, #7761 ) ;
#1742 = DIRECTION ( 'NONE',  ( -1.000000000000000000, -0.000000000000000000, -0.000000000000000000 ) ) ;
#1743 = ORIENTED_EDGE ( 'NONE', *, *, #1306, .T. ) ;
#1744 = ORIENTED_EDGE ( 'NONE', *, *, #2760, .T. ) ;
#1745 = VERTEX_POINT ( 'NONE', #1432 ) ;
#1746 = CARTESIAN_POINT ( 'NONE',  ( -4.242656753008525961, 4.394955170422362833, 10.66593928672498670 ) ) ;
#1747 = EDGE_CURVE ( 'NONE', #8430, #7105, #6160, .T. ) ;
#1748 = DIRECTION ( 'NONE',  ( 0.000000000000000000, 1.000000000000000000, -1.734723475976808357E-14 ) ) ;
#1749 = CARTESIAN_POINT ( 'NONE',  ( 2.683030474417098077, 6.216717594165832139, 5.749980848384882215 ) ) ;
#1750 = CARTESIAN_POINT ( 'NONE',  ( -4.500000237991419461, -1.926335649230739744, 0.000000000000000000 ) ) ;
#1751 = AXIS2_PLACEMENT_3D ( 'NONE', #3336, #4059, #4823 ) ;
#1752 = EDGE_CURVE ( 'NONE', #7203, #5826, #2386, .T. ) ;
#1753 = B_SPLINE_CURVE_WITH_KNOTS ( 'NONE', 3,
 ( #7792, #1233, #5786, #9386, #6495, #2048, #4928, #4156, #1377, #2817, #509, #7121, #3483, #1275, #8611, #6401 ),
 .UNSPECIFIED., .F., .F.,
 ( 4, 3, 3, 3, 3, 4 ),
 ( 0.000000000000000000, 3.251778645193245437E-05, 6.499106505130833582E-05, 9.815148441167921524E-05, 0.0001326960297392824526, 0.0001591906932182351466 ),
 .UNSPECIFIED. ) ;
#1754 = VERTEX_POINT ( 'NONE', #1717 ) ;
#1755 = CARTESIAN_POINT ( 'NONE',  ( -4.500000237991419461, 6.073626543402451006, 10.60857426865710096 ) ) ;
#1756 = EDGE_CURVE ( 'NONE', #7618, #8262, #6786, .T. ) ;
#1757 = DIRECTION ( 'NONE',  ( 0.000000000000000000, 0.2918106336920003874, -0.9564761126469772945 ) ) ;
#1758 = CARTESIAN_POINT ( 'NONE',  ( -1.000000000000000000, 0.6600000000000000311, 7.505220410559251043 ) ) ;
#1759 = FACE_OUTER_BOUND ( 'NONE', #2232, .T. ) ;
#1760 = DIRECTION ( 'NONE',  ( 0.000000000000000000, 0.000000000000000000, 1.000000000000000000 ) ) ;
#1761 = SURFACE_STYLE_FILL_AREA ( #8323 ) ;
#1762 = ORIENTED_EDGE ( 'NONE', *, *, #3075, .T. ) ;
#1763 = CARTESIAN_POINT ( 'NONE',  ( 1.499999999999939826, -1.275702287286611281, -5.000000000000000000 ) ) ;
#1764 = ORIENTED_EDGE ( 'NONE', *, *, #1571, .F. ) ;
#1765 = DIRECTION ( 'NONE',  ( 0.000000000000000000, -0.000000000000000000, -1.000000000000000000 ) ) ;
#1766 = FACE_OUTER_BOUND ( 'NONE', #4662, .T. ) ;
#1767 =( LENGTH_UNIT ( ) NAMED_UNIT ( * ) SI_UNIT ( .MILLI., .METRE. ) );
#1768 = CARTESIAN_POINT ( 'NONE',  ( 3.499999762008581428, -4.426335649230749958, 2.095220410559261115 ) ) ;
#1769 = UNCERTAINTY_MEASURE_WITH_UNIT (LENGTH_MEASURE( 1.000000000000000082E-05 ), #6834, 'distance_accuracy_value', 'NONE');
#1770 = LINE ( 'NONE', #4602, #8699 ) ;
#1771 = EDGE_CURVE ( 'NONE', #2890, #6020, #3921, .T. ) ;
#1772 = DIRECTION ( 'NONE',  ( 1.000000000000000000, 0.000000000000000000, 0.000000000000000000 ) ) ;
#1773 = DIRECTION ( 'NONE',  ( -0.000000000000000000, -1.000000000000000000, -0.000000000000000000 ) ) ;
#1774 = ORIENTED_EDGE ( 'NONE', *, *, #3639, .T. ) ;
#1775 = CARTESIAN_POINT ( 'NONE',  ( -4.471197186327007245, -1.102038329954227569, -5.173254527743315734 ) ) ;
#1776 = ORIENTED_EDGE ( 'NONE', *, *, #6732, .T. ) ;
#1777 = MECHANICAL_DESIGN_GEOMETRIC_PRESENTATION_REPRESENTATION (  '', ( #5923 ), #7293 ) ;
#1778 =( LENGTH_UNIT ( ) NAMED_UNIT ( * ) SI_UNIT ( .MILLI., .METRE. ) );
#1779 = ORIENTED_EDGE ( 'NONE', *, *, #2347, .F. ) ;
#1780 = LINE ( 'NONE', #5980, #6716 ) ;
#1781 = CARTESIAN_POINT ( 'NONE',  ( -4.500107394645457504, -1.275702287025888060, -7.199999999999997513 ) ) ;
#1782 = DIRECTION ( 'NONE',  ( 0.000000000000000000, -0.000000000000000000, 1.000000000000000000 ) ) ;
#1783 = FACE_OUTER_BOUND ( 'NONE', #3039, .T. ) ;
#1784 = EDGE_CURVE ( 'NONE', #3625, #6164, #1670, .T. ) ;
#1785 = LINE ( 'NONE', #4661, #9135 ) ;
#1786 = ORIENTED_EDGE ( 'NONE', *, *, #8993, .F. ) ;
#1787 = VERTEX_POINT ( 'NONE', #6687 ) ;
#1788 =( BOUNDED_CURVE ( )  B_SPLINE_CURVE ( 3, ( #5570, #4211, #4791, #4073 ),
 .UNSPECIFIED., .F., .T. ) 
 B_SPLINE_CURVE_WITH_KNOTS ( ( 4, 4 ),
 ( 3.141592653589797113, 4.712388980384689674 ),
 .UNSPECIFIED. ) 
 CURVE ( )  GEOMETRIC_REPRESENTATION_ITEM ( )  RATIONAL_B_SPLINE_CURVE ( ( 1.000000000000000000, 0.8047378541243658256, 0.8047378541243658256, 1.000000000000000000 ) ) 
 REPRESENTATION_ITEM ( '' )  );
#1789 = AXIS2_PLACEMENT_3D ( 'NONE', #739, #8118, #8892 ) ;
#1790 = VERTEX_POINT ( 'NONE', #5264 ) ;
#1791 = CARTESIAN_POINT ( 'NONE',  ( 5.586724808789103491, 2.184332562126388044, -3.207350444957440150 ) ) ;
#1792 = TOROIDAL_SURFACE ( 'NONE', #9131, 2.143247405224331104, 0.1000000000000000056 ) ;
#1793 = CARTESIAN_POINT ( 'NONE',  ( 4.189899506195515322, 6.053593124798099190, 0.1156356754750173105 ) ) ;
#1794 = DIRECTION ( 'NONE',  ( 0.000000000000000000, -1.000000000000000000, 2.551063935260010294E-15 ) ) ;
#1795 = CARTESIAN_POINT ( 'NONE',  ( 8.499999999999948486, 3.195100562410447154, -11.87542427067709561 ) ) ;
#1796 = AXIS2_PLACEMENT_3D ( 'NONE', #3314, #6335, #4994 ) ;
#1797 = DIRECTION ( 'NONE',  ( 1.108295554096293071E-15, 4.336808689942016257E-16, -1.000000000000000000 ) ) ;
#1798 = MECHANICAL_DESIGN_GEOMETRIC_PRESENTATION_REPRESENTATION (  '', ( #4404 ), #6538 ) ;
#1799 = ORIENTED_EDGE ( 'NONE', *, *, #771, .F. ) ;
#1800 = DIRECTION ( 'NONE',  ( -3.289660986949698807E-07, 0.9999999999999459321, 0.000000000000000000 ) ) ;
#1801 = CIRCLE ( 'NONE', #7767, 0.7200000000000001954 ) ;
#1802 = CARTESIAN_POINT ( 'NONE',  ( -2.488008628878230155, 0.04785745751902692469, 4.000000000000006217 ) ) ;
#1803 = CARTESIAN_POINT ( 'NONE',  ( -1.000000000000029976, 1.308037348756020180, 7.257272818943819814 ) ) ;
#1804 = VECTOR ( 'NONE', #3767, 1000.000000000000000 ) ;
#1805 = EDGE_CURVE ( 'NONE', #5284, #852, #953, .T. ) ;
#1806 = FACE_OUTER_BOUND ( 'NONE', #8491, .T. ) ;
#1807 = CARTESIAN_POINT ( 'NONE',  ( 3.949999762008569171, -1.926335649230739744, 0.000000000000000000 ) ) ;
#1808 = DIRECTION ( 'NONE',  ( 0.000000000000000000, 0.000000000000000000, 1.000000000000000000 ) ) ;
#1809 = VECTOR ( 'NONE', #5725, 1000.000000000000000 ) ;
#1810 = LINE ( 'NONE', #3291, #7187 ) ;
#1811 = ORIENTED_EDGE ( 'NONE', *, *, #3247, .F. ) ;
#1812 = ORIENTED_EDGE ( 'NONE', *, *, #8664, .F. ) ;
#1813 = EDGE_CURVE ( 'NONE', #4422, #6962, #5365, .T. ) ;
#1814 = EDGE_CURVE ( 'NONE', #5947, #937, #8231, .T. ) ;
#1815 = AXIS2_PLACEMENT_3D ( 'NONE', #186, #6839, #4644 ) ;
#1816 = AXIS2_PLACEMENT_3D ( 'NONE', #2159, #8134, #2207 ) ;
#1817 = DIRECTION ( 'NONE',  ( -1.000000000000000000, -0.000000000000000000, -0.000000000000000000 ) ) ;
#1818 = ORIENTED_EDGE ( 'NONE', *, *, #6533, .T. ) ;
#1819 = AXIS2_PLACEMENT_3D ( 'NONE', #8958, #4239, #2089 ) ;
#1820 = SURFACE_STYLE_FILL_AREA ( #7044 ) ;
#1821 = VECTOR ( 'NONE', #6279, 1000.000000000000000 ) ;
#1822 = CARTESIAN_POINT ( 'NONE',  ( 1.499999999999939826, 3.243903520801311391, -8.898559815854707011 ) ) ;
#1823 = DIRECTION ( 'NONE',  ( 0.000000000000000000, -0.000000000000000000, 1.000000000000000000 ) ) ;
#1824 = CARTESIAN_POINT ( 'NONE',  ( 8.474783074016716711, 0.8507043185148346343, -10.27462245686323961 ) ) ;
#1825 = VERTEX_POINT ( 'NONE', #3071 ) ;
#1826 = COLOUR_RGB ( '',0.6470588235294117974, 0.6196078431372549211, 0.5882352941176470784 ) ;
#1827 = AXIS2_PLACEMENT_3D ( 'NONE', #8067, #8165, #3103 ) ;
#1828 = CARTESIAN_POINT ( 'NONE',  ( -4.559742317796726674, -1.217814040489864746, -5.107045163196775484 ) ) ;
#1829 = EDGE_LOOP ( 'NONE', ( #9109, #598, #7303, #648 ) ) ;
#1830 = VECTOR ( 'NONE', #1335, 1000.000000000000000 ) ;
#1831 = ADVANCED_FACE ( 'NONE', ( #3115 ), #5335, .T. ) ;
#1832 =( NAMED_UNIT ( * ) SI_UNIT ( $, .STERADIAN. ) SOLID_ANGLE_UNIT ( ) );
#1833 = ORIENTED_EDGE ( 'NONE', *, *, #7521, .F. ) ;
#1834 = LINE ( 'NONE', #7711, #1370 ) ;
#1835 =( GEOMETRIC_REPRESENTATION_CONTEXT ( 3 ) GLOBAL_UNCERTAINTY_ASSIGNED_CONTEXT ( ( #5027 ) ) GLOBAL_UNIT_ASSIGNED_CONTEXT ( ( #3740, #8130, #7411 ) ) REPRESENTATION_CONTEXT ( 'NONE', 'WORKASPACE' ) );
#1836 = LINE ( 'NONE', #5385, #8045 ) ;
#1837 = AXIS2_PLACEMENT_3D ( 'NONE', #3165, #5372, #6837 ) ;
#1838 = DIRECTION ( 'NONE',  ( -6.023345402697247951E-16, 0.000000000000000000, -1.000000000000000000 ) ) ;
#1839 = CARTESIAN_POINT ( 'NONE',  ( -2.506545059226960692, 6.273626543402450295, 5.608574268657101847 ) ) ;
#1840 = CARTESIAN_POINT ( 'NONE',  ( 1.000000000000000000, 0.9871419603214022231, 6.922916974652648214 ) ) ;
#1841 = VERTEX_POINT ( 'NONE', #8322 ) ;
#1842 = ORIENTED_EDGE ( 'NONE', *, *, #9373, .F. ) ;
#1843 =( GEOMETRIC_REPRESENTATION_CONTEXT ( 3 ) GLOBAL_UNCERTAINTY_ASSIGNED_CONTEXT ( ( #707 ) ) GLOBAL_UNIT_ASSIGNED_CONTEXT ( ( #7030, #466, #4197 ) ) REPRESENTATION_CONTEXT ( 'NONE', 'WORKASPACE' ) );
#1844 = MECHANICAL_DESIGN_GEOMETRIC_PRESENTATION_REPRESENTATION (  '', ( #7481 ), #465 ) ;
#1845 = ORIENTED_EDGE ( 'NONE', *, *, #173, .F. ) ;
#1846 = EDGE_CURVE ( 'NONE', #6759, #4912, #1195, .T. ) ;
#1847 = CARTESIAN_POINT ( 'NONE',  ( -4.227051094748610183, 4.467590256787588920, 10.70251307256712003 ) ) ;
#1848 = PLANE ( 'NONE',  #4334 ) ;
#1849 = DIRECTION ( 'NONE',  ( 1.000000000000000000, 0.000000000000000000, 0.000000000000000000 ) ) ;
#1850 = AXIS2_PLACEMENT_3D ( 'NONE', #7090, #5080, #5662 ) ;
#1851 = DIRECTION ( 'NONE',  ( -1.000000000000000000, -0.000000000000000000, -0.000000000000000000 ) ) ;
#1852 = CARTESIAN_POINT ( 'NONE',  ( 4.645139837156031959, -5.585694816515836436, -11.42200894008639267 ) ) ;
#1853 =( BOUNDED_CURVE ( )  B_SPLINE_CURVE ( 3, ( #4339, #2993, #8833, #5202 ),
 .UNSPECIFIED., .F., .T. ) 
 B_SPLINE_CURVE_WITH_KNOTS ( ( 4, 4 ),
 ( 3.141592653589793116, 4.712388980384688786 ),
 .UNSPECIFIED. ) 
 CURVE ( )  GEOMETRIC_REPRESENTATION_ITEM ( )  RATIONAL_B_SPLINE_CURVE ( ( 1.000000000000000000, 0.8047378541243652705, 0.8047378541243652705, 1.000000000000000000 ) ) 
 REPRESENTATION_ITEM ( '' )  );
#1854 = ADVANCED_FACE ( 'NONE', ( #1759 ), #3882, .F. ) ;
#1855 = ORIENTED_EDGE ( 'NONE', *, *, #9465, .T. ) ;
#1856 = DIRECTION ( 'NONE',  ( 0.000000000000000000, 0.000000000000000000, 1.000000000000000000 ) ) ;
#1857 = CARTESIAN_POINT ( 'NONE',  ( -3.500000237991430119, -4.426335649230740188, 8.555220410559261524 ) ) ;
#1858 = DIRECTION ( 'NONE',  ( 0.000000000000000000, 0.000000000000000000, -1.000000000000000000 ) ) ;
#1859 = LINE ( 'NONE', #1042, #1910 ) ;
#1860 = LINE ( 'NONE', #9279, #7631 ) ;
#1861 = CARTESIAN_POINT ( 'NONE',  ( -3.500000237991430119, -1.926335649230739744, 9.075220410559261097 ) ) ;
#1862 = ORIENTED_EDGE ( 'NONE', *, *, #4626, .T. ) ;
#1863 = ORIENTED_EDGE ( 'NONE', *, *, #8325, .F. ) ;
#1864 = CARTESIAN_POINT ( 'NONE',  ( -5.591000000000060588, -6.750000000000033751, -7.867280422007712382 ) ) ;
#1865 = ORIENTED_EDGE ( 'NONE', *, *, #6807, .F. ) ;
#1866 = DIRECTION ( 'NONE',  ( 0.000000000000000000, -1.000000000000000000, 5.102127870520020587E-15 ) ) ;
#1867 = CARTESIAN_POINT ( 'NONE',  ( -4.250000237991429231, -2.139157802475679659, 2.972276292613179827 ) ) ;
#1868 = EDGE_CURVE ( 'NONE', #5509, #9193, #6742, .T. ) ;
#1869 = CARTESIAN_POINT ( 'NONE',  ( 5.531302413452248601, 3.221600413229236626, -0.09888476419941129303 ) ) ;
#1870 = ADVANCED_FACE ( 'NONE', ( #7461 ), #8368, .T. ) ;
#1871 = CARTESIAN_POINT ( 'NONE',  ( -4.250000237991429231, 4.337590152354478867, 5.608574268657101847 ) ) ;
#1872 = LINE ( 'NONE', #1099, #1648 ) ;
#1873 = CARTESIAN_POINT ( 'NONE',  ( 8.499995308847873687, 0.9159748484792482603, -10.32157305041113204 ) ) ;
#1874 = ORIENTED_EDGE ( 'NONE', *, *, #9084, .F. ) ;
#1875 = ORIENTED_EDGE ( 'NONE', *, *, #176, .F. ) ;
#1876 = EDGE_CURVE ( 'NONE', #7582, #3177, #7517, .T. ) ;
#1877 = CARTESIAN_POINT ( 'NONE',  ( -4.492395086821936445, -1.217814040489866301, -5.206359210016584527 ) ) ;
#1878 = ORIENTED_EDGE ( 'NONE', *, *, #7569, .F. ) ;
#1879 = CARTESIAN_POINT ( 'NONE',  ( -4.464676319263336524, -1.414380291900731779, -7.213381100741846907 ) ) ;
#1880 = VERTEX_POINT ( 'NONE', #7596 ) ;
#1881 = CARTESIAN_POINT ( 'NONE',  ( 2.488007675820700371, -2.339157802475716696, 2.772276292613180093 ) ) ;
#1882 = DIRECTION ( 'NONE',  ( 0.7071067811865486830, 0.000000000000000000, 0.7071067811865464625 ) ) ;
#1883 = EDGE_CURVE ( 'NONE', #6759, #6327, #6076, .T. ) ;
#1884 = CARTESIAN_POINT ( 'NONE',  ( -1.073213939706284759, 0.7924638056899190319, 6.880000000000015881 ) ) ;
#1885 = DIRECTION ( 'NONE',  ( 1.000000000000000000, 0.000000000000000000, 0.000000000000000000 ) ) ;
#1886 = CARTESIAN_POINT ( 'NONE',  ( 8.499999999999948486, 3.095100562410515455, -0.2245757293229022900 ) ) ;
#1887 = ORIENTED_EDGE ( 'NONE', *, *, #7556, .T. ) ;
#1888 = ORIENTED_EDGE ( 'NONE', *, *, #6069, .F. ) ;
#1889 = AXIS2_PLACEMENT_3D ( 'NONE', #4382, #7974, #2273 ) ;
#1890 = VERTEX_POINT ( 'NONE', #9001 ) ;
#1891 = CARTESIAN_POINT ( 'NONE',  ( -0.9999999999999981126, -3.569272152702968715, 6.865220410559262909 ) ) ;
#1892 = CARTESIAN_POINT ( 'NONE',  ( 2.488007246420603558, -1.926335649230881630, 8.856534637527349929 ) ) ;
#1893 = CARTESIAN_POINT ( 'NONE',  ( -3.950000237991428964, -2.408745645934470492, 0.2999999999999999334 ) ) ;
#1894 = FACE_OUTER_BOUND ( 'NONE', #8786, .T. ) ;
#1895 = DIRECTION ( 'NONE',  ( 1.000000000000000000, 0.000000000000000000, 0.000000000000000000 ) ) ;
#1896 = DIRECTION ( 'NONE',  ( 0.000000000000000000, 1.000000000000000000, 0.000000000000000000 ) ) ;
#1897 = EDGE_CURVE ( 'NONE', #4048, #1237, #313, .T. ) ;
#1898 = AXIS2_PLACEMENT_3D ( 'NONE', #5537, #4904, #2608 ) ;
#1899 = EDGE_LOOP ( 'NONE', ( #1799, #927 ) ) ;
#1900 = PLANE ( 'NONE',  #3378 ) ;
#1901 = LINE ( 'NONE', #9275, #8111 ) ;
#1902 = DIRECTION ( 'NONE',  ( 0.000000000000000000, 0.000000000000000000, -1.000000000000000000 ) ) ;
#1903 = CARTESIAN_POINT ( 'NONE',  ( -3.512089370002680067, -4.454638257320263861, -1.994818029325662323 ) ) ;
#1904 = CARTESIAN_POINT ( 'NONE',  ( -4.500000237991419461, -2.339157802475679837, 2.772276292613194748 ) ) ;
#1905 = EDGE_CURVE ( 'NONE', #6962, #8194, #3249, .T. ) ;
#1906 = CARTESIAN_POINT ( 'NONE',  ( -5.591000000000060588, -4.817379405507075774, -7.116761230117741199 ) ) ;
#1907 = ORIENTED_EDGE ( 'NONE', *, *, #9309, .F. ) ;
#1908 = ORIENTED_EDGE ( 'NONE', *, *, #2113, .T. ) ;
#1909 = VERTEX_POINT ( 'NONE', #555 ) ;
#1910 = VECTOR ( 'NONE', #5452, 1000.000000000000000 ) ;
#1911 = CARTESIAN_POINT ( 'NONE',  ( -4.050000237991429053, -1.926335649230739744, 2.772276292613194748 ) ) ;
#1912 = DIRECTION ( 'NONE',  ( 0.000000000000000000, 0.000000000000000000, 1.000000000000000000 ) ) ;
#1913 = CARTESIAN_POINT ( 'NONE',  ( 5.501503352502997934, 3.277442623259902987, -0.07160355909239517203 ) ) ;
#1914 = DIRECTION ( 'NONE',  ( 0.000000000000000000, 0.000000000000000000, -1.000000000000000000 ) ) ;
#1915 = CARTESIAN_POINT ( 'NONE',  ( 8.399999999999948841, 2.184171825948686418, -8.793314250264877785 ) ) ;
#1916 = CARTESIAN_POINT ( 'NONE',  ( 4.645139837156036400, -5.884663887553381656, -304.8000000000000114 ) ) ;
#1917 = ORIENTED_EDGE ( 'NONE', *, *, #8180, .F. ) ;
#1918 = EDGE_CURVE ( 'NONE', #1198, #9120, #6854, .T. ) ;
#1919 = CARTESIAN_POINT ( 'NONE',  ( -4.537677168079518708, -1.416287241497576010, -5.057255846633121443 ) ) ;
#1920 = ORIENTED_EDGE ( 'NONE', *, *, #1805, .T. ) ;
#1921 = CARTESIAN_POINT ( 'NONE',  ( -4.563346853942346293, -1.267545080659895573, -7.110958422975937943 ) ) ;
#1922 = ORIENTED_EDGE ( 'NONE', *, *, #8700, .T. ) ;
#1923 = DIRECTION ( 'NONE',  ( 1.000000000000000000, 0.000000000000000000, -0.000000000000000000 ) ) ;
#1924 = DIRECTION ( 'NONE',  ( 0.000000000000000000, 0.000000000000000000, -1.000000000000000000 ) ) ;
#1925 = CARTESIAN_POINT ( 'NONE',  ( -4.250000237991429231, 6.073626543402451006, 0.2999999999999999334 ) ) ;
#1926 = FACE_OUTER_BOUND ( 'NONE', #651, .T. ) ;
#1927 = CARTESIAN_POINT ( 'NONE',  ( 4.645139837156198048, 3.518315668917007866, -0.4919261306450205540 ) ) ;
#1928 = EDGE_CURVE ( 'NONE', #5967, #1291, #7736, .T. ) ;
#1929 = LINE ( 'NONE', #5622, #5628 ) ;
#1930 = ORIENTED_EDGE ( 'NONE', *, *, #9449, .F. ) ;
#1931 = ORIENTED_EDGE ( 'NONE', *, *, #5191, .F. ) ;
#1932 = AXIS2_PLACEMENT_3D ( 'NONE', #1413, #5200, #1454 ) ;
#1933 = EDGE_CURVE ( 'NONE', #4650, #8828, #2132, .T. ) ;
#1934 = ADVANCED_FACE ( 'NONE', ( #3436 ), #3484, .T. ) ;
#1935 = DIRECTION ( 'NONE',  ( 0.000000000000000000, 0.000000000000000000, -1.000000000000000000 ) ) ;
#1936 = ORIENTED_EDGE ( 'NONE', *, *, #8361, .F. ) ;
#1937 = CARTESIAN_POINT ( 'NONE',  ( 5.499999999999949374, 2.203493138370414606, -3.295285130880781121 ) ) ;
#1938 = CARTESIAN_POINT ( 'NONE',  ( 3.499999762008580539, -4.226335649230740898, 9.075220410559280637 ) ) ;
#1939 = DIRECTION ( 'NONE',  ( -0.6579111169523916836, 0.7530955863570416575, 0.000000000000000000 ) ) ;
#1940 = FACE_OUTER_BOUND ( 'NONE', #3099, .T. ) ;
#1941 = CARTESIAN_POINT ( 'NONE',  ( 5.541421356237258955, 0.8170932621786820560, -0.1245757293229024232 ) ) ;
#1942 = ORIENTED_EDGE ( 'NONE', *, *, #8249, .F. ) ;
#1943 = DIRECTION ( 'NONE',  ( -1.000000000000000000, -0.000000000000000000, -0.000000000000000000 ) ) ;
#1944 = AXIS2_PLACEMENT_3D ( 'NONE', #8306, #4044, #2416 ) ;
#1945 = ORIENTED_EDGE ( 'NONE', *, *, #3044, .T. ) ;
#1946 = EDGE_CURVE ( 'NONE', #4629, #259, #360, .T. ) ;
#1947 = PLANE ( 'NONE',  #6255 ) ;
#1948 = VECTOR ( 'NONE', #5097, 1000.000000000000000 ) ;
#1949 = CARTESIAN_POINT ( 'NONE',  ( 8.499999999999948486, 3.153679206173205962, -3.165264393497798867 ) ) ;
#1950 = DIRECTION ( 'NONE',  ( -0.000000000000000000, 1.000000000000000000, -0.000000000000000000 ) ) ;
#1951 = CARTESIAN_POINT ( 'NONE',  ( 1.000000000000000000, 1.340000000000000080, 7.505220410559251043 ) ) ;
#1952 = DIRECTION ( 'NONE',  ( 1.000000000000000000, 0.000000000000000000, 0.000000000000000000 ) ) ;
#1953 = VECTOR ( 'NONE', #6603, 1000.000000000000000 ) ;
#1954 = CARTESIAN_POINT ( 'NONE',  ( -4.500102213743488733, -1.275702287286618386, -5.200000000000057021 ) ) ;
#1955 = EDGE_LOOP ( 'NONE', ( #377, #2444, #430, #1145 ) ) ;
#1956 = AXIS2_PLACEMENT_3D ( 'NONE', #2872, #2060, #1332 ) ;
#1957 = VERTEX_POINT ( 'NONE', #4929 ) ;
#1958 = ORIENTED_EDGE ( 'NONE', *, *, #8751, .F. ) ;
#1959 = CIRCLE ( 'NONE', #7004, 0.2904928862329653194 ) ;
#1960 = EDGE_CURVE ( 'NONE', #6622, #1787, #6352, .T. ) ;
#1961 = DIRECTION ( 'NONE',  ( 0.000000000000000000, -1.000000000000000000, 0.000000000000000000 ) ) ;
#1962 = CARTESIAN_POINT ( 'NONE',  ( -5.400000000000059863, -1.275702287286611059, -4.930344445382288221 ) ) ;
#1963 = FACE_OUTER_BOUND ( 'NONE', #1619, .T. ) ;
#1964 = SURFACE_STYLE_FILL_AREA ( #5567 ) ;
#1965 = AXIS2_PLACEMENT_3D ( 'NONE', #7107, #6381, #539 ) ;
#1966 = CARTESIAN_POINT ( 'NONE',  ( -3.000336060065406762, 6.073626543406370537, 10.80857426865710202 ) ) ;
#1967 = CARTESIAN_POINT ( 'NONE',  ( -2.041079270776850141, 6.749999999999977796, -7.867280422007794094 ) ) ;
#1968 = CARTESIAN_POINT ( 'NONE',  ( -5.400000000000059863, -1.275702287286611059, -7.069655554617711779 ) ) ;
#1969 = STYLED_ITEM ( 'NONE', ( #5455 ), #3052 ) ;
#1970 = ORIENTED_EDGE ( 'NONE', *, *, #9124, .T. ) ;
#1971 = AXIS2_PLACEMENT_3D ( 'NONE', #3714, #47, #2261 ) ;
#1972 = CARTESIAN_POINT ( 'NONE',  ( -4.559394811291991090, -1.383208352360507210, -5.057255846633123220 ) ) ;
#1973 = VECTOR ( 'NONE', #7376, 1000.000000000000114 ) ;
#1974 = VERTEX_POINT ( 'NONE', #7838 ) ;
#1975 = EDGE_CURVE ( 'NONE', #5973, #2547, #9341, .T. ) ;
#1976 = CARTESIAN_POINT ( 'NONE',  ( -4.536458565252495134, -1.381750288486601530, -7.110958422975937054 ) ) ;
#1977 = VERTEX_POINT ( 'NONE', #2674 ) ;
#1978 = DIRECTION ( 'NONE',  ( 0.1714634606597187083, 0.9851904798862974877, -1.034672349335100381E-15 ) ) ;
#1979 = VECTOR ( 'NONE', #8900, 1000.000000000000000 ) ;
#1980 = CARTESIAN_POINT ( 'NONE',  ( -5.400000000000059863, 0.5675451179377200006, -7.069655554617711779 ) ) ;
#1981 = CARTESIAN_POINT ( 'NONE',  ( 5.499999999999949374, 0.7170932621786819672, -1.721836629009894093 ) ) ;
#1982 = DIRECTION ( 'NONE',  ( 1.000000000000000000, 0.000000000000000000, 0.000000000000000000 ) ) ;
#1983 = STYLED_ITEM ( 'NONE', ( #1109 ), #8608 ) ;
#1984 = DIRECTION ( 'NONE',  ( 0.000000000000000000, -0.000000000000000000, -1.000000000000000000 ) ) ;
#1985 = VECTOR ( 'NONE', #7446, 1000.000000000000000 ) ;
#1986 = EDGE_LOOP ( 'NONE', ( #9160, #5239, #828, #844 ) ) ;
#1987 = EDGE_LOOP ( 'NONE', ( #5765, #7581, #6455, #7485 ) ) ;
#1988 = VECTOR ( 'NONE', #1773, 1000.000000000000000 ) ;
#1989 = DIRECTION ( 'NONE',  ( 0.000000000000000000, -1.000000000000000000, -0.000000000000000000 ) ) ;
#1990 = ORIENTED_EDGE ( 'NONE', *, *, #3373, .F. ) ;
#1991 = CARTESIAN_POINT ( 'NONE',  ( 8.499753031337846210, 2.256065619250152476, -3.113709476587747105 ) ) ;
#1992 = VECTOR ( 'NONE', #5746, 1000.000000000000000 ) ;
#1993 = AXIS2_PLACEMENT_3D ( 'NONE', #2236, #206, #2955 ) ;
#1994 = DIRECTION ( 'NONE',  ( 1.000000000000000000, -0.000000000000000000, -0.000000000000000000 ) ) ;
#1995 = LINE ( 'NONE', #4958, #5482 ) ;
#1996 = ADVANCED_FACE ( 'NONE', ( #5650 ), #5701, .T. ) ;
#1997 = EDGE_CURVE ( 'NONE', #7996, #55, #1860, .T. ) ;
#1998 = DIRECTION ( 'NONE',  ( 0.000000000000000000, -1.000000000000000000, -0.000000000000000000 ) ) ;
#1999 = ORIENTED_EDGE ( 'NONE', *, *, #473, .F. ) ;
#2000 = CARTESIAN_POINT ( 'NONE',  ( 5.599999999999949907, 3.195100562410447154, -11.87542427067709561 ) ) ;
#2001 = PRESENTATION_LAYER_ASSIGNMENT (  '', '', ( #7641 ) ) ;
#2002 = B_SPLINE_CURVE_WITH_KNOTS ( 'NONE', 3,
 ( #5231, #8870, #719, #5274 ),
 .UNSPECIFIED., .F., .F.,
 ( 4, 4 ),
 ( 0.001814410215163691142, 0.002181651733422712049 ),
 .UNSPECIFIED. ) ;
#2003 = SURFACE_SIDE_STYLE ('',( #2670 ) ) ;
#2004 = CARTESIAN_POINT ( 'NONE',  ( 1.499999999999939826, -3.018949692510942029, -7.069655554617711779 ) ) ;
#2005 = CARTESIAN_POINT ( 'NONE',  ( -2.986120869726993643, 308.1483405586492950, -4.132719577992327586 ) ) ;
#2006 = DIRECTION ( 'NONE',  ( -0.000000000000000000, -0.000000000000000000, -1.000000000000000000 ) ) ;
#2007 = DIRECTION ( 'NONE',  ( -0.000000000000000000, -0.000000000000000000, 1.000000000000000000 ) ) ;
#2008 = DIRECTION ( 'NONE',  ( 1.000000000000000000, 0.000000000000000000, 0.000000000000000000 ) ) ;
#2009 = VERTEX_POINT ( 'NONE', #7693 ) ;
#2010 = EDGE_LOOP ( 'NONE', ( #8904, #9029, #7561, #5585 ) ) ;
#2011 = LINE ( 'NONE', #4932, #5208 ) ;
#2012 = CARTESIAN_POINT ( 'NONE',  ( 1.000000004195001235, 0.8367118347829748393, 6.880000000000001670 ) ) ;
#2013 = DIRECTION ( 'NONE',  ( 0.000000000000000000, 0.000000000000000000, -1.000000000000000000 ) ) ;
#2014 = CARTESIAN_POINT ( 'NONE',  ( -2.534983887501661037, 6.265387365725998414, 10.66538788517761027 ) ) ;
#2015 = FACE_OUTER_BOUND ( 'NONE', #7085, .T. ) ;
#2016 = CARTESIAN_POINT ( 'NONE',  ( -1.000000000000000000, 1.000000000000000000, 13.68857426865710281 ) ) ;
#2017 = EDGE_LOOP ( 'NONE', ( #6006, #2432, #7533, #6113 ) ) ;
#2018 = EDGE_LOOP ( 'NONE', ( #1090, #3140, #363, #5945 ) ) ;
#2019 = ADVANCED_FACE ( 'NONE', ( #1129 ), #1177, .T. ) ;
#2020 = CARTESIAN_POINT ( 'NONE',  ( -4.478733792549673076, -1.068959574631854981, -4.890674090036787547 ) ) ;
#2021 = ORIENTED_EDGE ( 'NONE', *, *, #2227, .F. ) ;
#2022 = CARTESIAN_POINT ( 'NONE',  ( -4.585472034405525754, -1.332805218072990128, -6.940253544063686775 ) ) ;
#2023 = ORIENTED_EDGE ( 'NONE', *, *, #3729, .T. ) ;
#2024 = APPLICATION_CONTEXT ( 'automotive_design' ) ;
#2025 = CARTESIAN_POINT ( 'NONE',  ( -3.500000237991429231, -4.426335649230749958, 2.095220410559260671 ) ) ;
#2026 = SURFACE_STYLE_USAGE ( .BOTH. , #2172 ) ;
#2027 = PRESENTATION_STYLE_ASSIGNMENT (( #382 ) ) ;
#2028 = CARTESIAN_POINT ( 'NONE',  ( 2.841201866779036411, 6.153613606401328262, 10.79596694150834324 ) ) ;
#2029 = PLANE ( 'NONE',  #2565 ) ;
#2030 = CARTESIAN_POINT ( 'NONE',  ( 4.372664976581895679, 3.640943135232369343, -304.8000000000000114 ) ) ;
#2031 = VERTEX_POINT ( 'NONE', #1276 ) ;
#2032 = EDGE_CURVE ( 'NONE', #6298, #3563, #9191, .T. ) ;
#2033 = ORIENTED_EDGE ( 'NONE', *, *, #9153, .T. ) ;
#2034 = LINE ( 'NONE', #7823, #1045 ) ;
#2035 = ORIENTED_EDGE ( 'NONE', *, *, #6969, .T. ) ;
#2036 = CARTESIAN_POINT ( 'NONE',  ( 8.499879581341883039, 2.257430851154716311, -3.111912176267942254 ) ) ;
#2037 = CYLINDRICAL_SURFACE ( 'NONE', #7779, 0.1999999999999996503 ) ;
#2038 = PLANE ( 'NONE',  #1272 ) ;
#2039 = DIRECTION ( 'NONE',  ( -1.000000000000000000, 0.000000000000000000, -0.000000000000000000 ) ) ;
#2040 = ORIENTED_EDGE ( 'NONE', *, *, #4329, .F. ) ;
#2041 = CARTESIAN_POINT ( 'NONE',  ( -0.9999999999999974465, 0.9999999999999974465, 7.505220410559249267 ) ) ;
#2042 = EDGE_LOOP ( 'NONE', ( #3275, #1721, #4185, #4707 ) ) ;
#2043 = CARTESIAN_POINT ( 'NONE',  ( 1.340000000000000080, -3.569272152702969603, 7.205220410559250332 ) ) ;
#2044 = EDGE_CURVE ( 'NONE', #1977, #6804, #1203, .T. ) ;
#2045 = CARTESIAN_POINT ( 'NONE',  ( 5.599999999999949907, 3.195100562410447154, -11.87542427067709561 ) ) ;
#2046 = APPLICATION_PROTOCOL_DEFINITION ( 'draft international standard', 'automotive_design', 1998, #2512 ) ;
#2047 = DIRECTION ( 'NONE',  ( 0.000000000000000000, 0.000000000000000000, -1.000000000000000000 ) ) ;
#2048 = CARTESIAN_POINT ( 'NONE',  ( 5.548024217699438765, 0.8031870267884437808, -1.745737927723332694 ) ) ;
#2049 = DIRECTION ( 'NONE',  ( 0.000000000000000000, 0.000000000000000000, 1.000000000000000000 ) ) ;
#2050 = ADVANCED_FACE ( 'NONE', ( #1086 ), #4020, .F. ) ;
#2051 = CARTESIAN_POINT ( 'NONE',  ( -4.500160034781320206, -1.222847865943399670, -4.799999999566790798 ) ) ;
#2052 = ADVANCED_FACE ( 'NONE', ( #2576 ), #5507, .T. ) ;
#2053 = EDGE_LOOP ( 'NONE', ( #2178, #7025, #1970, #8438, #9432, #5411, #8760, #8697, #5077, #9226, #7480, #8955, #1878, #4854, #4186, #2544, #7830, #6696, #6794, #5685 ) ) ;
#2054 = CARTESIAN_POINT ( 'NONE',  ( -4.250000237991429231, -1.843492936756120359, 2.855119005087798367 ) ) ;
#2055 = FACE_OUTER_BOUND ( 'NONE', #6649, .T. ) ;
#2056 = CARTESIAN_POINT ( 'NONE',  ( -4.500148124692223917, -1.075734966892008426, -6.947098249168258910 ) ) ;
#2057 = VECTOR ( 'NONE', #8133, 1000.000000000000000 ) ;
#2058 = DIRECTION ( 'NONE',  ( -6.579099405186070066E-16, 1.000000000000000000, -6.579099405186140077E-16 ) ) ;
#2059 = DIRECTION ( 'NONE',  ( 0.000000000000000000, -1.000000000000000000, 0.000000000000000000 ) ) ;
#2060 = DIRECTION ( 'NONE',  ( -1.000000000000000000, -0.000000000000000000, -0.000000000000000000 ) ) ;
#2061 = ORIENTED_EDGE ( 'NONE', *, *, #9099, .T. ) ;
#2062 = ORIENTED_EDGE ( 'NONE', *, *, #3690, .T. ) ;
#2063 = VECTOR ( 'NONE', #997, 1000.000000000000000 ) ;
#2064 = CARTESIAN_POINT ( 'NONE',  ( -4.602338302142673143, -1.267432240380765185, -5.007466530069470068 ) ) ;
#2065 = EDGE_LOOP ( 'NONE', ( #4170, #6354, #1862, #3600, #7040, #5437, #13, #3254 ) ) ;
#2066 = CARTESIAN_POINT ( 'NONE',  ( -4.565440834326727426, -1.381750288486601752, -7.008535606553674135 ) ) ;
#2067 = ORIENTED_EDGE ( 'NONE', *, *, #4435, .F. ) ;
#2068 = CARTESIAN_POINT ( 'NONE',  ( 1.499999999999939826, -5.507928190936763890, -7.116761230117741199 ) ) ;
#2069 = CARTESIAN_POINT ( 'NONE',  ( 5.600000289371457107, 3.230413190115594357, -0.1245757293229024509 ) ) ;
#2070 = ADVANCED_FACE ( 'NONE', ( #3393 ), #6309, .T. ) ;
#2071 = LINE ( 'NONE', #3415, #4997 ) ;
#2072 = CYLINDRICAL_SURFACE ( 'NONE', #3591, 0.3400000000000000244 ) ;
#2073 = FACE_OUTER_BOUND ( 'NONE', #3179, .T. ) ;
#2074 = DIRECTION ( 'NONE',  ( -1.000000000000000000, -0.000000000000000000, -0.000000000000000000 ) ) ;
#2075 = ORIENTED_EDGE ( 'NONE', *, *, #3384, .T. ) ;
#2076 = ORIENTED_EDGE ( 'NONE', *, *, #7278, .F. ) ;
#2077 = CARTESIAN_POINT ( 'NONE',  ( 1.000000000000000000, 0.6599999999999013323, 9.475924141582263260 ) ) ;
#2078 = ORIENTED_EDGE ( 'NONE', *, *, #4830, .T. ) ;
#2079 = CLOSED_SHELL ( 'NONE', ( #9345, #5544, #2639, #1439, #3513, #3711 ) ) ;
#2080 = CARTESIAN_POINT ( 'NONE',  ( 5.499999999999949374, -5.585694816515836436, -0.5779910599136061089 ) ) ;
#2081 = EDGE_CURVE ( 'NONE', #380, #6148, #4157, .T. ) ;
#2082 = FACE_OUTER_BOUND ( 'NONE', #9142, .T. ) ;
#2083 = DIRECTION ( 'NONE',  ( 0.000000000000000000, 0.000000000000000000, -1.000000000000000000 ) ) ;
#2084 = DIRECTION ( 'NONE',  ( -1.000000000000000000, 0.000000000000000000, 0.000000000000000000 ) ) ;
#2085 = VERTEX_POINT ( 'NONE', #8800 ) ;
#2086 = CIRCLE ( 'NONE', #7434, 2.143247405224331104 ) ;
#2087 = LINE ( 'NONE', #8371, #8695 ) ;
#2088 = ORIENTED_EDGE ( 'NONE', *, *, #342, .F. ) ;
#2089 = DIRECTION ( 'NONE',  ( 0.000000000000000000, 0.000000000000000000, 1.000000000000000000 ) ) ;
#2090 = DIRECTION ( 'NONE',  ( -1.000000000000000000, -0.000000000000000000, -0.000000000000000000 ) ) ;
#2091 = DIRECTION ( 'NONE',  ( -0.000000000000000000, -0.000000000000000000, -1.000000000000000000 ) ) ;
#2092 = DIRECTION ( 'NONE',  ( 1.000000000000000000, -9.566489757225038010E-15, 0.000000000000000000 ) ) ;
#2093 = FACE_OUTER_BOUND ( 'NONE', #4842, .T. ) ;
#2094 = CARTESIAN_POINT ( 'NONE',  ( 299.2999999999999545, -3.834801901544083957, -2.940962153935815060 ) ) ;
#2095 = PLANE ( 'NONE',  #7009 ) ;
#2096 =( GEOMETRIC_REPRESENTATION_CONTEXT ( 3 ) GLOBAL_UNCERTAINTY_ASSIGNED_CONTEXT ( ( #8379 ) ) GLOBAL_UNIT_ASSIGNED_CONTEXT ( ( #946, #210, #1656 ) ) REPRESENTATION_CONTEXT ( 'NONE', 'WORKASPACE' ) );
#2097 = ORIENTED_EDGE ( 'NONE', *, *, #3226, .F. ) ;
#2098 = PRESENTATION_STYLE_ASSIGNMENT (( #7181 ) ) ;
#2099 = DIRECTION ( 'NONE',  ( 0.000000000000000000, 0.000000000000000000, 1.000000000000000000 ) ) ;
#2100 = CARTESIAN_POINT ( 'NONE',  ( 3.000336060072701816, 6.073626543402450118, 10.80857426865710202 ) ) ;
#2101 = EDGE_CURVE ( 'NONE', #5847, #2864, #2241, .T. ) ;
#2102 = EDGE_CURVE ( 'NONE', #4629, #811, #281, .T. ) ;
#2103 = DIRECTION ( 'NONE',  ( -0.000000000000000000, -0.000000000000000000, 1.000000000000000000 ) ) ;
#2104 = VECTOR ( 'NONE', #2074, 1000.000000000000000 ) ;
#2105 = DIRECTION ( 'NONE',  ( 1.000000000000000000, 0.000000000000000000, 0.000000000000000000 ) ) ;
#2106 = ORIENTED_EDGE ( 'NONE', *, *, #558, .F. ) ;
#2107 = ORIENTED_EDGE ( 'NONE', *, *, #8548, .T. ) ;
#2108 = ORIENTED_EDGE ( 'NONE', *, *, #6310, .T. ) ;
#2109 = VECTOR ( 'NONE', #7903, 1000.000000000000000 ) ;
#2110 = CARTESIAN_POINT ( 'NONE',  ( -4.563558502687223850, -1.267432240380762964, -4.890674090036785771 ) ) ;
#2111 = ORIENTED_EDGE ( 'NONE', *, *, #3844, .T. ) ;
#2112 = CARTESIAN_POINT ( 'NONE',  ( -4.557442223438520124, -1.332805218072990128, -7.110958422975937943 ) ) ;
#2113 = EDGE_CURVE ( 'NONE', #9301, #8880, #9017, .T. ) ;
#2114 = ORIENTED_EDGE ( 'NONE', *, *, #3758, .F. ) ;
#2115 = CIRCLE ( 'NONE', #6841, 0.1999999999999996503 ) ;
#2116 = CARTESIAN_POINT ( 'NONE',  ( 1.219964091112484939, 5.820074511804057771, -2.489604623025907681 ) ) ;
#2117 = CARTESIAN_POINT ( 'NONE',  ( 5.529216699011799463, 3.267437591973975763, -0.1245757293229055179 ) ) ;
#2118 = CARTESIAN_POINT ( 'NONE',  ( -1.291220688106010089E-06, 0.04785494356567739777, 4.356534637527309961 ) ) ;
#2119 = VECTOR ( 'NONE', #613, 1000.000000000000000 ) ;
#2120 = DIRECTION ( 'NONE',  ( 0.000000000000000000, -1.000000000000000000, 5.102127870520020587E-15 ) ) ;
#2121 = DIRECTION ( 'NONE',  ( 0.7018122366944861135, -0.1221440495962380079, -0.7018122366944840040 ) ) ;
#2122 = VECTOR ( 'NONE', #9053, 1000.000000000000000 ) ;
#2123 = CARTESIAN_POINT ( 'NONE',  ( -2.986120869726993643, 5.076540080366842567, -4.132719577992327586 ) ) ;
#2124 = CARTESIAN_POINT ( 'NONE',  ( -5.591000000000060588, 3.243903520801311391, -7.867280422007712382 ) ) ;
#2125 = ORIENTED_EDGE ( 'NONE', *, *, #7046, .F. ) ;
#2126 = ORIENTED_EDGE ( 'NONE', *, *, #6661, .T. ) ;
#2127 = AXIS2_PLACEMENT_3D ( 'NONE', #1547, #6524, #7344 ) ;
#2128 = ADVANCED_FACE ( 'NONE', ( #5889 ), #4351, .T. ) ;
#2129 = DIRECTION ( 'NONE',  ( 0.000000000000000000, 0.000000000000000000, 1.000000000000000000 ) ) ;
#2130 = AXIS2_PLACEMENT_3D ( 'NONE', #4323, #2692, #5759 ) ;
#2131 = VERTEX_POINT ( 'NONE', #7267 ) ;
#2132 = CIRCLE ( 'NONE', #8556, 4.131008938312695555 ) ;
#2133 = CARTESIAN_POINT ( 'NONE',  ( 299.2999999999999545, 3.518315668917007866, -1.631008506796572277 ) ) ;
#2134 = ORIENTED_EDGE ( 'NONE', *, *, #5566, .T. ) ;
#2135 = COLOUR_RGB ( '',0.6470588235294117974, 0.6196078431372549211, 0.5882352941176470784 ) ;
#2136 = DIRECTION ( 'NONE',  ( 1.000000000000000000, -0.000000000000000000, -0.000000000000000000 ) ) ;
#2137 = VECTOR ( 'NONE', #7167, 1000.000000000000000 ) ;
#2138 = DIRECTION ( 'NONE',  ( 0.000000000000000000, 0.000000000000000000, -1.000000000000000000 ) ) ;
#2139 = CARTESIAN_POINT ( 'NONE',  ( -5.591000000000068582, 4.452858754446012313, -10.00518197067437853 ) ) ;
#2140 = CARTESIAN_POINT ( 'NONE',  ( 1.499999999999939826, -3.518949692510942029, -4.930344445382288221 ) ) ;
#2141 = EDGE_LOOP ( 'NONE', ( #2480, #2305, #2111, #2154 ) ) ;
#2142 = AXIS2_PLACEMENT_3D ( 'NONE', #2973, #2925, #7991 ) ;
#2143 = ORIENTED_EDGE ( 'NONE', *, *, #5722, .T. ) ;
#2144 = EDGE_CURVE ( 'NONE', #1002, #6813, #5934, .T. ) ;
#2145 = CARTESIAN_POINT ( 'NONE',  ( 0.8037371408783601234, -4.395153435249020468, 7.205220410559250332 ) ) ;
#2146 = CARTESIAN_POINT ( 'NONE',  ( -5.591000000000060588, -1.468035014617417033, -12.00000000000009059 ) ) ;
#2147 = DIRECTION ( 'NONE',  ( 0.000000000000000000, 1.000000000000000000, 0.000000000000000000 ) ) ;
#2148 = AXIS2_PLACEMENT_3D ( 'NONE', #3399, #3444, #8470 ) ;
#2149 = CARTESIAN_POINT ( 'NONE',  ( -5.400000000000059863, 0.5675451179377200006, -7.069655554617711779 ) ) ;
#2150 = VECTOR ( 'NONE', #4500, 1000.000000000000000 ) ;
#2151 = CARTESIAN_POINT ( 'NONE',  ( 3.499999762008580539, -1.926335649230739744, 8.355220410559281774 ) ) ;
#2152 = CARTESIAN_POINT ( 'NONE',  ( 4.167157049533950719, -2.339157802475679837, 2.772276292613179205 ) ) ;
#2153 = ADVANCED_FACE ( 'NONE', ( #4245 ), #8850, .T. ) ;
#2154 = ORIENTED_EDGE ( 'NONE', *, *, #4700, .F. ) ;
#2155 =( LENGTH_UNIT ( ) NAMED_UNIT ( * ) SI_UNIT ( .MILLI., .METRE. ) );
#2156 = DIRECTION ( 'NONE',  ( -0.000000000000000000, 0.000000000000000000, 1.000000000000000000 ) ) ;
#2157 = CARTESIAN_POINT ( 'NONE',  ( -4.500000237991419461, -2.339157802475679837, 7.570146519281769848 ) ) ;
#2158 = LINE ( 'NONE', #1329, #569 ) ;
#2159 = CARTESIAN_POINT ( 'NONE',  ( 8.499999999999948486, 0.8170932621786820560, -0.1245757293229024509 ) ) ;
#2160 = DIRECTION ( 'NONE',  ( -1.000000000000000000, -0.000000000000000000, -0.000000000000000000 ) ) ;
#2161 = CARTESIAN_POINT ( 'NONE',  ( 2.488007430340341219, -1.926335649230790370, 6.879999999999999893 ) ) ;
#2162 = ORIENTED_EDGE ( 'NONE', *, *, #2473, .T. ) ;
#2163 = VERTEX_POINT ( 'NONE', #2857 ) ;
#2164 =( BOUNDED_CURVE ( )  B_SPLINE_CURVE ( 3, ( #6505, #80, #4406, #3016 ),
 .UNSPECIFIED., .F., .F. ) 
 B_SPLINE_CURVE_WITH_KNOTS ( ( 4, 4 ),
 ( 1.381961819825080928, 1.570796326794896558 ),
 .UNSPECIFIED. ) 
 CURVE ( )  GEOMETRIC_REPRESENTATION_ITEM ( )  RATIONAL_B_SPLINE_CURVE ( ( 1.000000000000000000, 0.9970306676036373439, 0.9970306676036373439, 1.000000000000000000 ) ) 
 REPRESENTATION_ITEM ( '' )  );
#2165 = CARTESIAN_POINT ( 'NONE',  ( -3.500000237991431007, -1.926335649230749958, 2.295220410559259072 ) ) ;
#2166 = ORIENTED_EDGE ( 'NONE', *, *, #6096, .F. ) ;
#2167 = ADVANCED_FACE ( 'NONE', ( #1379 ), #612, .F. ) ;
#2168 = CARTESIAN_POINT ( 'NONE',  ( -4.499692488702621063, -1.104394410665070270, -6.889041997196196476 ) ) ;
#2169 = ADVANCED_FACE ( 'NONE', ( #2914 ), #8709, .T. ) ;
#2170 = EDGE_LOOP ( 'NONE', ( #3999, #4368, #568, #2244 ) ) ;
#2171 = CARTESIAN_POINT ( 'NONE',  ( 3.949999762008570059, 5.973626543402450473, 0.000000000000000000 ) ) ;
#2172 = SURFACE_SIDE_STYLE ('',( #3457 ) ) ;
#2173 =( LENGTH_UNIT ( ) NAMED_UNIT ( * ) SI_UNIT ( .MILLI., .METRE. ) );
#2174 = UNCERTAINTY_MEASURE_WITH_UNIT (LENGTH_MEASURE( 1.000000000000000082E-05 ), #2231, 'distance_accuracy_value', 'NONE');
#2175 = DIRECTION ( 'NONE',  ( 0.000000000000000000, -0.000000000000000000, -1.000000000000000000 ) ) ;
#2176 = FACE_OUTER_BOUND ( 'NONE', #930, .T. ) ;
#2177 = CARTESIAN_POINT ( 'NONE',  ( -1.000000000000000000, 0.6600000000000000311, 7.505220410559251043 ) ) ;
#2178 = ORIENTED_EDGE ( 'NONE', *, *, #6546, .T. ) ;
#2179 = EDGE_CURVE ( 'NONE', #4075, #502, #9482, .T. ) ;
#2180 = VERTEX_POINT ( 'NONE', #2151 ) ;
#2181 = PRESENTATION_STYLE_ASSIGNMENT (( #5962 ) ) ;
#2182 = ORIENTED_EDGE ( 'NONE', *, *, #3396, .T. ) ;
#2183 = LINE ( 'NONE', #6526, #6410 ) ;
#2184 = ADVANCED_FACE ( 'NONE', ( #3734 ), #6112, .T. ) ;
#2185 = VERTEX_POINT ( 'NONE', #4970 ) ;
#2186 = CARTESIAN_POINT ( 'NONE',  ( -4.050000237991429053, 6.073626543402451006, 5.808574268657101136 ) ) ;
#2187 = AXIS2_PLACEMENT_3D ( 'NONE', #3644, #1858, #5404 ) ;
#2188 = CARTESIAN_POINT ( 'NONE',  ( 8.467749760031535899, 2.204481693019990640, -8.819233004714533308 ) ) ;
#2189 = LINE ( 'NONE', #1456, #1804 ) ;
#2190 = CARTESIAN_POINT ( 'NONE',  ( 1.602906781438529604, 3.264331192589055686, 4.000000000000000000 ) ) ;
#2191 = ORIENTED_EDGE ( 'NONE', *, *, #8784, .F. ) ;
#2192 = ORIENTED_EDGE ( 'NONE', *, *, #6493, .F. ) ;
#2193 = CARTESIAN_POINT ( 'NONE',  ( -5.591000000000068582, -3.834801901544083513, 0.000000000000000000 ) ) ;
#2194 = CARTESIAN_POINT ( 'NONE',  ( 0.2902561458921972815, 6.199002392758598212, -9.154822176146659274 ) ) ;
#2195 = SHAPE_REPRESENTATION_RELATIONSHIP ( 'NONE' , 'NONE' ,  #6676, #7231 ) ;
#2196 = CARTESIAN_POINT ( 'NONE',  ( 4.212135896985230055, 6.061005255061338026, 0.1489148333228905163 ) ) ;
#2197 = ADVANCED_FACE ( 'NONE', ( #1516 ), #7222, .T. ) ;
#2198 = CARTESIAN_POINT ( 'NONE',  ( 1.339999999999980096, 0.9181187075417369670, 7.287103035880729607 ) ) ;
#2199 = DIRECTION ( 'NONE',  ( 0.000000000000000000, 6.023345402697244993E-16, 1.000000000000000000 ) ) ;
#2200 = FACE_OUTER_BOUND ( 'NONE', #956, .T. ) ;
#2201 = AXIS2_PLACEMENT_3D ( 'NONE', #3268, #5288, #6055 ) ;
#2202 = VERTEX_POINT ( 'NONE', #5073 ) ;
#2203 = CARTESIAN_POINT ( 'NONE',  ( -5.500000000000060396, 6.749999999999978684, -7.867280422007712382 ) ) ;
#2204 = DIRECTION ( 'NONE',  ( 1.000000000000000000, 0.000000000000000000, 0.000000000000000000 ) ) ;
#2205 = ADVANCED_FACE ( 'NONE', ( #7982 ), #6636, .T. ) ;
#2206 = LINE ( 'NONE', #6504, #4704 ) ;
#2207 = DIRECTION ( 'NONE',  ( -1.000000000000000000, 0.000000000000000000, -0.000000000000000000 ) ) ;
#2208 = DIRECTION ( 'NONE',  ( 0.000000000000000000, 0.000000000000000000, 1.000000000000000000 ) ) ;
#2209 = DIRECTION ( 'NONE',  ( 0.000000000000000000, 0.000000000000000000, 1.000000000000000000 ) ) ;
#2210 = ORIENTED_EDGE ( 'NONE', *, *, #7257, .T. ) ;
#2211 = APPLICATION_CONTEXT ( 'automotive_design' ) ;
#2212 = CARTESIAN_POINT ( 'NONE',  ( -4.484900212642169315, -1.135117085276589943, -4.823935552875250110 ) ) ;
#2213 = VERTEX_POINT ( 'NONE', #1424 ) ;
#2214 = CARTESIAN_POINT ( 'NONE',  ( -4.487629395930063048, -1.218599879661447449, -6.786618903461214991 ) ) ;
#2215 = SURFACE_STYLE_FILL_AREA ( #6043 ) ;
#2216 = SHAPE_REPRESENTATION ( 'E6S20A-40MT5-Y', ( #8736, #4134, #8886 ), #8572 ) ;
#2217 = CARTESIAN_POINT ( 'NONE',  ( 299.2999999999999545, 5.337783869614061594, -6.940161209130924824 ) ) ;
#2218 = CARTESIAN_POINT ( 'NONE',  ( 1.499999999999939826, 1.571505490158366714, -10.45862404328944884 ) ) ;
#2219 = CARTESIAN_POINT ( 'NONE',  ( -1.000000000000029976, 1.308037348756020180, 7.257272818943819814 ) ) ;
#2220 = ORIENTED_EDGE ( 'NONE', *, *, #5611, .T. ) ;
#2221 = ADVANCED_FACE ( 'NONE', ( #3636 ), #6597, .T. ) ;
#2222 = EDGE_LOOP ( 'NONE', ( #1720, #8080, #8929, #2665, #3554, #3376 ) ) ;
#2223 = FILL_AREA_STYLE_COLOUR ( '', #8235 ) ;
#2224 = ORIENTED_EDGE ( 'NONE', *, *, #8432, .T. ) ;
#2225 = CARTESIAN_POINT ( 'NONE',  ( 8.481910908034693719, 0.8587333864519351989, -1.719532719163031187 ) ) ;
#2226 = VERTEX_POINT ( 'NONE', #6068 ) ;
#2227 = EDGE_CURVE ( 'NONE', #6244, #7203, #7291, .T. ) ;
#2228 = DIRECTION ( 'NONE',  ( 1.000000000000000000, -0.000000000000000000, -0.000000000000000000 ) ) ;
#2229 = CARTESIAN_POINT ( 'NONE',  ( 8.436846296959686242, 2.189346172018149073, -8.799893040490175622 ) ) ;
#2230 = CARTESIAN_POINT ( 'NONE',  ( -5.591000000000068582, 5.076540080366747532, -4.992236348263475954 ) ) ;
#2231 =( LENGTH_UNIT ( ) NAMED_UNIT ( * ) SI_UNIT ( .MILLI., .METRE. ) );
#2232 = EDGE_LOOP ( 'NONE', ( #513, #5486, #7590, #3101 ) ) ;
#2233 = EDGE_CURVE ( 'NONE', #5357, #1633, #8125, .T. ) ;
#2234 = EDGE_CURVE ( 'NONE', #8402, #5371, #8216, .T. ) ;
#2235 = EDGE_LOOP ( 'NONE', ( #6190, #2756, #5446, #5033 ) ) ;
#2236 = CARTESIAN_POINT ( 'NONE',  ( 8.399999999999948841, 0.2193455792999002840, -3.106685749735108359 ) ) ;
#2237 = DIRECTION ( 'NONE',  ( -1.000000000000000000, -0.000000000000000000, -0.000000000000000000 ) ) ;
#2238 = DIRECTION ( 'NONE',  ( 0.000000000000000000, 0.000000000000000000, 1.000000000000000000 ) ) ;
#2239 = CARTESIAN_POINT ( 'NONE',  ( 2.488004577348250201, 3.119628590287769843, 8.856534637527339271 ) ) ;
#2240 = LINE ( 'NONE', #5162, #7900 ) ;
#2241 = LINE ( 'NONE', #3585, #5500 ) ;
#2242 = CARTESIAN_POINT ( 'NONE',  ( 1.000000000000000000, -3.569272152705960544, 7.545220410559251079 ) ) ;
#2243 = EDGE_CURVE ( 'NONE', #1574, #6079, #892, .T. ) ;
#2244 = ORIENTED_EDGE ( 'NONE', *, *, #4337, .T. ) ;
#2245 = CARTESIAN_POINT ( 'NONE',  ( 5.499999999999949374, 3.295100562410515188, -3.306685749735108093 ) ) ;
#2246 = DIRECTION ( 'NONE',  ( 0.000000000000000000, 1.000000000000000000, -1.173967842118904391E-14 ) ) ;
#2247 = DIRECTION ( 'NONE',  ( 0.000000000000000000, 0.000000000000000000, 1.000000000000000000 ) ) ;
#2248 = CARTESIAN_POINT ( 'NONE',  ( 4.372664976581841501, 3.640943135231430539, -1.903384321513847732 ) ) ;
#2249 = CARTESIAN_POINT ( 'NONE',  ( -2.488007230840694195, -1.271866509722523686, 0.2999999999999999334 ) ) ;
#2250 = EDGE_LOOP ( 'NONE', ( #3453, #5113, #4214, #2594 ) ) ;
#2251 = VERTEX_POINT ( 'NONE', #2427 ) ;
#2252 = AXIS2_PLACEMENT_3D ( 'NONE', #8213, #6162, #7508 ) ;
#2253 = EDGE_CURVE ( 'NONE', #8402, #3186, #1035, .T. ) ;
#2254 = DIRECTION ( 'NONE',  ( -0.000000000000000000, 1.000000000000000000, 0.000000000000000000 ) ) ;
#2255 = ORIENTED_EDGE ( 'NONE', *, *, #6969, .F. ) ;
#2256 = CARTESIAN_POINT ( 'NONE',  ( -4.559087001520906846, -1.169654678663000213, -7.059747014764806039 ) ) ;
#2257 = CARTESIAN_POINT ( 'NONE',  ( 4.167157049533949831, -1.926335649230739744, 10.38998545934429885 ) ) ;
#2258 = DIRECTION ( 'NONE',  ( 0.000000000000000000, -0.000000000000000000, -1.000000000000000000 ) ) ;
#2259 = FACE_OUTER_BOUND ( 'NONE', #8295, .T. ) ;
#2260 = VECTOR ( 'NONE', #2839, 1000.000000000000000 ) ;
#2261 = DIRECTION ( 'NONE',  ( 0.000000000000000000, -1.301042606982613209E-14, -1.000000000000000000 ) ) ;
#2262 = CARTESIAN_POINT ( 'NONE',  ( -5.500000000000060396, -3.518949692510942029, -7.069655554617711779 ) ) ;
#2263 = CARTESIAN_POINT ( 'NONE',  ( 1.499999999999939826, 2.791380799352038977, -4.132719577992287618 ) ) ;
#2264 = ORIENTED_EDGE ( 'NONE', *, *, #2101, .F. ) ;
#2265 = VECTOR ( 'NONE', #6966, 1000.000000000000000 ) ;
#2266 = EDGE_LOOP ( 'NONE', ( #742, #8005, #5824, #9413 ) ) ;
#2267 = EDGE_CURVE ( 'NONE', #6296, #5514, #4330, .T. ) ;
#2268 = DIRECTION ( 'NONE',  ( 0.000000000000000000, 3.350070670198190713E-14, -1.000000000000000000 ) ) ;
#2269 = CIRCLE ( 'NONE', #1956, 0.2000000000000000944 ) ;
#2270 = ORIENTED_EDGE ( 'NONE', *, *, #3354, .F. ) ;
#2271 = VERTEX_POINT ( 'NONE', #4527 ) ;
#2272 = CARTESIAN_POINT ( 'NONE',  ( 8.458578643762640681, 3.195100562410515987, -0.1245757293229022844 ) ) ;
#2273 = DIRECTION ( 'NONE',  ( 0.000000000000000000, 0.000000000000000000, 1.000000000000000000 ) ) ;
#2274 = CARTESIAN_POINT ( 'NONE',  ( -4.231444431091336611, 6.255070736502365669, 0.1735507048302640798 ) ) ;
#2275 = PLANE ( 'NONE',  #4540 ) ;
#2276 = VECTOR ( 'NONE', #7757, 1000.000000000000000 ) ;
#2277 = EDGE_LOOP ( 'NONE', ( #3760, #9444, #9173, #164 ) ) ;
#2278 = VERTEX_POINT ( 'NONE', #6026 ) ;
#2279 = PRESENTATION_LAYER_ASSIGNMENT (  '', '', ( #6702 ) ) ;
#2280 = AXIS2_PLACEMENT_3D ( 'NONE', #6182, #3934, #7568 ) ;
#2281 = FACE_OUTER_BOUND ( 'NONE', #7007, .T. ) ;
#2282 = CIRCLE ( 'NONE', #3199, 0.1999999999999996503 ) ;
#2283 = EDGE_CURVE ( 'NONE', #8541, #1493, #8170, .T. ) ;
#2284 = CARTESIAN_POINT ( 'NONE',  ( -1.581806085405442319, 6.682636781827779870, -8.277330641001610090 ) ) ;
#2285 = EDGE_CURVE ( 'NONE', #1604, #866, #6872, .T. ) ;
#2286 = DIRECTION ( 'NONE',  ( -0.9999999999999998890, 4.163336342344337027E-17, 1.734723475976807865E-18 ) ) ;
#2287 = CARTESIAN_POINT ( 'NONE',  ( 5.557290104868287450, 3.204322803962460053, -11.88450652483665237 ) ) ;
#2288 = CIRCLE ( 'NONE', #1366, 0.5199999999999995737 ) ;
#2289 = CARTESIAN_POINT ( 'NONE',  ( 4.249999762008569881, -1.726335649230739566, 0.1242640687119284937 ) ) ;
#2290 = CARTESIAN_POINT ( 'NONE',  ( 299.2999999999999545, 3.518315668917007866, -10.36899149320342772 ) ) ;
#2291 = AXIS2_PLACEMENT_3D ( 'NONE', #872, #7296, #1497 ) ;
#2292 = EDGE_CURVE ( 'NONE', #84, #3718, #6406, .T. ) ;
#2293 = COLOUR_RGB ( '',0.6470588235294117974, 0.5176470588235293491, 0.000000000000000000 ) ;
#2294 = EDGE_LOOP ( 'NONE', ( #4160, #8163, #5368, #8119 ) ) ;
#2295 = CARTESIAN_POINT ( 'NONE',  ( 5.599999999999949907, 3.195100562410515543, -3.206685749735108004 ) ) ;
#2296 = CIRCLE ( 'NONE', #1676, 0.7200000000000003064 ) ;
#2297 = ADVANCED_FACE ( 'NONE', ( #5259 ), #3829, .T. ) ;
#2298 = STYLED_ITEM ( 'NONE', ( #2098 ), #8006 ) ;
#2299 =( NAMED_UNIT ( * ) SI_UNIT ( $, .STERADIAN. ) SOLID_ANGLE_UNIT ( ) );
#2300 = DIRECTION ( 'NONE',  ( 1.973731120136043128E-16, 6.492906365439404487E-23, -1.000000000000000000 ) ) ;
#2301 = CARTESIAN_POINT ( 'NONE',  ( -4.500102213743488733, -1.275702287286618386, -5.200000000000057021 ) ) ;
#2302 = CARTESIAN_POINT ( 'NONE',  ( 1.000000000000000666, 0.9999999999999988898, 7.505220410559251043 ) ) ;
#2303 = CARTESIAN_POINT ( 'NONE',  ( -2.539164054879364141, -1.323021935723658782, 0.1268200154100292965 ) ) ;
#2304 = ORIENTED_EDGE ( 'NONE', *, *, #9079, .F. ) ;
#2305 = ORIENTED_EDGE ( 'NONE', *, *, #8077, .T. ) ;
#2306 = PRODUCT_DEFINITION_FORMATION_WITH_SPECIFIED_SOURCE ( 'ANY', '', #4900, .NOT_KNOWN. ) ;
#2307 = LINE ( 'NONE', #2448, #5193 ) ;
#2308 = ORIENTED_EDGE ( 'NONE', *, *, #5232, .T. ) ;
#2309 = CARTESIAN_POINT ( 'NONE',  ( -4.543382203239265671, -1.137024544664035686, -7.008535606553673247 ) ) ;
#2310 = CARTESIAN_POINT ( 'NONE',  ( 1.499999999999939826, -5.507928190936763890, -5.887857747749970727 ) ) ;
#2311 = DIRECTION ( 'NONE',  ( 0.000000000000000000, 0.000000000000000000, -1.000000000000000000 ) ) ;
#2312 = EDGE_CURVE ( 'NONE', #4710, #8341, #2288, .T. ) ;
#2313 = CARTESIAN_POINT ( 'NONE',  ( -4.167157525516810068, -2.339157802475679837, 2.772276292613179649 ) ) ;
#2314 = LINE ( 'NONE', #1630, #6571 ) ;
#2315 = ORIENTED_EDGE ( 'NONE', *, *, #3423, .T. ) ;
#2316 = ORIENTED_EDGE ( 'NONE', *, *, #991, .T. ) ;
#2317 = STYLED_ITEM ( 'NONE', ( #2339 ), #3778 ) ;
#2318 = DIRECTION ( 'NONE',  ( 0.000000000000000000, 0.000000000000000000, -1.000000000000000000 ) ) ;
#2319 = ORIENTED_EDGE ( 'NONE', *, *, #8117, .F. ) ;
#2320 = CARTESIAN_POINT ( 'NONE',  ( 8.487563507913522542, 0.8677307402832512562, -1.713010520406543558 ) ) ;
#2321 = VERTEX_POINT ( 'NONE', #3242 ) ;
#2322 = DIRECTION ( 'NONE',  ( 0.000000000000000000, 0.000000000000000000, 1.000000000000000000 ) ) ;
#2323 = CARTESIAN_POINT ( 'NONE',  ( 4.249999762008569881, -1.726335645957850939, 0.2607234077042788756 ) ) ;
#2324 = DIRECTION ( 'NONE',  ( 1.000000000000000000, 0.000000000000000000, -0.000000000000000000 ) ) ;
#2325 = EDGE_CURVE ( 'NONE', #4008, #1114, #5215, .T. ) ;
#2326 = DIRECTION ( 'NONE',  ( 1.000000000000000000, 0.000000000000000000, -0.000000000000000000 ) ) ;
#2327 = ORIENTED_EDGE ( 'NONE', *, *, #6230, .F. ) ;
#2328 = VERTEX_POINT ( 'NONE', #255 ) ;
#2329 = ORIENTED_EDGE ( 'NONE', *, *, #6979, .T. ) ;
#2330 = PLANE ( 'NONE',  #8560 ) ;
#2331 = CARTESIAN_POINT ( 'NONE',  ( 1.499999999999939826, -3.242975956555899764, -2.023575344751846750 ) ) ;
#2332 = DIRECTION ( 'NONE',  ( 0.000000000000000000, 0.000000000000000000, -1.000000000000000000 ) ) ;
#2333 = CARTESIAN_POINT ( 'NONE',  ( 1.000000000000000000, 1.165319909422410261, 7.039903344578360311 ) ) ;
#2334 = CARTESIAN_POINT ( 'NONE',  ( 0.9109882081482892913, 0.7000000000000001776, 6.865220410559251363 ) ) ;
#2335 = ADVANCED_FACE ( 'NONE', ( #1564 ), #2479, .T. ) ;
#2336 = VERTEX_POINT ( 'NONE', #8317 ) ;
#2337 = DIRECTION ( 'NONE',  ( 1.000000000000000000, -0.000000000000000000, -0.000000000000000000 ) ) ;
#2338 = CARTESIAN_POINT ( 'NONE',  ( -2.488008628878182193, -1.488713944594955985, -2.458691341990701497E-14 ) ) ;
#2339 = PRESENTATION_STYLE_ASSIGNMENT (( #8175 ) ) ;
#2340 = EDGE_CURVE ( 'NONE', #1237, #8524, #457, .T. ) ;
#2341 = DIRECTION ( 'NONE',  ( 1.000000000000000000, 0.000000000000000000, -1.224646799147353207E-16 ) ) ;
#2342 = CARTESIAN_POINT ( 'NONE',  ( 8.399999999999948841, 0.2193455792999002840, -3.680812209029087789 ) ) ;
#2343 = DIRECTION ( 'NONE',  ( 0.000000000000000000, 0.000000000000000000, -1.000000000000000000 ) ) ;
#2344 = CARTESIAN_POINT ( 'NONE',  ( 1.000000000000000000, -4.395153435249019580, 7.401483269680889876 ) ) ;
#2345 = VERTEX_POINT ( 'NONE', #7686 ) ;
#2346 = ORIENTED_EDGE ( 'NONE', *, *, #9449, .T. ) ;
#2347 = EDGE_CURVE ( 'NONE', #2851, #4385, #6254, .T. ) ;
#2348 = DIRECTION ( 'NONE',  ( 0.000000000000000000, 0.000000000000000000, -1.000000000000000000 ) ) ;
#2349 = EDGE_LOOP ( 'NONE', ( #9365, #5771, #7863 ) ) ;
#2350 = CARTESIAN_POINT ( 'NONE',  ( -4.516534661974099585, -1.104394410665070270, -6.940253544063685887 ) ) ;
#2351 = CARTESIAN_POINT ( 'NONE',  ( -1.000000000000000000, -1.863163407847400421, 7.545220410559251079 ) ) ;
#2352 = PLANE ( 'NONE',  #3341 ) ;
#2353 = DIRECTION ( 'NONE',  ( 0.7071067811865474617, -0.000000000000000000, -0.7071067811865474617 ) ) ;
#2354 = UNCERTAINTY_MEASURE_WITH_UNIT (LENGTH_MEASURE( 1.000000000000000082E-05 ), #5937, 'distance_accuracy_value', 'NONE');
#2355 = DIRECTION ( 'NONE',  ( -1.000000000000000000, 0.000000000000000000, 0.000000000000000000 ) ) ;
#2356 = B_SPLINE_CURVE_WITH_KNOTS ( 'NONE', 3,
 ( #8712, #9223, #4914, #1218, #4230, #6439 ),
 .UNSPECIFIED., .F., .F.,
 ( 4, 2, 4 ),
 ( 0.000000000000000000, 0.5000000000000000000, 1.000000000000000000 ),
 .UNSPECIFIED. ) ;
#2357 = CARTESIAN_POINT ( 'NONE',  ( 5.599999999999949907, 0.8170932621786820560, -0.02457572932290244538 ) ) ;
#2358 = DIRECTION ( 'NONE',  ( 0.000000000000000000, 1.000000000000000000, -1.700754338016623078E-14 ) ) ;
#2359 = VERTEX_POINT ( 'NONE', #3386 ) ;
#2360 = VERTEX_POINT ( 'NONE', #2124 ) ;
#2361 = CARTESIAN_POINT ( 'NONE',  ( -4.500000237991419461, -1.626335649230739921, 0.2999999999999999334 ) ) ;
#2362 = VERTEX_POINT ( 'NONE', #1852 ) ;
#2363 = EDGE_CURVE ( 'NONE', #1114, #2851, #4867, .T. ) ;
#2364 = FACE_OUTER_BOUND ( 'NONE', #3420, .T. ) ;
#2365 = ORIENTED_EDGE ( 'NONE', *, *, #2285, .T. ) ;
#2366 = DIRECTION ( 'NONE',  ( 3.289661041519070103E-07, -0.9999999999999459321, 0.000000000000000000 ) ) ;
#2367 = DIRECTION ( 'NONE',  ( 1.000000000000000000, -0.000000000000000000, -0.000000000000000000 ) ) ;
#2368 = CARTESIAN_POINT ( 'NONE',  ( -4.177841068957359738, 6.201467374368376362, 0.08639111434570148629 ) ) ;
#2369 = AXIS2_PLACEMENT_3D ( 'NONE', #6033, #2341, #634 ) ;
#2370 = FACE_OUTER_BOUND ( 'NONE', #4597, .T. ) ;
#2371 = ORIENTED_EDGE ( 'NONE', *, *, #8052, .F. ) ;
#2372 = ORIENTED_EDGE ( 'NONE', *, *, #4, .F. ) ;
#2373 = ORIENTED_EDGE ( 'NONE', *, *, #1508, .F. ) ;
#2374 = EDGE_CURVE ( 'NONE', #9311, #1074, #8081, .T. ) ;
#2375 = DIRECTION ( 'NONE',  ( -1.000000000000000000, -0.000000000000000000, -0.000000000000000000 ) ) ;
#2376 = CARTESIAN_POINT ( 'NONE',  ( 1.499999999999939826, 0.7903099654848935174, -9.847109111472885701 ) ) ;
#2377 = DIRECTION ( 'NONE',  ( 0.000000000000000000, 1.000000000000000000, 0.000000000000000000 ) ) ;
#2378 = PLANE ( 'NONE',  #1479 ) ;
#2379 = CARTESIAN_POINT ( 'NONE',  ( -4.050000237991429053, 6.073626543402451006, 5.608574268657101847 ) ) ;
#2380 = EDGE_CURVE ( 'NONE', #106, #5849, #4816, .T. ) ;
#2381 = EDGE_LOOP ( 'NONE', ( #7247, #1490, #2040, #712 ) ) ;
#2382 = CARTESIAN_POINT ( 'NONE',  ( 4.249999762008569881, 4.337592642964938960, 10.80857426865710202 ) ) ;
#2383 = CARTESIAN_POINT ( 'NONE',  ( 5.499999999999949374, 3.295100562410445022, -12.00000000000011724 ) ) ;
#2384 = FILL_AREA_STYLE ('',( #8806 ) ) ;
#2385 = DIRECTION ( 'NONE',  ( -1.000000000000000000, -0.000000000000000000, -0.000000000000000000 ) ) ;
#2386 = LINE ( 'NONE', #6131, #2428 ) ;
#2387 = CARTESIAN_POINT ( 'NONE',  ( 5.599999999999949907, 2.184171825948720169, -3.206685749735108004 ) ) ;
#2388 = LINE ( 'NONE', #955, #8230 ) ;
#2389 = ORIENTED_EDGE ( 'NONE', *, *, #4853, .T. ) ;
#2390 = ORIENTED_EDGE ( 'NONE', *, *, #1722, .T. ) ;
#2391 = AXIS2_PLACEMENT_3D ( 'NONE', #8156, #8747, #2322 ) ;
#2392 = ORIENTED_EDGE ( 'NONE', *, *, #7449, .T. ) ;
#2393 = EDGE_CURVE ( 'NONE', #6392, #284, #5034, .T. ) ;
#2394 = ORIENTED_EDGE ( 'NONE', *, *, #6964, .T. ) ;
#2395 = DIRECTION ( 'NONE',  ( -3.289661041519070103E-07, 0.9999999999999459321, 0.000000000000000000 ) ) ;
#2396 = CARTESIAN_POINT ( 'NONE',  ( -2.488007230840694195, -1.271866509722523686, 4.000000000000000000 ) ) ;
#2397 = ADVANCED_FACE ( 'NONE', ( #7075 ), #353, .T. ) ;
#2398 = LINE ( 'NONE', #1055, #5472 ) ;
#2399 = EDGE_CURVE ( 'NONE', #2549, #7874, #7781, .T. ) ;
#2400 = CARTESIAN_POINT ( 'NONE',  ( 4.049999762008570592, 6.273626543402450295, 0.2999999999999999889 ) ) ;
#2401 = DIRECTION ( 'NONE',  ( -0.000000000000000000, -0.000000000000000000, 1.000000000000000000 ) ) ;
#2402 = CIRCLE ( 'NONE', #5310, 0.7200000000000001954 ) ;
#2403 = CARTESIAN_POINT ( 'NONE',  ( -1.000000000000000000, 0.6600000000000000311, 7.505220410559251043 ) ) ;
#2404 = EDGE_LOOP ( 'NONE', ( #834, #5457, #6270, #4162 ) ) ;
#2405 = ORIENTED_EDGE ( 'NONE', *, *, #8940, .T. ) ;
#2406 = EDGE_CURVE ( 'NONE', #1536, #6651, #5443, .T. ) ;
#2407 = CARTESIAN_POINT ( 'NONE',  ( -4.479047353179213431, -1.383208352360509652, -5.206359210016583638 ) ) ;
#2408 = ORIENTED_EDGE ( 'NONE', *, *, #958, .F. ) ;
#2409 = DIRECTION ( 'NONE',  ( 1.000000000000000000, -0.000000000000000000, -0.000000000000000000 ) ) ;
#2410 = ORIENTED_EDGE ( 'NONE', *, *, #6464, .F. ) ;
#2411 = VECTOR ( 'NONE', #7245, 1000.000000000000114 ) ;
#2412 = DIRECTION ( 'NONE',  ( 0.000000000000000000, 1.000000000000000000, -1.734723475976806148E-14 ) ) ;
#2413 = CARTESIAN_POINT ( 'NONE',  ( -4.500156943342753735, -1.475738136483351282, -4.947313356642474069 ) ) ;
#2414 = CARTESIAN_POINT ( 'NONE',  ( -2.986120869726938132, 5.337783869614061594, -5.059838790869076064 ) ) ;
#2415 = PRESENTATION_LAYER_ASSIGNMENT (  '', '', ( #4404 ) ) ;
#2416 = DIRECTION ( 'NONE',  ( 0.000000000000000000, 0.000000000000000000, 1.000000000000000000 ) ) ;
#2417 = VERTEX_POINT ( 'NONE', #4151 ) ;
#2418 = ORIENTED_EDGE ( 'NONE', *, *, #8069, .T. ) ;
#2419 = AXIS2_PLACEMENT_3D ( 'NONE', #7462, #6884, #6789 ) ;
#2420 = ORIENTED_EDGE ( 'NONE', *, *, #4557, .F. ) ;
#2421 = VECTOR ( 'NONE', #5109, 999.9999999999998863 ) ;
#2422 = CYLINDRICAL_SURFACE ( 'NONE', #1993, 0.09999999999999982514 ) ;
#2423 = PLANE ( 'NONE',  #9475 ) ;
#2424 = VECTOR ( 'NONE', #8953, 1000.000000000000000 ) ;
#2425 = FACE_OUTER_BOUND ( 'NONE', #163, .T. ) ;
#2426 = DIRECTION ( 'NONE',  ( -1.000000000000000000, 0.000000000000000000, 0.000000000000000000 ) ) ;
#2427 = CARTESIAN_POINT ( 'NONE',  ( -1.000000000000000000, -4.395153435249019580, 7.401483269680889876 ) ) ;
#2428 = VECTOR ( 'NONE', #5993, 1000.000000000000000 ) ;
#2429 = EDGE_CURVE ( 'NONE', #1612, #6296, #4766, .T. ) ;
#2430 = PRESENTATION_LAYER_ASSIGNMENT (  '', '', ( #9003 ) ) ;
#2431 = AXIS2_PLACEMENT_3D ( 'NONE', #6180, #3350, #275 ) ;
#2432 = ORIENTED_EDGE ( 'NONE', *, *, #3640, .F. ) ;
#2433 = CARTESIAN_POINT ( 'NONE',  ( -4.250000237991429231, 4.337590152354478867, 5.808574268657101136 ) ) ;
#2434 = DIRECTION ( 'NONE',  ( 0.000000000000000000, -0.9564761126469772945, -0.2918106336920003874 ) ) ;
#2435 = CARTESIAN_POINT ( 'NONE',  ( -0.6600000000000000311, 0.7376963548946700033, 7.205197403704520553 ) ) ;
#2436 = VECTOR ( 'NONE', #337, 1000.000000000000000 ) ;
#2437 = DIRECTION ( 'NONE',  ( -1.000000000000000000, 0.000000000000000000, 0.000000000000000000 ) ) ;
#2438 = AXIS2_PLACEMENT_3D ( 'NONE', #3295, #6220, #2348 ) ;
#2439 = DIRECTION ( 'NONE',  ( -0.000000000000000000, -1.000000000000000000, -0.000000000000000000 ) ) ;
#2440 = ADVANCED_FACE ( 'NONE', ( #7639 ), #9087, .T. ) ;
#2441 = FILL_AREA_STYLE ('',( #266 ) ) ;
#2442 = LINE ( 'NONE', #317, #1349 ) ;
#2443 = ORIENTED_EDGE ( 'NONE', *, *, #898, .T. ) ;
#2444 = ORIENTED_EDGE ( 'NONE', *, *, #8961, .F. ) ;
#2445 = AXIS2_PLACEMENT_3D ( 'NONE', #9440, #5943, #5225 ) ;
#2446 = EDGE_LOOP ( 'NONE', ( #7260, #5768, #826, #5959 ) ) ;
#2447 = AXIS2_PLACEMENT_3D ( 'NONE', #8906, #5123, #261 ) ;
#2448 = CARTESIAN_POINT ( 'NONE',  ( 4.645139837156038176, 3.640943135232368455, -7.867280422007794094 ) ) ;
#2449 = VECTOR ( 'NONE', #8547, 1000.000000000000000 ) ;
#2450 = ORIENTED_EDGE ( 'NONE', *, *, #5266, .F. ) ;
#2451 = DIRECTION ( 'NONE',  ( -1.000000000000000000, 0.000000000000000000, -0.000000000000000000 ) ) ;
#2452 = DIRECTION ( 'NONE',  ( -1.000000000000000000, -0.000000000000000000, -0.000000000000000000 ) ) ;
#2453 = CARTESIAN_POINT ( 'NONE',  ( 2.488007338380472167, -1.926335649230789038, 7.570146519281767183 ) ) ;
#2454 = UNCERTAINTY_MEASURE_WITH_UNIT (LENGTH_MEASURE( 1.000000000000000082E-05 ), #7772, 'distance_accuracy_value', 'NONE');
#2455 = CARTESIAN_POINT ( 'NONE',  ( 5.599999999999949907, 3.195100562410482681, -8.793314250264890219 ) ) ;
#2456 = VECTOR ( 'NONE', #7883, 1000.000000000000000 ) ;
#2457 = DIRECTION ( 'NONE',  ( -0.000000000000000000, 1.000000000000000000, 0.000000000000000000 ) ) ;
#2458 = VERTEX_POINT ( 'NONE', #8679 ) ;
#2459 = EDGE_CURVE ( 'NONE', #1492, #7996, #8457, .T. ) ;
#2460 = CARTESIAN_POINT ( 'NONE',  ( -4.467722438274762453, -1.068959574631858978, -5.140149845470045165 ) ) ;
#2461 = ORIENTED_EDGE ( 'NONE', *, *, #1814, .F. ) ;
#2462 = VECTOR ( 'NONE', #5850, 1000.000000000000000 ) ;
#2463 = ORIENTED_EDGE ( 'NONE', *, *, #7569, .T. ) ;
#2464 = CARTESIAN_POINT ( 'NONE',  ( -3.500000237991430119, -3.176335649230739744, 9.795220410559259960 ) ) ;
#2465 = CARTESIAN_POINT ( 'NONE',  ( 4.001833525719263207, -1.678169412941479033, -1.145131339618233490E-08 ) ) ;
#2466 = CARTESIAN_POINT ( 'NONE',  ( 3.499999762008581428, -4.226335649230749780, 1.575220410559260875 ) ) ;
#2467 = EDGE_CURVE ( 'NONE', #8852, #12, #8413, .T. ) ;
#2468 = DIRECTION ( 'NONE',  ( 0.7071067811865485719, 0.000000000000000000, 0.7071067811865464625 ) ) ;
#2469 = ORIENTED_EDGE ( 'NONE', *, *, #332, .F. ) ;
#2470 = ORIENTED_EDGE ( 'NONE', *, *, #638, .T. ) ;
#2471 = PRESENTATION_LAYER_ASSIGNMENT (  '', '', ( #9196 ) ) ;
#2472 =( BOUNDED_CURVE ( )  B_SPLINE_CURVE ( 3, ( #8543, #6478, #1262, #2658 ),
 .UNSPECIFIED., .F., .T. ) 
 B_SPLINE_CURVE_WITH_KNOTS ( ( 4, 4 ),
 ( 3.141592653589793116, 4.712388980384689674 ),
 .UNSPECIFIED. ) 
 CURVE ( )  GEOMETRIC_REPRESENTATION_ITEM ( )  RATIONAL_B_SPLINE_CURVE ( ( 1.000000000000000000, 0.8047378541243649375, 0.8047378541243649375, 1.000000000000000000 ) ) 
 REPRESENTATION_ITEM ( '' )  );
#2473 = EDGE_CURVE ( 'NONE', #3185, #7632, #7714, .T. ) ;
#2474 = EDGE_LOOP ( 'NONE', ( #3686, #3565, #2655, #319, #8975, #9067, #2075, #4286, #7355, #2778 ) ) ;
#2475 = CARTESIAN_POINT ( 'NONE',  ( -5.591000000000060588, 0.7903099654848935174, -10.64268622057410596 ) ) ;
#2476 = LINE ( 'NONE', #5396, #2802 ) ;
#2477 = PLANE ( 'NONE',  #5938 ) ;
#2478 = FACE_OUTER_BOUND ( 'NONE', #6094, .T. ) ;
#2479 = PLANE ( 'NONE',  #3202 ) ;
#2480 = ORIENTED_EDGE ( 'NONE', *, *, #3750, .F. ) ;
#2481 = EDGE_CURVE ( 'NONE', #5823, #8555, #7787, .T. ) ;
#2482 = CARTESIAN_POINT ( 'NONE',  ( 1.499999999999939826, 4.771167705692607619, -4.132719577992287618 ) ) ;
#2483 = CARTESIAN_POINT ( 'NONE',  ( -5.400000000000059863, -1.275702287286611059, -7.069655554617711779 ) ) ;
#2484 = CARTESIAN_POINT ( 'NONE',  ( -0.6600000000000046940, 0.6600000000000046940, 7.505220410559250155 ) ) ;
#2485 = CARTESIAN_POINT ( 'NONE',  ( -2.788008628878230422, -1.571866509722523730, 0.000000000000000000 ) ) ;
#2486 = CARTESIAN_POINT ( 'NONE',  ( -5.500000000000060396, -1.275702287286611059, -4.930344445382288221 ) ) ;
#2487 = SURFACE_STYLE_FILL_AREA ( #2441 ) ;
#2488 = CARTESIAN_POINT ( 'NONE',  ( 1.000000000000051292, 1.340000000000000302, 7.505220410559249267 ) ) ;
#2489 = EDGE_LOOP ( 'NONE', ( #673, #8795, #2974, #912, #5130 ) ) ;
#2490 = VERTEX_POINT ( 'NONE', #4098 ) ;
#2491 = PLANE ( 'NONE',  #904 ) ;
#2492 = EDGE_LOOP ( 'NONE', ( #7842, #2942, #1498, #5683 ) ) ;
#2493 = EDGE_CURVE ( 'NONE', #5792, #3362, #7020, .T. ) ;
#2494 = CARTESIAN_POINT ( 'NONE',  ( -4.500000237991419461, -2.339157802475679837, 2.772276292613180093 ) ) ;
#2495 = CARTESIAN_POINT ( 'NONE',  ( 1.499999999999939826, -1.275702287286611281, -5.200000000000000178 ) ) ;
#2496 = DIRECTION ( 'NONE',  ( 0.000000000000000000, 0.000000000000000000, 1.000000000000000000 ) ) ;
#2497 = AXIS2_PLACEMENT_3D ( 'NONE', #2958, #2147, #799 ) ;
#2498 = LINE ( 'NONE', #3799, #6833 ) ;
#2499 = DIRECTION ( 'NONE',  ( -0.000000000000000000, -0.000000000000000000, -1.000000000000000000 ) ) ;
#2500 = ORIENTED_EDGE ( 'NONE', *, *, #3758, .T. ) ;
#2501 = CARTESIAN_POINT ( 'NONE',  ( -4.543336368367023148, -1.283971684949301695, -5.140149845470044276 ) ) ;
#2502 = ORIENTED_EDGE ( 'NONE', *, *, #3640, .T. ) ;
#2503 = CARTESIAN_POINT ( 'NONE',  ( -0.9008451486024394717, 0.7000000000000081712, 6.879999999999999893 ) ) ;
#2504 = ORIENTED_EDGE ( 'NONE', *, *, #7290, .F. ) ;
#2505 = FACE_OUTER_BOUND ( 'NONE', #1315, .T. ) ;
#2506 = PLANE ( 'NONE',  #5607 ) ;
#2507 = CARTESIAN_POINT ( 'NONE',  ( -4.500102213743488733, -1.275702287286618386, -5.200000000000057021 ) ) ;
#2508 = CARTESIAN_POINT ( 'NONE',  ( 1.499999999999939826, 3.243903520801311391, -3.101440184145292989 ) ) ;
#2509 = CYLINDRICAL_SURFACE ( 'NONE', #8364, 0.4919261306450205540 ) ;
#2510 = ORIENTED_EDGE ( 'NONE', *, *, #6993, .F. ) ;
#2511 = ORIENTED_EDGE ( 'NONE', *, *, #990, .T. ) ;
#2512 = APPLICATION_CONTEXT ( 'automotive_design' ) ;
#2513 = ORIENTED_EDGE ( 'NONE', *, *, #2467, .F. ) ;
#2514 = CARTESIAN_POINT ( 'NONE',  ( 5.522697637594058406, 2.192636147065757601, -3.243248026206687840 ) ) ;
#2515 = EDGE_CURVE ( 'NONE', #783, #2271, #2314, .T. ) ;
#2516 = CIRCLE ( 'NONE', #6787, 1.843247405224330837 ) ;
#2517 = CYLINDRICAL_SURFACE ( 'NONE', #8920, 0.2000000000000000944 ) ;
#2518 = CARTESIAN_POINT ( 'NONE',  ( 1.000000000000000000, 0.9999999999999453770, 13.68857426865710281 ) ) ;
#2519 = EDGE_CURVE ( 'NONE', #7389, #1503, #7428, .T. ) ;
#2520 = EDGE_CURVE ( 'NONE', #7679, #2085, #5911, .T. ) ;
#2521 = CARTESIAN_POINT ( 'NONE',  ( 1.499999999999939826, -0.9040905573164232933, -10.92728053718713532 ) ) ;
#2522 = CARTESIAN_POINT ( 'NONE',  ( -4.050000237991429053, 6.273626543402450295, 0.2999999999999999889 ) ) ;
#2523 = ORIENTED_EDGE ( 'NONE', *, *, #8917, .T. ) ;
#2524 = DIRECTION ( 'NONE',  ( 0.000000000000000000, 0.000000000000000000, 1.000000000000000000 ) ) ;
#2525 = PLANE ( 'NONE',  #7032 ) ;
#2526 = CARTESIAN_POINT ( 'NONE',  ( 5.499999999999949374, -3.834801901544083957, -9.059037846064184052 ) ) ;
#2527 = LINE ( 'NONE', #6827, #4201 ) ;
#2528 = CARTESIAN_POINT ( 'NONE',  ( 1.499999999999939826, -0.9040905573164232933, -10.92728053718713532 ) ) ;
#2529 = FACE_OUTER_BOUND ( 'NONE', #6522, .T. ) ;
#2530 = FACE_OUTER_BOUND ( 'NONE', #3175, .T. ) ;
#2531 = ORIENTED_EDGE ( 'NONE', *, *, #2393, .T. ) ;
#2532 = ORIENTED_EDGE ( 'NONE', *, *, #3146, .F. ) ;
#2533 = EDGE_CURVE ( 'NONE', #5153, #5958, #3085, .T. ) ;
#2534 = ORIENTED_EDGE ( 'NONE', *, *, #4014, .F. ) ;
#2535 = CLOSED_SHELL ( 'NONE', ( #9026, #2153, #5568, #5011, #1466, #1157 ) ) ;
#2536 = ORIENTED_EDGE ( 'NONE', *, *, #3475, .T. ) ;
#2537 = LINE ( 'NONE', #6041, #7039 ) ;
#2538 = LINE ( 'NONE', #3167, #7182 ) ;
#2539 = SURFACE_STYLE_USAGE ( .BOTH. , #230 ) ;
#2540 = PRESENTATION_STYLE_ASSIGNMENT (( #8378 ) ) ;
#2541 = LINE ( 'NONE', #5277, #591 ) ;
#2542 = LINE ( 'NONE', #8382, #8685 ) ;
#2543 = LINE ( 'NONE', #8294, #4581 ) ;
#2544 = ORIENTED_EDGE ( 'NONE', *, *, #7954, .F. ) ;
#2545 = ADVANCED_FACE ( 'NONE', ( #4552 ), #49, .F. ) ;
#2546 = CARTESIAN_POINT ( 'NONE',  ( -4.471198596865503916, -1.449366130634647254, -5.173254527743311293 ) ) ;
#2547 = VERTEX_POINT ( 'NONE', #1447 ) ;
#2548 = DIRECTION ( 'NONE',  ( 0.000000000000000000, -1.000000000000000000, 1.020425574104004117E-14 ) ) ;
#2549 = VERTEX_POINT ( 'NONE', #8004 ) ;
#2550 = CARTESIAN_POINT ( 'NONE',  ( -5.500000000000060396, -1.275702287286611059, -4.930344445382288221 ) ) ;
#2551 = CARTESIAN_POINT ( 'NONE',  ( 4.189899506195515322, -1.706302230626388416, 0.1156356754750173105 ) ) ;
#2552 = FACE_OUTER_BOUND ( 'NONE', #4376, .T. ) ;
#2553 = DIRECTION ( 'NONE',  ( -0.7071067811865474617, 0.000000000000000000, 0.7071067811865474617 ) ) ;
#2554 = VERTEX_POINT ( 'NONE', #726 ) ;
#2555 = ADVANCED_FACE ( 'NONE', ( #8741 ), #5957, .T. ) ;
#2556 = ORIENTED_EDGE ( 'NONE', *, *, #4915, .T. ) ;
#2557 = ORIENTED_EDGE ( 'NONE', *, *, #3784, .T. ) ;
#2558 = CARTESIAN_POINT ( 'NONE',  ( 3.949999762008570059, 5.973626543402450473, 0.000000000000000000 ) ) ;
#2559 = CIRCLE ( 'NONE', #5170, 0.3400000000000000244 ) ;
#2560 = CARTESIAN_POINT ( 'NONE',  ( 1.499999999999939826, 2.791380799352039421, -1.541375956710550499 ) ) ;
#2561 = CARTESIAN_POINT ( 'NONE',  ( -4.500000237991419461, -2.339157802475679837, 7.570146519281761854 ) ) ;
#2562 = DIRECTION ( 'NONE',  ( 0.000000000000000000, 6.023345402697248937E-16, 1.000000000000000000 ) ) ;
#2563 = AXIS2_PLACEMENT_3D ( 'NONE', #2592, #1191, #5525 ) ;
#2564 = CARTESIAN_POINT ( 'NONE',  ( 8.499999999999948486, 0.8170932621786126671, -11.87542427067706896 ) ) ;
#2565 = AXIS2_PLACEMENT_3D ( 'NONE', #9215, #6472, #4993 ) ;
#2566 = EDGE_CURVE ( 'NONE', #1360, #4650, #8105, .T. ) ;
#2567 = ADVANCED_FACE ( 'NONE', ( #4506 ), #3196, .T. ) ;
#2568 = AXIS2_PLACEMENT_3D ( 'NONE', #3975, #9002, #2343 ) ;
#2569 = ORIENTED_EDGE ( 'NONE', *, *, #7307, .F. ) ;
#2570 = CARTESIAN_POINT ( 'NONE',  ( -1.000000000000000000, -3.569272152705960544, 6.865220410559250475 ) ) ;
#2571 = VECTOR ( 'NONE', #8954, 1000.000000000000000 ) ;
#2572 = FACE_OUTER_BOUND ( 'NONE', #8724, .T. ) ;
#2573 = CARTESIAN_POINT ( 'NONE',  ( -1.000000000000000000, 1.340000000000000080, 7.505220410559251043 ) ) ;
#2574 = AXIS2_PLACEMENT_3D ( 'NONE', #8875, #5818, #677 ) ;
#2575 =( NAMED_UNIT ( * ) SI_UNIT ( $, .STERADIAN. ) SOLID_ANGLE_UNIT ( ) );
#2576 = FACE_OUTER_BOUND ( 'NONE', #4184, .T. ) ;
#2577 = EDGE_CURVE ( 'NONE', #5120, #7689, #6024, .T. ) ;
#2578 = MECHANICAL_DESIGN_GEOMETRIC_PRESENTATION_REPRESENTATION (  '', ( #9313 ), #3493 ) ;
#2579 = CARTESIAN_POINT ( 'NONE',  ( -5.591000000000060588, -1.468035014617230072, -0.9929644752390694995 ) ) ;
#2580 = ORIENTED_EDGE ( 'NONE', *, *, #8783, .T. ) ;
#2581 = PRESENTATION_LAYER_ASSIGNMENT (  '', '', ( #6862 ) ) ;
#2582 = AXIS2_PLACEMENT_3D ( 'NONE', #5163, #6452, #7880 ) ;
#2583 = EDGE_CURVE ( 'NONE', #39, #8743, #6473, .T. ) ;
#2584 = CARTESIAN_POINT ( 'NONE',  ( 1.499999999999939826, 0.4675451179377200228, -7.069655554617711779 ) ) ;
#2585 = ORIENTED_EDGE ( 'NONE', *, *, #1521, .F. ) ;
#2586 = CARTESIAN_POINT ( 'NONE',  ( 1.499999999999939826, -1.468035014617238732, -1.541199953753203955 ) ) ;
#2587 = VECTOR ( 'NONE', #1004, 1000.000000000000000 ) ;
#2588 = FACE_OUTER_BOUND ( 'NONE', #1005, .T. ) ;
#2589 = CARTESIAN_POINT ( 'NONE',  ( -1.838618586295336588, 3.914972254309967425, 5.808574268657101136 ) ) ;
#2590 = DIRECTION ( 'NONE',  ( -0.000000000000000000, 1.000000000000000000, 0.000000000000000000 ) ) ;
#2591 = AXIS2_PLACEMENT_3D ( 'NONE', #7034, #2007, #6213 ) ;
#2592 = CARTESIAN_POINT ( 'NONE',  ( -5.400000000000059863, -1.275702287286611059, -4.930344445382288221 ) ) ;
#2593 = CARTESIAN_POINT ( 'NONE',  ( 8.428428717488435140, 0.8212193448603127832, -10.25303952556437537 ) ) ;
#2594 = ORIENTED_EDGE ( 'NONE', *, *, #7399, .F. ) ;
#2595 = VECTOR ( 'NONE', #6570, 1000.000000000000000 ) ;
#2596 = VECTOR ( 'NONE', #3867, 1000.000000000000000 ) ;
#2597 = CARTESIAN_POINT ( 'NONE',  ( -4.538058041986120728, -1.168195840598962310, -5.107045163196775484 ) ) ;
#2598 = EDGE_LOOP ( 'NONE', ( #1688, #6630, #960, #2513 ) ) ;
#2599 = AXIS2_PLACEMENT_3D ( 'NONE', #3326, #4013, #1166 ) ;
#2600 = CARTESIAN_POINT ( 'NONE',  ( -4.485155665560281335, -1.447010295314860251, -6.854900965951202352 ) ) ;
#2601 = ORIENTED_EDGE ( 'NONE', *, *, #3198, .T. ) ;
#2602 = CARTESIAN_POINT ( 'NONE',  ( 1.499999999999939826, 3.243903520801311391, -7.867280422007712382 ) ) ;
#2603 = CARTESIAN_POINT ( 'NONE',  ( 5.599999999999949907, 0.8170932621786820560, -1.750000000000001554 ) ) ;
#2604 = EDGE_CURVE ( 'NONE', #203, #9401, #9025, .T. ) ;
#2605 = PRESENTATION_LAYER_ASSIGNMENT (  '', '', ( #610 ) ) ;
#2606 = DIRECTION ( 'NONE',  ( 0.000000000000000000, 1.000000000000000000, -0.000000000000000000 ) ) ;
#2607 = AXIS2_PLACEMENT_3D ( 'NONE', #6552, #8905, #3739 ) ;
#2608 = DIRECTION ( 'NONE',  ( 0.000000000000000000, 0.000000000000000000, -1.000000000000000000 ) ) ;
#2609 = CARTESIAN_POINT ( 'NONE',  ( 3.235098673953480386, 1.932139300074104726, 0.000000000000000000 ) ) ;
#2610 = DIRECTION ( 'NONE',  ( 0.000000000000000000, 0.000000000000000000, -1.000000000000000000 ) ) ;
#2611 = EDGE_LOOP ( 'NONE', ( #1214, #703 ) ) ;
#2612 = ORIENTED_EDGE ( 'NONE', *, *, #7265, .F. ) ;
#2613 = CIRCLE ( 'NONE', #4447, 0.3400000000000000244 ) ;
#2614 = EDGE_LOOP ( 'NONE', ( #8714, #6860, #2811, #8287 ) ) ;
#2615 = LINE ( 'NONE', #1891, #6576 ) ;
#2616 = EDGE_CURVE ( 'NONE', #1438, #5914, #7026, .T. ) ;
#2617 = DIRECTION ( 'NONE',  ( 0.000000000000000000, 1.000000000000000000, 0.000000000000000000 ) ) ;
#2618 = CARTESIAN_POINT ( 'NONE',  ( 3.499999762008581428, -4.426335649230749958, 1.575220410559260875 ) ) ;
#2619 = DIRECTION ( 'NONE',  ( -1.000000000000000000, -0.000000000000000000, -0.000000000000000000 ) ) ;
#2620 = CARTESIAN_POINT ( 'NONE',  ( 1.339999999999999858, 0.6999999999999995115, 7.294232202410960930 ) ) ;
#2621 = ORIENTED_EDGE ( 'NONE', *, *, #4797, .T. ) ;
#2622 = CARTESIAN_POINT ( 'NONE',  ( -1.602906781438529604, 1.932139300074104726, 6.879999999999999893 ) ) ;
#2623 = DIRECTION ( 'NONE',  ( -0.000000000000000000, 1.000000000000000000, -0.000000000000000000 ) ) ;
#2624 = CARTESIAN_POINT ( 'NONE',  ( -0.7477005242537134722, 2.420857981308560447, 4.356534637527341047 ) ) ;
#2625 =( LENGTH_UNIT ( ) NAMED_UNIT ( * ) SI_UNIT ( .MILLI., .METRE. ) );
#2626 = B_SPLINE_CURVE_WITH_KNOTS ( 'NONE', 2,
 ( #617, #2779, #6277 ),
 .UNSPECIFIED., .F., .F.,
 ( 3, 3 ),
 ( 0.000000000000000000, 0.0006544691395082187502 ),
 .UNSPECIFIED. ) ;
#2627 = CARTESIAN_POINT ( 'NONE',  ( 1.499999999999939826, -1.275702287286611059, -7.069655554617711779 ) ) ;
#2628 = EDGE_CURVE ( 'NONE', #1074, #387, #1520, .T. ) ;
#2629 = CARTESIAN_POINT ( 'NONE',  ( 4.645139837156038176, 3.640943135232368455, -304.8000000000000114 ) ) ;
#2630 = ORIENTED_EDGE ( 'NONE', *, *, #1230, .F. ) ;
#2631 = LINE ( 'NONE', #2043, #8711 ) ;
#2632 = ORIENTED_EDGE ( 'NONE', *, *, #4663, .T. ) ;
#2633 = CARTESIAN_POINT ( 'NONE',  ( 4.246444498374326137, 4.375135492539635962, 5.646117118231800625 ) ) ;
#2634 = EDGE_CURVE ( 'NONE', #2890, #7615, #7486, .T. ) ;
#2635 = DIRECTION ( 'NONE',  ( 0.000000000000000000, -1.000000000000000000, 0.000000000000000000 ) ) ;
#2636 = CYLINDRICAL_SURFACE ( 'NONE', #7967, 1.743247405224331414 ) ;
#2637 = CARTESIAN_POINT ( 'NONE',  ( 5.508175451154690982, 3.255300643803658911, -0.07438035230596014291 ) ) ;
#2638 = CARTESIAN_POINT ( 'NONE',  ( 1.000000000000000000, 0.6600000000000000311, 7.505220410559251043 ) ) ;
#2639 = ADVANCED_FACE ( 'NONE', ( #3222 ), #7571, .T. ) ;
#2640 = EDGE_CURVE ( 'NONE', #6978, #9301, #8713, .T. ) ;
#2641 =( LENGTH_UNIT ( ) NAMED_UNIT ( * ) SI_UNIT ( .MILLI., .METRE. ) );
#2642 = CARTESIAN_POINT ( 'NONE',  ( -4.050000237991429053, -2.339157802475679837, 7.570146519281761854 ) ) ;
#2643 = ORIENTED_EDGE ( 'NONE', *, *, #5989, .T. ) ;
#2644 = ORIENTED_EDGE ( 'NONE', *, *, #30, .T. ) ;
#2645 = CARTESIAN_POINT ( 'NONE',  ( -4.535674270663438534, -1.217814040489860528, -4.857304821456018828 ) ) ;
#2646 = ORIENTED_EDGE ( 'NONE', *, *, #4868, .T. ) ;
#2647 = CARTESIAN_POINT ( 'NONE',  ( -4.487629444477335028, -1.332805218072989906, -6.786618903461214991 ) ) ;
#2648 = ORIENTED_EDGE ( 'NONE', *, *, #378, .T. ) ;
#2649 = CARTESIAN_POINT ( 'NONE',  ( 2.935098673953479675, -1.271866509722523686, 0.1242640687119284659 ) ) ;
#2650 = FACE_OUTER_BOUND ( 'NONE', #5400, .T. ) ;
#2651 = CYLINDRICAL_SURFACE ( 'NONE', #8981, 0.09999999999999939493 ) ;
#2652 = CARTESIAN_POINT ( 'NONE',  ( -3.500000237991430119, -4.226335649230749780, 2.295220410559260849 ) ) ;
#2653 = CARTESIAN_POINT ( 'NONE',  ( -3.500000237991429231, -4.226335649230749780, 1.575220410559260875 ) ) ;
#2654 = FACE_OUTER_BOUND ( 'NONE', #2404, .T. ) ;
#2655 = ORIENTED_EDGE ( 'NONE', *, *, #8195, .T. ) ;
#2656 = ORIENTED_EDGE ( 'NONE', *, *, #8314, .T. ) ;
#2657 = EDGE_CURVE ( 'NONE', #6962, #8512, #2543, .T. ) ;
#2658 = CARTESIAN_POINT ( 'NONE',  ( 8.499999999999948486, 0.9170932621786821448, -0.2245757293229022900 ) ) ;
#2659 = VERTEX_POINT ( 'NONE', #6141 ) ;
#2660 = CARTESIAN_POINT ( 'NONE',  ( -4.237789010786189969, 4.418934334577052425, 10.67862340548785660 ) ) ;
#2661 = LINE ( 'NONE', #1892, #1657 ) ;
#2662 =( LENGTH_UNIT ( ) NAMED_UNIT ( * ) SI_UNIT ( .MILLI., .METRE. ) );
#2663 = CARTESIAN_POINT ( 'NONE',  ( 0.000000000000000000, 0.000000000000000000, 0.000000000000000000 ) ) ;
#2664 = SURFACE_STYLE_USAGE ( .BOTH. , #7114 ) ;
#2665 = ORIENTED_EDGE ( 'NONE', *, *, #650, .T. ) ;
#2666 = CARTESIAN_POINT ( 'NONE',  ( 1.000003601639334772, 0.6795958279079212794, 7.524786643391001562 ) ) ;
#2667 = EDGE_CURVE ( 'NONE', #1675, #6244, #3685, .T. ) ;
#2668 = VECTOR ( 'NONE', #3312, 1000.000000000000000 ) ;
#2669 = ORIENTED_EDGE ( 'NONE', *, *, #7777, .T. ) ;
#2670 = SURFACE_STYLE_FILL_AREA ( #6306 ) ;
#2671 = FACE_OUTER_BOUND ( 'NONE', #6885, .T. ) ;
#2672 = CARTESIAN_POINT ( 'NONE',  ( 2.488007246420603558, -1.926335649230886959, 0.2999999999999964362 ) ) ;
#2673 = DIRECTION ( 'NONE',  ( 0.000000000000000000, -1.000000000000000000, 1.020425574104004117E-14 ) ) ;
#2674 = CARTESIAN_POINT ( 'NONE',  ( 1.499999999999939826, -1.275702287286611059, -9.312902959842043416 ) ) ;
#2675 = CARTESIAN_POINT ( 'NONE',  ( -5.500000000000060396, -3.118949692510942118, -7.069655554617711779 ) ) ;
#2676 = VERTEX_POINT ( 'NONE', #6943 ) ;
#2677 = EDGE_CURVE ( 'NONE', #6791, #4511, #5421, .T. ) ;
#2678 = ORIENTED_EDGE ( 'NONE', *, *, #4237, .F. ) ;
#2679 = CARTESIAN_POINT ( 'NONE',  ( 4.049999762008569704, 4.972880154081113169, 5.808574268657101136 ) ) ;
#2680 = DIRECTION ( 'NONE',  ( 1.000000000000000000, -0.000000000000000000, -0.000000000000000000 ) ) ;
#2681 = CARTESIAN_POINT ( 'NONE',  ( -4.500107394645457504, -1.275702287025888060, -7.199999999999997513 ) ) ;
#2682 = CARTESIAN_POINT ( 'NONE',  ( -2.605441914924384594, 6.243715483826639989, 10.71600155543398181 ) ) ;
#2683 = ORIENTED_EDGE ( 'NONE', *, *, #9169, .T. ) ;
#2684 = EDGE_CURVE ( 'NONE', #8742, #1503, #4694, .T. ) ;
#2685 = CARTESIAN_POINT ( 'NONE',  ( -4.501644188554409176, -1.416287241497572680, -4.857304821456015276 ) ) ;
#2686 = ORIENTED_EDGE ( 'NONE', *, *, #8480, .F. ) ;
#2687 = EDGE_CURVE ( 'NONE', #5120, #9311, #6184, .T. ) ;
#2688 = CARTESIAN_POINT ( 'NONE',  ( -4.593041736877258252, -1.267545080659895573, -6.940253544063686775 ) ) ;
#2689 = EDGE_CURVE ( 'NONE', #8512, #1880, #5032, .T. ) ;
#2690 = ORIENTED_EDGE ( 'NONE', *, *, #1655, .T. ) ;
#2691 = DIRECTION ( 'NONE',  ( 0.000000000000000000, 1.000000000000000000, 0.000000000000000000 ) ) ;
#2692 = DIRECTION ( 'NONE',  ( 0.000000000000000000, -1.000000000000000000, 0.000000000000000000 ) ) ;
#2693 = CLOSED_SHELL ( 'NONE', ( #1105, #3024, #4095, #2070, #511, #1831 ) ) ;
#2694 = DIRECTION ( 'NONE',  ( -0.000000000000000000, -0.000000000000000000, 1.000000000000000000 ) ) ;
#2695 = CARTESIAN_POINT ( 'NONE',  ( 4.049999762008570592, 6.073626543402451006, 5.608574268657101847 ) ) ;
#2696 = FACE_OUTER_BOUND ( 'NONE', #2042, .T. ) ;
#2697 = DIRECTION ( 'NONE',  ( -0.000000000000000000, -0.000000000000000000, 1.000000000000000000 ) ) ;
#2698 = ORIENTED_EDGE ( 'NONE', *, *, #3868, .F. ) ;
#2699 = ADVANCED_FACE ( 'NONE', ( #423 ), #1142, .F. ) ;
#2700 = EDGE_LOOP ( 'NONE', ( #6435, #4140, #4424, #5572 ) ) ;
#2701 = AXIS2_PLACEMENT_3D ( 'NONE', #931, #4565, #1069 ) ;
#2702 = SURFACE_SIDE_STYLE ('',( #1357 ) ) ;
#2703 = ORIENTED_EDGE ( 'NONE', *, *, #8558, .F. ) ;
#2704 = LINE ( 'NONE', #2133, #2449 ) ;
#2705 = DIRECTION ( 'NONE',  ( 0.000000000000000000, 0.000000000000000000, -1.000000000000000000 ) ) ;
#2706 = FILL_AREA_STYLE_COLOUR ( '', #5873 ) ;
#2707 = CARTESIAN_POINT ( 'NONE',  ( -5.591000000000060588, -3.242975956555899764, -0.9929644752390692775 ) ) ;
#2708 = PRESENTATION_LAYER_ASSIGNMENT (  '', '', ( #5923 ) ) ;
#2709 = DIRECTION ( 'NONE',  ( -1.000000000000000000, -0.000000000000000000, -0.000000000000000000 ) ) ;
#2710 = EDGE_LOOP ( 'NONE', ( #8452, #365, #3698, #896 ) ) ;
#2711 = DIRECTION ( 'NONE',  ( 0.000000000000000000, 0.000000000000000000, 1.000000000000000000 ) ) ;
#2712 = DIRECTION ( 'NONE',  ( -1.000000000000000000, -0.000000000000000000, -0.000000000000000000 ) ) ;
#2713 = CIRCLE ( 'NONE', #2873, 2.940962153935816392 ) ;
#2714 = CARTESIAN_POINT ( 'NONE',  ( 4.049999762008570592, -2.339157802475679837, 2.772276292613180093 ) ) ;
#2715 = CIRCLE ( 'NONE', #7754, 0.1000000000000002554 ) ;
#2716 = CARTESIAN_POINT ( 'NONE',  ( 1.000000000000000000, -1.926335649230776159, 6.865220410559250475 ) ) ;
#2717 = LINE ( 'NONE', #7790, #1103 ) ;
#2718 = ADVANCED_FACE ( 'NONE', ( #7806 ), #4169, .T. ) ;
#2719 = DIRECTION ( 'NONE',  ( -0.000000000000000000, 1.000000000000000000, 0.000000000000000000 ) ) ;
#2720 = CARTESIAN_POINT ( 'NONE',  ( 1.602906781438529604, 1.932139300074104726, 0.000000000000000000 ) ) ;
#2721 = TOROIDAL_SURFACE ( 'NONE', #8066, 1.843247405224331059, 0.1000000000000000056 ) ;
#2722 = DIRECTION ( 'NONE',  ( 0.000000000000000000, -1.000000000000000000, 0.000000000000000000 ) ) ;
#2723 = ORIENTED_EDGE ( 'NONE', *, *, #6672, .T. ) ;
#2724 = AXIS2_PLACEMENT_3D ( 'NONE', #9376, #3250, #3576 ) ;
#2725 = ORIENTED_EDGE ( 'NONE', *, *, #2233, .T. ) ;
#2726 = AXIS2_PLACEMENT_3D ( 'NONE', #1698, #4613, #7578 ) ;
#2727 = CARTESIAN_POINT ( 'NONE',  ( 4.202021079060654252, 4.567951867253583487, 5.740457778794035626 ) ) ;
#2728 = DIRECTION ( 'NONE',  ( -1.000000000000000000, -0.000000000000000000, 0.000000000000000000 ) ) ;
#2729 = FILL_AREA_STYLE_COLOUR ( '', #5076 ) ;
#2730 = ADVANCED_FACE ( 'NONE', ( #3449 ), #1192, .F. ) ;
#2731 = SURFACE_STYLE_USAGE ( .BOTH. , #4885 ) ;
#2732 = AXIS2_PLACEMENT_3D ( 'NONE', #7057, #8167, #5579 ) ;
#2733 = CARTESIAN_POINT ( 'NONE',  ( -4.248811634892136091, 4.362749263079701123, 5.633733379382323214 ) ) ;
#2734 =( NAMED_UNIT ( * ) PLANE_ANGLE_UNIT ( ) SI_UNIT ( $, .RADIAN. ) );
#2735 =( LENGTH_UNIT ( ) NAMED_UNIT ( * ) SI_UNIT ( .MILLI., .METRE. ) );
#2736 = CIRCLE ( 'NONE', #8544, 0.7200000000000001954 ) ;
#2737 = ORIENTED_EDGE ( 'NONE', *, *, #8901, .T. ) ;
#2738 = CIRCLE ( 'NONE', #6248, 0.5200000000000002398 ) ;
#2739 = CARTESIAN_POINT ( 'NONE',  ( -4.515070919316903186, -1.449366130634642591, -4.940727992907930854 ) ) ;
#2740 = AXIS2_PLACEMENT_3D ( 'NONE', #8650, #7924, #1372 ) ;
#2741 = ORIENTED_EDGE ( 'NONE', *, *, #9243, .T. ) ;
#2742 = CARTESIAN_POINT ( 'NONE',  ( -4.557442479699763460, -1.332805218072990128, -6.889041997196197364 ) ) ;
#2743 = ORIENTED_EDGE ( 'NONE', *, *, #682, .T. ) ;
#2744 = AXIS2_PLACEMENT_3D ( 'NONE', #2804, #5728, #4190 ) ;
#2745 = CARTESIAN_POINT ( 'NONE',  ( -1.815456819292180279, 6.720378971893228304, -3.846884276196659069 ) ) ;
#2746 = CARTESIAN_POINT ( 'NONE',  ( 5.589025767251127874, 2.184171825948686418, -8.793314250264877785 ) ) ;
#2747 = DIRECTION ( 'NONE',  ( 0.000000000000000000, 0.000000000000000000, -1.000000000000000000 ) ) ;
#2748 = CARTESIAN_POINT ( 'NONE',  ( 1.499999999999939826, -0.9040905573164232933, -4.317469199095388177 ) ) ;
#2749 = CARTESIAN_POINT ( 'NONE',  ( -4.167157525516810068, -1.926335649230739744, 7.570146519281761854 ) ) ;
#2750 = CIRCLE ( 'NONE', #7783, 0.1000000000000002554 ) ;
#2751 = CARTESIAN_POINT ( 'NONE',  ( -2.488008628878230599, -1.926335649230742408, 0.3000000000000007661 ) ) ;
#2752 = ORIENTED_EDGE ( 'NONE', *, *, #9397, .T. ) ;
#2753 = EDGE_CURVE ( 'NONE', #7282, #6581, #5974, .T. ) ;
#2754 = ORIENTED_EDGE ( 'NONE', *, *, #2657, .T. ) ;
#2755 = AXIS2_PLACEMENT_3D ( 'NONE', #4125, #4074, #7049 ) ;
#2756 = ORIENTED_EDGE ( 'NONE', *, *, #5671, .F. ) ;
#2757 = DIRECTION ( 'NONE',  ( 0.000000000000000000, -1.000000000000000000, -0.000000000000000000 ) ) ;
#2758 = VECTOR ( 'NONE', #8617, 1000.000000000000000 ) ;
#2759 = VECTOR ( 'NONE', #5604, 1000.000000000000000 ) ;
#2760 = EDGE_CURVE ( 'NONE', #284, #6392, #908, .T. ) ;
#2761 = FILL_AREA_STYLE ('',( #8496 ) ) ;
#2762 = DIRECTION ( 'NONE',  ( 0.000000000000000000, 0.000000000000000000, -1.000000000000000000 ) ) ;
#2763 = DIRECTION ( 'NONE',  ( -1.000000000000000000, 0.000000000000000000, -0.000000000000000000 ) ) ;
#2764 =( NAMED_UNIT ( * ) SI_UNIT ( $, .STERADIAN. ) SOLID_ANGLE_UNIT ( ) );
#2765 = ORIENTED_EDGE ( 'NONE', *, *, #2380, .T. ) ;
#2766 = CARTESIAN_POINT ( 'NONE',  ( -0.9008451486024394717, -1.863163407847400421, 6.879999999999999893 ) ) ;
#2767 = EDGE_CURVE ( 'NONE', #2851, #5709, #481, .T. ) ;
#2768 = VERTEX_POINT ( 'NONE', #3356 ) ;
#2769 = VECTOR ( 'NONE', #6395, 1000.000000000000000 ) ;
#2770 = CARTESIAN_POINT ( 'NONE',  ( 1.000000000000000000, 1.340000000000002744, 9.475924141582257931 ) ) ;
#2771 = CARTESIAN_POINT ( 'NONE',  ( -4.250000237991429231, -2.408745645934470492, 11.85091001134370003 ) ) ;
#2772 = DIRECTION ( 'NONE',  ( 1.000000000000000000, 0.000000000000000000, 0.000000000000000000 ) ) ;
#2773 = CARTESIAN_POINT ( 'NONE',  ( 1.000000004195001235, 0.8367118347829748393, 6.880000000000001670 ) ) ;
#2774 = DIRECTION ( 'NONE',  ( 0.000000000000000000, 0.000000000000000000, 1.000000000000000000 ) ) ;
#2775 = DIRECTION ( 'NONE',  ( 0.000000000000000000, -1.000000000000000000, -0.000000000000000000 ) ) ;
#2776 = VECTOR ( 'NONE', #7129, 1000.000000000000000 ) ;
#2777 = EDGE_CURVE ( 'NONE', #1647, #2278, #5769, .T. ) ;
#2778 = ORIENTED_EDGE ( 'NONE', *, *, #238, .T. ) ;
#2779 = CARTESIAN_POINT ( 'NONE',  ( -2.488008628878230155, -1.599101079476632936, 0.2999999999999996558 ) ) ;
#2780 = CARTESIAN_POINT ( 'NONE',  ( 0.9741682104768339956, 0.8320346522088533092, 6.879999999999999893 ) ) ;
#2781 = DIRECTION ( 'NONE',  ( 1.000000000000000000, -0.000000000000000000, -0.000000000000000000 ) ) ;
#2782 = CARTESIAN_POINT ( 'NONE',  ( 5.505211703451618810, 3.263238691193250496, -0.07184190707604885817 ) ) ;
#2783 =( GEOMETRIC_REPRESENTATION_CONTEXT ( 3 ) GLOBAL_UNCERTAINTY_ASSIGNED_CONTEXT ( ( #5418 ) ) GLOBAL_UNIT_ASSIGNED_CONTEXT ( ( #6317, #4255, #5747 ) ) REPRESENTATION_CONTEXT ( 'NONE', 'WORKASPACE' ) );
#2784 = CARTESIAN_POINT ( 'NONE',  ( 0.6599999999999602851, 0.6949738193473847803, 7.545223478139784667 ) ) ;
#2785 = DIRECTION ( 'NONE',  ( 0.000000000000000000, 0.000000000000000000, 1.000000000000000000 ) ) ;
#2786 = EDGE_LOOP ( 'NONE', ( #2469, #1101, #7390, #5615 ) ) ;
#2787 = EDGE_CURVE ( 'NONE', #387, #9311, #812, .T. ) ;
#2788 = CARTESIAN_POINT ( 'NONE',  ( -4.517380215729382087, -1.168195840598958313, -4.857304821456018828 ) ) ;
#2789 = VERTEX_POINT ( 'NONE', #5609 ) ;
#2790 = CARTESIAN_POINT ( 'NONE',  ( -4.515941721756205673, -1.267545080659895351, -6.820759934706209116 ) ) ;
#2791 = ORIENTED_EDGE ( 'NONE', *, *, #1586, .F. ) ;
#2792 = DIRECTION ( 'NONE',  ( -0.000000000000000000, -1.000000000000000000, -0.000000000000000000 ) ) ;
#2793 = CARTESIAN_POINT ( 'NONE',  ( -3.500000237991430119, -4.226335649230740898, 9.595220410559260671 ) ) ;
#2794 = DIRECTION ( 'NONE',  ( -1.000000000000000000, 0.000000000000000000, 0.000000000000000000 ) ) ;
#2795 = DIRECTION ( 'NONE',  ( 1.000000000000000000, 0.000000000000000000, 0.000000000000000000 ) ) ;
#2796 = DIRECTION ( 'NONE',  ( -1.000000000000000000, 0.000000000000000000, 0.000000000000000000 ) ) ;
#2797 = CARTESIAN_POINT ( 'NONE',  ( -2.656250237991419905, -4.426335649230749958, 2.418970410559260209 ) ) ;
#2798 = ORIENTED_EDGE ( 'NONE', *, *, #4329, .T. ) ;
#2799 = EDGE_LOOP ( 'NONE', ( #3410, #375, #8614, #3292, #3627, #7445 ) ) ;
#2800 = CARTESIAN_POINT ( 'NONE',  ( 1.499999999999939826, -1.174171567643669034, -6.804246583696760275 ) ) ;
#2801 = ORIENTED_EDGE ( 'NONE', *, *, #2179, .F. ) ;
#2802 = VECTOR ( 'NONE', #8313, 1000.000000000000000 ) ;
#2803 = CARTESIAN_POINT ( 'NONE',  ( -5.500000000000060396, 0.9675451179377199118, -7.069655554617711779 ) ) ;
#2804 = CARTESIAN_POINT ( 'NONE',  ( 4.372664976581895679, 3.640943135232369343, -304.8000000000000114 ) ) ;
#2805 = CARTESIAN_POINT ( 'NONE',  ( -5.400000000000059863, -3.418949692510942384, -4.930344445382288221 ) ) ;
#2806 = FACE_OUTER_BOUND ( 'NONE', #6822, .T. ) ;
#2807 = CARTESIAN_POINT ( 'NONE',  ( 5.499999999999949374, 0.7170932621786819672, -0.02457572932290244538 ) ) ;
#2808 = ORIENTED_EDGE ( 'NONE', *, *, #342, .T. ) ;
#2809 = VECTOR ( 'NONE', #2367, 1000.000000000000000 ) ;
#2810 = CARTESIAN_POINT ( 'NONE',  ( -4.050000237991429053, 6.073626543402451006, 5.608574268657101847 ) ) ;
#2811 = ORIENTED_EDGE ( 'NONE', *, *, #5924, .T. ) ;
#2812 = PLANE ( 'NONE',  #2740 ) ;
#2813 = EDGE_CURVE ( 'NONE', #3906, #1418, #4983, .T. ) ;
#2814 = CARTESIAN_POINT ( 'NONE',  ( -5.591000000000068582, 5.146119801567417440, -5.059838790869076064 ) ) ;
#2815 = EDGE_CURVE ( 'NONE', #4850, #3771, #3283, .T. ) ;
#2816 = LINE ( 'NONE', #467, #8139 ) ;
#2817 = CARTESIAN_POINT ( 'NONE',  ( 5.517204606878419959, 0.7731728741410650585, -1.736946625607319383 ) ) ;
#2818 = CARTESIAN_POINT ( 'NONE',  ( 5.599999999999949907, 3.195100562410515543, -0.1245757293229024509 ) ) ;
#2819 = CARTESIAN_POINT ( 'NONE',  ( 4.049999762008569704, -1.926335649230739744, 10.38998545934429885 ) ) ;
#2820 = ORIENTED_EDGE ( 'NONE', *, *, #2566, .F. ) ;
#2821 = DIRECTION ( 'NONE',  ( 0.000000000000000000, -1.000000000000000000, 1.734723475976810250E-14 ) ) ;
#2822 = CARTESIAN_POINT ( 'NONE',  ( 5.499999999999949374, -6.749999999999993783, -8.693314250264771559 ) ) ;
#2823 = CARTESIAN_POINT ( 'NONE',  ( -1.177475463979516190, 0.7000000000000081712, 7.508577557786588308 ) ) ;
#2824 = CARTESIAN_POINT ( 'NONE',  ( -5.591000000000060588, 4.771167705692607619, -7.867280422007712382 ) ) ;
#2825 = EDGE_CURVE ( 'NONE', #5312, #1081, #7335, .T. ) ;
#2826 = DIRECTION ( 'NONE',  ( -1.000000000000000000, -0.000000000000000000, -0.000000000000000000 ) ) ;
#2827 = CARTESIAN_POINT ( 'NONE',  ( -2.652629546283715722, -1.436487427128009031, 0.02168757617404559052 ) ) ;
#2828 = VERTEX_POINT ( 'NONE', #1530 ) ;
#2829 =( BOUNDED_CURVE ( )  B_SPLINE_CURVE ( 3, ( #6000, #5, #776, #3795 ),
 .UNSPECIFIED., .F., .F. ) 
 B_SPLINE_CURVE_WITH_KNOTS ( ( 4, 4 ),
 ( 0.000000000000000000, 1.570796326794897668 ),
 .UNSPECIFIED. ) 
 CURVE ( )  GEOMETRIC_REPRESENTATION_ITEM ( )  RATIONAL_B_SPLINE_CURVE ( ( 1.000000000000000000, 0.8047378541243646044, 0.8047378541243646044, 1.000000000000000000 ) ) 
 REPRESENTATION_ITEM ( '' )  );
#2830 = CARTESIAN_POINT ( 'NONE',  ( -4.517850823567920671, -1.416287241497573568, -4.890674090036779553 ) ) ;
#2831 = ORIENTED_EDGE ( 'NONE', *, *, #5595, .T. ) ;
#2832 = CARTESIAN_POINT ( 'NONE',  ( -4.496690821318451547, -1.381750288486601530, -6.820759934706209116 ) ) ;
#2833 = ORIENTED_EDGE ( 'NONE', *, *, #2815, .T. ) ;
#2834 = CARTESIAN_POINT ( 'NONE',  ( -5.400000000000059863, -3.118949692510942118, -7.069655554617711779 ) ) ;
#2835 = LINE ( 'NONE', #9448, #5495 ) ;
#2836 = CARTESIAN_POINT ( 'NONE',  ( 299.2999999999999545, -6.750000000000033751, -9.447468583315512092 ) ) ;
#2837 = CARTESIAN_POINT ( 'NONE',  ( 0.6599999999999890399, 0.6600000000000000311, 9.475924141582259708 ) ) ;
#2838 = EDGE_CURVE ( 'NONE', #1492, #8205, #5717, .T. ) ;
#2839 = DIRECTION ( 'NONE',  ( 0.000000000000000000, -1.000000000000000000, 1.201179063752586100E-14 ) ) ;
#2840 = ORIENTED_EDGE ( 'NONE', *, *, #3552, .T. ) ;
#2841 = ORIENTED_EDGE ( 'NONE', *, *, #8803, .F. ) ;
#2842 = FILL_AREA_STYLE ('',( #9367 ) ) ;
#2843 = ORIENTED_EDGE ( 'NONE', *, *, #6039, .T. ) ;
#2844 = CLOSED_SHELL ( 'NONE', ( #1138, #2128, #2567, #3919, #1680, #2221, #8482, #8902, #2849, #2205 ) ) ;
#2845 = DIRECTION ( 'NONE',  ( 0.000000000000000000, 0.000000000000000000, -1.000000000000000000 ) ) ;
#2846 = ORIENTED_EDGE ( 'NONE', *, *, #695, .T. ) ;
#2847 = CARTESIAN_POINT ( 'NONE',  ( 4.177840592974502165, -1.854176480196665810, 0.08639111434570476145 ) ) ;
#2848 = CARTESIAN_POINT ( 'NONE',  ( -4.231444431091338387, -1.907779842330654230, 0.1735507048302611932 ) ) ;
#2849 = ADVANCED_FACE ( 'NONE', ( #2874 ), #7327, .F. ) ;
#2850 = CARTESIAN_POINT ( 'NONE',  ( 4.249999762008569881, -2.139157802475679659, 7.370146519281761677 ) ) ;
#2851 = VERTEX_POINT ( 'NONE', #768 ) ;
#2852 = ORIENTED_EDGE ( 'NONE', *, *, #4449, .T. ) ;
#2853 = DIRECTION ( 'NONE',  ( 1.000000000000000000, 0.000000000000000000, 0.000000000000000000 ) ) ;
#2854 = CARTESIAN_POINT ( 'NONE',  ( 299.2999999999999545, 3.026389538271987423, 0.000000000000000000 ) ) ;
#2855 = CARTESIAN_POINT ( 'NONE',  ( 5.550307903175697000, 3.208320982363011886, -11.88836421208846517 ) ) ;
#2856 = DIRECTION ( 'NONE',  ( 0.000000000000000000, 0.000000000000000000, 1.000000000000000000 ) ) ;
#2857 = CARTESIAN_POINT ( 'NONE',  ( 4.645139837156036400, -5.585694816515836436, -0.5779910599137405569 ) ) ;
#2858 = PRODUCT_RELATED_PRODUCT_CATEGORY ( 'part', '', ( #4900 ) ) ;
#2859 = DIRECTION ( 'NONE',  ( 0.000000000000000000, 1.673575304458053374E-16, 1.000000000000000000 ) ) ;
#2860 = ADVANCED_FACE ( 'NONE', ( #6690 ), #5804, .F. ) ;
#2861 = ADVANCED_FACE ( 'NONE', ( #5085 ), #7416, .T. ) ;
#2862 = VECTOR ( 'NONE', #5442, 1000.000000000000000 ) ;
#2863 = VECTOR ( 'NONE', #9118, 1000.000000000000000 ) ;
#2864 = VERTEX_POINT ( 'NONE', #1434 ) ;
#2865 = CARTESIAN_POINT ( 'NONE',  ( -2.488007230840694195, -1.271866509722523686, 4.000000000000000000 ) ) ;
#2866 = CARTESIAN_POINT ( 'NONE',  ( -1.000000000000000000, 1.340000000000002744, 9.475924141582257931 ) ) ;
#2867 = CARTESIAN_POINT ( 'NONE',  ( -4.500177284631390329, -1.097322357321392605, -7.104410075466833341 ) ) ;
#2868 = VECTOR ( 'NONE', #35, 1000.000000000000000 ) ;
#2869 = CARTESIAN_POINT ( 'NONE',  ( -0.6600000000000120215, -3.569272152702969603, 7.205220410559250332 ) ) ;
#2870 = ADVANCED_FACE ( 'NONE', ( #7276 ), #5129, .F. ) ;
#2871 = FACE_OUTER_BOUND ( 'NONE', #2222, .T. ) ;
#2872 = CARTESIAN_POINT ( 'NONE',  ( 3.499999762008581428, -4.226335649230749780, 1.055220410559260635 ) ) ;
#2873 = AXIS2_PLACEMENT_3D ( 'NONE', #1113, #6858, #298 ) ;
#2874 = FACE_OUTER_BOUND ( 'NONE', #4542, .T. ) ;
#2875 = ORIENTED_EDGE ( 'NONE', *, *, #3188, .F. ) ;
#2876 = EDGE_CURVE ( 'NONE', #5691, #3658, #8037, .T. ) ;
#2877 = AXIS2_PLACEMENT_3D ( 'NONE', #1351, #4277, #7200 ) ;
#2878 = ORIENTED_EDGE ( 'NONE', *, *, #4304, .T. ) ;
#2879 = DIRECTION ( 'NONE',  ( -1.000000000000000000, -0.000000000000000000, -0.000000000000000000 ) ) ;
#2880 = EDGE_LOOP ( 'NONE', ( #6781, #1236, #4538, #318 ) ) ;
#2881 = CIRCLE ( 'NONE', #5637, 0.3400000000000000244 ) ;
#2882 = DIRECTION ( 'NONE',  ( -0.000000000000000000, -0.000000000000000000, 1.000000000000000000 ) ) ;
#2883 = CARTESIAN_POINT ( 'NONE',  ( -4.502012233507579175, -1.926335649230739744, 2.772276292613194748 ) ) ;
#2884 = DIRECTION ( 'NONE',  ( -1.000000000000000000, 0.000000000000000000, -1.255019239130048540E-14 ) ) ;
#2885 =( GEOMETRIC_REPRESENTATION_CONTEXT ( 3 ) GLOBAL_UNCERTAINTY_ASSIGNED_CONTEXT ( ( #721 ) ) GLOBAL_UNIT_ASSIGNED_CONTEXT ( ( #7464, #3118, #4636 ) ) REPRESENTATION_CONTEXT ( 'NONE', 'WORKASPACE' ) );
#2886 = LINE ( 'NONE', #7244, #4099 ) ;
#2887 = VECTOR ( 'NONE', #4535, 1000.000000000000000 ) ;
#2888 = CARTESIAN_POINT ( 'NONE',  ( -2.488008628878240813, -3.664498079445889900, 8.856534637527349929 ) ) ;
#2889 = DIRECTION ( 'NONE',  ( -1.000000000000000000, -0.000000000000000000, -0.000000000000000000 ) ) ;
#2890 = VERTEX_POINT ( 'NONE', #3706 ) ;
#2891 = ORIENTED_EDGE ( 'NONE', *, *, #4614, .F. ) ;
#2892 = CIRCLE ( 'NONE', #7621, 1.332191892514950737 ) ;
#2893 = ORIENTED_EDGE ( 'NONE', *, *, #6669, .T. ) ;
#2894 = AXIS2_PLACEMENT_3D ( 'NONE', #8510, #4876, #7794 ) ;
#2895 = ADVANCED_FACE ( 'NONE', ( #5175 ), #3650, .T. ) ;
#2896 = CARTESIAN_POINT ( 'NONE',  ( 8.473719531762229806, 2.209544833455284518, -3.174253720230940434 ) ) ;
#2897 = ORIENTED_EDGE ( 'NONE', *, *, #2380, .F. ) ;
#2898 = AXIS2_PLACEMENT_3D ( 'NONE', #5430, #6951, #8392 ) ;
#2899 = CARTESIAN_POINT ( 'NONE',  ( 1.499999999999939826, -0.9040905573164232933, -1.484501801903325147 ) ) ;
#2900 = STYLED_ITEM ( 'NONE', ( #6710 ), #6843 ) ;
#2901 = DIRECTION ( 'NONE',  ( 0.000000000000000000, -1.000000000000000000, 1.734723475976810250E-14 ) ) ;
#2902 = CARTESIAN_POINT ( 'NONE',  ( -5.591000000000060588, -2.034811857688933134, -6.680300557392612859 ) ) ;
#2903 = DIRECTION ( 'NONE',  ( 0.000000000000000000, 0.5569789513622650512, -0.8305266086883620336 ) ) ;
#2904 = VERTEX_POINT ( 'NONE', #4455 ) ;
#2905 = AXIS2_PLACEMENT_3D ( 'NONE', #3993, #3894, #6801 ) ;
#2906 = ORIENTED_EDGE ( 'NONE', *, *, #8727, .T. ) ;
#2907 = CIRCLE ( 'NONE', #4440, 0.3400000000000000244 ) ;
#2908 = CIRCLE ( 'NONE', #8257, 0.4919261306450205540 ) ;
#2909 = CARTESIAN_POINT ( 'NONE',  ( 1.499999999999939826, 1.571505490158366936, -9.876809115711813192 ) ) ;
#2910 = CYLINDRICAL_SURFACE ( 'NONE', #5504, 0.3400000000000000244 ) ;
#2911 = CARTESIAN_POINT ( 'NONE',  ( -74.54404403314829608, -4.196934472848836251, 42.18721139525860053 ) ) ;
#2912 = CARTESIAN_POINT ( 'NONE',  ( 5.500172747694759501, 3.288129453520568735, -11.92438186539483347 ) ) ;
#2913 = CARTESIAN_POINT ( 'NONE',  ( 1.340000000000000080, 0.9850175072293599898, 7.388994976989440744 ) ) ;
#2914 = FACE_OUTER_BOUND ( 'NONE', #8529, .T. ) ;
#2915 = CARTESIAN_POINT ( 'NONE',  ( 299.2999999999999545, 5.076540080366747532, -4.132719577992287618 ) ) ;
#2916 = VECTOR ( 'NONE', #6448, 1000.000000000000000 ) ;
#2917 = EDGE_LOOP ( 'NONE', ( #5530, #4999, #8442, #8923 ) ) ;
#2918 = LINE ( 'NONE', #6683, #2462 ) ;
#2919 = PLANE ( 'NONE',  #7339 ) ;
#2920 = FACE_OUTER_BOUND ( 'NONE', #5333, .T. ) ;
#2921 = EDGE_CURVE ( 'NONE', #5436, #4102, #1475, .T. ) ;
#2922 = PLANE ( 'NONE',  #5022 ) ;
#2923 = AXIS2_PLACEMENT_3D ( 'NONE', #9288, #4978, #5797 ) ;
#2924 = DIRECTION ( 'NONE',  ( -2.612289469706220103E-15, 2.612289469706250080E-15, 1.000000000000000000 ) ) ;
#2925 = DIRECTION ( 'NONE',  ( 0.000000000000000000, 1.000000000000000000, 0.000000000000000000 ) ) ;
#2926 = VERTEX_POINT ( 'NONE', #851 ) ;
#2927 = CARTESIAN_POINT ( 'NONE',  ( -4.485196445695590839, -1.449366130634641259, -4.857304821456013499 ) ) ;
#2928 = VERTEX_POINT ( 'NONE', #4495 ) ;
#2929 = CARTESIAN_POINT ( 'NONE',  ( -4.521211303257214098, -1.104394410665070270, -7.008535606553673247 ) ) ;
#2930 = STYLED_ITEM ( 'NONE', ( #3400 ), #3769 ) ;
#2931 = DIRECTION ( 'NONE',  ( 1.000000000000000000, 0.000000000000000000, -0.000000000000000000 ) ) ;
#2932 = CARTESIAN_POINT ( 'NONE',  ( -4.500000000000060396, -1.275702287286611281, -5.000000000000000000 ) ) ;
#2933 = MECHANICAL_DESIGN_GEOMETRIC_PRESENTATION_REPRESENTATION (  '', ( #9196 ), #2096 ) ;
#2934 = ADVANCED_FACE ( 'NONE', ( #7947 ), #38, .F. ) ;
#2935 =( NAMED_UNIT ( * ) PLANE_ANGLE_UNIT ( ) SI_UNIT ( $, .RADIAN. ) );
#2936 = EDGE_CURVE ( 'NONE', #138, #8160, #130, .T. ) ;
#2937 = DIRECTION ( 'NONE',  ( -0.7071067811865464625, 0.000000000000000000, -0.7071067811865485719 ) ) ;
#2938 = CARTESIAN_POINT ( 'NONE',  ( -2.488008628878230155, 0.04785745751902940187, -0.1434653624726539844 ) ) ;
#2939 = CARTESIAN_POINT ( 'NONE',  ( -1.340000000000020730, 1.165319909422419808, 7.039903344578339883 ) ) ;
#2940 = ORIENTED_EDGE ( 'NONE', *, *, #201, .T. ) ;
#2941 = VERTEX_POINT ( 'NONE', #8910 ) ;
#2942 = ORIENTED_EDGE ( 'NONE', *, *, #5232, .F. ) ;
#2943 = PRESENTATION_STYLE_ASSIGNMENT (( #7249 ) ) ;
#2944 = ORIENTED_EDGE ( 'NONE', *, *, #2838, .T. ) ;
#2945 = CARTESIAN_POINT ( 'NONE',  ( 8.499999999999948486, 0.9165340898036860029, -1.678029548704902396 ) ) ;
#2946 = ORIENTED_EDGE ( 'NONE', *, *, #2667, .F. ) ;
#2947 = ORIENTED_EDGE ( 'NONE', *, *, #1367, .F. ) ;
#2948 = VECTOR ( 'NONE', #312, 1000.000000000000000 ) ;
#2949 = CARTESIAN_POINT ( 'NONE',  ( 8.409481443696563474, 2.184171825948686418, -8.793314250264877785 ) ) ;
#2950 = CARTESIAN_POINT ( 'NONE',  ( -4.250000237991429231, 6.073626540129560603, 0.2607234077042788756 ) ) ;
#2951 = FACE_OUTER_BOUND ( 'NONE', #7738, .T. ) ;
#2952 = VERTEX_POINT ( 'NONE', #2344 ) ;
#2953 = EDGE_CURVE ( 'NONE', #5427, #6059, #1391, .T. ) ;
#2954 = EDGE_LOOP ( 'NONE', ( #4963, #3102 ) ) ;
#2955 = DIRECTION ( 'NONE',  ( 0.000000000000000000, 0.000000000000000000, -1.000000000000000000 ) ) ;
#2956 = CARTESIAN_POINT ( 'NONE',  ( 1.216474752871025133, 5.821478317491952659, -9.509049896961414561 ) ) ;
#2957 = APPLICATION_PROTOCOL_DEFINITION ( 'draft international standard', 'automotive_design', 1998, #2211 ) ;
#2958 = CARTESIAN_POINT ( 'NONE',  ( 3.499999762008580539, -3.176335649230739744, 9.075220410559280637 ) ) ;
#2959 = CARTESIAN_POINT ( 'NONE',  ( 1.339999999999990088, 0.7000000000000005107, 6.865220410559229158 ) ) ;
#2960 = DIRECTION ( 'NONE',  ( 0.000000000000000000, -0.000000000000000000, -1.000000000000000000 ) ) ;
#2961 = EDGE_CURVE ( 'NONE', #7106, #2009, #1810, .T. ) ;
#2962 = DIRECTION ( 'NONE',  ( -1.000000000000000000, -0.000000000000000000, -0.000000000000000000 ) ) ;
#2963 = EDGE_LOOP ( 'NONE', ( #4881, #6707 ) ) ;
#2964 = CARTESIAN_POINT ( 'NONE',  ( 4.049999762008570592, -1.926335649230739744, 0.2999999999999999334 ) ) ;
#2965 = B_SPLINE_CURVE_WITH_KNOTS ( 'NONE', 3,
 ( #2633, #9390, #6408, #7088, #4069, #2727, #3443, #9346, #5563, #2679 ),
 .UNSPECIFIED., .F., .F.,
 ( 4, 2, 2, 2, 4 ),
 ( 0.000000000000000000, 8.251661083880071812E-05, 0.0001650332216776014362, 0.0003300664433552055288, 0.0006601328867104126839 ),
 .UNSPECIFIED. ) ;
#2966 = FILL_AREA_STYLE_COLOUR ( '', #9030 ) ;
#2967 = CARTESIAN_POINT ( 'NONE',  ( 5.599999999999949907, 0.8170932621786114458, -11.97542427067706683 ) ) ;
#2968 = CARTESIAN_POINT ( 'NONE',  ( -5.500000000000060396, -6.750000000000033751, -12.00000000000000000 ) ) ;
#2969 = CARTESIAN_POINT ( 'NONE',  ( -1.000000000000000888, -3.569272152702969159, 6.865220410559261133 ) ) ;
#2970 = ADVANCED_FACE ( 'NONE', ( #6831 ), #1001, .F. ) ;
#2971 = B_SPLINE_CURVE_WITH_KNOTS ( 'NONE', 3,
 ( #7943, #1387, #2823, #4256, #8034, #4405, #7988, #5748, #7229, #78 ),
 .UNSPECIFIED., .F., .F.,
 ( 4, 2, 2, 2, 4 ),
 ( 0.000000000000000000, 0.2500000000000000000, 0.5000000000000000000, 0.7500000000000000000, 1.000000000000000000 ),
 .UNSPECIFIED. ) ;
#2972 = LINE ( 'NONE', #8621, #1189 ) ;
#2973 = CARTESIAN_POINT ( 'NONE',  ( 4.049999762008569704, 4.619626543402450380, 10.60857426865710096 ) ) ;
#2974 = ORIENTED_EDGE ( 'NONE', *, *, #9080, .T. ) ;
#2975 = EDGE_LOOP ( 'NONE', ( #292, #525, #3296, #5286 ) ) ;
#2976 = PLANE ( 'NONE',  #754 ) ;
#2977 = ORIENTED_EDGE ( 'NONE', *, *, #2363, .T. ) ;
#2978 = CARTESIAN_POINT ( 'NONE',  ( -4.521211330895622993, -1.104394410665070270, -6.991465090931176185 ) ) ;
#2979 = CARTESIAN_POINT ( 'NONE',  ( 4.049999762008569704, -1.926335649230739744, 10.38998545934429885 ) ) ;
#2980 = CARTESIAN_POINT ( 'NONE',  ( 299.2999999999999545, 5.146119801567417440, -7.009769846673163940 ) ) ;
#2981 = CARTESIAN_POINT ( 'NONE',  ( -4.050000237991429053, -1.926335649230739744, 0.1242640687119284937 ) ) ;
#2982 = CARTESIAN_POINT ( 'NONE',  ( -0.7477005242537100305, 2.420857981308560447, -0.1434653624726569821 ) ) ;
#2983 = DIRECTION ( 'NONE',  ( 0.000000000000000000, 1.000000000000000000, 0.000000000000000000 ) ) ;
#2984 = ORIENTED_EDGE ( 'NONE', *, *, #9088, .T. ) ;
#2985 = ORIENTED_EDGE ( 'NONE', *, *, #4034, .F. ) ;
#2986 = EDGE_CURVE ( 'NONE', #8959, #4150, #5408, .T. ) ;
#2987 = EDGE_CURVE ( 'NONE', #7523, #6745, #8706, .T. ) ;
#2988 =( NAMED_UNIT ( * ) PLANE_ANGLE_UNIT ( ) SI_UNIT ( $, .RADIAN. ) );
#2989 = VERTEX_POINT ( 'NONE', #5308 ) ;
#2990 = CARTESIAN_POINT ( 'NONE',  ( -3.500000237991430119, -4.226335649230740898, 9.075220410559261097 ) ) ;
#2991 = ORIENTED_EDGE ( 'NONE', *, *, #4985, .F. ) ;
#2992 = CARTESIAN_POINT ( 'NONE',  ( -4.250000237991429231, 4.350197784570501547, 10.62118190087312541 ) ) ;
#2993 = CARTESIAN_POINT ( 'NONE',  ( 2.488007031122441148, -1.271866509722523908, 0.1242640687119286325 ) ) ;
#2994 = CARTESIAN_POINT ( 'NONE',  ( -4.106596852685431287, 6.025825414967118654, 0.03233254598207395414 ) ) ;
#2995 = EDGE_CURVE ( 'NONE', #8970, #1027, #2442, .T. ) ;
#2996 = FILL_AREA_STYLE_COLOUR ( '', #4693 ) ;
#2997 = VERTEX_POINT ( 'NONE', #2488 ) ;
#2998 = ORIENTED_EDGE ( 'NONE', *, *, #2838, .F. ) ;
#2999 = LINE ( 'NONE', #5927, #5506 ) ;
#3000 = CARTESIAN_POINT ( 'NONE',  ( -1.816502648406295606, 6.720516274423985692, -8.152446360595588359 ) ) ;
#3001 =( REPRESENTATION_RELATIONSHIP ('NONE','NONE', #2216, #6676 ) REPRESENTATION_RELATIONSHIP_WITH_TRANSFORMATION ( #6567 )SHAPE_REPRESENTATION_RELATIONSHIP( ) );
#3002 = CARTESIAN_POINT ( 'NONE',  ( 0.000000000000000000, 0.000000000000000000, 0.000000000000000000 ) ) ;
#3003 = CARTESIAN_POINT ( 'NONE',  ( 0.9999999999999926725, -3.569272152702968270, 7.545220410559253743 ) ) ;
#3004 = VECTOR ( 'NONE', #2136, 1000.000000000000000 ) ;
#3005 = FACE_OUTER_BOUND ( 'NONE', #2880, .T. ) ;
#3006 = DIRECTION ( 'NONE',  ( 0.000000000000000000, -0.000000000000000000, 1.000000000000000000 ) ) ;
#3007 = CARTESIAN_POINT ( 'NONE',  ( 4.249999762008569881, -2.256315090001060675, 2.855119005087798811 ) ) ;
#3008 = STYLED_ITEM ( 'NONE', ( #2540 ), #499 ) ;
#3009 = ORIENTED_EDGE ( 'NONE', *, *, #5375, .F. ) ;
#3010 = EDGE_CURVE ( 'NONE', #2345, #7429, #3208, .T. ) ;
#3011 = CARTESIAN_POINT ( 'NONE',  ( 5.499999999999949374, 3.026389538271987423, -11.50807386935497867 ) ) ;
#3012 = CARTESIAN_POINT ( 'NONE',  ( -2.921780372800990122, 6.115902657289353783, 5.808574268657101136 ) ) ;
#3013 = DIRECTION ( 'NONE',  ( 0.000000000000000000, 1.192622389734062135E-14, 1.000000000000000000 ) ) ;
#3014 =( LENGTH_UNIT ( ) NAMED_UNIT ( * ) SI_UNIT ( .MILLI., .METRE. ) );
#3015 = CARTESIAN_POINT ( 'NONE',  ( 0.7477002613859347058, 3.119626680051444723, 8.856534637527339271 ) ) ;
#3016 = CARTESIAN_POINT ( 'NONE',  ( 4.249999762008569881, 4.337592642964938960, 10.60857426865710096 ) ) ;
#3017 = FACE_OUTER_BOUND ( 'NONE', #389, .T. ) ;
#3018 = DIRECTION ( 'NONE',  ( -1.000000000000000000, -0.000000000000000000, -0.000000000000000000 ) ) ;
#3019 = ORIENTED_EDGE ( 'NONE', *, *, #7136, .F. ) ;
#3020 = AXIS2_PLACEMENT_3D ( 'NONE', #3863, #9035, #6768 ) ;
#3021 = CARTESIAN_POINT ( 'NONE',  ( -4.484901523930669320, -1.416287241497572236, -4.823935552875245669 ) ) ;
#3022 = ORIENTED_EDGE ( 'NONE', *, *, #4078, .F. ) ;
#3023 = MECHANICAL_DESIGN_GEOMETRIC_PRESENTATION_REPRESENTATION (  '', ( #6992 ), #4859 ) ;
#3024 = ADVANCED_FACE ( 'NONE', ( #1618 ), #1046, .T. ) ;
#3025 = CARTESIAN_POINT ( 'NONE',  ( -4.534743836930784866, -1.218599879661447449, -6.854900965951202352 ) ) ;
#3026 = LINE ( 'NONE', #4369, #5199 ) ;
#3027 =( LENGTH_UNIT ( ) NAMED_UNIT ( * ) SI_UNIT ( .MILLI., .METRE. ) );
#3028 = FACE_OUTER_BOUND ( 'NONE', #3866, .T. ) ;
#3029 = VECTOR ( 'NONE', #8537, 1000.000000000000000 ) ;
#3030 = PLANE ( 'NONE',  #4564 ) ;
#3031 = CARTESIAN_POINT ( 'NONE',  ( 1.499999999999939826, -1.275702287286611059, -7.069655554617711779 ) ) ;
#3032 = CARTESIAN_POINT ( 'NONE',  ( -1.000000000000000000, 1.340000000000000080, 7.505220410559251043 ) ) ;
#3033 = ORIENTED_EDGE ( 'NONE', *, *, #8863, .T. ) ;
#3034 = AXIS2_PLACEMENT_3D ( 'NONE', #9150, #3446, #4831 ) ;
#3035 = ORIENTED_EDGE ( 'NONE', *, *, #5875, .F. ) ;
#3036 = CARTESIAN_POINT ( 'NONE',  ( 5.599999999999951683, 3.179930804364788255, -11.97542427067709525 ) ) ;
#3037 = VERTEX_POINT ( 'NONE', #9096 ) ;
#3038 = CARTESIAN_POINT ( 'NONE',  ( 8.468780054873922936, 0.8439422855602276563, -1.730300018900319925 ) ) ;
#3039 = EDGE_LOOP ( 'NONE', ( #5471, #6802, #3035, #2192 ) ) ;
#3040 = AXIS2_PLACEMENT_3D ( 'NONE', #534, #5583, #3417 ) ;
#3041 = DIRECTION ( 'NONE',  ( -0.000000000000000000, -0.000000000000000000, 1.000000000000000000 ) ) ;
#3042 = CARTESIAN_POINT ( 'NONE',  ( 4.049999758735679301, -1.926335649230739966, 0.2607234077042772658 ) ) ;
#3043 = CARTESIAN_POINT ( 'NONE',  ( 1.499999999999939826, 1.215951923305367721, -2.438340636726072042 ) ) ;
#3044 = EDGE_CURVE ( 'NONE', #4102, #575, #5367, .T. ) ;
#3045 = DIRECTION ( 'NONE',  ( 0.000000000000000000, 0.8305266086883620336, 0.5569789513622650512 ) ) ;
#3046 = AXIS2_PLACEMENT_3D ( 'NONE', #5627, #1989, #8638 ) ;
#3047 = ORIENTED_EDGE ( 'NONE', *, *, #4, .T. ) ;
#3048 = ORIENTED_EDGE ( 'NONE', *, *, #7531, .T. ) ;
#3049 = AXIS2_PLACEMENT_3D ( 'NONE', #7325, #5800, #766 ) ;
#3050 = ORIENTED_EDGE ( 'NONE', *, *, #4267, .T. ) ;
#3051 = LINE ( 'NONE', #6062, #137 ) ;
#3052 = ADVANCED_FACE ( 'NONE', ( #2530 ), #4594, .F. ) ;
#3053 = AXIS2_PLACEMENT_3D ( 'NONE', #2361, #96, #2318 ) ;
#3054 = DIRECTION ( 'NONE',  ( 0.000000000000000000, 0.000000000000000000, -1.000000000000000000 ) ) ;
#3055 = STYLED_ITEM ( 'NONE', ( #3168 ), #3678 ) ;
#3056 = DIRECTION ( 'NONE',  ( -1.000000000000000000, 0.000000000000000000, -0.000000000000000000 ) ) ;
#3057 = VECTOR ( 'NONE', #679, 1000.000000000000000 ) ;
#3058 = EDGE_CURVE ( 'NONE', #8150, #483, #6036, .T. ) ;
#3059 = CARTESIAN_POINT ( 'NONE',  ( 3.949999762008570059, -1.626335649230739921, 0.000000000000000000 ) ) ;
#3060 = CARTESIAN_POINT ( 'NONE',  ( 4.246444498374326137, 4.375135492539635962, 10.64611711823179618 ) ) ;
#3061 = AXIS2_PLACEMENT_3D ( 'NONE', #6796, #1679, #9200 ) ;
#3062 = AXIS2_PLACEMENT_3D ( 'NONE', #746, #1559, #8896 ) ;
#3063 = VECTOR ( 'NONE', #9129, 1000.000000000000000 ) ;
#3064 = ORIENTED_EDGE ( 'NONE', *, *, #5595, .F. ) ;
#3065 = LINE ( 'NONE', #5988, #7048 ) ;
#3066 = VECTOR ( 'NONE', #1083, 1000.000000000000000 ) ;
#3067 = AXIS2_PLACEMENT_3D ( 'NONE', #1051, #9059, #6889 ) ;
#3068 = SURFACE_SIDE_STYLE ('',( #4402 ) ) ;
#3069 =( NAMED_UNIT ( * ) PLANE_ANGLE_UNIT ( ) SI_UNIT ( $, .RADIAN. ) );
#3070 = CARTESIAN_POINT ( 'NONE',  ( 2.488007230840694195, -1.271866509722523686, 4.000000000000000000 ) ) ;
#3071 = CARTESIAN_POINT ( 'NONE',  ( -5.591000000000068582, 5.146119801567417440, -6.940161209130924824 ) ) ;
#3072 = DIRECTION ( 'NONE',  ( 1.000000000000000000, -0.000000000000000000, -0.000000000000000000 ) ) ;
#3073 = CARTESIAN_POINT ( 'NONE',  ( 4.372664976581895679, 3.640943135232369343, -304.8000000000000114 ) ) ;
#3074 = ORIENTED_EDGE ( 'NONE', *, *, #3447, .T. ) ;
#3075 = EDGE_CURVE ( 'NONE', #7699, #2345, #2388, .T. ) ;
#3076 = VECTOR ( 'NONE', #4240, 1000.000000000000000 ) ;
#3077 = SURFACE_STYLE_USAGE ( .BOTH. , #856 ) ;
#3078 = EDGE_LOOP ( 'NONE', ( #2035, #6499, #1724, #2791, #6468, #9408 ) ) ;
#3079 = CARTESIAN_POINT ( 'NONE',  ( -4.480037604240474813, -1.071764276666104854, -7.110958422975937054 ) ) ;
#3080 = DIRECTION ( 'NONE',  ( 0.000000000000000000, -1.000000000000000000, 0.000000000000000000 ) ) ;
#3081 = FILL_AREA_STYLE_COLOUR ( '', #6253 ) ;
#3082 = PLANE ( 'NONE',  #7150 ) ;
#3083 = CARTESIAN_POINT ( 'NONE',  ( -1.196262859121631106, -4.395153435249020468, 7.205220410559252109 ) ) ;
#3084 = CARTESIAN_POINT ( 'NONE',  ( 1.499999999999939826, -3.518949692510942029, -7.069655554617711779 ) ) ;
#3085 = LINE ( 'NONE', #8779, #6415 ) ;
#3086 = ORIENTED_EDGE ( 'NONE', *, *, #6230, .T. ) ;
#3087 = EDGE_CURVE ( 'NONE', #4793, #7689, #4872, .T. ) ;
#3088 = ORIENTED_EDGE ( 'NONE', *, *, #8983, .F. ) ;
#3089 = EDGE_LOOP ( 'NONE', ( #5712, #6058, #8637, #1691 ) ) ;
#3090 = STYLED_ITEM ( 'NONE', ( #3701 ), #3814 ) ;
#3091 = ORIENTED_EDGE ( 'NONE', *, *, #6960, .T. ) ;
#3092 =( BOUNDED_SURFACE ( )  B_SPLINE_SURFACE ( 3, 2, ( 
 ( #7887, #3494, #7092, #8521, #521 ),
 ( #8434, #9246, #622, #4789, #4832 ),
 ( #5569, #3448, #4122, #6361, #6414 ),
 ( #9290, #4886, #7702, #5663, #7849 ),
 ( #4208, #7045, #479, #7132, #4072 ),
 ( #564, #9350, #6281, #2784, #5706 ),
 ( #4981, #1331, #7186, #6225, #2638 ) ),
 .UNSPECIFIED., .F., .F., .T. ) 
 B_SPLINE_SURFACE_WITH_KNOTS ( ( 4, 1, 1, 1, 4 ),
 ( 3, 2, 3 ),
 ( 0.000000000000000000, 0.1130875424394150036, 0.2356190769618960179, 0.3581506114843580058, 0.4712381539237949779 ),
 ( 0.000000000000000000, 0.5340707511102650296, 1.068141502220530059 ),
 .UNSPECIFIED. ) 
 GEOMETRIC_REPRESENTATION_ITEM ( )  RATIONAL_B_SPLINE_SURFACE ( (
 ( 1.000000000000000000, 0.7071067811865480168, 1.000000000000000000, 0.7071067811865480168, 1.000000000000000000),
 ( 1.000000000000000000, 0.7071067811865470176, 1.000000000000000000, 0.7071067811865470176, 1.000000000000000000),
 ( 1.000000000000000000, 0.7071067811865480168, 1.000000000000000000, 0.7071067811865480168, 1.000000000000000000),
 ( 1.000000000000000000, 0.7071067811865480168, 1.000000000000000000, 0.7071067811865480168, 1.000000000000000000),
 ( 1.000000000000000000, 0.7071067811865480168, 1.000000000000000000, 0.7071067811865480168, 1.000000000000000000),
 ( 1.000000000000000000, 0.7071067811865470176, 1.000000000000000000, 0.7071067811865470176, 1.000000000000000000),
 ( 1.000000000000000000, 0.7071067811865480168, 1.000000000000000000, 0.7071067811865480168, 1.000000000000000000) ) ) 
 REPRESENTATION_ITEM ( '' )  SURFACE ( )  );
#3093 = CARTESIAN_POINT ( 'NONE',  ( 4.645139837156142093, 3.348340558649291587, -7.867280422007712382 ) ) ;
#3094 = ORIENTED_EDGE ( 'NONE', *, *, #3171, .T. ) ;
#3095 = DIRECTION ( 'NONE',  ( 0.000000000000000000, 0.000000000000000000, 1.000000000000000000 ) ) ;
#3096 = CARTESIAN_POINT ( 'NONE',  ( -1.017621645009842979, 0.8350622838909410595, 6.879999999999999893 ) ) ;
#3097 = CARTESIAN_POINT ( 'NONE',  ( -4.002199109556096701, 6.130223158096453240, 0.03233254598207371822 ) ) ;
#3098 = CARTESIAN_POINT ( 'NONE',  ( -1.602906781438529604, 1.932139300074104726, 0.2999999999999999334 ) ) ;
#3099 = EDGE_LOOP ( 'NONE', ( #1712, #6620, #825, #8128 ) ) ;
#3100 = ADVANCED_FACE ( 'NONE', ( #8511 ), #471, .T. ) ;
#3101 = ORIENTED_EDGE ( 'NONE', *, *, #9250, .F. ) ;
#3102 = ORIENTED_EDGE ( 'NONE', *, *, #3750, .T. ) ;
#3103 = DIRECTION ( 'NONE',  ( 0.000000000000000000, 0.000000000000000000, -1.000000000000000000 ) ) ;
#3104 = LINE ( 'NONE', #208, #119 ) ;
#3105 = DIRECTION ( 'NONE',  ( 1.000000000000000000, 0.000000000000000000, 0.000000000000000000 ) ) ;
#3106 = CARTESIAN_POINT ( 'NONE',  ( 0.9999999999999629186, 1.308037348756010188, 7.257272818943819814 ) ) ;
#3107 = CARTESIAN_POINT ( 'NONE',  ( 4.137755728581772985, 4.772182141333024319, 10.79299685993995084 ) ) ;
#3108 = ADVANCED_FACE ( 'NONE', ( #4825 ), #7035, .F. ) ;
#3109 = EDGE_CURVE ( 'NONE', #160, #1438, #7123, .T. ) ;
#3110 = ORIENTED_EDGE ( 'NONE', *, *, #4152, .F. ) ;
#3111 = DIRECTION ( 'NONE',  ( -0.000000000000000000, 1.000000000000000000, -0.000000000000000000 ) ) ;
#3112 = LINE ( 'NONE', #950, #1216 ) ;
#3113 = FACE_OUTER_BOUND ( 'NONE', #9411, .T. ) ;
#3114 = CARTESIAN_POINT ( 'NONE',  ( -4.050000237991429053, -1.926335649230739744, 0.2999999999999999334 ) ) ;
#3115 = FACE_OUTER_BOUND ( 'NONE', #7780, .T. ) ;
#3116 = EDGE_CURVE ( 'NONE', #7097, #1737, #996, .T. ) ;
#3117 = CARTESIAN_POINT ( 'NONE',  ( -3.500000237991430119, -3.176335649230739744, 8.355220410559260458 ) ) ;
#3118 =( NAMED_UNIT ( * ) PLANE_ANGLE_UNIT ( ) SI_UNIT ( $, .RADIAN. ) );
#3119 = ORIENTED_EDGE ( 'NONE', *, *, #5531, .T. ) ;
#3120 = DIRECTION ( 'NONE',  ( 1.000000000000000000, 0.000000000000000000, -0.000000000000000000 ) ) ;
#3121 = EDGE_LOOP ( 'NONE', ( #3803, #8200, #1865, #6670 ) ) ;
#3122 = CARTESIAN_POINT ( 'NONE',  ( 2.788007246419833773, -1.926333251723310713, 0.000000000000000000 ) ) ;
#3123 = CARTESIAN_POINT ( 'NONE',  ( -1.000000000000000222, -4.395153435249019580, 7.401483269680889876 ) ) ;
#3124 = SURFACE_STYLE_FILL_AREA ( #5275 ) ;
#3125 = DIRECTION ( 'NONE',  ( 1.000000000000000000, 0.000000000000000000, 0.000000000000000000 ) ) ;
#3126 = UNCERTAINTY_MEASURE_WITH_UNIT (LENGTH_MEASURE( 1.000000000000000082E-05 ), #2641, 'distance_accuracy_value', 'NONE');
#3127 = CARTESIAN_POINT ( 'NONE',  ( 1.499999999999939826, 4.771167705692607619, -7.867280422007712382 ) ) ;
#3128 = CARTESIAN_POINT ( 'NONE',  ( -3.512089370002680067, -4.454638257320263861, -304.8000000000000114 ) ) ;
#3129 = CARTESIAN_POINT ( 'NONE',  ( -1.339999999999999414, 0.7000000000000090594, 7.545220410559239532 ) ) ;
#3130 = VERTEX_POINT ( 'NONE', #8466 ) ;
#3131 = VERTEX_POINT ( 'NONE', #1906 ) ;
#3132 = CARTESIAN_POINT ( 'NONE',  ( -4.519228232728373484, -1.383208352360508764, -5.140149845470042500 ) ) ;
#3133 = ORIENTED_EDGE ( 'NONE', *, *, #7579, .T. ) ;
#3134 = FACE_OUTER_BOUND ( 'NONE', #5382, .T. ) ;
#3135 = VERTEX_POINT ( 'NONE', #4202 ) ;
#3136 = EDGE_CURVE ( 'NONE', #5251, #783, #7737, .T. ) ;
#3137 = CARTESIAN_POINT ( 'NONE',  ( -4.500107396240891511, -1.275702287286594627, -6.799999999999972289 ) ) ;
#3138 = CARTESIAN_POINT ( 'NONE',  ( -5.591000000000068582, 3.518315668917007866, -11.50807386935497867 ) ) ;
#3139 = CARTESIAN_POINT ( 'NONE',  ( 1.499999999999939826, -1.275702287286611281, -7.200000000000000178 ) ) ;
#3140 = ORIENTED_EDGE ( 'NONE', *, *, #2520, .T. ) ;
#3141 = ORIENTED_EDGE ( 'NONE', *, *, #3109, .F. ) ;
#3142 =( BOUNDED_CURVE ( )  B_SPLINE_CURVE ( 3, ( #8822, #725, #1446, #9454 ),
 .UNSPECIFIED., .F., .T. ) 
 B_SPLINE_CURVE_WITH_KNOTS ( ( 4, 4 ),
 ( 4.712388980384687898, 6.283185307179586232 ),
 .UNSPECIFIED. ) 
 CURVE ( )  GEOMETRIC_REPRESENTATION_ITEM ( )  RATIONAL_B_SPLINE_CURVE ( ( 1.000000000000000000, 0.8047378541243646044, 0.8047378541243646044, 1.000000000000000000 ) ) 
 REPRESENTATION_ITEM ( '' )  );
#3143 = ORIENTED_EDGE ( 'NONE', *, *, #821, .T. ) ;
#3144 = MECHANICAL_DESIGN_GEOMETRIC_PRESENTATION_REPRESENTATION (  '', ( #8948 ), #3598 ) ;
#3145 = DIRECTION ( 'NONE',  ( 1.000000000000000000, 0.000000000000000000, 0.000000000000000000 ) ) ;
#3146 = EDGE_CURVE ( 'NONE', #6296, #7808, #6353, .T. ) ;
#3147 = CARTESIAN_POINT ( 'NONE',  ( -5.591000000000060588, 2.791380799352038977, -7.867280422007712382 ) ) ;
#3148 = DIRECTION ( 'NONE',  ( 0.000000000000000000, -0.000000000000000000, -1.000000000000000000 ) ) ;
#3149 = DIRECTION ( 'NONE',  ( -1.000000000000000000, 0.000000000000000000, 0.000000000000000000 ) ) ;
#3150 = CARTESIAN_POINT ( 'NONE',  ( 0.8225245360204839207, 0.7000000000000000666, 6.901863263331914133 ) ) ;
#3151 = ORIENTED_EDGE ( 'NONE', *, *, #6369, .T. ) ;
#3152 = LINE ( 'NONE', #3970, #154 ) ;
#3153 = DIRECTION ( 'NONE',  ( 0.000000000000000000, -1.000000000000000000, -2.710505431213766015E-16 ) ) ;
#3154 = FACE_OUTER_BOUND ( 'NONE', #8861, .T. ) ;
#3155 = SURFACE_STYLE_FILL_AREA ( #8321 ) ;
#3156 = CARTESIAN_POINT ( 'NONE',  ( 1.499999999999939826, -1.468035014617230072, -0.9929644752390694995 ) ) ;
#3157 = ADVANCED_FACE ( 'NONE', ( #6977 ), #7795, .F. ) ;
#3158 = EDGE_CURVE ( 'NONE', #3876, #7319, #1801, .T. ) ;
#3159 = DIRECTION ( 'NONE',  ( 0.000000000000000000, 0.000000000000000000, -1.000000000000000000 ) ) ;
#3160 = VERTEX_POINT ( 'NONE', #5702 ) ;
#3161 = ORIENTED_EDGE ( 'NONE', *, *, #5688, .T. ) ;
#3162 = AXIS2_PLACEMENT_3D ( 'NONE', #5245, #2228, #3680 ) ;
#3163 = CARTESIAN_POINT ( 'NONE',  ( 2.534983887501680133, 6.265387365725998414, 10.66538788517761027 ) ) ;
#3164 = EDGE_LOOP ( 'NONE', ( #1545, #8893 ) ) ;
#3165 = CARTESIAN_POINT ( 'NONE',  ( -5.500000000000060396, 0.4675451179377199118, -7.069655554617711779 ) ) ;
#3166 = EDGE_CURVE ( 'NONE', #8160, #978, #5508, .T. ) ;
#3167 = CARTESIAN_POINT ( 'NONE',  ( 1.499999999999939826, 2.791380799352038089, -10.45862404328944884 ) ) ;
#3168 = PRESENTATION_STYLE_ASSIGNMENT (( #2539 ) ) ;
#3169 = LINE ( 'NONE', #3217, #8681 ) ;
#3170 = CYLINDRICAL_SURFACE ( 'NONE', #9319, 0.2000000000000000944 ) ;
#3171 = EDGE_CURVE ( 'NONE', #4575, #5436, #580, .T. ) ;
#3172 = DIRECTION ( 'NONE',  ( -0.000000000000000000, -0.000000000000000000, 1.000000000000000000 ) ) ;
#3173 = VECTOR ( 'NONE', #2709, 1000.000000000000000 ) ;
#3174 = DIRECTION ( 'NONE',  ( -2.710505431213765522E-16, 0.000000000000000000, 1.000000000000000000 ) ) ;
#3175 = EDGE_LOOP ( 'NONE', ( #9458, #74, #5528, #6276 ) ) ;
#3176 = CARTESIAN_POINT ( 'NONE',  ( -4.538058783436572874, -1.383208352360508764, -5.107045163196773707 ) ) ;
#3177 = VERTEX_POINT ( 'NONE', #2579 ) ;
#3178 = CARTESIAN_POINT ( 'NONE',  ( -4.494102402777515159, -1.479640298728989389, -6.940253544063685887 ) ) ;
#3179 = EDGE_LOOP ( 'NONE', ( #6283, #1281, #973, #4560 ) ) ;
#3180 = VECTOR ( 'NONE', #4888, 1000.000000000000000 ) ;
#3181 = DIRECTION ( 'NONE',  ( 0.000000000000000000, 1.000000000000000000, 0.000000000000000000 ) ) ;
#3182 = CARTESIAN_POINT ( 'NONE',  ( -1.000000000000029976, 1.308037348756020180, 7.257272818943819814 ) ) ;
#3183 = DIRECTION ( 'NONE',  ( -1.000000000000000000, 0.000000000000000000, 0.000000000000000000 ) ) ;
#3184 = CARTESIAN_POINT ( 'NONE',  ( 1.000000004195001235, 0.8367118347829748393, 6.880000000000001670 ) ) ;
#3185 = VERTEX_POINT ( 'NONE', #4109 ) ;
#3186 = VERTEX_POINT ( 'NONE', #6311 ) ;
#3187 = CIRCLE ( 'NONE', #2419, 2.451402828728279193 ) ;
#3188 = EDGE_CURVE ( 'NONE', #9193, #5967, #7921, .T. ) ;
#3189 = ORIENTED_EDGE ( 'NONE', *, *, #2325, .T. ) ;
#3190 = CIRCLE ( 'NONE', #6393, 0.7199999999999998623 ) ;
#3191 = DIRECTION ( 'NONE',  ( 0.000000000000000000, 8.944626573655667209E-16, -1.000000000000000000 ) ) ;
#3192 = DIRECTION ( 'NONE',  ( -0.000000000000000000, -1.000000000000000000, -0.000000000000000000 ) ) ;
#3193 = CARTESIAN_POINT ( 'NONE',  ( 2.723119149391479699, 6.201646572082985642, 5.763469130043175959 ) ) ;
#3194 = CARTESIAN_POINT ( 'NONE',  ( -5.591000000000060588, -1.468035014617238732, -1.541199953753203955 ) ) ;
#3195 = DIRECTION ( 'NONE',  ( 1.000000000000000000, -0.000000000000000000, -0.000000000000000000 ) ) ;
#3196 =( BOUNDED_SURFACE ( )  B_SPLINE_SURFACE ( 3, 2, ( 
 ( #3032, #6577, #5822, #5237, #7479 ),
 ( #11, #4467, #781, #9455, #7387 ),
 ( #2219, #8148, #865, #824, #3756 ),
 ( #5141, #2939, #93, #8879, #3800 ),
 ( #6706, #147, #5868, #8049, #2177 ),
 ( #1489, #6005, #8922, #5280, #8192 ),
 ( #7341, #923, #4649, #3129, #2403 ) ),
 .UNSPECIFIED., .F., .F., .T. ) 
 B_SPLINE_SURFACE_WITH_KNOTS ( ( 4, 1, 1, 1, 4 ),
 ( 3, 2, 3 ),
 ( 0.000000000000000000, 0.1130875424394150036, 0.2356190769618960179, 0.3581506114843580058, 0.4712381539237949779 ),
 ( 0.000000000000000000, 0.5340707511102650296, 1.068141502220530059 ),
 .UNSPECIFIED. ) 
 GEOMETRIC_REPRESENTATION_ITEM ( )  RATIONAL_B_SPLINE_SURFACE ( (
 ( 1.000000000000000000, 0.7071067811865480168, 1.000000000000000000, 0.7071067811865480168, 1.000000000000000000),
 ( 1.000000000000000000, 0.7071067811865470176, 1.000000000000000000, 0.7071067811865470176, 1.000000000000000000),
 ( 1.000000000000000000, 0.7071067811865480168, 1.000000000000000000, 0.7071067811865480168, 1.000000000000000000),
 ( 1.000000000000000000, 0.7071067811865480168, 1.000000000000000000, 0.7071067811865480168, 1.000000000000000000),
 ( 1.000000000000000000, 0.7071067811865480168, 1.000000000000000000, 0.7071067811865480168, 1.000000000000000000),
 ( 1.000000000000000000, 0.7071067811865470176, 1.000000000000000000, 0.7071067811865470176, 1.000000000000000000),
 ( 1.000000000000000000, 0.7071067811865480168, 1.000000000000000000, 0.7071067811865480168, 1.000000000000000000) ) ) 
 REPRESENTATION_ITEM ( '' )  SURFACE ( )  );
#3197 = CIRCLE ( 'NONE', #3666, 0.2000000000000000944 ) ;
#3198 = EDGE_CURVE ( 'NONE', #9249, #8430, #3962, .T. ) ;
#3199 = AXIS2_PLACEMENT_3D ( 'NONE', #1763, #8232, #7522 ) ;
#3200 = CIRCLE ( 'NONE', #1815, 0.3638095225290500778 ) ;
#3201 = ORIENTED_EDGE ( 'NONE', *, *, #6959, .F. ) ;
#3202 = AXIS2_PLACEMENT_3D ( 'NONE', #1750, #5399, #7405 ) ;
#3203 = CARTESIAN_POINT ( 'NONE',  ( -0.7477005242537189122, 2.420857981308560447, 4.000000000000000000 ) ) ;
#3204 = DIRECTION ( 'NONE',  ( 0.000000000000000000, -1.153814465479998049E-14, -1.000000000000000000 ) ) ;
#3205 = CYLINDRICAL_SURFACE ( 'NONE', #1258, 0.3400000000000000244 ) ;
#3206 = DIRECTION ( 'NONE',  ( 0.000000000000000000, 0.000000000000000000, 1.000000000000000000 ) ) ;
#3207 = LINE ( 'NONE', #8282, #2424 ) ;
#3208 = LINE ( 'NONE', #1719, #9472 ) ;
#3209 = EDGE_LOOP ( 'NONE', ( #4685, #7207, #6365, #6053, #7342 ) ) ;
#3210 = VECTOR ( 'NONE', #711, 1000.000000000000000 ) ;
#3211 = AXIS2_PLACEMENT_3D ( 'NONE', #5605, #8517, #6358 ) ;
#3212 = ORIENTED_EDGE ( 'NONE', *, *, #4780, .F. ) ;
#3213 = CARTESIAN_POINT ( 'NONE',  ( -2.656250237991419905, -4.426335649230740188, 9.918970410559298401 ) ) ;
#3214 = EDGE_CURVE ( 'NONE', #4062, #6651, #1322, .T. ) ;
#3215 = SURFACE_STYLE_USAGE ( .BOTH. , #229 ) ;
#3216 = LINE ( 'NONE', #6797, #1821 ) ;
#3217 = CARTESIAN_POINT ( 'NONE',  ( 1.499999999999939826, 1.571505490158366714, -10.45862404328944884 ) ) ;
#3218 = CARTESIAN_POINT ( 'NONE',  ( 5.597458479920818242, 3.285280677381780645, -11.87542427067709738 ) ) ;
#3219 = AXIS2_PLACEMENT_3D ( 'NONE', #7927, #4302, #3433 ) ;
#3220 = CARTESIAN_POINT ( 'NONE',  ( 3.499999762008580539, -1.926335649230749958, 0.8552204105592591254 ) ) ;
#3221 = VECTOR ( 'NONE', #2395, 1000.000000000000114 ) ;
#3222 = FACE_OUTER_BOUND ( 'NONE', #7374, .T. ) ;
#3223 = ORIENTED_EDGE ( 'NONE', *, *, #941, .F. ) ;
#3224 = CARTESIAN_POINT ( 'NONE',  ( -4.515636599684366814, -1.102038329954225793, -5.057255846633124108 ) ) ;
#3225 = ORIENTED_EDGE ( 'NONE', *, *, #849, .F. ) ;
#3226 = EDGE_CURVE ( 'NONE', #7620, #1977, #743, .T. ) ;
#3227 = CARTESIAN_POINT ( 'NONE',  ( 8.499999999999948486, 0.8170932621786820560, -1.750000000000001554 ) ) ;
#3228 = EDGE_CURVE ( 'NONE', #8696, #4062, #408, .T. ) ;
#3229 = ORIENTED_EDGE ( 'NONE', *, *, #5121, .F. ) ;
#3230 = CARTESIAN_POINT ( 'NONE',  ( -1.000000000000000000, -3.569272152705960544, 7.205220410559250332 ) ) ;
#3231 = FACE_OUTER_BOUND ( 'NONE', #948, .T. ) ;
#3232 = LINE ( 'NONE', #6152, #5179 ) ;
#3233 = DIRECTION ( 'NONE',  ( -0.7018122366944840040, -0.1221440495962380079, 0.7018122366944861135 ) ) ;
#3234 = VERTEX_POINT ( 'NONE', #2819 ) ;
#3235 = ADVANCED_BREP_SHAPE_REPRESENTATION ( '', ( #446, #3769, #3555, #6711, #3603, #3624, #3778, #6947, #3814, #6817, #605, #464 ), #3530 ) ;
#3236 = ORIENTED_EDGE ( 'NONE', *, *, #6758, .T. ) ;
#3237 = VERTEX_POINT ( 'NONE', #755 ) ;
#3238 = CARTESIAN_POINT ( 'NONE',  ( 5.499999999999949374, 2.205640489774899127, -3.306685749735108093 ) ) ;
#3239 = FACE_OUTER_BOUND ( 'NONE', #9230, .T. ) ;
#3240 = ADVANCED_FACE ( 'NONE', ( #6598 ), #1468, .T. ) ;
#3241 = LINE ( 'NONE', #9128, #1172 ) ;
#3242 = CARTESIAN_POINT ( 'NONE',  ( 5.500000000000171418, 3.026389538271987423, -12.00000000000000000 ) ) ;
#3243 = VERTEX_POINT ( 'NONE', #5075 ) ;
#3244 = DIRECTION ( 'NONE',  ( 1.000000000000000000, 0.000000000000000000, -0.000000000000000000 ) ) ;
#3245 = DIRECTION ( 'NONE',  ( 1.000000000000000000, -0.000000000000000000, -0.000000000000000000 ) ) ;
#3246 = DIRECTION ( 'NONE',  ( 0.000000000000000000, -1.000000000000000000, 0.000000000000000000 ) ) ;
#3247 = EDGE_CURVE ( 'NONE', #2321, #8029, #7983, .T. ) ;
#3248 = PLANE ( 'NONE',  #3797 ) ;
#3249 = LINE ( 'NONE', #4733, #7467 ) ;
#3250 = DIRECTION ( 'NONE',  ( 0.000000000000000000, -1.000000000000000000, 0.000000000000000000 ) ) ;
#3251 = ORIENTED_EDGE ( 'NONE', *, *, #1107, .T. ) ;
#3252 = ORIENTED_EDGE ( 'NONE', *, *, #5573, .F. ) ;
#3253 = CARTESIAN_POINT ( 'NONE',  ( 2.935098673953480564, -1.271866509722523686, 4.000000000000000000 ) ) ;
#3254 = ORIENTED_EDGE ( 'NONE', *, *, #7072, .F. ) ;
#3255 = DIRECTION ( 'NONE',  ( 1.000000000000000000, -0.000000000000000000, -0.000000000000000000 ) ) ;
#3256 = LINE ( 'NONE', #5374, #5963 ) ;
#3257 = EDGE_CURVE ( 'NONE', #5922, #5329, #9317, .T. ) ;
#3258 =( LENGTH_UNIT ( ) NAMED_UNIT ( * ) SI_UNIT ( .MILLI., .METRE. ) );
#3259 = CARTESIAN_POINT ( 'NONE',  ( 1.499999999999939826, -0.9040905573164232933, -4.317469199095388177 ) ) ;
#3260 = CARTESIAN_POINT ( 'NONE',  ( 5.499999999999949374, 3.334171825948719636, -304.8000000000000114 ) ) ;
#3261 = DIRECTION ( 'NONE',  ( 1.000000000000000000, 0.000000000000000000, 0.000000000000000000 ) ) ;
#3262 = ORIENTED_EDGE ( 'NONE', *, *, #7907, .F. ) ;
#3263 = VERTEX_POINT ( 'NONE', #2242 ) ;
#3264 = AXIS2_PLACEMENT_3D ( 'NONE', #2805, #7070, #7016 ) ;
#3265 = ORIENTED_EDGE ( 'NONE', *, *, #4925, .F. ) ;
#3266 = CARTESIAN_POINT ( 'NONE',  ( 4.049999762008570592, 6.273626543402450295, 5.608574268657101847 ) ) ;
#3267 = DIRECTION ( 'NONE',  ( -1.000000000000000000, 0.000000000000000000, 0.000000000000000000 ) ) ;
#3268 = CARTESIAN_POINT ( 'NONE',  ( -5.400000000000059863, -1.275702287286611059, -7.069655554617711779 ) ) ;
#3269 = CARTESIAN_POINT ( 'NONE',  ( 1.499999999999939826, -1.275702287286611281, -4.800000000000000711 ) ) ;
#3270 = CARTESIAN_POINT ( 'NONE',  ( 1.499999999999939826, 1.571505490158367824, -2.123190884288185920 ) ) ;
#3271 = ORIENTED_EDGE ( 'NONE', *, *, #6367, .T. ) ;
#3272 = EDGE_CURVE ( 'NONE', #5847, #980, #29, .T. ) ;
#3273 = ADVANCED_FACE ( 'NONE', ( #5164 ), #8028, .F. ) ;
#3274 = ORIENTED_EDGE ( 'NONE', *, *, #9044, .T. ) ;
#3275 = ORIENTED_EDGE ( 'NONE', *, *, #7723, .T. ) ;
#3276 = CARTESIAN_POINT ( 'NONE',  ( -5.400000000000059863, -3.418949692510942828, -7.069655554617711779 ) ) ;
#3277 = EDGE_CURVE ( 'NONE', #8041, #4741, #5789, .T. ) ;
#3278 = CARTESIAN_POINT ( 'NONE',  ( 2.478170270984186185, 6.073626543402451006, 5.808574268657101136 ) ) ;
#3279 = DIRECTION ( 'NONE',  ( 0.000000000000000000, -0.000000000000000000, -1.000000000000000000 ) ) ;
#3280 = CARTESIAN_POINT ( 'NONE',  ( -5.400000000000059863, -1.275702287286611059, -4.930344445382288221 ) ) ;
#3281 = CARTESIAN_POINT ( 'NONE',  ( 8.499999999999948486, 3.153679206173138905, -11.83400291443978603 ) ) ;
#3282 = EDGE_CURVE ( 'NONE', #4779, #1418, #1519, .T. ) ;
#3283 = B_SPLINE_CURVE_WITH_KNOTS ( 'NONE', 3,
 ( #9395, #3548, #2827, #5751, #2303, #8769, #4409, #2249 ),
 .UNSPECIFIED., .F., .F.,
 ( 4, 2, 2, 4 ),
 ( -3.464116049345258346E-06, 0.0002823218373945863809, 0.0004252148141165528568, 0.0005681077908385193326 ),
 .UNSPECIFIED. ) ;
#3284 = ORIENTED_EDGE ( 'NONE', *, *, #52, .T. ) ;
#3285 = CARTESIAN_POINT ( 'NONE',  ( -3.500000237991430119, -3.176335649230739744, 9.075220410559261097 ) ) ;
#3286 = CARTESIAN_POINT ( 'NONE',  ( 8.399999999999948841, 0.2193455792998725284, -8.319187790970875795 ) ) ;
#3287 = CARTESIAN_POINT ( 'NONE',  ( -0.6600000000000000311, 1.000000000000000000, 7.505220410559251043 ) ) ;
#3288 = CARTESIAN_POINT ( 'NONE',  ( -5.400000000000059863, -3.418949692510942828, -7.069655554617711779 ) ) ;
#3289 = DIRECTION ( 'NONE',  ( -1.000000000000000000, 0.000000000000000000, -0.000000000000000000 ) ) ;
#3290 = CARTESIAN_POINT ( 'NONE',  ( -4.050000237991429053, -1.926335649230739744, 7.370146519281761677 ) ) ;
#3291 = CARTESIAN_POINT ( 'NONE',  ( 1.499999999999939826, 2.791380799352038977, -7.867280422007712382 ) ) ;
#3292 = ORIENTED_EDGE ( 'NONE', *, *, #8783, .F. ) ;
#3293 = EDGE_CURVE ( 'NONE', #150, #3450, #5846, .T. ) ;
#3294 = CLOSED_SHELL ( 'NONE', ( #1292, #4100, #5513, #444, #6903, #2335, #1701, #5390, #9476, #5812, #572, #819, #257, #1491, #3583, #4248, #2052, #4127, #7809, #6432, #7595, #2440, #5439, #1219, #5395, #6682, #7029, #7888, #6556, #4860, #3108, #3273, #1316, #8847, #2019, #8583, #9179, #3870, #6122, #9061, #4377, #101, #3629, #5325, #2169, #2555, #6838, #4742, #7256, #4453, #9203, #1348, #7602, #6592, #347, #6061, #7833, #2861, #4141, #393, #4852, #5391, #4638, #7379, #4189, #8217, #945, #1934, #522, #1870, #2895, #5600, #107, #4457, #4021, #4343, #2297, #6438, #5293, #1580, #8767, #913 ) ) ;
#3295 = CARTESIAN_POINT ( 'NONE',  ( 8.499999999999948486, 0.2193455792999002840, -3.680812209029087789 ) ) ;
#3296 = ORIENTED_EDGE ( 'NONE', *, *, #1389, .F. ) ;
#3297 = CARTESIAN_POINT ( 'NONE',  ( 1.499999999999939826, 2.791380799352038089, -10.45862404328944884 ) ) ;
#3298 = DIRECTION ( 'NONE',  ( 0.000000000000000000, 0.000000000000000000, -1.000000000000000000 ) ) ;
#3299 = SURFACE_STYLE_USAGE ( .BOTH. , #4787 ) ;
#3300 = CARTESIAN_POINT ( 'NONE',  ( 5.524119305071534924, 3.229969002186758420, -0.09178272558474970255 ) ) ;
#3301 = DIRECTION ( 'NONE',  ( -0.000000000000000000, -0.000000000000000000, 1.000000000000000000 ) ) ;
#3302 = SURFACE_STYLE_FILL_AREA ( #9205 ) ;
#3303 = DIRECTION ( 'NONE',  ( 0.000000000000000000, -0.000000000000000000, 1.000000000000000000 ) ) ;
#3304 = ORIENTED_EDGE ( 'NONE', *, *, #2876, .T. ) ;
#3305 = EDGE_CURVE ( 'NONE', #8063, #2789, #7360, .T. ) ;
#3306 = EDGE_LOOP ( 'NONE', ( #8995, #1774, #885, #2443 ) ) ;
#3307 = COLOUR_RGB ( '',0.2509803921568627416, 0.2509803921568627416, 0.2509803921568627416 ) ;
#3308 = CARTESIAN_POINT ( 'NONE',  ( -4.467853900504265674, -1.479640298728989389, -6.854900965951202352 ) ) ;
#3309 = ORIENTED_EDGE ( 'NONE', *, *, #4304, .F. ) ;
#3310 = DIRECTION ( 'NONE',  ( 0.000000000000000000, 0.000000000000000000, 1.000000000000000000 ) ) ;
#3311 = LINE ( 'NONE', #9213, #3926 ) ;
#3312 = DIRECTION ( 'NONE',  ( -1.000000000000000000, -0.000000000000000000, -0.000000000000000000 ) ) ;
#3313 = DIRECTION ( 'NONE',  ( -1.000000000000000000, 0.000000000000000000, 0.000000000000000000 ) ) ;
#3314 = CARTESIAN_POINT ( 'NONE',  ( 1.499999999999939826, -1.275702287286611059, -4.930344445382288221 ) ) ;
#3315 = EDGE_LOOP ( 'NONE', ( #1764, #1566 ) ) ;
#3316 = EDGE_LOOP ( 'NONE', ( #6961, #7892, #1546, #4616, #2621, #3236, #5409, #474 ) ) ;
#3317 = TOROIDAL_SURFACE ( 'NONE', #1640, 1.632191892514950782, 0.2999999999999999889 ) ;
#3318 = VERTEX_POINT ( 'NONE', #73 ) ;
#3319 = CARTESIAN_POINT ( 'NONE',  ( 4.249999762008569881, 6.073626543402451006, 0.2999999999999999334 ) ) ;
#3320 = AXIS2_PLACEMENT_3D ( 'NONE', #454, #4011, #3279 ) ;
#3321 = EDGE_CURVE ( 'NONE', #3625, #1754, #6497, .T. ) ;
#3322 = CARTESIAN_POINT ( 'NONE',  ( -4.050000237991429053, -2.339157802475679837, 10.58998545934429991 ) ) ;
#3323 = FACE_OUTER_BOUND ( 'NONE', #2250, .T. ) ;
#3324 = LINE ( 'NONE', #1795, #401 ) ;
#3325 = VECTOR ( 'NONE', #234, 1000.000000000000000 ) ;
#3326 = CARTESIAN_POINT ( 'NONE',  ( 1.499999999999939826, -0.7632467023735052258, -5.327539278327908079 ) ) ;
#3327 = CIRCLE ( 'NONE', #3489, 0.5200000000000002398 ) ;
#3328 = EDGE_CURVE ( 'NONE', #1787, #5691, #6436, .T. ) ;
#3329 = AXIS2_PLACEMENT_3D ( 'NONE', #5173, #4407, #4260 ) ;
#3330 = ORIENTED_EDGE ( 'NONE', *, *, #1752, .F. ) ;
#3331 = DIRECTION ( 'NONE',  ( 1.000000000000000000, 0.000000000000000000, 0.000000000000000000 ) ) ;
#3332 = ADVANCED_FACE ( 'NONE', ( #2200 ), #2095, .F. ) ;
#3333 = AXIS2_PLACEMENT_3D ( 'NONE', #6453, #4972, #8425 ) ;
#3334 = CARTESIAN_POINT ( 'NONE',  ( 1.000000000000000000, -3.569272152702969603, 6.865220410559261133 ) ) ;
#3335 = LINE ( 'NONE', #3918, #8296 ) ;
#3336 = CARTESIAN_POINT ( 'NONE',  ( -5.591000000000068582, -3.834801901544083957, -9.059037846064184052 ) ) ;
#3337 = DIRECTION ( 'NONE',  ( 0.000000000000000000, 0.000000000000000000, -1.000000000000000000 ) ) ;
#3338 = AXIS2_PLACEMENT_3D ( 'NONE', #3036, #730, #8196 ) ;
#3339 = CARTESIAN_POINT ( 'NONE',  ( 1.602906781438529604, 3.264331192589055686, 4.000000000000000000 ) ) ;
#3340 = EDGE_LOOP ( 'NONE', ( #8604, #7431, #8209, #8780, #2891, #7605, #5881, #6628 ) ) ;
#3341 = AXIS2_PLACEMENT_3D ( 'NONE', #7473, #7423, #860 ) ;
#3342 = ORIENTED_EDGE ( 'NONE', *, *, #9373, .T. ) ;
#3343 = AXIS2_PLACEMENT_3D ( 'NONE', #3695, #72, #655 ) ;
#3344 = FACE_OUTER_BOUND ( 'NONE', #7543, .T. ) ;
#3345 = ORIENTED_EDGE ( 'NONE', *, *, #1457, .F. ) ;
#3346 = DIRECTION ( 'NONE',  ( 1.000000000000000000, 0.000000000000000000, 0.000000000000000000 ) ) ;
#3347 = VECTOR ( 'NONE', #5929, 1000.000000000000000 ) ;
#3348 = CIRCLE ( 'NONE', #6109, 0.3638095225290491896 ) ;
#3349 = CARTESIAN_POINT ( 'NONE',  ( 1.499999999999939826, 3.243903520801311391, -4.132719577992287618 ) ) ;
#3350 = DIRECTION ( 'NONE',  ( -1.000000000000000000, 0.000000000000000000, 0.000000000000000000 ) ) ;
#3351 = CARTESIAN_POINT ( 'NONE',  ( 5.504064770646772686, 3.266650788558323804, -0.07107306360244929067 ) ) ;
#3352 = CARTESIAN_POINT ( 'NONE',  ( 299.2999999999999545, 5.076540080366747532, -7.007763651736524046 ) ) ;
#3353 = VECTOR ( 'NONE', #2889, 1000.000000000000000 ) ;
#3354 = EDGE_CURVE ( 'NONE', #1223, #5603, #2356, .T. ) ;
#3355 = CARTESIAN_POINT ( 'NONE',  ( -3.500000237991430119, -4.226335649230740898, 9.075220410559261097 ) ) ;
#3356 = CARTESIAN_POINT ( 'NONE',  ( 2.935098673953480564, 1.932139300074104726, 4.000000000000000000 ) ) ;
#3357 = ORIENTED_EDGE ( 'NONE', *, *, #2283, .F. ) ;
#3358 = ORIENTED_EDGE ( 'NONE', *, *, #2687, .T. ) ;
#3359 = AXIS2_PLACEMENT_3D ( 'NONE', #2310, #3660, #8184 ) ;
#3360 = AXIS2_PLACEMENT_3D ( 'NONE', #7725, #3380, #6200 ) ;
#3361 = CARTESIAN_POINT ( 'NONE',  ( -4.536414583894534225, -1.168195840598958313, -4.890674090036787547 ) ) ;
#3362 = VERTEX_POINT ( 'NONE', #7913 ) ;
#3363 = VECTOR ( 'NONE', #1179, 1000.000000000000000 ) ;
#3364 = FILL_AREA_STYLE ('',( #431 ) ) ;
#3365 = ORIENTED_EDGE ( 'NONE', *, *, #7225, .T. ) ;
#3366 = APPLICATION_CONTEXT ( 'automotive_design' ) ;
#3367 = FILL_AREA_STYLE ('',( #7672 ) ) ;
#3368 = DIRECTION ( 'NONE',  ( -1.000000000000000000, -0.000000000000000000, -0.000000000000000000 ) ) ;
#3369 = AXIS2_PLACEMENT_3D ( 'NONE', #5564, #9103, #5462 ) ;
#3370 = MECHANICAL_DESIGN_GEOMETRIC_PRESENTATION_REPRESENTATION (  '', ( #7641 ), #295 ) ;
#3371 = CARTESIAN_POINT ( 'NONE',  ( -5.400000000000059863, 0.9675451179377199118, -4.930344445382288221 ) ) ;
#3372 = DIRECTION ( 'NONE',  ( 0.000000000000000000, 0.000000000000000000, 1.000000000000000000 ) ) ;
#3373 = EDGE_CURVE ( 'NONE', #7398, #5777, #5791, .T. ) ;
#3374 = LINE ( 'NONE', #6294, #254 ) ;
#3375 = ORIENTED_EDGE ( 'NONE', *, *, #7265, .T. ) ;
#3376 = ORIENTED_EDGE ( 'NONE', *, *, #3985, .F. ) ;
#3377 = B_SPLINE_CURVE_WITH_KNOTS ( 'NONE', 3,
 ( #4658, #6719, #296, #1019 ),
 .UNSPECIFIED., .F., .F.,
 ( 4, 4 ),
 ( 0.000000000000000000, 1.517025090309375779E-05 ),
 .UNSPECIFIED. ) ;
#3378 = AXIS2_PLACEMENT_3D ( 'NONE', #2622, #5552, #8461 ) ;
#3379 = EDGE_LOOP ( 'NONE', ( #5178, #6235 ) ) ;
#3380 = DIRECTION ( 'NONE',  ( 0.000000000000000000, -1.000000000000000000, 0.000000000000000000 ) ) ;
#3381 =( NAMED_UNIT ( * ) PLANE_ANGLE_UNIT ( ) SI_UNIT ( $, .RADIAN. ) );
#3382 = FACE_BOUND ( 'NONE', #3209, .T. ) ;
#3383 = DIRECTION ( 'NONE',  ( -1.000000000000000000, -0.000000000000000000, -0.000000000000000000 ) ) ;
#3384 = EDGE_CURVE ( 'NONE', #3619, #3362, #2661, .T. ) ;
#3385 = ORIENTED_EDGE ( 'NONE', *, *, #5177, .T. ) ;
#3386 = CARTESIAN_POINT ( 'NONE',  ( -5.591000000000060588, 4.771167705692607619, -4.132719577992287618 ) ) ;
#3387 = PRESENTATION_LAYER_ASSIGNMENT (  '', '', ( #2930 ) ) ;
#3388 = ORIENTED_EDGE ( 'NONE', *, *, #4210, .F. ) ;
#3389 = CARTESIAN_POINT ( 'NONE',  ( -3.500000237991429231, -4.226335649230749780, 1.575220410559260875 ) ) ;
#3390 = DIRECTION ( 'NONE',  ( 1.000000000000000000, 0.000000000000000000, 0.000000000000000000 ) ) ;
#3391 = CARTESIAN_POINT ( 'NONE',  ( -0.6600000000000004752, 0.7000000000000090594, 7.545220410559239532 ) ) ;
#3392 = CARTESIAN_POINT ( 'NONE',  ( 1.340000000000000080, 1.000000000000000000, 7.505220410559251043 ) ) ;
#3393 = FACE_OUTER_BOUND ( 'NONE', #3315, .T. ) ;
#3394 = CARTESIAN_POINT ( 'NONE',  ( -4.500332288483312126, -1.097368213507469159, -4.895515594794551006 ) ) ;
#3395 = EDGE_CURVE ( 'NONE', #5206, #8588, #5054, .T. ) ;
#3396 = EDGE_CURVE ( 'NONE', #354, #2328, #2736, .T. ) ;
#3397 = VERTEX_POINT ( 'NONE', #5590 ) ;
#3398 = LINE ( 'NONE', #3543, #6584 ) ;
#3399 = CARTESIAN_POINT ( 'NONE',  ( -5.500000000000060396, -3.518949692510942029, -7.069655554617711779 ) ) ;
#3400 = PRESENTATION_STYLE_ASSIGNMENT (( #477 ) ) ;
#3401 = PRESENTATION_STYLE_ASSIGNMENT (( #6318 ) ) ;
#3402 = PRODUCT_DEFINITION_CONTEXT ( 'detailed design', #2024, 'design' ) ;
#3403 = ADVANCED_FACE ( 'NONE', ( #7726 ), #452, .T. ) ;
#3404 = CARTESIAN_POINT ( 'NONE',  ( -2.842464382053261129, 6.153062703547097279, 10.79623374684588022 ) ) ;
#3405 = CARTESIAN_POINT ( 'NONE',  ( 4.049999762008569704, -2.339157802475679837, 10.58998545934429991 ) ) ;
#3406 = CARTESIAN_POINT ( 'NONE',  ( -4.167157525516810068, -2.339157802475679837, 7.570146519281761854 ) ) ;
#3407 = ORIENTED_EDGE ( 'NONE', *, *, #9243, .F. ) ;
#3408 = ORIENTED_EDGE ( 'NONE', *, *, #5689, .T. ) ;
#3409 = CARTESIAN_POINT ( 'NONE',  ( -4.536909018443007646, -1.416287241497574012, -4.940727992907932631 ) ) ;
#3410 = ORIENTED_EDGE ( 'NONE', *, *, #2953, .T. ) ;
#3411 = CARTESIAN_POINT ( 'NONE',  ( -4.593041438698901580, -1.267545080659895573, -7.059747014764806039 ) ) ;
#3412 = ORIENTED_EDGE ( 'NONE', *, *, #3763, .T. ) ;
#3413 = CARTESIAN_POINT ( 'NONE',  ( -5.591000000000060588, -6.750000000000033751, -4.132719577992287618 ) ) ;
#3414 = CARTESIAN_POINT ( 'NONE',  ( 3.499999762008580539, -3.176335649230749070, 2.295220410559260404 ) ) ;
#3415 = CARTESIAN_POINT ( 'NONE',  ( 8.499999999999948486, 3.195100562410515543, -3.106685749735108359 ) ) ;
#3416 = CARTESIAN_POINT ( 'NONE',  ( 2.682968308025765580, 6.216740569011115269, 10.74995891031861106 ) ) ;
#3417 = DIRECTION ( 'NONE',  ( 0.000000000000000000, -0.000000000000000000, 1.000000000000000000 ) ) ;
#3418 = CARTESIAN_POINT ( 'NONE',  ( -2.500063072931494546, -1.914281205177476686, 0.2051196235891080411 ) ) ;
#3419 = ORIENTED_EDGE ( 'NONE', *, *, #4503, .T. ) ;
#3420 = EDGE_LOOP ( 'NONE', ( #5912, #6944, #7696, #6295 ) ) ;
#3421 = FACE_OUTER_BOUND ( 'NONE', #3464, .T. ) ;
#3422 = VERTEX_POINT ( 'NONE', #4861 ) ;
#3423 = EDGE_CURVE ( 'NONE', #5996, #192, #7156, .T. ) ;
#3424 = CARTESIAN_POINT ( 'NONE',  ( 8.467749760031534123, 2.204481693020023059, -3.180766995285452037 ) ) ;
#3425 = B_SPLINE_CURVE_WITH_KNOTS ( 'NONE', 3,
 ( #2503, #4037, #335, #8253, #5428, #7709 ),
 .UNSPECIFIED., .F., .F.,
 ( 4, 2, 4 ),
 ( 2.744980653624149643E-18, 9.241801320933524556E-05, 0.0001848360264186677264 ),
 .UNSPECIFIED. ) ;
#3426 = FACE_OUTER_BOUND ( 'NONE', #2975, .T. ) ;
#3427 = DIRECTION ( 'NONE',  ( 1.000000000000000000, 0.000000000000000000, 0.000000000000000000 ) ) ;
#3428 = DIRECTION ( 'NONE',  ( 0.000000000000000000, 0.000000000000000000, 1.000000000000000000 ) ) ;
#3429 = EDGE_LOOP ( 'NONE', ( #7852, #5112 ) ) ;
#3430 = CARTESIAN_POINT ( 'NONE',  ( 1.303357147227336643, 0.6999999999999997335, 7.382695874538766745 ) ) ;
#3431 = ADVANCED_FACE ( 'NONE', ( #7069 ), #2037, .T. ) ;
#3432 = DIRECTION ( 'NONE',  ( 2.612289469706220103E-15, -2.612289469706250080E-15, -1.000000000000000000 ) ) ;
#3433 = DIRECTION ( 'NONE',  ( -1.000000000000000000, 0.000000000000000000, -0.000000000000000000 ) ) ;
#3434 = CARTESIAN_POINT ( 'NONE',  ( -4.050000237991429053, -2.139157802475679659, 11.85091001134370003 ) ) ;
#3435 = CARTESIAN_POINT ( 'NONE',  ( 4.049999762008570592, 6.073626543402451006, 5.608574268657101847 ) ) ;
#3436 = FACE_OUTER_BOUND ( 'NONE', #8229, .T. ) ;
#3437 = VECTOR ( 'NONE', #6785, 1000.000000000000000 ) ;
#3438 = CARTESIAN_POINT ( 'NONE',  ( 4.049999762008570592, -1.726335649230739788, 0.2999999999999999334 ) ) ;
#3439 = VERTEX_POINT ( 'NONE', #7869 ) ;
#3440 =( BOUNDED_CURVE ( )  B_SPLINE_CURVE ( 3, ( #7100, #6469, #4177, #2171 ),
 .UNSPECIFIED., .F., .T. ) 
 B_SPLINE_CURVE_WITH_KNOTS ( ( 4, 4 ),
 ( 0.000000000000000000, 1.570796326794896558 ),
 .UNSPECIFIED. ) 
 CURVE ( )  GEOMETRIC_REPRESENTATION_ITEM ( )  RATIONAL_B_SPLINE_CURVE ( ( 1.000000000000000000, 0.8047378541243649375, 0.8047378541243649375, 1.000000000000000000 ) ) 
 REPRESENTATION_ITEM ( '' )  );
#3441 = ORIENTED_EDGE ( 'NONE', *, *, #8738, .T. ) ;
#3442 = ORIENTED_EDGE ( 'NONE', *, *, #225, .F. ) ;
#3443 = CARTESIAN_POINT ( 'NONE',  ( 4.187477435934098047, 4.618592541158569098, 5.755287938036773632 ) ) ;
#3444 = DIRECTION ( 'NONE',  ( 0.000000000000000000, 1.000000000000000000, -0.000000000000000000 ) ) ;
#3445 = CARTESIAN_POINT ( 'NONE',  ( 5.541421356237258955, 3.195100562410481793, -8.793314250264891996 ) ) ;
#3446 = DIRECTION ( 'NONE',  ( -1.000000000000000000, 0.000000000000000000, 0.000000000000000000 ) ) ;
#3447 = EDGE_CURVE ( 'NONE', #4575, #2828, #5632, .T. ) ;
#3448 = CARTESIAN_POINT ( 'NONE',  ( 0.6599999999999933697, 1.308037348756050378, 7.257272818943951265 ) ) ;
#3449 = FACE_OUTER_BOUND ( 'NONE', #8493, .T. ) ;
#3450 = VERTEX_POINT ( 'NONE', #1265 ) ;
#3451 = ADVANCED_FACE ( 'NONE', ( #2082 ), #3568, .F. ) ;
#3452 = CARTESIAN_POINT ( 'NONE',  ( -4.592609625063682977, -1.267432240380764075, -4.940727992907937960 ) ) ;
#3453 = ORIENTED_EDGE ( 'NONE', *, *, #7666, .T. ) ;
#3454 = CARTESIAN_POINT ( 'NONE',  ( -4.534743628923545877, -1.332805218072989906, -6.854900965951202352 ) ) ;
#3455 = ORIENTED_EDGE ( 'NONE', *, *, #8803, .T. ) ;
#3456 = DIRECTION ( 'NONE',  ( 0.000000000000000000, 1.000000000000000000, 0.000000000000000000 ) ) ;
#3457 = SURFACE_STYLE_FILL_AREA ( #9403 ) ;
#3458 = CLOSED_SHELL ( 'NONE', ( #4980, #3878, #5643, #3904 ) ) ;
#3459 = LINE ( 'NONE', #579, #9273 ) ;
#3460 = EDGE_CURVE ( 'NONE', #2085, #3234, #7111, .T. ) ;
#3461 = CARTESIAN_POINT ( 'NONE',  ( -2.478170270984168422, 6.273626543402450295, 10.80857426865710202 ) ) ;
#3462 = DIRECTION ( 'NONE',  ( -0.000000000000000000, -0.000000000000000000, 1.000000000000000000 ) ) ;
#3463 = DIRECTION ( 'NONE',  ( 1.000000000000000000, -3.183272527090204206E-15, 0.000000000000000000 ) ) ;
#3464 = EDGE_LOOP ( 'NONE', ( #9081, #300, #5218, #9368, #8106, #3900, #5543, #7019 ) ) ;
#3465 = VERTEX_POINT ( 'NONE', #5044 ) ;
#3466 = VECTOR ( 'NONE', #3181, 1000.000000000000000 ) ;
#3467 = DIRECTION ( 'NONE',  ( 0.000000000000000000, -1.000000000000000000, 0.000000000000000000 ) ) ;
#3468 = ORIENTED_EDGE ( 'NONE', *, *, #2825, .T. ) ;
#3469 =( NAMED_UNIT ( * ) SI_UNIT ( $, .STERADIAN. ) SOLID_ANGLE_UNIT ( ) );
#3470 = CARTESIAN_POINT ( 'NONE',  ( 4.049999762008569704, -1.926335649230739744, 10.38998545934429885 ) ) ;
#3471 =( NAMED_UNIT ( * ) PLANE_ANGLE_UNIT ( ) SI_UNIT ( $, .RADIAN. ) );
#3472 = FACE_OUTER_BOUND ( 'NONE', #2266, .T. ) ;
#3473 = CARTESIAN_POINT ( 'NONE',  ( -5.591000000000068582, 3.026389538271987423, 0.000000000000000000 ) ) ;
#3474 = ORIENTED_EDGE ( 'NONE', *, *, #8467, .F. ) ;
#3475 = EDGE_CURVE ( 'NONE', #8935, #5976, #2835, .T. ) ;
#3476 = CYLINDRICAL_SURFACE ( 'NONE', #1495, 0.1999999999999996503 ) ;
#3477 = ORIENTED_EDGE ( 'NONE', *, *, #1733, .F. ) ;
#3478 = AXIS2_PLACEMENT_3D ( 'NONE', #9374, #2084, #5005 ) ;
#3479 = LINE ( 'NONE', #1318, #2916 ) ;
#3480 = VECTOR ( 'NONE', #3495, 1000.000000000000000 ) ;
#3481 = DIRECTION ( 'NONE',  ( 0.000000000000000000, 1.153814465479998049E-14, 1.000000000000000000 ) ) ;
#3482 = DIRECTION ( 'NONE',  ( 0.000000000000000000, 0.000000000000000000, 1.000000000000000000 ) ) ;
#3483 = CARTESIAN_POINT ( 'NONE',  ( 5.503327331583303561, 0.7426744111209270249, -1.728514841129521917 ) ) ;
#3484 = CYLINDRICAL_SURFACE ( 'NONE', #2591, 0.2000000000000000944 ) ;
#3485 = EDGE_CURVE ( 'NONE', #7239, #9249, #4188, .T. ) ;
#3486 = CARTESIAN_POINT ( 'NONE',  ( 1.000000000000000000, 0.6600000000000000311, 8.490572276070762925 ) ) ;
#3487 =( REPRESENTATION_RELATIONSHIP ('NONE','NONE', #2216, #7660 ) REPRESENTATION_RELATIONSHIP_WITH_TRANSFORMATION ( #4268 )SHAPE_REPRESENTATION_RELATIONSHIP( ) );
#3488 = ORIENTED_EDGE ( 'NONE', *, *, #212, .F. ) ;
#3489 = AXIS2_PLACEMENT_3D ( 'NONE', #2618, #1415, #8643 ) ;
#3490 = PLANE ( 'NONE',  #8104 ) ;
#3491 = CARTESIAN_POINT ( 'NONE',  ( 3.499999762008581428, -4.226335649230749780, 1.575220410559260875 ) ) ;
#3492 = CARTESIAN_POINT ( 'NONE',  ( -4.500192133986703702, -1.171037762622967104, -7.178230750854950770 ) ) ;
#3493 =( GEOMETRIC_REPRESENTATION_CONTEXT ( 3 ) GLOBAL_UNCERTAINTY_ASSIGNED_CONTEXT ( ( #3987 ) ) GLOBAL_UNIT_ASSIGNED_CONTEXT ( ( #7206, #5055, #4855 ) ) REPRESENTATION_CONTEXT ( 'NONE', 'WORKASPACE' ) );
#3494 = CARTESIAN_POINT ( 'NONE',  ( 0.6599999999999890399, 1.339999999999999414, 7.505220410559250155 ) ) ;
#3495 = DIRECTION ( 'NONE',  ( 0.000000000000000000, 1.000000000000000000, 0.000000000000000000 ) ) ;
#3496 = ORIENTED_EDGE ( 'NONE', *, *, #1632, .T. ) ;
#3497 = ORIENTED_EDGE ( 'NONE', *, *, #2234, .T. ) ;
#3498 =( BOUNDED_CURVE ( )  B_SPLINE_CURVE ( 3, ( #518, #1187, #3445, #6412 ),
 .UNSPECIFIED., .F., .T. ) 
 B_SPLINE_CURVE_WITH_KNOTS ( ( 4, 4 ),
 ( 4.712388980384689674, 6.283185307179586232 ),
 .UNSPECIFIED. ) 
 CURVE ( )  GEOMETRIC_REPRESENTATION_ITEM ( )  RATIONAL_B_SPLINE_CURVE ( ( 1.000000000000000000, 0.8047378541243649375, 0.8047378541243649375, 1.000000000000000000 ) ) 
 REPRESENTATION_ITEM ( '' )  );
#3499 = AXIS2_PLACEMENT_3D ( 'NONE', #779, #6002, #3665 ) ;
#3500 = CARTESIAN_POINT ( 'NONE',  ( -4.557606010408765229, -1.217814040489860528, -4.890674090036787547 ) ) ;
#3501 = AXIS2_PLACEMENT_3D ( 'NONE', #1622, #910, #3845 ) ;
#3502 = ORIENTED_EDGE ( 'NONE', *, *, #7027, .T. ) ;
#3503 = CARTESIAN_POINT ( 'NONE',  ( -4.563346836636049453, -1.283860147659377837, -7.110958422975937943 ) ) ;
#3504 = ORIENTED_EDGE ( 'NONE', *, *, #6379, .F. ) ;
#3505 = VECTOR ( 'NONE', #1137, 1000.000000000000000 ) ;
#3506 = CARTESIAN_POINT ( 'NONE',  ( -4.553176055744013517, -6.750000000000033751, -304.8000000000000114 ) ) ;
#3507 = FACE_OUTER_BOUND ( 'NONE', #1987, .T. ) ;
#3508 = AXIS2_PLACEMENT_3D ( 'NONE', #7312, #9426, #752 ) ;
#3509 = CYLINDRICAL_SURFACE ( 'NONE', #7589, 0.2000000000000000944 ) ;
#3510 = CARTESIAN_POINT ( 'NONE',  ( -5.591000000000060588, -5.406700015947026650, -14.00303149244332346 ) ) ;
#3511 = CARTESIAN_POINT ( 'NONE',  ( -5.591000000000068582, 6.749999999999978684, -3.991289672666785471 ) ) ;
#3512 = VECTOR ( 'NONE', #5093, 1000.000000000000000 ) ;
#3513 = ADVANCED_FACE ( 'NONE', ( #3507 ), #7240, .T. ) ;
#3514 = LINE ( 'NONE', #4950, #722 ) ;
#3515 = CIRCLE ( 'NONE', #7331, 2.121221927182349365 ) ;
#3516 = ORIENTED_EDGE ( 'NONE', *, *, #7349, .F. ) ;
#3517 = VERTEX_POINT ( 'NONE', #7957 ) ;
#3518 = ADVANCED_FACE ( 'NONE', ( #675 ), #4725, .F. ) ;
#3519 = ADVANCED_FACE ( 'NONE', ( #5716 ), #6516, .F. ) ;
#3520 = SURFACE_STYLE_FILL_AREA ( #1409 ) ;
#3521 = ORIENTED_EDGE ( 'NONE', *, *, #1521, .T. ) ;
#3522 = TOROIDAL_SURFACE ( 'NONE', #6873, 1.632191892514950782, 0.2999999999999999889 ) ;
#3523 = PRESENTATION_LAYER_ASSIGNMENT (  '', '', ( #2298 ) ) ;
#3524 = DIRECTION ( 'NONE',  ( 9.674119995890032619E-15, 1.000000000000000000, -0.000000000000000000 ) ) ;
#3525 = DIRECTION ( 'NONE',  ( 0.000000000000000000, 0.000000000000000000, 1.000000000000000000 ) ) ;
#3526 = CARTESIAN_POINT ( 'NONE',  ( -4.002199109556096701, -1.782932263924742688, 0.03233254598207395414 ) ) ;
#3527 = DIRECTION ( 'NONE',  ( 0.000000000000000000, 0.000000000000000000, 1.000000000000000000 ) ) ;
#3528 = ORIENTED_EDGE ( 'NONE', *, *, #2493, .F. ) ;
#3529 = DIRECTION ( 'NONE',  ( 0.000000000000000000, -1.000000000000000000, 0.000000000000000000 ) ) ;
#3530 =( GEOMETRIC_REPRESENTATION_CONTEXT ( 3 ) GLOBAL_UNCERTAINTY_ASSIGNED_CONTEXT ( ( #520 ) ) GLOBAL_UNIT_ASSIGNED_CONTEXT ( ( #1464, #8023, #3632 ) ) REPRESENTATION_CONTEXT ( 'NONE', 'WORKASPACE' ) );
#3531 = ORIENTED_EDGE ( 'NONE', *, *, #2267, .F. ) ;
#3532 = AXIS2_PLACEMENT_3D ( 'NONE', #25, #7925, #8651 ) ;
#3533 = DIRECTION ( 'NONE',  ( -1.000000000000000000, 0.000000000000000000, 0.000000000000000000 ) ) ;
#3534 = EDGE_CURVE ( 'NONE', #6619, #7574, #1347, .T. ) ;
#3535 = DIRECTION ( 'NONE',  ( 1.000000000000000000, 0.000000000000000000, 0.000000000000000000 ) ) ;
#3536 = PLANE ( 'NONE',  #3219 ) ;
#3537 = CARTESIAN_POINT ( 'NONE',  ( 299.2999999999999545, 5.146119801567417440, -5.059838790869076064 ) ) ;
#3538 = CARTESIAN_POINT ( 'NONE',  ( -3.235098673953480386, -1.571866509722523730, 0.000000000000000000 ) ) ;
#3539 = DIRECTION ( 'NONE',  ( -0.000000000000000000, 0.000000000000000000, -1.000000000000000000 ) ) ;
#3540 = DIRECTION ( 'NONE',  ( 0.000000000000000000, 0.000000000000000000, 1.000000000000000000 ) ) ;
#3541 = ORIENTED_EDGE ( 'NONE', *, *, #108, .F. ) ;
#3542 = EDGE_CURVE ( 'NONE', #2185, #8880, #8703, .T. ) ;
#3543 = CARTESIAN_POINT ( 'NONE',  ( -5.591000000000060588, -6.750000000000033751, -10.92728053718713532 ) ) ;
#3544 = CARTESIAN_POINT ( 'NONE',  ( 0.9256338623702404789, 0.7000000000000000666, 6.876305102502938915 ) ) ;
#3545 = CARTESIAN_POINT ( 'NONE',  ( 1.499999999999939826, 4.771167705692607619, -3.101440184145292989 ) ) ;
#3546 = CARTESIAN_POINT ( 'NONE',  ( -4.167157525516810068, -2.339157802475679837, 10.80857426865710202 ) ) ;
#3547 = CARTESIAN_POINT ( 'NONE',  ( 1.499999999999945821, 3.348340558649291587, -4.132719577992272519 ) ) ;
#3548 = CARTESIAN_POINT ( 'NONE',  ( -2.720647952986015472, -1.504505833828525541, -2.820619714356820129E-16 ) ) ;
#3549 = EDGE_LOOP ( 'NONE', ( #1013, #545, #9254, #289 ) ) ;
#3550 = CARTESIAN_POINT ( 'NONE',  ( -4.495922375654475722, -1.482445019771712502, -4.990781895779082156 ) ) ;
#3551 = ORIENTED_EDGE ( 'NONE', *, *, #4344, .T. ) ;
#3552 = EDGE_CURVE ( 'NONE', #1238, #3243, #589, .T. ) ;
#3553 = CARTESIAN_POINT ( 'NONE',  ( -4.593485373353273005, -1.332805218072990128, -7.008535606553674135 ) ) ;
#3554 = ORIENTED_EDGE ( 'NONE', *, *, #8842, .T. ) ;
#3555 = MANIFOLD_SOLID_BREP ( 'Fillet1', #2693 ) ;
#3556 = CARTESIAN_POINT ( 'NONE',  ( -1.116400381164313949, 6.591846309204337118, -3.484289474280973575 ) ) ;
#3557 = CARTESIAN_POINT ( 'NONE',  ( 5.577900454672764852, 2.184623276742176490, -8.791453577132697816 ) ) ;
#3558 = FILL_AREA_STYLE_COLOUR ( '', #8513 ) ;
#3559 = DIRECTION ( 'NONE',  ( -1.000000000000000000, 0.000000000000000000, 0.000000000000000000 ) ) ;
#3560 = PLANE ( 'NONE',  #8222 ) ;
#3561 = CARTESIAN_POINT ( 'NONE',  ( 2.478170270984186185, 6.273626543402450295, 5.608574268657101847 ) ) ;
#3562 = ORIENTED_EDGE ( 'NONE', *, *, #2566, .T. ) ;
#3563 = VERTEX_POINT ( 'NONE', #6700 ) ;
#3564 = DIRECTION ( 'NONE',  ( 0.000000000000000000, 0.000000000000000000, 1.000000000000000000 ) ) ;
#3565 = ORIENTED_EDGE ( 'NONE', *, *, #4237, .T. ) ;
#3566 = VECTOR ( 'NONE', #3192, 1000.000000000000000 ) ;
#3567 = ORIENTED_EDGE ( 'NONE', *, *, #8189, .F. ) ;
#3568 = PLANE ( 'NONE',  #2744 ) ;
#3569 = CARTESIAN_POINT ( 'NONE',  ( 8.427986211008503759, 2.187315727042022040, -8.797310229550197036 ) ) ;
#3570 = CARTESIAN_POINT ( 'NONE',  ( -4.250000237991429231, -1.726335649230740010, 0.2999999999999999334 ) ) ;
#3571 = ADVANCED_FACE ( 'NONE', ( #531 ), #2352, .F. ) ;
#3572 = ADVANCED_FACE ( 'NONE', ( #141 ), #8185, .T. ) ;
#3573 = CARTESIAN_POINT ( 'NONE',  ( 5.499999999999949374, 3.295100562410516076, -12.00000000000000000 ) ) ;
#3574 = ORIENTED_EDGE ( 'NONE', *, *, #9410, .T. ) ;
#3575 = VECTOR ( 'NONE', #3621, 1000.000000000000000 ) ;
#3576 = DIRECTION ( 'NONE',  ( 0.000000000000000000, -0.000000000000000000, -1.000000000000000000 ) ) ;
#3577 = ORIENTED_EDGE ( 'NONE', *, *, #2995, .T. ) ;
#3578 = LINE ( 'NONE', #1864, #127 ) ;
#3579 = EDGE_CURVE ( 'NONE', #2417, #5249, #8044, .T. ) ;
#3580 = CARTESIAN_POINT ( 'NONE',  ( 2.581440366875633163, 5.076703591904207613, -9.902450764002836081 ) ) ;
#3581 = DIRECTION ( 'NONE',  ( 1.000000000000000000, 0.000000000000000000, 0.000000000000000000 ) ) ;
#3582 = LINE ( 'NONE', #6398, #32 ) ;
#3583 = ADVANCED_FACE ( 'NONE', ( #5907 ), #3752, .T. ) ;
#3584 = LINE ( 'NONE', #7879, #1494 ) ;
#3585 = CARTESIAN_POINT ( 'NONE',  ( -2.986120869726938132, 5.076540080366747532, -4.992236348263475954 ) ) ;
#3586 = CARTESIAN_POINT ( 'NONE',  ( -5.591000000000060588, -7.991421634952465602, -10.59942174518186953 ) ) ;
#3587 = EDGE_LOOP ( 'NONE', ( #5861, #8581, #472, #6110 ) ) ;
#3588 = DIRECTION ( 'NONE',  ( 0.000000000000000000, 1.000000000000000000, 0.000000000000000000 ) ) ;
#3589 = CARTESIAN_POINT ( 'NONE',  ( 0.9659890030429064689, 0.8290184291056974519, 6.879999999999999893 ) ) ;
#3590 = CARTESIAN_POINT ( 'NONE',  ( -4.500107296168541104, -1.223555399623023288, -6.800000000000000711 ) ) ;
#3591 = AXIS2_PLACEMENT_3D ( 'NONE', #5048, #6741, #2120 ) ;
#3592 = UNCERTAINTY_MEASURE_WITH_UNIT (LENGTH_MEASURE( 1.000000000000000082E-05 ), #4348, 'distance_accuracy_value', 'NONE');
#3593 = CARTESIAN_POINT ( 'NONE',  ( 5.581812373652785375, 0.8154254046746431950, -10.25051555204715648 ) ) ;
#3594 = DIRECTION ( 'NONE',  ( -1.000000000000000000, -0.000000000000000000, -0.000000000000000000 ) ) ;
#3595 = DIRECTION ( 'NONE',  ( -0.000000000000000000, -0.000000000000000000, 1.000000000000000000 ) ) ;
#3596 = EDGE_LOOP ( 'NONE', ( #936, #3642, #7972, #5106 ) ) ;
#3597 = EDGE_CURVE ( 'NONE', #7618, #8150, #2892, .T. ) ;
#3598 =( GEOMETRIC_REPRESENTATION_CONTEXT ( 3 ) GLOBAL_UNCERTAINTY_ASSIGNED_CONTEXT ( ( #6753 ) ) GLOBAL_UNIT_ASSIGNED_CONTEXT ( ( #2625, #6075, #2575 ) ) REPRESENTATION_CONTEXT ( 'NONE', 'WORKASPACE' ) );
#3599 = DIRECTION ( 'NONE',  ( -0.000000000000000000, -0.000000000000000000, 1.000000000000000000 ) ) ;
#3600 = ORIENTED_EDGE ( 'NONE', *, *, #2667, .T. ) ;
#3601 = CARTESIAN_POINT ( 'NONE',  ( -4.487629503678670417, -1.332805218072989906, -7.213381100741846907 ) ) ;
#3602 = ORIENTED_EDGE ( 'NONE', *, *, #3010, .F. ) ;
#3603 = MANIFOLD_SOLID_BREP ( 'Fillet4', #692 ) ;
#3604 = CYLINDRICAL_SURFACE ( 'NONE', #4278, 0.2000000000000000944 ) ;
#3605 = CARTESIAN_POINT ( 'NONE',  ( 5.499999999999949374, 2.205640489774867152, -8.693314250264878140 ) ) ;
#3606 = SURFACE_STYLE_FILL_AREA ( #7241 ) ;
#3607 = UNCERTAINTY_MEASURE_WITH_UNIT (LENGTH_MEASURE( 1.000000000000000082E-05 ), #7484, 'distance_accuracy_value', 'NONE');
#3608 = CARTESIAN_POINT ( 'NONE',  ( -4.500000000000060396, -1.275702287286611281, -7.200000000000000178 ) ) ;
#3609 = CARTESIAN_POINT ( 'NONE',  ( -5.591000000000060588, -5.507928190936763890, -5.887857747749970727 ) ) ;
#3610 = FACE_OUTER_BOUND ( 'NONE', #8353, .T. ) ;
#3611 = DIRECTION ( 'NONE',  ( -1.000000000000000000, -0.000000000000000000, -0.000000000000000000 ) ) ;
#3612 = ORIENTED_EDGE ( 'NONE', *, *, #7971, .T. ) ;
#3613 = EDGE_CURVE ( 'NONE', #1890, #1841, #3200, .T. ) ;
#3614 = ORIENTED_EDGE ( 'NONE', *, *, #3485, .F. ) ;
#3615 = CARTESIAN_POINT ( 'NONE',  ( -5.500000000000060396, -1.275702287286611059, -4.930344445382288221 ) ) ;
#3616 = EDGE_LOOP ( 'NONE', ( #1922, #7135, #716, #5456 ) ) ;
#3617 = CLOSED_SHELL ( 'NONE', ( #307, #8276, #8137, #8620 ) ) ;
#3618 = FACE_OUTER_BOUND ( 'NONE', #3306, .T. ) ;
#3619 = VERTEX_POINT ( 'NONE', #2453 ) ;
#3620 = DIRECTION ( 'NONE',  ( -0.000000000000000000, -1.000000000000000000, 1.167177897768564214E-14 ) ) ;
#3621 = DIRECTION ( 'NONE',  ( 0.000000000000000000, 1.000000000000000000, 0.000000000000000000 ) ) ;
#3622 = FACE_OUTER_BOUND ( 'NONE', #2349, .T. ) ;
#3623 = DIRECTION ( 'NONE',  ( 0.000000000000000000, -1.000000000000000000, 0.000000000000000000 ) ) ;
#3624 = MANIFOLD_SOLID_BREP ( 'Body-Move/Copy6[1]', #3458 ) ;
#3625 = VERTEX_POINT ( 'NONE', #418 ) ;
#3626 = AXIS2_PLACEMENT_3D ( 'NONE', #5336, #6953, #8302 ) ;
#3627 = ORIENTED_EDGE ( 'NONE', *, *, #7619, .F. ) ;
#3628 = CARTESIAN_POINT ( 'NONE',  ( -4.050000237991429053, -2.339157802475679837, 2.772276292613180093 ) ) ;
#3629 = ADVANCED_FACE ( 'NONE', ( #6086 ), #8332, .T. ) ;
#3630 = AXIS2_PLACEMENT_3D ( 'NONE', #9258, #2694, #5618 ) ;
#3631 =( NAMED_UNIT ( * ) SI_UNIT ( $, .STERADIAN. ) SOLID_ANGLE_UNIT ( ) );
#3632 =( NAMED_UNIT ( * ) SI_UNIT ( $, .STERADIAN. ) SOLID_ANGLE_UNIT ( ) );
#3633 = FACE_OUTER_BOUND ( 'NONE', #95, .T. ) ;
#3634 = CARTESIAN_POINT ( 'NONE',  ( 1.340000000000020730, 0.9479456440071087897, 6.897181832996738038 ) ) ;
#3635 = STYLED_ITEM ( 'NONE', ( #7441 ), #5425 ) ;
#3636 = FACE_OUTER_BOUND ( 'NONE', #4194, .T. ) ;
#3637 = EDGE_CURVE ( 'NONE', #4641, #2031, #3984, .T. ) ;
#3638 = DIRECTION ( 'NONE',  ( 0.000000000000000000, 1.153814465479998049E-14, 1.000000000000000000 ) ) ;
#3639 = EDGE_CURVE ( 'NONE', #9299, #4629, #3216, .T. ) ;
#3640 = EDGE_CURVE ( 'NONE', #5976, #1198, #3256, .T. ) ;
#3641 = VECTOR ( 'NONE', #8968, 1000.000000000000000 ) ;
#3642 = ORIENTED_EDGE ( 'NONE', *, *, #8720, .F. ) ;
#3643 = PRESENTATION_STYLE_ASSIGNMENT (( #3700 ) ) ;
#3644 = CARTESIAN_POINT ( 'NONE',  ( 5.599999999999949907, 0.7170932621786819672, -1.750000000000001554 ) ) ;
#3645 = AXIS2_PLACEMENT_3D ( 'NONE', #2589, #7745, #6280 ) ;
#3646 = SURFACE_STYLE_FILL_AREA ( #706 ) ;
#3647 = CARTESIAN_POINT ( 'NONE',  ( -4.050000237991429053, -2.339157802475679837, 7.570146519281761854 ) ) ;
#3648 = LINE ( 'NONE', #6606, #7463 ) ;
#3649 = VECTOR ( 'NONE', #6559, 1000.000000000000000 ) ;
#3650 = SPHERICAL_SURFACE ( 'NONE', #8252, 0.2000000000000000111 ) ;
#3651 = VERTEX_POINT ( 'NONE', #1867 ) ;
#3652 = AXIS2_PLACEMENT_3D ( 'NONE', #4340, #2083, #6343 ) ;
#3653 = DIRECTION ( 'NONE',  ( -0.000000000000000000, 1.000000000000000000, -0.000000000000000000 ) ) ;
#3654 = ORIENTED_EDGE ( 'NONE', *, *, #4959, .F. ) ;
#3655 = APPLICATION_PROTOCOL_DEFINITION ( 'draft international standard', 'automotive_design', 1998, #2024 ) ;
#3656 = CARTESIAN_POINT ( 'NONE',  ( -4.501211749354364855, -1.137024544664035686, -7.145099315564573672 ) ) ;
#3658 = VERTEX_POINT ( 'NONE', #5416 ) ;
#3657 = VECTOR ( 'NONE', #751, 1000.000000000000000 ) ;
#3659 = AXIS2_PLACEMENT_3D ( 'NONE', #7712, #5296, #5348 ) ;
#3660 = DIRECTION ( 'NONE',  ( 0.000000000000000000, 0.000000000000000000, 1.000000000000000000 ) ) ;
#3661 = CARTESIAN_POINT ( 'NONE',  ( 5.499999999999949374, 3.226283217482726950, -0.03980427724469354916 ) ) ;
#3662 = EDGE_CURVE ( 'NONE', #4024, #8155, #6891, .T. ) ;
#3663 = DIRECTION ( 'NONE',  ( -1.000000000000000000, -0.000000000000000000, -0.000000000000000000 ) ) ;
#3664 = COLOUR_RGB ( '',0.6470588235294117974, 0.6196078431372549211, 0.5882352941176470784 ) ;
#3665 = DIRECTION ( 'NONE',  ( -1.000000000000000000, 0.000000000000000000, -0.000000000000000000 ) ) ;
#3666 = AXIS2_PLACEMENT_3D ( 'NONE', #1445, #6703, #5235 ) ;
#3667 = DIRECTION ( 'NONE',  ( 0.000000000000000000, -1.000000000000000000, 0.000000000000000000 ) ) ;
#3668 = B_SPLINE_SURFACE_WITH_KNOTS ( 'NONE', 5, 5, ( 
 ( #6996, #972, #9161, #1692, #5383, #3942, #379, #3178, #6805, #3308, #6234, #4609 ),
 ( #9027, #239, #1106, #4753, #6850, #291, #7670, #6949, #6147, #2600, #5532, #8441 ),
 ( #1879, #4798, #629, #1395, #4841, #4217, #8627, #672, #7193, #9300, #1199, #7895 ),
 ( #1342, #9400, #7855, #1976, #7812, #2066, #4896, #7053, #7098, #1250, #2832, #528 ),
 ( #3601, #6513, #5672, #2112, #4988, #3553, #5041, #2022, #2742, #3454, #7140, #2647 ),
 ( #7953, #5614, #8674, #3503, #4320, #7238, #4942, #5576, #7753, #6467, #8481, #9253 ),
 ( #5756, #486, #4130, #1921, #3411, #6328, #4269, #2688, #8528, #4175, #2790, #6368 ),
 ( #8586, #1295, #573, #6422, #9358, #5713, #7997, #8042, #5091, #3025, #8731, #2214 ),
 ( #5862, #8774, #717, #4414, #2256, #139, #5134, #3847, #6612, #5905, #816, #4460 ),
 ( #858, #1482, #3656, #6568, #8183, #2309, #8915, #7378, #7333, #3, #3794, #5230 ),
 ( #43, #8817, #3710, #8096, #5182, #2929, #2978, #2350, #2168, #5272, #3749, #5999 ),
 ( #1440, #1624, #5811, #3079, #775, #1537, #6652, #88, #4367, #5952, #7281, #8869 ) ),
 .UNSPECIFIED., .F., .F., .F.,
 ( 6, 3, 3, 6 ),
 ( 6, 3, 3, 6 ),
 ( -0.2039380122605308765, -0.04078799518988374118, 0.04078733980752866084, 0.2039380098023534371 ),
 ( -0.2133811007162293161, -0.04267663777304750439, 0.04267594033943769571, 0.2133810965644080127 ),
 .UNSPECIFIED. ) ;
#3669 = CARTESIAN_POINT ( 'NONE',  ( -5.591000000000060588, -6.750000000000033751, -5.887857747749970727 ) ) ;
#3670 = ORIENTED_EDGE ( 'NONE', *, *, #9194, .F. ) ;
#3671 = ORIENTED_EDGE ( 'NONE', *, *, #7091, .T. ) ;
#3672 = DIRECTION ( 'NONE',  ( 0.000000000000000000, 0.000000000000000000, -1.000000000000000000 ) ) ;
#3673 = VECTOR ( 'NONE', #7609, 1000.000000000000000 ) ;
#3674 = EDGE_LOOP ( 'NONE', ( #907, #3857, #2536, #2502, #5913, #1, #9263, #1115, #195, #6011, #6865, #3358, #4665, #3981 ) ) ;
#3675 = VECTOR ( 'NONE', #5740, 1000.000000000000114 ) ;
#3676 = CARTESIAN_POINT ( 'NONE',  ( 299.2999999999999545, -5.884663887553380768, -11.16790584316519208 ) ) ;
#3677 = ORIENTED_EDGE ( 'NONE', *, *, #4337, .F. ) ;
#3678 = ADVANCED_FACE ( 'NONE', ( #2588 ), #2636, .F. ) ;
#3679 = VECTOR ( 'NONE', #2882, 1000.000000000000000 ) ;
#3680 = DIRECTION ( 'NONE',  ( 0.000000000000000000, 0.000000000000000000, 1.000000000000000000 ) ) ;
#3681 = CARTESIAN_POINT ( 'NONE',  ( 8.445227853861291933, 2.192335608083280096, -8.803699682087279044 ) ) ;
#3682 = LINE ( 'NONE', #8834, #736 ) ;
#3683 = CARTESIAN_POINT ( 'NONE',  ( -5.500000000000060396, -1.275702287286611059, -4.930344445382288221 ) ) ;
#3684 = ORIENTED_EDGE ( 'NONE', *, *, #7316, .T. ) ;
#3685 = CIRCLE ( 'NONE', #7945, 2.451402828728284522 ) ;
#3686 = ORIENTED_EDGE ( 'NONE', *, *, #9110, .T. ) ;
#3687 = CIRCLE ( 'NONE', #4891, 2.021221927182350164 ) ;
#3688 = AXIS2_PLACEMENT_3D ( 'NONE', #5490, #7634, #9041 ) ;
#3689 = FACE_OUTER_BOUND ( 'NONE', #8338, .T. ) ;
#3690 = EDGE_CURVE ( 'NONE', #483, #5206, #8587, .T. ) ;
#3691 =( NAMED_UNIT ( * ) PLANE_ANGLE_UNIT ( ) SI_UNIT ( $, .RADIAN. ) );
#3692 = CARTESIAN_POINT ( 'NONE',  ( 5.513849747298078086, 3.243514794400225387, -11.91938996826839414 ) ) ;
#3693 = DIRECTION ( 'NONE',  ( 0.000000000000000000, 0.000000000000000000, 1.000000000000000000 ) ) ;
#3694 = VECTOR ( 'NONE', #7470, 1000.000000000000000 ) ;
#3695 = CARTESIAN_POINT ( 'NONE',  ( -1.602906781438529604, 1.932139300074104726, 6.879999999999999893 ) ) ;
#3696 = CARTESIAN_POINT ( 'NONE',  ( 299.2999999999999545, 3.026389538271987423, -12.00000000000000000 ) ) ;
#3697 = AXIS2_PLACEMENT_3D ( 'NONE', #463, #1856, #3535 ) ;
#3698 = ORIENTED_EDGE ( 'NONE', *, *, #1279, .F. ) ;
#3699 = CARTESIAN_POINT ( 'NONE',  ( 5.499999999999949374, 3.236521918647825125, -3.248107105972416697 ) ) ;
#3700 = SURFACE_STYLE_USAGE ( .BOTH. , #3068 ) ;
#3701 = PRESENTATION_STYLE_ASSIGNMENT (( #763 ) ) ;
#3702 = DIRECTION ( 'NONE',  ( 0.000000000000000000, 0.000000000000000000, -1.000000000000000000 ) ) ;
#3703 = EDGE_CURVE ( 'NONE', #3818, #9156, #6458, .T. ) ;
#3704 = ADVANCED_FACE ( 'NONE', ( #7802 ), #1386, .F. ) ;
#3705 = DIRECTION ( 'NONE',  ( 0.000000000000000000, 0.000000000000000000, 1.000000000000000000 ) ) ;
#3706 = CARTESIAN_POINT ( 'NONE',  ( 3.499999762008580539, -4.226335649230749780, 0.8552204105592605687 ) ) ;
#3707 = ORIENTED_EDGE ( 'NONE', *, *, #6339, .F. ) ;
#3708 = CARTESIAN_POINT ( 'NONE',  ( 3.499999762008580539, -1.926335649230739744, 9.795220410559281277 ) ) ;
#3709 = ORIENTED_EDGE ( 'NONE', *, *, #1784, .T. ) ;
#3710 = CARTESIAN_POINT ( 'NONE',  ( -4.485155628189975374, -1.104394410665070270, -7.145099315564573672 ) ) ;
#3711 = ADVANCED_FACE ( 'NONE', ( #1963 ), #562, .T. ) ;
#3712 = MECHANICAL_DESIGN_GEOMETRIC_PRESENTATION_REPRESENTATION (  '', ( #2317 ), #6144 ) ;
#3713 = FACE_OUTER_BOUND ( 'NONE', #1469, .T. ) ;
#3714 = CARTESIAN_POINT ( 'NONE',  ( 5.599999999999949907, 3.195100562410484013, -8.693314250264890575 ) ) ;
#3715 = CARTESIAN_POINT ( 'NONE',  ( 3.499999762008580539, -4.426335649230740188, 9.075220410559280637 ) ) ;
#3716 = DIRECTION ( 'NONE',  ( -1.000000000000000000, -0.000000000000000000, -0.000000000000000000 ) ) ;
#3717 = ORIENTED_EDGE ( 'NONE', *, *, #2144, .F. ) ;
#3718 = VERTEX_POINT ( 'NONE', #4933 ) ;
#3719 = CARTESIAN_POINT ( 'NONE',  ( 1.499999999999939826, -3.518949692510942029, -7.069655554617711779 ) ) ;
#3720 = EDGE_LOOP ( 'NONE', ( #7280, #1436, #1958, #7813 ) ) ;
#3721 = FACE_OUTER_BOUND ( 'NONE', #2786, .T. ) ;
#3722 = ORIENTED_EDGE ( 'NONE', *, *, #7407, .T. ) ;
#3723 = CARTESIAN_POINT ( 'NONE',  ( 4.372664976581895679, 3.640943135232369343, -4.132719577992327586 ) ) ;
#3724 = CARTESIAN_POINT ( 'NONE',  ( 8.452655277189455418, 2.195936322994006762, -8.808300005668398214 ) ) ;
#3725 = CARTESIAN_POINT ( 'NONE',  ( -2.488008628878230155, -1.571866509722523730, 0.000000000000000000 ) ) ;
#3726 = CYLINDRICAL_SURFACE ( 'NONE', #1789, 0.1999999999999996503 ) ;
#3727 = ORIENTED_EDGE ( 'NONE', *, *, #6291, .T. ) ;
#3728 = EDGE_LOOP ( 'NONE', ( #9414, #4509, #4498, #9218 ) ) ;
#3729 = EDGE_CURVE ( 'NONE', #5514, #2547, #8576, .T. ) ;
#3730 = DIRECTION ( 'NONE',  ( 0.000000000000000000, 0.000000000000000000, 1.000000000000000000 ) ) ;
#3731 = SURFACE_STYLE_USAGE ( .BOTH. , #2003 ) ;
#3732 = CARTESIAN_POINT ( 'NONE',  ( 5.524119305071542030, 3.229969002186682037, -11.90821727441525013 ) ) ;
#3733 = CARTESIAN_POINT ( 'NONE',  ( 1.000000000000000000, 0.6600000000000000311, 7.505220410559251043 ) ) ;
#3734 = FACE_OUTER_BOUND ( 'NONE', #5132, .T. ) ;
#3735 = CARTESIAN_POINT ( 'NONE',  ( -2.478170270984168422, 6.273626543402450295, 5.608574268657101847 ) ) ;
#3736 = EDGE_CURVE ( 'NONE', #7679, #3930, #7847, .T. ) ;
#3737 = CIRCLE ( 'NONE', #8001, 0.1000000000000002554 ) ;
#3738 = ORIENTED_EDGE ( 'NONE', *, *, #7771, .T. ) ;
#3739 = DIRECTION ( 'NONE',  ( 0.000000000000000000, -1.000000000000000000, 0.000000000000000000 ) ) ;
#3740 =( LENGTH_UNIT ( ) NAMED_UNIT ( * ) SI_UNIT ( .MILLI., .METRE. ) );
#3741 = CARTESIAN_POINT ( 'NONE',  ( 1.499999999999939826, -0.9040905573164232933, -4.317469199095388177 ) ) ;
#3742 = CARTESIAN_POINT ( 'NONE',  ( 1.000003601639334772, 0.6795958279079212794, 7.524786643391001562 ) ) ;
#3743 = CARTESIAN_POINT ( 'NONE',  ( 299.2999999999999545, 5.337783869614061594, -6.940161209130924824 ) ) ;
#3744 = EDGE_LOOP ( 'NONE', ( #6958, #3899, #2808, #3455 ) ) ;
#3745 = ORIENTED_EDGE ( 'NONE', *, *, #3282, .F. ) ;
#3746 = CARTESIAN_POINT ( 'NONE',  ( -3.500000237991430119, -3.176335649230749070, 2.295220410559259960 ) ) ;
#3747 = VERTEX_POINT ( 'NONE', #7228 ) ;
#3748 = AXIS2_PLACEMENT_3D ( 'NONE', #6428, #8397, #1838 ) ;
#3749 = CARTESIAN_POINT ( 'NONE',  ( -4.469795543238108237, -1.104394410665070270, -6.820759934706209116 ) ) ;
#3750 = EDGE_CURVE ( 'NONE', #4975, #8672, #1091, .T. ) ;
#3751 = DIRECTION ( 'NONE',  ( 1.000000000000000000, 0.000000000000000000, 0.000000000000000000 ) ) ;
#3752 = PLANE ( 'NONE',  #3819 ) ;
#3753 = LINE ( 'NONE', #1627, #4689 ) ;
#3754 = DIRECTION ( 'NONE',  ( -1.000000000000000000, -0.000000000000000000, -0.000000000000000000 ) ) ;
#3755 = DIRECTION ( 'NONE',  ( 0.000000000000000000, 0.000000000000000000, -1.000000000000000000 ) ) ;
#3756 = CARTESIAN_POINT ( 'NONE',  ( -1.000000000000000000, 0.6600000000000000311, 7.505220410559251043 ) ) ;
#3757 = ORIENTED_EDGE ( 'NONE', *, *, #2044, .F. ) ;
#3758 = EDGE_CURVE ( 'NONE', #6018, #5958, #3498, .T. ) ;
#3759 = ORIENTED_EDGE ( 'NONE', *, *, #4179, .F. ) ;
#3760 = ORIENTED_EDGE ( 'NONE', *, *, #2689, .F. ) ;
#3761 =( BOUNDED_CURVE ( )  B_SPLINE_CURVE ( 3, ( #6830, #1000, #5994, #1718 ),
 .UNSPECIFIED., .F., .F. ) 
 B_SPLINE_CURVE_WITH_KNOTS ( ( 4, 4 ),
 ( 3.141592653589793116, 4.712388980384689674 ),
 .UNSPECIFIED. ) 
 CURVE ( )  GEOMETRIC_REPRESENTATION_ITEM ( )  RATIONAL_B_SPLINE_CURVE ( ( 1.000000000000000000, 0.8047378541243649375, 0.8047378541243649375, 1.000000000000000000 ) ) 
 REPRESENTATION_ITEM ( '' )  );
#3762 = DIRECTION ( 'NONE',  ( 0.000000000000000000, 0.000000000000000000, -1.000000000000000000 ) ) ;
#3763 = EDGE_CURVE ( 'NONE', #4641, #8152, #7054, .T. ) ;
#3764 = VERTEX_POINT ( 'NONE', #9348 ) ;
#3765 = CARTESIAN_POINT ( 'NONE',  ( 8.399999999999948841, 3.195100562410515543, -0.1245757293229024509 ) ) ;
#3766 = CARTESIAN_POINT ( 'NONE',  ( 4.049999762008570592, -1.926335649230739966, 0.2999999999999999334 ) ) ;
#3767 = DIRECTION ( 'NONE',  ( -0.000000000000000000, 1.000000000000000000, -1.221676898501524622E-16 ) ) ;
#3768 = FILL_AREA_STYLE ('',( #2996 ) ) ;
#3769 = MANIFOLD_SOLID_BREP ( 'Fillet2', #5444 ) ;
#3770 = VERTEX_POINT ( 'NONE', #6031 ) ;
#3771 = VERTEX_POINT ( 'NONE', #5852 ) ;
#3772 = LINE ( 'NONE', #5977, #8867 ) ;
#3773 = CARTESIAN_POINT ( 'NONE',  ( 1.499999999999939826, -1.275702287286611059, -8.812902959842043416 ) ) ;
#3774 = CARTESIAN_POINT ( 'NONE',  ( 5.509898721203244421, 3.251721309775130297, -11.92372770908263213 ) ) ;
#3775 = ADVANCED_FACE ( 'NONE', ( #2920 ), #1241, .F. ) ;
#3776 = CARTESIAN_POINT ( 'NONE',  ( 1.340000000000000080, 0.7376963548946630089, 7.205197403704520553 ) ) ;
#3777 = CARTESIAN_POINT ( 'NONE',  ( 1.000003601639334772, 0.6795958279079212794, 7.524786643391001562 ) ) ;
#3778 = MANIFOLD_SOLID_BREP ( 'Body-Move/Copy6[2]', #1307 ) ;
#3779 = AXIS2_PLACEMENT_3D ( 'NONE', #2118, #5955, #2884 ) ;
#3780 = ORIENTED_EDGE ( 'NONE', *, *, #5216, .F. ) ;
#3781 = CARTESIAN_POINT ( 'NONE',  ( -2.534983887501661037, 6.265387365725998414, 5.665387885177611160 ) ) ;
#3782 = CARTESIAN_POINT ( 'NONE',  ( -2.605360963066506663, 6.243742306249765228, 5.715960806242348369 ) ) ;
#3783 = LINE ( 'NONE', #6740, #8127 ) ;
#3784 = EDGE_CURVE ( 'NONE', #7874, #1263, #4461, .T. ) ;
#3785 = CARTESIAN_POINT ( 'NONE',  ( 3.499999762008580539, -4.426335649230740188, 9.595220410559280211 ) ) ;
#3786 = CARTESIAN_POINT ( 'NONE',  ( 299.2999999999999545, 3.348340558649291587, -4.132719577992287618 ) ) ;
#3787 = CARTESIAN_POINT ( 'NONE',  ( -5.500000000000060396, -1.275702287286611059, -4.930344445382288221 ) ) ;
#3788 = DIRECTION ( 'NONE',  ( 0.000000000000000000, -0.000000000000000000, 1.000000000000000000 ) ) ;
#3789 = ORIENTED_EDGE ( 'NONE', *, *, #6660, .F. ) ;
#3790 = AXIS2_PLACEMENT_3D ( 'NONE', #6811, #3233, #2468 ) ;
#3791 = CARTESIAN_POINT ( 'NONE',  ( -4.470706074867219826, -1.449366130634641259, -4.823935552875244781 ) ) ;
#3792 = ORIENTED_EDGE ( 'NONE', *, *, #6445, .T. ) ;
#3793 = STYLED_ITEM ( 'NONE', ( #8807 ), #696 ) ;
#3794 = CARTESIAN_POINT ( 'NONE',  ( -4.483624379299630647, -1.137024544664035686, -6.820759934706209116 ) ) ;
#3795 = CARTESIAN_POINT ( 'NONE',  ( 4.249999762008569881, -1.726335649230739788, 2.972276292613179827 ) ) ;
#3796 = CARTESIAN_POINT ( 'NONE',  ( -4.509000241898469596, -2.339157802475679837, 11.73357426865710273 ) ) ;
#3797 = AXIS2_PLACEMENT_3D ( 'NONE', #9000, #2719, #5700 ) ;
#3798 = AXIS2_PLACEMENT_3D ( 'NONE', #48, #3667, #7962 ) ;
#3799 = CARTESIAN_POINT ( 'NONE',  ( -1.340000000000000080, 1.000000000000000000, 18.91092414158229928 ) ) ;
#3800 = CARTESIAN_POINT ( 'NONE',  ( -1.000000000000000000, 0.6600000000000000311, 7.505220410559251043 ) ) ;
#3801 = VERTEX_POINT ( 'NONE', #5221 ) ;
#3802 = VECTOR ( 'NONE', #8116, 1000.000000000000000 ) ;
#3803 = ORIENTED_EDGE ( 'NONE', *, *, #4091, .T. ) ;
#3804 = SURFACE_STYLE_USAGE ( .BOTH. , #870 ) ;
#3805 = ORIENTED_EDGE ( 'NONE', *, *, #7935, .F. ) ;
#3806 = DIRECTION ( 'NONE',  ( -0.000000000000000000, 0.000000000000000000, 1.000000000000000000 ) ) ;
#3807 = ORIENTED_EDGE ( 'NONE', *, *, #3321, .T. ) ;
#3808 = VECTOR ( 'NONE', #8759, 1000.000000000000114 ) ;
#3809 = VECTOR ( 'NONE', #2439, 1000.000000000000000 ) ;
#3810 = LINE ( 'NONE', #7253, #8966 ) ;
#3811 = CARTESIAN_POINT ( 'NONE',  ( -4.050000237991429053, -2.408745645934470492, 10.60857426865710096 ) ) ;
#3812 = CARTESIAN_POINT ( 'NONE',  ( -5.591000000000068582, 5.076540080366747532, -4.132719577992287618 ) ) ;
#3813 = CIRCLE ( 'NONE', #2127, 2.940962153935816392 ) ;
#3814 = MANIFOLD_SOLID_BREP ( 'Body-Move/Copy6[4]', #2844 ) ;
#3815 = ORIENTED_EDGE ( 'NONE', *, *, #3475, .F. ) ;
#3816 = EDGE_CURVE ( 'NONE', #8107, #3771, #901, .T. ) ;
#3817 = EDGE_CURVE ( 'NONE', #1574, #302, #3783, .T. ) ;
#3818 = VERTEX_POINT ( 'NONE', #7272 ) ;
#3819 = AXIS2_PLACEMENT_3D ( 'NONE', #3796, #8819, #2258 ) ;
#3820 =( BOUNDED_CURVE ( )  B_SPLINE_CURVE ( 3, ( #5692, #5007, #7919, #7116 ),
 .UNSPECIFIED., .F., .T. ) 
 B_SPLINE_CURVE_WITH_KNOTS ( ( 4, 4 ),
 ( 3.141592653589789119, 4.712388980384689674 ),
 .UNSPECIFIED. ) 
 CURVE ( )  GEOMETRIC_REPRESENTATION_ITEM ( )  RATIONAL_B_SPLINE_CURVE ( ( 1.000000000000000000, 0.8047378541243640493, 0.8047378541243640493, 1.000000000000000000 ) ) 
 REPRESENTATION_ITEM ( '' )  );
#3821 = AXIS2_PLACEMENT_3D ( 'NONE', #2720, #8465, #6976 ) ;
#3822 = ORIENTED_EDGE ( 'NONE', *, *, #6604, .T. ) ;
#3823 = DIRECTION ( 'NONE',  ( -0.000000000000000000, -0.000000000000000000, 1.000000000000000000 ) ) ;
#3824 = AXIS2_PLACEMENT_3D ( 'NONE', #3887, #3120, #5370 ) ;
#3825 = CARTESIAN_POINT ( 'NONE',  ( 5.499999999999949374, 0.7170932621786106909, -12.00000000000008882 ) ) ;
#3826 = LINE ( 'NONE', #6634, #9228 ) ;
#3827 = AXIS2_PLACEMENT_3D ( 'NONE', #6895, #374, #3937 ) ;
#3828 = CARTESIAN_POINT ( 'NONE',  ( 1.000000000000000000, 1.340049406695259959, 7.424802541892311147 ) ) ;
#3829 = CYLINDRICAL_SURFACE ( 'NONE', #6704, 0.2000000000000000944 ) ;
#3830 = AXIS2_PLACEMENT_3D ( 'NONE', #8818, #6613, #4545 ) ;
#3831 = AXIS2_PLACEMENT_3D ( 'NONE', #8823, #2358, #6657 ) ;
#3832 = EDGE_CURVE ( 'NONE', #866, #5006, #8854, .T. ) ;
#3833 = ORIENTED_EDGE ( 'NONE', *, *, #4519, .T. ) ;
#3834 = DIRECTION ( 'NONE',  ( 0.000000000000000000, 1.000000000000000000, 0.000000000000000000 ) ) ;
#3835 = CIRCLE ( 'NONE', #458, 2.243247405224330748 ) ;
#3836 = AXIS2_PLACEMENT_3D ( 'NONE', #4490, #6601, #5167 ) ;
#3837 = CARTESIAN_POINT ( 'NONE',  ( -2.682968308025749593, 6.216740569011117046, 5.749958910318611949 ) ) ;
#3838 = DIRECTION ( 'NONE',  ( 0.000000000000000000, 0.000000000000000000, -1.000000000000000000 ) ) ;
#3839 = CARTESIAN_POINT ( 'NONE',  ( 299.2999999999999545, 3.348340558649291587, -4.132719577992287618 ) ) ;
#3840 = SURFACE_STYLE_USAGE ( .BOTH. , #6077 ) ;
#3841 = DIRECTION ( 'NONE',  ( 1.000000000000000000, -0.000000000000000000, -0.000000000000000000 ) ) ;
#3842 = ORIENTED_EDGE ( 'NONE', *, *, #7659, .T. ) ;
#3843 = AXIS2_PLACEMENT_3D ( 'NONE', #3285, #3916, #6823 ) ;
#3844 = EDGE_CURVE ( 'NONE', #4336, #5485, #7368, .T. ) ;
#3845 = DIRECTION ( 'NONE',  ( 1.000000000000000000, 0.000000000000000000, 0.000000000000000000 ) ) ;
#3846 = VERTEX_POINT ( 'NONE', #846 ) ;
#3847 = CARTESIAN_POINT ( 'NONE',  ( -4.559087215981915797, -1.169654678663000213, -6.940253544063686775 ) ) ;
#3848 = CARTESIAN_POINT ( 'NONE',  ( -1.291220744957354002E-06, 0.04785494356564238411, 8.856534637527310849 ) ) ;
#3849 = CARTESIAN_POINT ( 'NONE',  ( -2.488008628878240369, -1.926335649230742186, 8.856534637527344600 ) ) ;
#3850 = CARTESIAN_POINT ( 'NONE',  ( 1.099154851397560639, -1.926335649230776825, 6.879999999999999893 ) ) ;
#3851 = DIRECTION ( 'NONE',  ( 0.000000000000000000, -1.673575304458053374E-16, -1.000000000000000000 ) ) ;
#3852 = ORIENTED_EDGE ( 'NONE', *, *, #3542, .T. ) ;
#3853 = ORIENTED_EDGE ( 'NONE', *, *, #4034, .T. ) ;
#3854 = EDGE_LOOP ( 'NONE', ( #2088, #7708, #4015, #8914 ) ) ;
#3855 = ADVANCED_FACE ( 'NONE', ( #3113 ), #4533, .F. ) ;
#3856 = CARTESIAN_POINT ( 'NONE',  ( -4.543336346893208422, -1.267432240380767183, -5.140149845470044276 ) ) ;
#3857 = ORIENTED_EDGE ( 'NONE', *, *, #7821, .T. ) ;
#3858 = CARTESIAN_POINT ( 'NONE',  ( 8.499999999999948486, 3.195100562410515543, -3.206685749735108004 ) ) ;
#3859 = ORIENTED_EDGE ( 'NONE', *, *, #6788, .T. ) ;
#3860 = CARTESIAN_POINT ( 'NONE',  ( -4.500107496327561130, -1.327856625024249393, -6.799999999999993605 ) ) ;
#3861 = CARTESIAN_POINT ( 'NONE',  ( 4.060129474301033881, -1.736465361523203743, 0.008564706381039377189 ) ) ;
#3862 = DIRECTION ( 'NONE',  ( 0.000000000000000000, -1.000000000000000000, 0.000000000000000000 ) ) ;
#3863 = CARTESIAN_POINT ( 'NONE',  ( -0.7477005242537169138, 2.420857981308560447, 8.856534637527339271 ) ) ;
#3864 = ORIENTED_EDGE ( 'NONE', *, *, #2243, .T. ) ;
#3865 = ORIENTED_EDGE ( 'NONE', *, *, #5625, .F. ) ;
#3866 = EDGE_LOOP ( 'NONE', ( #8585, #3388, #2191, #6156 ) ) ;
#3867 = DIRECTION ( 'NONE',  ( 0.000000000000000000, -1.000000000000000000, 0.000000000000000000 ) ) ;
#3868 = EDGE_CURVE ( 'NONE', #1548, #7976, #6974, .T. ) ;
#3869 = DIRECTION ( 'NONE',  ( 0.000000000000000000, 1.000000000000000000, 0.000000000000000000 ) ) ;
#3870 = ADVANCED_FACE ( 'NONE', ( #3154 ), #262, .T. ) ;
#3871 = DIRECTION ( 'NONE',  ( 3.289661041519070103E-07, -0.9999999999999459321, -2.802596928649633831E-45 ) ) ;
#3872 = DIRECTION ( 'NONE',  ( 0.000000000000000000, -1.000000000000000000, 0.000000000000000000 ) ) ;
#3873 = CARTESIAN_POINT ( 'NONE',  ( -2.986120869726938132, 5.337783869614061594, -5.059838790869076064 ) ) ;
#3874 = AXIS2_PLACEMENT_3D ( 'NONE', #7031, #552, #4155 ) ;
#3875 = EDGE_CURVE ( 'NONE', #1647, #7214, #8279, .T. ) ;
#3876 = VERTEX_POINT ( 'NONE', #5304 ) ;
#3877 = DIRECTION ( 'NONE',  ( -1.000000000000000000, -0.000000000000000000, -0.000000000000000000 ) ) ;
#3878 = ADVANCED_FACE ( 'NONE', ( #4632 ), #3205, .T. ) ;
#3879 = LINE ( 'NONE', #994, #3066 ) ;
#3880 = DIRECTION ( 'NONE',  ( 1.000000000000000000, 0.000000000000000000, -0.000000000000000000 ) ) ;
#3881 = CARTESIAN_POINT ( 'NONE',  ( -4.500000237991419461, 6.273626543402450295, 10.60857426865710096 ) ) ;
#3882 = PLANE ( 'NONE',  #5489 ) ;
#3883 = DIRECTION ( 'NONE',  ( 1.000000000000000000, 0.000000000000000000, 0.000000000000000000 ) ) ;
#3884 = ORIENTED_EDGE ( 'NONE', *, *, #6645, .F. ) ;
#3885 = ORIENTED_EDGE ( 'NONE', *, *, #7821, .F. ) ;
#3886 = AXIS2_PLACEMENT_3D ( 'NONE', #1893, #8692, #7351 ) ;
#3887 = CARTESIAN_POINT ( 'NONE',  ( -2.986120869726993643, 308.1483405586492950, -7.867280422007712382 ) ) ;
#3888 = EDGE_LOOP ( 'NONE', ( #5380, #3022, #6757, #6037 ) ) ;
#3889 = CARTESIAN_POINT ( 'NONE',  ( 5.499999999999949374, -6.750000000000033751, 0.000000000000000000 ) ) ;
#3890 = DIRECTION ( 'NONE',  ( -1.000000000000000000, 0.000000000000000000, 0.000000000000000000 ) ) ;
#3891 = CARTESIAN_POINT ( 'NONE',  ( 5.499999999999949374, 3.179930804365441510, -11.97542427067908299 ) ) ;
#3892 = EDGE_CURVE ( 'NONE', #3764, #3517, #3335, .T. ) ;
#3893 = LINE ( 'NONE', #3084, #3641 ) ;
#3894 = DIRECTION ( 'NONE',  ( 0.000000000000000000, 0.000000000000000000, -1.000000000000000000 ) ) ;
#3895 = ORIENTED_EDGE ( 'NONE', *, *, #1918, .F. ) ;
#3896 = ORIENTED_EDGE ( 'NONE', *, *, #1161, .T. ) ;
#3897 = VECTOR ( 'NONE', #5992, 1000.000000000000000 ) ;
#3898 = CARTESIAN_POINT ( 'NONE',  ( -4.565831270265748643, -1.267432240380767183, -5.107045163196775484 ) ) ;
#3899 = ORIENTED_EDGE ( 'NONE', *, *, #6875, .T. ) ;
#3900 = ORIENTED_EDGE ( 'NONE', *, *, #4713, .T. ) ;
#3901 = CARTESIAN_POINT ( 'NONE',  ( -4.500148204268158203, -1.475691330295745507, -7.052278510353849228 ) ) ;
#3902 = CARTESIAN_POINT ( 'NONE',  ( -0.9999999958049915483, 0.8367118347829809455, 6.880000000000001670 ) ) ;
#3903 = DIRECTION ( 'NONE',  ( -1.000000000000000000, -0.000000000000000000, -0.000000000000000000 ) ) ;
#3904 = ADVANCED_FACE ( 'NONE', ( #1084 ), #7692, .T. ) ;
#3905 = PLANE ( 'NONE',  #3020 ) ;
#3906 = VERTEX_POINT ( 'NONE', #9092 ) ;
#3907 = VERTEX_POINT ( 'NONE', #6924 ) ;
#3908 = ORIENTED_EDGE ( 'NONE', *, *, #9080, .F. ) ;
#3909 = CARTESIAN_POINT ( 'NONE',  ( 5.569154579290945151, 2.185183351225037818, -3.210891773676542105 ) ) ;
#3910 = CARTESIAN_POINT ( 'NONE',  ( 4.146176642300434700, 6.169803423694314226, 0.05900991493612311317 ) ) ;
#3911 = CARTESIAN_POINT ( 'NONE',  ( 2.566149105957077570, 6.256153942816365721, 5.696553103629395487 ) ) ;
#3912 = SURFACE_STYLE_FILL_AREA ( #6120 ) ;
#3913 = DIRECTION ( 'NONE',  ( 0.000000000000000000, 1.000000000000000000, 0.000000000000000000 ) ) ;
#3914 = EDGE_CURVE ( 'NONE', #9353, #7749, #802, .T. ) ;
#3915 = ORIENTED_EDGE ( 'NONE', *, *, #5244, .F. ) ;
#3916 = DIRECTION ( 'NONE',  ( 0.000000000000000000, 1.000000000000000000, 0.000000000000000000 ) ) ;
#3917 = CARTESIAN_POINT ( 'NONE',  ( -5.400000000000059863, 0.9675451179377199118, -7.069655554617711779 ) ) ;
#3918 = CARTESIAN_POINT ( 'NONE',  ( 299.2999999999999545, 3.334171825948719636, -11.89182037605420561 ) ) ;
#3919 = ADVANCED_FACE ( 'NONE', ( #4591 ), #5458, .T. ) ;
#3920 = CARTESIAN_POINT ( 'NONE',  ( -4.050000237991429053, 6.273626543402450295, -3.552713678800499352E-15 ) ) ;
#3921 = LINE ( 'NONE', #4634, #4418 ) ;
#3922 = LINE ( 'NONE', #3117, #4865 ) ;
#3923 = CARTESIAN_POINT ( 'NONE',  ( -2.516508722435022882, 6.270861064318351552, 10.64691272010795586 ) ) ;
#3924 = EDGE_LOOP ( 'NONE', ( #7669, #6600, #3727, #1066 ) ) ;
#3925 = EDGE_LOOP ( 'NONE', ( #1887, #3091, #2585, #1930 ) ) ;
#3926 = VECTOR ( 'NONE', #7001, 1000.000000000000000 ) ;
#3927 = EDGE_CURVE ( 'NONE', #3243, #1210, #331, .T. ) ;
#3928 = EDGE_CURVE ( 'NONE', #4008, #8449, #7928, .T. ) ;
#3929 = CARTESIAN_POINT ( 'NONE',  ( 4.049999762008570592, 6.073626543402451006, 5.608574268657101847 ) ) ;
#3930 = VERTEX_POINT ( 'NONE', #1175 ) ;
#3931 = PLANE ( 'NONE',  #4589 ) ;
#3932 = CARTESIAN_POINT ( 'NONE',  ( -5.500000000000060396, 6.749999999999978684, -12.00000000000000000 ) ) ;
#3933 =( GEOMETRIC_REPRESENTATION_CONTEXT ( 3 ) GLOBAL_UNCERTAINTY_ASSIGNED_CONTEXT ( ( #5522 ) ) GLOBAL_UNIT_ASSIGNED_CONTEXT ( ( #2173, #2935, #1444 ) ) REPRESENTATION_CONTEXT ( 'NONE', 'WORKASPACE' ) );
#3934 = DIRECTION ( 'NONE',  ( 1.000000000000000000, 0.000000000000000000, 0.000000000000000000 ) ) ;
#3935 = FACE_OUTER_BOUND ( 'NONE', #2799, .T. ) ;
#3936 = MECHANICAL_DESIGN_GEOMETRIC_PRESENTATION_REPRESENTATION (  '', ( #7739 ), #875 ) ;
#3937 = DIRECTION ( 'NONE',  ( 0.000000000000000000, 0.000000000000000000, 1.000000000000000000 ) ) ;
#3938 = ORIENTED_EDGE ( 'NONE', *, *, #7436, .F. ) ;
#3939 = CARTESIAN_POINT ( 'NONE',  ( -4.492425005898176060, -1.068959574631857645, -5.057255846633124108 ) ) ;
#3940 = ORIENTED_EDGE ( 'NONE', *, *, #8735, .T. ) ;
#3941 = EDGE_CURVE ( 'NONE', #5153, #7632, #2816, .T. ) ;
#3942 = CARTESIAN_POINT ( 'NONE',  ( -4.498009571634201009, -1.479640298728989389, -7.008535606553673247 ) ) ;
#3944 = ORIENTED_EDGE ( 'NONE', *, *, #6273, .F. ) ;
#3943 = VECTOR ( 'NONE', #9234, 1000.000000000000000 ) ;
#3945 = PRESENTATION_LAYER_ASSIGNMENT (  '', '', ( #7909 ) ) ;
#3946 = DIRECTION ( 'NONE',  ( -1.000000000000000000, 0.000000000000000000, 0.000000000000000000 ) ) ;
#3947 = CARTESIAN_POINT ( 'NONE',  ( 5.599999999999949907, 0.8170932621786820560, -1.750000000000001554 ) ) ;
#3948 = CARTESIAN_POINT ( 'NONE',  ( -4.500102040126270353, -1.327861615709911680, -5.200000000000003730 ) ) ;
#3949 = LINE ( 'NONE', #6857, #4711 ) ;
#3950 = AXIS2_PLACEMENT_3D ( 'NONE', #4768, #4668, #1849 ) ;
#3951 = DIRECTION ( 'NONE',  ( 0.000000000000000000, 0.000000000000000000, 1.000000000000000000 ) ) ;
#3952 = ORIENTED_EDGE ( 'NONE', *, *, #9309, .T. ) ;
#3953 = ORIENTED_EDGE ( 'NONE', *, *, #7205, .T. ) ;
#3954 = CIRCLE ( 'NONE', #7756, 0.1999999999999996503 ) ;
#3955 = ORIENTED_EDGE ( 'NONE', *, *, #1946, .F. ) ;
#3956 = AXIS2_PLACEMENT_3D ( 'NONE', #1206, #4084, #7717 ) ;
#3957 = EDGE_CURVE ( 'NONE', #8524, #6762, #6986, .T. ) ;
#3958 = CARTESIAN_POINT ( 'NONE',  ( -3.235098673953480386, -1.271866509722523686, 0.000000000000000000 ) ) ;
#3959 = AXIS2_PLACEMENT_3D ( 'NONE', #7505, #3368, #6022 ) ;
#3960 = DIRECTION ( 'NONE',  ( 1.263363196590860111E-14, 7.781918488440871168E-15, -1.000000000000000000 ) ) ;
#3961 = CARTESIAN_POINT ( 'NONE',  ( 1.000000000000002665, 0.9999999999999974465, 7.505220410559249267 ) ) ;
#3962 = CIRCLE ( 'NONE', #7165, 2.021221927182350164 ) ;
#3963 = CARTESIAN_POINT ( 'NONE',  ( 0.6966428527726634679, 0.6999999999999997335, 7.382695874538766745 ) ) ;
#3964 = AXIS2_PLACEMENT_3D ( 'NONE', #1585, #1543, #2311 ) ;
#3965 = COLOUR_RGB ( '',0.6470588235294117974, 0.5176470588235293491, 0.000000000000000000 ) ;
#3966 = EDGE_CURVE ( 'NONE', #1909, #3818, #2717, .T. ) ;
#3967 = AXIS2_PLACEMENT_3D ( 'NONE', #1443, #9304, #4945 ) ;
#3968 = ORIENTED_EDGE ( 'NONE', *, *, #6614, .T. ) ;
#3969 = AXIS2_PLACEMENT_3D ( 'NONE', #2094, #700, #5018 ) ;
#3970 = CARTESIAN_POINT ( 'NONE',  ( -4.500000237991419461, 5.973626543402450473, 0.000000000000000000 ) ) ;
#3971 = DIRECTION ( 'NONE',  ( -1.000000000000000000, -0.000000000000000000, -0.000000000000000000 ) ) ;
#3972 = CARTESIAN_POINT ( 'NONE',  ( -0.6600000000000295630, 0.6949738193473875558, 7.545223478139784667 ) ) ;
#3973 = CIRCLE ( 'NONE', #7793, 0.5199999999999997957 ) ;
#3974 = DIRECTION ( 'NONE',  ( -1.000000000000000000, -0.000000000000000000, -0.000000000000000000 ) ) ;
#3975 = CARTESIAN_POINT ( 'NONE',  ( -5.400000000000059863, -1.275702287286611059, -2.787097040157957117 ) ) ;
#3976 = ORIENTED_EDGE ( 'NONE', *, *, #4068, .T. ) ;
#3977 = VECTOR ( 'NONE', #4421, 1000.000000000000000 ) ;
#3978 = CIRCLE ( 'NONE', #921, 2.940962153935816392 ) ;
#3979 = DIRECTION ( 'NONE',  ( 1.000000000000000000, 0.000000000000000000, 0.000000000000000000 ) ) ;
#3980 =( GEOMETRIC_REPRESENTATION_CONTEXT ( 3 ) GLOBAL_UNCERTAINTY_ASSIGNED_CONTEXT ( ( #232 ) ) GLOBAL_UNIT_ASSIGNED_CONTEXT ( ( #1778, #1014, #1832 ) ) REPRESENTATION_CONTEXT ( 'NONE', 'WORKASPACE' ) );
#3981 = ORIENTED_EDGE ( 'NONE', *, *, #1897, .T. ) ;
#3982 = CARTESIAN_POINT ( 'NONE',  ( 1.499999999999939826, -1.468035014617238732, -1.541199953753203955 ) ) ;
#3983 = LINE ( 'NONE', #4600, #760 ) ;
#3984 = LINE ( 'NONE', #7744, #3673 ) ;
#3985 = EDGE_CURVE ( 'NONE', #5777, #1131, #1723, .T. ) ;
#3986 = CARTESIAN_POINT ( 'NONE',  ( 299.2999999999999545, 3.334171825948719636, -0.1081796239457946257 ) ) ;
#3987 = UNCERTAINTY_MEASURE_WITH_UNIT (LENGTH_MEASURE( 1.000000000000000082E-05 ), #7206, 'distance_accuracy_value', 'NONE');
#3988 = EDGE_CURVE ( 'NONE', #1639, #4062, #8610, .T. ) ;
#3989 = PLANE ( 'NONE',  #8546 ) ;
#3990 = VECTOR ( 'NONE', #551, 1000.000000000000000 ) ;
#3991 = CARTESIAN_POINT ( 'NONE',  ( 4.249999762008568993, -2.256315090001060675, 10.72573155618248286 ) ) ;
#3992 = PRESENTATION_LAYER_ASSIGNMENT (  '', '', ( #7481 ) ) ;
#3993 = CARTESIAN_POINT ( 'NONE',  ( 1.602906781438529604, 1.932139300074104726, 0.2999999999999999334 ) ) ;
#3994 = ORIENTED_EDGE ( 'NONE', *, *, #5897, .F. ) ;
#3995 = EDGE_CURVE ( 'NONE', #2328, #354, #8761, .T. ) ;
#3996 = CARTESIAN_POINT ( 'NONE',  ( -4.441031639928699981, -1.482445019771716499, -5.206359210016578309 ) ) ;
#3997 = ORIENTED_EDGE ( 'NONE', *, *, #6300, .F. ) ;
#3998 = SURFACE_STYLE_FILL_AREA ( #3364 ) ;
#3999 = ORIENTED_EDGE ( 'NONE', *, *, #4503, .F. ) ;
#4000 = FACE_OUTER_BOUND ( 'NONE', #2141, .T. ) ;
#4001 = DIRECTION ( 'NONE',  ( -1.000000000000000000, -0.000000000000000000, -0.000000000000000000 ) ) ;
#4002 = ADVANCED_FACE ( 'NONE', ( #5647 ), #1232, .F. ) ;
#4003 = CARTESIAN_POINT ( 'NONE',  ( -1.041751851128617457, 0.8245882529194262789, 6.880000000000001670 ) ) ;
#4004 = DIRECTION ( 'NONE',  ( -1.000000000000000000, -0.000000000000000000, 0.000000000000000000 ) ) ;
#4005 = CYLINDRICAL_SURFACE ( 'NONE', #8839, 0.1999999999999996503 ) ;
#4006 = ORIENTED_EDGE ( 'NONE', *, *, #6258, .T. ) ;
#4007 = ORIENTED_EDGE ( 'NONE', *, *, #4227, .F. ) ;
#4008 = VERTEX_POINT ( 'NONE', #9382 ) ;
#4009 = DIRECTION ( 'NONE',  ( 1.000000000000000000, 0.000000000000000000, 0.000000000000000000 ) ) ;
#4010 = PLANE ( 'NONE',  #6019 ) ;
#4011 = DIRECTION ( 'NONE',  ( 0.000000000000000000, -1.000000000000000000, 0.000000000000000000 ) ) ;
#4012 = DIRECTION ( 'NONE',  ( 0.000000000000000000, -0.7483469392281398846, 0.6633075143158524423 ) ) ;
#4013 = DIRECTION ( 'NONE',  ( -1.000000000000000000, 0.000000000000000000, 0.000000000000000000 ) ) ;
#4014 = EDGE_CURVE ( 'NONE', #7433, #9156, #1375, .T. ) ;
#4015 = ORIENTED_EDGE ( 'NONE', *, *, #7601, .T. ) ;
#4016 = CARTESIAN_POINT ( 'NONE',  ( 5.499999999999949374, 2.205640489774899127, -3.306685749735108093 ) ) ;
#4017 = CARTESIAN_POINT ( 'NONE',  ( 5.499999999999949374, -5.585694816515836436, -11.42200894008649215 ) ) ;
#4018 = DIRECTION ( 'NONE',  ( -0.000000000000000000, -0.000000000000000000, -1.000000000000000000 ) ) ;
#4019 = DIRECTION ( 'NONE',  ( 0.000000000000000000, 0.000000000000000000, -1.000000000000000000 ) ) ;
#4020 = PLANE ( 'NONE',  #1514 ) ;
#4021 = ADVANCED_FACE ( 'NONE', ( #5738 ), #508, .T. ) ;
#4022 = LINE ( 'NONE', #2766, #5020 ) ;
#4023 = CARTESIAN_POINT ( 'NONE',  ( -5.500000000000060396, -1.275702287286611059, -7.069655554617711779 ) ) ;
#4024 = VERTEX_POINT ( 'NONE', #6494 ) ;
#4025 = DIRECTION ( 'NONE',  ( 0.000000000000000000, 0.000000000000000000, -1.000000000000000000 ) ) ;
#4026 = ORIENTED_EDGE ( 'NONE', *, *, #6506, .T. ) ;
#4027 = FACE_OUTER_BOUND ( 'NONE', #7259, .T. ) ;
#4028 = CARTESIAN_POINT ( 'NONE',  ( 3.499999762008581428, -4.226335649230749780, 1.575220410559260875 ) ) ;
#4029 = CARTESIAN_POINT ( 'NONE',  ( 5.599877715494955055, 3.195100562410515543, -0.1245757293229024509 ) ) ;
#4030 = DIRECTION ( 'NONE',  ( 0.000000000000000000, -1.000000000000000000, -0.000000000000000000 ) ) ;
#4031 = CYLINDRICAL_SURFACE ( 'NONE', #8065, 0.2000000000000005107 ) ;
#4032 = DIRECTION ( 'NONE',  ( -6.023345402697244007E-16, 0.000000000000000000, -1.000000000000000000 ) ) ;
#4033 = EDGE_LOOP ( 'NONE', ( #6671, #8324, #205, #7905 ) ) ;
#4034 = EDGE_CURVE ( 'NONE', #5249, #5847, #4243, .T. ) ;
#4035 =( NAMED_UNIT ( * ) PLANE_ANGLE_UNIT ( ) SI_UNIT ( $, .RADIAN. ) );
#4036 = ORIENTED_EDGE ( 'NONE', *, *, #8395, .T. ) ;
#4037 = CARTESIAN_POINT ( 'NONE',  ( -0.9007825894618839424, 0.7312513696011307962, 6.879999999999999005 ) ) ;
#4038 = ORIENTED_EDGE ( 'NONE', *, *, #3116, .F. ) ;
#4039 = LINE ( 'NONE', #2603, #6250 ) ;
#4040 = LINE ( 'NONE', #1018, #5447 ) ;
#4041 = CARTESIAN_POINT ( 'NONE',  ( 2.566334058772842042, 6.256099146230609698, 10.69673805644710818 ) ) ;
#4042 = CARTESIAN_POINT ( 'NONE',  ( -4.250000237991429231, 4.337590152354478867, 10.60857426865710096 ) ) ;
#4043 = EDGE_CURVE ( 'NONE', #6622, #3930, #7836, .T. ) ;
#4044 = DIRECTION ( 'NONE',  ( 0.000000000000000000, -1.000000000000000000, -0.000000000000000000 ) ) ;
#4045 = EDGE_LOOP ( 'NONE', ( #245, #7906 ) ) ;
#4046 = ORIENTED_EDGE ( 'NONE', *, *, #1408, .F. ) ;
#4047 = EDGE_CURVE ( 'NONE', #1957, #7429, #3582, .T. ) ;
#4048 = VERTEX_POINT ( 'NONE', #5016 ) ;
#4049 = CARTESIAN_POINT ( 'NONE',  ( 5.529922967250461063, 2.190683815534583800, -3.234443563805841304 ) ) ;
#4050 = CARTESIAN_POINT ( 'NONE',  ( 2.935098673953480564, 1.932139300074104726, 4.000000000000000000 ) ) ;
#4051 = FACE_BOUND ( 'NONE', #5892, .T. ) ;
#4052 = FACE_OUTER_BOUND ( 'NONE', #2053, .T. ) ;
#4053 = PRODUCT_DEFINITION_SHAPE ( 'NONE', 'NONE',  #9498 ) ;
#4054 = CARTESIAN_POINT ( 'NONE',  ( 1.000000000000000000, -1.863163407847409969, 7.205220410559250332 ) ) ;
#4055 = VERTEX_POINT ( 'NONE', #7220 ) ;
#4056 = EDGE_CURVE ( 'NONE', #8095, #8649, #653, .T. ) ;
#4057 = CARTESIAN_POINT ( 'NONE',  ( 1.602906781438529604, 3.264331192589055686, 4.000000000000000000 ) ) ;
#4058 = CARTESIAN_POINT ( 'NONE',  ( -0.9999999999999800160, 1.340049406695269951, 7.424802541892311147 ) ) ;
#4059 = DIRECTION ( 'NONE',  ( -1.000000000000000000, 0.000000000000000000, 0.000000000000000000 ) ) ;
#4060 = DIRECTION ( 'NONE',  ( 0.000000000000000000, 1.000000000000000000, -1.167177897768564214E-14 ) ) ;
#4061 = DIRECTION ( 'NONE',  ( 0.000000000000000000, 0.000000000000000000, 1.000000000000000000 ) ) ;
#4062 = VERTEX_POINT ( 'NONE', #8463 ) ;
#4063 = ORIENTED_EDGE ( 'NONE', *, *, #1960, .F. ) ;
#4064 = ORIENTED_EDGE ( 'NONE', *, *, #6027, .T. ) ;
#4065 = VECTOR ( 'NONE', #6717, 1000.000000000000000 ) ;
#4066 = CARTESIAN_POINT ( 'NONE',  ( 1.000000000000000000, 0.7000000000000000666, 7.205220410559250332 ) ) ;
#4067 = ORIENTED_EDGE ( 'NONE', *, *, #2961, .F. ) ;
#4068 = EDGE_CURVE ( 'NONE', #387, #7689, #4821, .T. ) ;
#4069 = CARTESIAN_POINT ( 'NONE',  ( 4.221109093176319327, 4.492712927603013995, 5.712725754764587549 ) ) ;
#4070 = FILL_AREA_STYLE ('',( #4688 ) ) ;
#4071 = CARTESIAN_POINT ( 'NONE',  ( 5.550307903175694335, 3.208320982363082496, -0.1116357879115328772 ) ) ;
#4072 = CARTESIAN_POINT ( 'NONE',  ( 1.000000000000000000, 0.6600000000000000311, 7.505220410559251043 ) ) ;
#4073 = CARTESIAN_POINT ( 'NONE',  ( 4.249999762008569881, -2.139157802475679659, 10.58998545934429991 ) ) ;
#4074 = DIRECTION ( 'NONE',  ( 0.000000000000000000, 0.000000000000000000, -1.000000000000000000 ) ) ;
#4075 = VERTEX_POINT ( 'NONE', #8123 ) ;
#4076 = CARTESIAN_POINT ( 'NONE',  ( -4.558431191168127228, -1.383208352360505433, -4.940727992907934407 ) ) ;
#4077 = ORIENTED_EDGE ( 'NONE', *, *, #4794, .T. ) ;
#4078 = EDGE_CURVE ( 'NONE', #4459, #906, #3826, .T. ) ;
#4079 = ORIENTED_EDGE ( 'NONE', *, *, #5150, .T. ) ;
#4080 = CARTESIAN_POINT ( 'NONE',  ( -3.235098673953480386, 1.932139300074104726, 0.000000000000000000 ) ) ;
#4081 = DIRECTION ( 'NONE',  ( 0.000000000000000000, -1.000000000000000000, 0.000000000000000000 ) ) ;
#4082 = PLANE ( 'NONE',  #8820 ) ;
#4083 = CARTESIAN_POINT ( 'NONE',  ( 3.000336060072701816, 6.073626543402450118, 10.80857426865710202 ) ) ;
#4084 = DIRECTION ( 'NONE',  ( 1.000000000000000000, -0.000000000000000000, -0.000000000000000000 ) ) ;
#4085 = DIRECTION ( 'NONE',  ( 0.000000000000000000, -0.000000000000000000, -1.000000000000000000 ) ) ;
#4086 = ORIENTED_EDGE ( 'NONE', *, *, #5802, .T. ) ;
#4087 = ORIENTED_EDGE ( 'NONE', *, *, #9153, .F. ) ;
#4088 = CIRCLE ( 'NONE', #9452, 1.332191892514950737 ) ;
#4089 = EDGE_LOOP ( 'NONE', ( #4520, #414, #6935, #7720 ) ) ;
#4090 = CARTESIAN_POINT ( 'NONE',  ( -5.591000000000060588, 3.243903520801311391, -3.101440184145292989 ) ) ;
#4091 = EDGE_CURVE ( 'NONE', #5488, #6569, #4627, .T. ) ;
#4092 = VECTOR ( 'NONE', #6892, 1000.000000000000000 ) ;
#4093 = CARTESIAN_POINT ( 'NONE',  ( -2.788008628878230422, -1.599101058091061844, 0.000000000000000000 ) ) ;
#4094 = EDGE_CURVE ( 'NONE', #1633, #2952, #5785, .T. ) ;
#4095 = ADVANCED_FACE ( 'NONE', ( #4486 ), #1513, .T. ) ;
#4096 = CARTESIAN_POINT ( 'NONE',  ( 5.499999999999949374, 0.7756719059413724748, -0.08315437308559291141 ) ) ;
#4097 = ORIENTED_EDGE ( 'NONE', *, *, #999, .F. ) ;
#4098 = CARTESIAN_POINT ( 'NONE',  ( 3.499999762008581428, -4.426335649230749958, 1.055220410559260635 ) ) ;
#4099 = VECTOR ( 'NONE', #863, 1000.000000000000000 ) ;
#4100 = ADVANCED_FACE ( 'NONE', ( #3633 ), #8898, .T. ) ;
#4101 = PRESENTATION_LAYER_ASSIGNMENT (  '', '', ( #889 ) ) ;
#4102 = VERTEX_POINT ( 'NONE', #5116 ) ;
#4103 = CARTESIAN_POINT ( 'NONE',  ( 8.399999999999948841, 3.195100562410515543, -0.1245757293229024509 ) ) ;
#4104 = FACE_OUTER_BOUND ( 'NONE', #4507, .T. ) ;
#4105 = CARTESIAN_POINT ( 'NONE',  ( 2.488007246420605334, -1.926335649230737967, 0.1242640687119264675 ) ) ;
#4106 = VECTOR ( 'NONE', #9094, 1000.000000000000114 ) ;
#4107 = DIRECTION ( 'NONE',  ( -1.000000000000000000, 0.000000000000000000, 0.000000000000000000 ) ) ;
#4108 = CARTESIAN_POINT ( 'NONE',  ( -4.502012233507579175, -1.926335649230739744, 2.772276292613180093 ) ) ;
#4109 = CARTESIAN_POINT ( 'NONE',  ( 8.499999999999948486, 3.095100562410448397, -11.77542427067709419 ) ) ;
#4110 = VERTEX_POINT ( 'NONE', #840 ) ;
#4111 = COLOUR_RGB ( '',0.9019607843137255054, 0.9019607843137255054, 0.9019607843137255054 ) ;
#4112 =( BOUNDED_CURVE ( )  B_SPLINE_CURVE ( 3, ( #1060, #4648, #3991, #6894 ),
 .UNSPECIFIED., .F., .F. ) 
 B_SPLINE_CURVE_WITH_KNOTS ( ( 4, 4 ),
 ( 3.141592653589793116, 4.712388980384689674 ),
 .UNSPECIFIED. ) 
 CURVE ( )  GEOMETRIC_REPRESENTATION_ITEM ( )  RATIONAL_B_SPLINE_CURVE ( ( 1.000000000000000000, 0.8047378541243649375, 0.8047378541243649375, 1.000000000000000000 ) ) 
 REPRESENTATION_ITEM ( '' )  );
#4113 = AXIS2_PLACEMENT_3D ( 'NONE', #8757, #3006, #6496 ) ;
#4114 = ORIENTED_EDGE ( 'NONE', *, *, #8195, .F. ) ;
#4115 = CARTESIAN_POINT ( 'NONE',  ( 1.500000000000056843, 3.348340558649291587, -7.867280422007712382 ) ) ;
#4116 = MECHANICAL_DESIGN_GEOMETRIC_PRESENTATION_REPRESENTATION (  '', ( #1983 ), #909 ) ;
#4117 = CIRCLE ( 'NONE', #7932, 0.4919261306450205540 ) ;
#4118 = B_SPLINE_CURVE_WITH_KNOTS ( 'NONE', 3,
 ( #6299, #1746, #2660, #1847, #449, #8453, #6866, #303, #1119, #9123 ),
 .UNSPECIFIED., .F., .F.,
 ( 4, 2, 2, 2, 4 ),
 ( 0.000000000000000000, 8.251681656697146391E-05, 0.0001650336331339429278, 0.0003300672662678817357, 0.0006601345325357597851 ),
 .UNSPECIFIED. ) ;
#4119 = CARTESIAN_POINT ( 'NONE',  ( 1.091882980888994936, 0.7623466576205690792, 6.880000000012937988 ) ) ;
#4120 = CARTESIAN_POINT ( 'NONE',  ( -5.500000000000060396, -1.275702287286611059, -7.069655554617711779 ) ) ;
#4121 =( NAMED_UNIT ( * ) SI_UNIT ( $, .STERADIAN. ) SOLID_ANGLE_UNIT ( ) );
#4122 = CARTESIAN_POINT ( 'NONE',  ( 0.6599999999999599520, 0.9850175072294059531, 7.388994976989529562 ) ) ;
#4123 = AXIS2_PLACEMENT_3D ( 'NONE', #3743, #82, #3788 ) ;
#4124 = FACE_OUTER_BOUND ( 'NONE', #2917, .T. ) ;
#4125 = CARTESIAN_POINT ( 'NONE',  ( 299.2999999999999545, 0.000000000000000000, -1.994818029325622355 ) ) ;
#4126 = ORIENTED_EDGE ( 'NONE', *, *, #1168, .T. ) ;
#4127 = ADVANCED_FACE ( 'NONE', ( #6675 ), #8705, .T. ) ;
#4128 = CARTESIAN_POINT ( 'NONE',  ( -4.535674224246515784, -1.333590018654901010, -4.857304821456017940 ) ) ;
#4129 = EDGE_LOOP ( 'NONE', ( #4142, #7563, #5883, #3265 ) ) ;
#4130 = CARTESIAN_POINT ( 'NONE',  ( -4.539747534009697105, -1.267545080659895351, -7.145099315564573672 ) ) ;
#4131 = EDGE_LOOP ( 'NONE', ( #3496, #4809, #7630, #3670 ) ) ;
#4132 = DIRECTION ( 'NONE',  ( 1.000000000000000000, -0.000000000000000000, -0.000000000000000000 ) ) ;
#4133 = CARTESIAN_POINT ( 'NONE',  ( 4.049999762008570592, -1.926335649230739744, 7.370146519281761677 ) ) ;
#4134 = AXIS2_PLACEMENT_3D ( 'NONE', #2911, #8845, #7402 ) ;
#4135 = CYLINDRICAL_SURFACE ( 'NONE', #3630, 0.1999999999999996503 ) ;
#4136 = COLOUR_RGB ( '',0.6470588235294117974, 0.6196078431372549211, 0.5882352941176470784 ) ;
#4137 = CARTESIAN_POINT ( 'NONE',  ( -3.562645891095561623, -5.884663887553380768, -0.8320941568348071415 ) ) ;
#4138 = FACE_OUTER_BOUND ( 'NONE', #8675, .T. ) ;
#4139 = CARTESIAN_POINT ( 'NONE',  ( 4.249999762008569881, -2.139157802475679659, 2.972276292613179827 ) ) ;
#4140 = ORIENTED_EDGE ( 'NONE', *, *, #5621, .F. ) ;
#4141 = ADVANCED_FACE ( 'NONE', ( #7979 ), #6737, .T. ) ;
#4142 = ORIENTED_EDGE ( 'NONE', *, *, #2399, .T. ) ;
#4143 = CARTESIAN_POINT ( 'NONE',  ( 1.499999999999939826, 3.243903520801311391, -8.898559815854707011 ) ) ;
#4144 = VECTOR ( 'NONE', #124, 1000.000000000000000 ) ;
#4145 = ORIENTED_EDGE ( 'NONE', *, *, #2677, .T. ) ;
#4146 =( NAMED_UNIT ( * ) PLANE_ANGLE_UNIT ( ) SI_UNIT ( $, .RADIAN. ) );
#4147 = DIRECTION ( 'NONE',  ( 1.000000000000000000, -9.566489757225038010E-15, 0.000000000000000000 ) ) ;
#4148 = DIRECTION ( 'NONE',  ( 0.000000000000000000, 0.000000000000000000, 1.000000000000000000 ) ) ;
#4149 = CARTESIAN_POINT ( 'NONE',  ( 5.599999999999949907, 0.8170932621786820560, -0.1245757293229024509 ) ) ;
#4150 = VERTEX_POINT ( 'NONE', #8212 ) ;
#4151 = CARTESIAN_POINT ( 'NONE',  ( -2.041079270776850141, 6.749999999999977796, -4.132719577992382654 ) ) ;
#4152 = EDGE_CURVE ( 'NONE', #6619, #12, #6731, .T. ) ;
#4153 = DIRECTION ( 'NONE',  ( 0.000000000000000000, -1.000000000000000000, 3.726965813680791121E-16 ) ) ;
#4154 = LINE ( 'NONE', #8506, #1225 ) ;
#4155 = DIRECTION ( 'NONE',  ( 1.000000000000000000, 0.000000000000000000, 0.000000000000000000 ) ) ;
#4156 = CARTESIAN_POINT ( 'NONE',  ( 5.530863309072031164, 0.7901592303495338365, -1.741854489989927091 ) ) ;
#4157 = LINE ( 'NONE', #5845, #3675 ) ;
#4158 = ADVANCED_FACE ( 'NONE', ( #5349 ), #5492, .T. ) ;
#4159 = CARTESIAN_POINT ( 'NONE',  ( 8.399999999999948841, 0.2193455792998321996, -11.77542427067706221 ) ) ;
#4160 = ORIENTED_EDGE ( 'NONE', *, *, #2234, .F. ) ;
#4161 = EDGE_CURVE ( 'NONE', #5392, #58, #8988, .T. ) ;
#4162 = ORIENTED_EDGE ( 'NONE', *, *, #8360, .F. ) ;
#4163 = FACE_OUTER_BOUND ( 'NONE', #6611, .T. ) ;
#4164 = CARTESIAN_POINT ( 'NONE',  ( 0.9111222801223323176, 0.7632456313062992992, 6.880000000000380034 ) ) ;
#4165 = CARTESIAN_POINT ( 'NONE',  ( -4.500191642086218025, -1.171323652242849178, -6.821588175115827823 ) ) ;
#4166 = CARTESIAN_POINT ( 'NONE',  ( 5.513849747298090520, 3.243514794400279122, -0.08061003173163035218 ) ) ;
#4167 = CARTESIAN_POINT ( 'NONE',  ( -2.921553583569749257, 6.116024707866177579, 10.80857426865710380 ) ) ;
#4168 = B_SPLINE_CURVE_WITH_KNOTS ( 'NONE', 3,
 ( #7827, #5686, #7914, #4093, #1266, #543, #1163 ),
 .UNSPECIFIED., .F., .F.,
 ( 4, 3, 4 ),
 ( 0.000000000000000000, 2.723454836853819033E-05, 5.446913950821630906E-05 ),
 .UNSPECIFIED. ) ;
#4169 = CYLINDRICAL_SURFACE ( 'NONE', #142, 0.1999999999999996503 ) ;
#4170 = ORIENTED_EDGE ( 'NONE', *, *, #702, .T. ) ;
#4171 =( BOUNDED_CURVE ( )  B_SPLINE_CURVE ( 3, ( #1911, #475, #2054, #8616 ),
 .UNSPECIFIED., .F., .T. ) 
 B_SPLINE_CURVE_WITH_KNOTS ( ( 4, 4 ),
 ( 3.141592653589793116, 4.712388980384690562 ),
 .UNSPECIFIED. ) 
 CURVE ( )  GEOMETRIC_REPRESENTATION_ITEM ( )  RATIONAL_B_SPLINE_CURVE ( ( 1.000000000000000000, 0.8047378541243648264, 0.8047378541243648264, 1.000000000000000000 ) ) 
 REPRESENTATION_ITEM ( '' )  );
#4172 = VECTOR ( 'NONE', #1902, 1000.000000000000000 ) ;
#4173 = CARTESIAN_POINT ( 'NONE',  ( -4.495922543116151360, -1.068959574631856535, -4.990781895779086597 ) ) ;
#4174 = ORIENTED_EDGE ( 'NONE', *, *, #6165, .T. ) ;
#4175 = CARTESIAN_POINT ( 'NONE',  ( -4.539747746557686092, -1.267545080659895351, -6.854900965951202352 ) ) ;
#4176 = ORIENTED_EDGE ( 'NONE', *, *, #7204, .F. ) ;
#4177 = CARTESIAN_POINT ( 'NONE',  ( 4.008578405771260122, 6.149362474690521552, 1.076072228735579209E-17 ) ) ;
#4178 = CARTESIAN_POINT ( 'NONE',  ( 5.499999999998189892, 2.204113444266557753, -8.701421569718068127 ) ) ;
#4179 = EDGE_CURVE ( 'NONE', #5392, #6198, #6117, .T. ) ;
#4180 = VECTOR ( 'NONE', #7157, 999.9999999999998863 ) ;
#4181 = CYLINDRICAL_SURFACE ( 'NONE', #5424, 2.832967397192063697 ) ;
#4182 = CARTESIAN_POINT ( 'NONE',  ( 3.949999762008570059, -1.626335649230739921, 0.000000000000000000 ) ) ;
#4183 = PLANE ( 'NONE',  #6236 ) ;
#4184 = EDGE_LOOP ( 'NONE', ( #1419, #4954, #8689, #5414 ) ) ;
#4185 = ORIENTED_EDGE ( 'NONE', *, *, #1756, .F. ) ;
#4186 = ORIENTED_EDGE ( 'NONE', *, *, #394, .F. ) ;
#4187 =( LENGTH_UNIT ( ) NAMED_UNIT ( * ) SI_UNIT ( .MILLI., .METRE. ) );
#4188 = B_SPLINE_CURVE_WITH_KNOTS ( 'NONE', 3,
 ( #5617, #2746, #3557, #5815, #9361, #5675, #8630, #1298, #720, #4899, #578, #5094, #8677, #6470, #4178, #3605 ),
 .UNSPECIFIED., .F., .F.,
 ( 4, 3, 3, 3, 3, 4 ),
 ( 0.000000000000000000, 3.292269824650946120E-05, 6.581644165956992715E-05, 9.916057625006637413E-05, 0.0001333582563053798125, 0.0001579424190437811470 ),
 .UNSPECIFIED. ) ;
#4189 = ADVANCED_FACE ( 'NONE', ( #3239 ), #2517, .T. ) ;
#4190 = DIRECTION ( 'NONE',  ( 1.000000000000000000, -3.183272527090204206E-15, 0.000000000000000000 ) ) ;
#4191 = DIRECTION ( 'NONE',  ( -1.000000000000000000, 0.000000000000000000, 0.000000000000000000 ) ) ;
#4192 = CARTESIAN_POINT ( 'NONE',  ( -4.250000237991429231, -1.926335649230740188, 0.2999999999999999334 ) ) ;
#4193 = DIRECTION ( 'NONE',  ( 0.000000000000000000, -0.000000000000000000, -1.000000000000000000 ) ) ;
#4194 = EDGE_LOOP ( 'NONE', ( #1410, #6228 ) ) ;
#4195 = DIRECTION ( 'NONE',  ( 0.000000000000000000, 3.726965813680791121E-16, 1.000000000000000000 ) ) ;
#4196 = LINE ( 'NONE', #5501, #4911 ) ;
#4197 =( NAMED_UNIT ( * ) SI_UNIT ( $, .STERADIAN. ) SOLID_ANGLE_UNIT ( ) );
#4198 = DIRECTION ( 'NONE',  ( -0.000000000000000000, -1.153814465479998049E-14, -1.000000000000000000 ) ) ;
#4199 = LINE ( 'NONE', #5649, #3943 ) ;
#4200 = DIRECTION ( 'NONE',  ( -1.000000000000000000, 0.000000000000000000, 0.000000000000000000 ) ) ;
#4201 = VECTOR ( 'NONE', #4776, 1000.000000000000000 ) ;
#4202 = CARTESIAN_POINT ( 'NONE',  ( -2.986120869726993643, 6.750000000000088818, -7.867280422007712382 ) ) ;
#4203 = ORIENTED_EDGE ( 'NONE', *, *, #6203, .F. ) ;
#4204 = CYLINDRICAL_SURFACE ( 'NONE', #2607, 0.09999999999999982514 ) ;
#4205 = ADVANCED_FACE ( 'NONE', ( #1078 ), #4010, .F. ) ;
#4206 = CARTESIAN_POINT ( 'NONE',  ( 0.9417510084540109405, 0.8118631700320221301, 6.879999999999999893 ) ) ;
#4207 = SURFACE_STYLE_FILL_AREA ( #7886 ) ;
#4208 = CARTESIAN_POINT ( 'NONE',  ( 1.000000000000000000, 0.9479456440070870293, 6.897181832996751361 ) ) ;
#4209 = ADVANCED_FACE ( 'NONE', ( #2425, #8269 ), #1848, .F. ) ;
#4210 = EDGE_CURVE ( 'NONE', #3747, #8008, #943, .T. ) ;
#4211 = CARTESIAN_POINT ( 'NONE',  ( 4.167157049533950719, -2.339157802475679393, 10.38998545934429885 ) ) ;
#4212 = CARTESIAN_POINT ( 'NONE',  ( -4.125736169279500487, 6.032205187165140536, 1.076072228735579209E-17 ) ) ;
#4213 = ORIENTED_EDGE ( 'NONE', *, *, #9245, .F. ) ;
#4214 = ORIENTED_EDGE ( 'NONE', *, *, #7531, .F. ) ;
#4215 = CARTESIAN_POINT ( 'NONE',  ( -4.498923682741692076, -1.102038329954222906, -4.890674090036787547 ) ) ;
#4216 = ORIENTED_EDGE ( 'NONE', *, *, #2767, .T. ) ;
#4217 = CARTESIAN_POINT ( 'NONE',  ( -4.543382025058667395, -1.414380291900731779, -7.008535606553673247 ) ) ;
#4218 = ORIENTED_EDGE ( 'NONE', *, *, #2233, .F. ) ;
#4219 = CARTESIAN_POINT ( 'NONE',  ( 3.013943118273061827, 4.775128955917561591, -2.031378812803041889 ) ) ;
#4220 = CARTESIAN_POINT ( 'NONE',  ( 5.514049397206957970, 3.222693091732651283, -0.1245757293229024371 ) ) ;
#4221 = SURFACE_SIDE_STYLE ('',( #6426 ) ) ;
#4222 = CARTESIAN_POINT ( 'NONE',  ( -1.093099474677260652, 0.7473692030579670575, 6.880000000000380034 ) ) ;
#4223 = CARTESIAN_POINT ( 'NONE',  ( -5.500000000000060396, -1.275702287286611059, -3.087097040157957384 ) ) ;
#4224 = DIRECTION ( 'NONE',  ( -0.7071067811865486830, -0.000000000000000000, -0.7071067811865464625 ) ) ;
#4225 = VERTEX_POINT ( 'NONE', #7682 ) ;
#4226 = EDGE_LOOP ( 'NONE', ( #6219, #1365, #5904, #3442 ) ) ;
#4227 = EDGE_CURVE ( 'NONE', #8194, #6244, #6023, .T. ) ;
#4228 = ORIENTED_EDGE ( 'NONE', *, *, #6039, .F. ) ;
#4229 = SURFACE_SIDE_STYLE ('',( #6480 ) ) ;
#4230 = CARTESIAN_POINT ( 'NONE',  ( -0.9109882081482892913, 0.7000000000000085043, 7.545220410559251967 ) ) ;
#4231 = FACE_OUTER_BOUND ( 'NONE', #7680, .T. ) ;
#4232 = DIRECTION ( 'NONE',  ( -0.7018122366944850032, -0.1221440495962380357, -0.7018122366944850032 ) ) ;
#4233 = ORIENTED_EDGE ( 'NONE', *, *, #5065, .T. ) ;
#4234 = CARTESIAN_POINT ( 'NONE',  ( 5.499999999999949374, -6.750000000000033751, -11.97542427067697979 ) ) ;
#4235 = ORIENTED_EDGE ( 'NONE', *, *, #6519, .F. ) ;
#4236 = AXIS2_PLACEMENT_3D ( 'NONE', #3683, #5063, #5151 ) ;
#4237 = EDGE_CURVE ( 'NONE', #3563, #6762, #4580, .T. ) ;
#4238 = AXIS2_PLACEMENT_3D ( 'NONE', #8618, #2058, #5126 ) ;
#4239 = DIRECTION ( 'NONE',  ( 0.000000000000000000, 1.000000000000000000, 0.000000000000000000 ) ) ;
#4240 = DIRECTION ( 'NONE',  ( 0.000000000000000000, 1.000000000000000000, -0.000000000000000000 ) ) ;
#4241 = CIRCLE ( 'NONE', #7309, 11.30078710486259652 ) ;
#4242 = VECTOR ( 'NONE', #9170, 1000.000000000000000 ) ;
#4243 = LINE ( 'NONE', #2005, #338 ) ;
#4244 = CARTESIAN_POINT ( 'NONE',  ( 1.000000000000000000, 0.6600000000000000311, 7.505220410559251043 ) ) ;
#4245 = FACE_OUTER_BOUND ( 'NONE', #4089, .T. ) ;
#4246 = AXIS2_PLACEMENT_3D ( 'NONE', #7538, #200, #6107 ) ;
#4247 = CARTESIAN_POINT ( 'NONE',  ( -5.591000000000060588, -6.750000000000033751, -8.898559815854707011 ) ) ;
#4248 = ADVANCED_FACE ( 'NONE', ( #6775 ), #209, .T. ) ;
#4249 = COLOUR_RGB ( '',0.6470588235294117974, 0.6196078431372549211, 0.5882352941176470784 ) ;
#4250 = AXIS2_PLACEMENT_3D ( 'NONE', #3438, #1235, #2008 ) ;
#4251 = EDGE_LOOP ( 'NONE', ( #4400, #8868, #1735, #9020, #3412, #6585 ) ) ;
#4252 = CIRCLE ( 'NONE', #7458, 0.2000000000000000944 ) ;
#4253 = SURFACE_SIDE_STYLE ('',( #1325 ) ) ;
#4254 = CARTESIAN_POINT ( 'NONE',  ( 1.099217410538115614, 0.7312513696011239128, 6.879999999999999005 ) ) ;
#4255 =( NAMED_UNIT ( * ) PLANE_ANGLE_UNIT ( ) SI_UNIT ( $, .RADIAN. ) );
#4256 = CARTESIAN_POINT ( 'NONE',  ( -1.303357147227335977, 0.7000000000000082823, 7.382695874538766745 ) ) ;
#4257 = PRODUCT_DEFINITION_CONTEXT ( 'detailed design', #2512, 'design' ) ;
#4258 = VECTOR ( 'NONE', #5767, 1000.000000000000000 ) ;
#4259 = DIRECTION ( 'NONE',  ( 0.000000000000000000, -0.000000000000000000, 1.000000000000000000 ) ) ;
#4260 = DIRECTION ( 'NONE',  ( 0.000000000000000000, 0.000000000000000000, 1.000000000000000000 ) ) ;
#4261 = FILL_AREA_STYLE_COLOUR ( '', #2293 ) ;
#4262 = ORIENTED_EDGE ( 'NONE', *, *, #7399, .T. ) ;
#4263 = VECTOR ( 'NONE', #5523, 1000.000000000000000 ) ;
#4264 = CARTESIAN_POINT ( 'NONE',  ( -4.602338378336604308, -1.283971684949299918, -5.007466530069470068 ) ) ;
#4265 = STYLED_ITEM ( 'NONE', ( #5997 ), #6947 ) ;
#4266 = VERTEX_POINT ( 'NONE', #6064 ) ;
#4267 = EDGE_CURVE ( 'NONE', #5312, #1278, #2476, .T. ) ;
#4268 = ITEM_DEFINED_TRANSFORMATION ( 'NONE', 'NONE', #8886,  #464 ) ;
#4269 = CARTESIAN_POINT ( 'NONE',  ( -4.602267727905701378, -1.267545080659895573, -6.991465090931177073 ) ) ;
#4270 = EDGE_CURVE ( 'NONE', #852, #4919, #7585, .T. ) ;
#4271 = ORIENTED_EDGE ( 'NONE', *, *, #2515, .T. ) ;
#4272 = CARTESIAN_POINT ( 'NONE',  ( 2.935098673953480564, -1.271866509722523686, 4.000000000000000000 ) ) ;
#4273 = DIRECTION ( 'NONE',  ( 0.000000000000000000, 0.000000000000000000, -1.000000000000000000 ) ) ;
#4274 = AXIS2_PLACEMENT_3D ( 'NONE', #8501, #6919, #5549 ) ;
#4275 = FACE_OUTER_BOUND ( 'NONE', #222, .T. ) ;
#4276 = FACE_OUTER_BOUND ( 'NONE', #1986, .T. ) ;
#4277 = DIRECTION ( 'NONE',  ( -1.000000000000000000, 0.000000000000000000, 0.000000000000000000 ) ) ;
#4278 = AXIS2_PLACEMENT_3D ( 'NONE', #5183, #4501, #3751 ) ;
#4279 = CARTESIAN_POINT ( 'NONE',  ( -2.539164057067418323, -1.875180221041551576, 0.1268200124216390667 ) ) ;
#4280 = AXIS2_PLACEMENT_3D ( 'NONE', #3276, #1077, #4009 ) ;
#4281 = ORIENTED_EDGE ( 'NONE', *, *, #5000, .T. ) ;
#4282 = ADVANCED_FACE ( 'NONE', ( #3382, #5546 ), #4957, .T. ) ;
#4283 = ORIENTED_EDGE ( 'NONE', *, *, #868, .F. ) ;
#4284 =( GEOMETRIC_REPRESENTATION_CONTEXT ( 3 ) GLOBAL_UNCERTAINTY_ASSIGNED_CONTEXT ( ( #8874 ) ) GLOBAL_UNIT_ASSIGNED_CONTEXT ( ( #2735, #567, #9352 ) ) REPRESENTATION_CONTEXT ( 'NONE', 'WORKASPACE' ) );
#4285 = CARTESIAN_POINT ( 'NONE',  ( 1.499999999999939826, -0.9040905573164232933, -4.317469199095388177 ) ) ;
#4286 = ORIENTED_EDGE ( 'NONE', *, *, #6203, .T. ) ;
#4287 = CARTESIAN_POINT ( 'NONE',  ( 8.499995599990189277, 2.260573144643783117, -3.107768898162384996 ) ) ;
#4288 = VECTOR ( 'NONE', #5851, 1000.000000000000000 ) ;
#4289 = ADVANCED_FACE ( 'NONE', ( #6440 ), #2038, .F. ) ;
#4290 = VECTOR ( 'NONE', #6101, 1000.000000000000000 ) ;
#4291 = ORIENTED_EDGE ( 'NONE', *, *, #6498, .F. ) ;
#4292 = SURFACE_SIDE_STYLE ('',( #1162 ) ) ;
#4293 = CARTESIAN_POINT ( 'NONE',  ( -2.986120869726938132, 5.146119801567415664, -6.940161209130924824 ) ) ;
#4294 = CARTESIAN_POINT ( 'NONE',  ( -3.976253554955845981, -1.705095600124026944, -1.707834194005332699E-16 ) ) ;
#4295 = CARTESIAN_POINT ( 'NONE',  ( 299.2999999999999545, 3.882125191446057944, -10.00518197067437853 ) ) ;
#4296 = ORIENTED_EDGE ( 'NONE', *, *, #4620, .T. ) ;
#4297 = DIRECTION ( 'NONE',  ( 1.000000000000000000, 0.000000000000000000, -0.000000000000000000 ) ) ;
#4298 = VECTOR ( 'NONE', #3481, 1000.000000000000000 ) ;
#4299 = ORIENTED_EDGE ( 'NONE', *, *, #5736, .T. ) ;
#4300 = CARTESIAN_POINT ( 'NONE',  ( -5.400000000000059863, -1.275702287286611059, -4.930344445382288221 ) ) ;
#4301 =( LENGTH_UNIT ( ) NAMED_UNIT ( * ) SI_UNIT ( .MILLI., .METRE. ) );
#4302 = DIRECTION ( 'NONE',  ( 0.000000000000000000, 0.000000000000000000, -1.000000000000000000 ) ) ;
#4303 = CARTESIAN_POINT ( 'NONE',  ( -5.591000000000060588, -6.750000000000033751, -3.101440184145292989 ) ) ;
#4304 = EDGE_CURVE ( 'NONE', #7730, #9299, #3737, .T. ) ;
#4305 = DIRECTION ( 'NONE',  ( -1.000000000000000000, -0.000000000000000000, -0.000000000000000000 ) ) ;
#4306 = DIRECTION ( 'NONE',  ( -0.000000000000000000, 0.000000000000000000, 1.000000000000000000 ) ) ;
#4307 = CARTESIAN_POINT ( 'NONE',  ( -1.602906781438529604, 1.932139300074104726, 4.000000000000000000 ) ) ;
#4308 = EDGE_LOOP ( 'NONE', ( #8659, #4233, #2669, #5340 ) ) ;
#4309 = DIRECTION ( 'NONE',  ( 0.000000000000000000, -3.347150608916108721E-16, -1.000000000000000000 ) ) ;
#4310 = CARTESIAN_POINT ( 'NONE',  ( -5.500000000000060396, -1.275702287286611059, -9.312902959842043416 ) ) ;
#4311 = DIRECTION ( 'NONE',  ( -0.000000000000000000, -1.000000000000000000, -0.000000000000000000 ) ) ;
#4312 = EDGE_CURVE ( 'NONE', #8402, #5947, #7093, .T. ) ;
#4313 = LINE ( 'NONE', #4979, #728 ) ;
#4314 = CARTESIAN_POINT ( 'NONE',  ( 5.499999999999949374, 0.7170932621786313410, -10.27816337099007526 ) ) ;
#4315 = CARTESIAN_POINT ( 'NONE',  ( 299.2999999999999545, -3.834801901544083513, -12.00000000000000000 ) ) ;
#4316 = CARTESIAN_POINT ( 'NONE',  ( 8.399999999999948841, 0.8170932621786126671, -11.87542427067706896 ) ) ;
#4317 = ORIENTED_EDGE ( 'NONE', *, *, #2577, .F. ) ;
#4318 = CARTESIAN_POINT ( 'NONE',  ( -4.455195902599949243, -1.482445019771709838, -4.823935552875243893 ) ) ;
#4319 = ORIENTED_EDGE ( 'NONE', *, *, #5177, .F. ) ;
#4320 = CARTESIAN_POINT ( 'NONE',  ( -4.593041397476486765, -1.283860147659377837, -7.059747014764806039 ) ) ;
#4321 = ORIENTED_EDGE ( 'NONE', *, *, #2986, .F. ) ;
#4322 = DIRECTION ( 'NONE',  ( 0.000000000000000000, 2.027198695514634932E-16, 1.000000000000000000 ) ) ;
#4323 = CARTESIAN_POINT ( 'NONE',  ( 1.000000000000000000, -4.395153435249019580, 7.008957551437619671 ) ) ;
#4324 = LINE ( 'NONE', #3881, #3437 ) ;
#4325 = DIRECTION ( 'NONE',  ( -1.000000000000000000, 0.000000000000000000, 0.000000000000000000 ) ) ;
#4326 = CARTESIAN_POINT ( 'NONE',  ( -0.7477005242537100305, 3.119626461413163021, 4.000000000000000000 ) ) ;
#4327 = CARTESIAN_POINT ( 'NONE',  ( 299.2999999999999545, 4.452858754446012313, -1.994818029325622355 ) ) ;
#4328 = ORIENTED_EDGE ( 'NONE', *, *, #574, .T. ) ;
#4329 = EDGE_CURVE ( 'NONE', #3818, #8251, #7870, .T. ) ;
#4330 = B_SPLINE_CURVE_WITH_KNOTS ( 'NONE', 3,
 ( #3777, #211, #117, #3963, #9046, #6778, #1658, #3150, #2334, #4488 ),
 .UNSPECIFIED., .F., .F.,
 ( 4, 2, 2, 2, 4 ),
 ( 0.000000000000000000, 0.2500000000000000000, 0.5000000000000000000, 0.7500000000000000000, 1.000000000000000000 ),
 .UNSPECIFIED. ) ;
#4331 = ORIENTED_EDGE ( 'NONE', *, *, #3542, .F. ) ;
#4332 = DIRECTION ( 'NONE',  ( -1.000000000000000000, -0.000000000000000000, -0.000000000000000000 ) ) ;
#4333 = ORIENTED_EDGE ( 'NONE', *, *, #3460, .T. ) ;
#4334 = AXIS2_PLACEMENT_3D ( 'NONE', #1708, #1120, #8409 ) ;
#4335 = CARTESIAN_POINT ( 'NONE',  ( -4.050000237991429053, -1.926335649230739744, 2.772276292613194748 ) ) ;
#4336 = VERTEX_POINT ( 'NONE', #5003 ) ;
#4337 = EDGE_CURVE ( 'NONE', #5603, #4513, #1117, .T. ) ;
#4338 = CARTESIAN_POINT ( 'NONE',  ( 299.2999999999999545, -5.585694816515836436, -11.42200894008639267 ) ) ;
#4339 = CARTESIAN_POINT ( 'NONE',  ( 2.488007230840694195, -1.271866509722523686, 0.2999999999999999334 ) ) ;
#4340 = CARTESIAN_POINT ( 'NONE',  ( 1.499999999999939826, 3.243903520801311391, -7.867280422007712382 ) ) ;
#4341 = CARTESIAN_POINT ( 'NONE',  ( -4.500000237991419461, -2.339157802475679837, 2.772276292613180093 ) ) ;
#4342 = ORIENTED_EDGE ( 'NONE', *, *, #765, .F. ) ;
#4343 = ADVANCED_FACE ( 'NONE', ( #3426 ), #6342, .T. ) ;
#4344 = EDGE_CURVE ( 'NONE', #2202, #5691, #4916, .T. ) ;
#4345 = ORIENTED_EDGE ( 'NONE', *, *, #3892, .T. ) ;
#4346 = LINE ( 'NONE', #7977, #2137 ) ;
#4347 = CARTESIAN_POINT ( 'NONE',  ( 3.442354257981283805, 4.452858754446012313, -10.00518197067437853 ) ) ;
#4348 =( LENGTH_UNIT ( ) NAMED_UNIT ( * ) SI_UNIT ( .MILLI., .METRE. ) );
#4349 = CARTESIAN_POINT ( 'NONE',  ( 4.049999758735679301, 6.273626543402450295, 0.2607234077042785980 ) ) ;
#4350 = CARTESIAN_POINT ( 'NONE',  ( 0.9999999999999560352, 0.7804188904419380179, 6.865171329269159628 ) ) ;
#4351 = CYLINDRICAL_SURFACE ( 'NONE', #2582, 0.3400000000000000244 ) ;
#4352 = CARTESIAN_POINT ( 'NONE',  ( 4.049999762008570592, -2.339157802475679837, 2.772276292613194748 ) ) ;
#4353 = EDGE_CURVE ( 'NONE', #4850, #727, #4168, .T. ) ;
#4354 = EDGE_LOOP ( 'NONE', ( #2062, #4480, #7512, #8233 ) ) ;
#4355 = CARTESIAN_POINT ( 'NONE',  ( 1.499999999999939826, -4.817379405507075774, -7.116761230117741199 ) ) ;
#4356 = CARTESIAN_POINT ( 'NONE',  ( -2.566334058772822946, 6.256099146230610586, 5.696738056447109955 ) ) ;
#4357 = DIRECTION ( 'NONE',  ( -0.000000000000000000, -0.000000000000000000, -1.000000000000000000 ) ) ;
#4358 = CARTESIAN_POINT ( 'NONE',  ( 3.000336060072700484, 6.073626543402451894, 5.808574268657101136 ) ) ;
#4359 = CARTESIAN_POINT ( 'NONE',  ( 5.559690792367749879, 0.8092990937291453246, -10.25240469115153452 ) ) ;
#4360 = DIRECTION ( 'NONE',  ( 0.000000000000000000, -1.000000000000000000, 5.102127870520020587E-15 ) ) ;
#4361 = CARTESIAN_POINT ( 'NONE',  ( 8.499999999999948486, 0.8585146184159226923, -11.83400291443975938 ) ) ;
#4362 = EDGE_LOOP ( 'NONE', ( #2182, #4378, #7149, #9098 ) ) ;
#4363 = COLOUR_RGB ( '',0.6470588235294117974, 0.6196078431372549211, 0.5882352941176470784 ) ;
#4364 = EDGE_CURVE ( 'NONE', #2768, #9401, #391, .T. ) ;
#4365 = CARTESIAN_POINT ( 'NONE',  ( -4.441830027976534367, -1.068959574631853204, -4.790566284294484056 ) ) ;
#4366 = ORIENTED_EDGE ( 'NONE', *, *, #378, .F. ) ;
#4367 = CARTESIAN_POINT ( 'NONE',  ( -4.480037720905160725, -1.071764276666104854, -6.889041997196196476 ) ) ;
#4368 = ORIENTED_EDGE ( 'NONE', *, *, #4557, .T. ) ;
#4369 = CARTESIAN_POINT ( 'NONE',  ( -1.000000000000000000, -4.395153435249019580, 7.401483269680889876 ) ) ;
#4370 = CARTESIAN_POINT ( 'NONE',  ( -1.339999999999998082, -3.569272152702969159, 7.205220410559252109 ) ) ;
#4371 = UNCERTAINTY_MEASURE_WITH_UNIT (LENGTH_MEASURE( 1.000000000000000082E-05 ), #8577, 'distance_accuracy_value', 'NONE');
#4372 = CARTESIAN_POINT ( 'NONE',  ( 1.499999999999939826, -1.047072641928745718, -10.45862404328944884 ) ) ;
#4373 = DIRECTION ( 'NONE',  ( 0.000000000000000000, 0.000000000000000000, 1.000000000000000000 ) ) ;
#4374 = DIRECTION ( 'NONE',  ( 0.000000000000000000, 0.000000000000000000, 1.000000000000000000 ) ) ;
#4375 = ORIENTED_EDGE ( 'NONE', *, *, #4672, .T. ) ;
#4376 = EDGE_LOOP ( 'NONE', ( #5542, #5693, #5271, #1076 ) ) ;
#4377 = ADVANCED_FACE ( 'NONE', ( #6251 ), #9178, .T. ) ;
#4378 = ORIENTED_EDGE ( 'NONE', *, *, #1230, .T. ) ;
#4379 = DIRECTION ( 'NONE',  ( 0.7071067811865842101, 0.000000000000000000, 0.7071067811865109354 ) ) ;
#4380 = ORIENTED_EDGE ( 'NONE', *, *, #7262, .T. ) ;
#4381 = CARTESIAN_POINT ( 'NONE',  ( 8.499999999999948486, 3.095100562410515455, -3.106685749735108359 ) ) ;
#4382 = CARTESIAN_POINT ( 'NONE',  ( 8.399999999999948841, 0.2193455792999002840, -0.2245757293229022900 ) ) ;
#4383 = LINE ( 'NONE', #6720, #6685 ) ;
#4384 = CARTESIAN_POINT ( 'NONE',  ( 1.838618586295336588, 3.914972254309967425, 5.808574268657101136 ) ) ;
#4385 = VERTEX_POINT ( 'NONE', #4293 ) ;
#4386 = CIRCLE ( 'NONE', #2701, 0.06960863754223914346 ) ;
#4387 = ORIENTED_EDGE ( 'NONE', *, *, #7262, .F. ) ;
#4388 = EDGE_CURVE ( 'NONE', #6622, #7807, #9467, .T. ) ;
#4389 = FACE_OUTER_BOUND ( 'NONE', #5241, .T. ) ;
#4390 = PRESENTATION_LAYER_ASSIGNMENT (  '', '', ( #8666 ) ) ;
#4391 = ADVANCED_FACE ( 'NONE', ( #8059 ), #1500, .T. ) ;
#4392 = LINE ( 'NONE', #6674, #8273 ) ;
#4393 = EDGE_CURVE ( 'NONE', #203, #9120, #4790, .T. ) ;
#4394 = CARTESIAN_POINT ( 'NONE',  ( -58.23546976449124912, -8.286389190302566377, 36.18721163325002266 ) ) ;
#4395 = DIRECTION ( 'NONE',  ( -0.9999999999999459321, -3.289661038019970116E-07, -1.973731120136150117E-16 ) ) ;
#4396 = DIRECTION ( 'NONE',  ( -0.000000000000000000, 1.000000000000000000, 0.000000000000000000 ) ) ;
#4397 = CARTESIAN_POINT ( 'NONE',  ( 2.488007230840694195, -1.271866509722523686, 4.000000000000000000 ) ) ;
#4398 = EDGE_CURVE ( 'NONE', #6070, #8113, #161, .T. ) ;
#4399 = AXIS2_PLACEMENT_3D ( 'NONE', #7528, #965, #5378 ) ;
#4400 = ORIENTED_EDGE ( 'NONE', *, *, #1883, .F. ) ;
#4401 = LINE ( 'NONE', #4451, #8419 ) ;
#4402 = SURFACE_STYLE_FILL_AREA ( #8033 ) ;
#4403 = DIRECTION ( 'NONE',  ( 0.000000000000000000, 1.000000000000000000, -1.167177897768564214E-14 ) ) ;
#4404 = STYLED_ITEM ( 'NONE', ( #9244 ), #592 ) ;
#4405 = CARTESIAN_POINT ( 'NONE',  ( -1.340000000000000302, 0.7000000000000083933, 7.116208618707539735 ) ) ;
#4406 = CARTESIAN_POINT ( 'NONE',  ( 4.249999762008568993, 4.350200350601319599, 10.62118197629348160 ) ) ;
#4407 = DIRECTION ( 'NONE',  ( 0.000000000000000000, 1.000000000000000000, 0.000000000000000000 ) ) ;
#4408 = VECTOR ( 'NONE', #8809, 1000.000000000000000 ) ;
#4409 = CARTESIAN_POINT ( 'NONE',  ( -2.488007230840692863, -1.271866509722523242, 0.2515972047615758211 ) ) ;
#4410 = ORIENTED_EDGE ( 'NONE', *, *, #2267, .T. ) ;
#4411 = TOROIDAL_SURFACE ( 'NONE', #5641, 0.5200000000000002398, 0.2000000000000000111 ) ;
#4412 = CARTESIAN_POINT ( 'NONE',  ( -4.477855407200239668, -1.383208352360502547, -4.790566284294481392 ) ) ;
#4413 = ORIENTED_EDGE ( 'NONE', *, *, #968, .F. ) ;
#4414 = CARTESIAN_POINT ( 'NONE',  ( -4.536458798944612347, -1.169654678662999991, -7.110958422975937054 ) ) ;
#4415 = DIRECTION ( 'NONE',  ( 0.000000000000000000, 0.000000000000000000, 1.000000000000000000 ) ) ;
#4416 = COLOUR_RGB ( '',0.6470588235294117974, 0.5176470588235293491, 0.000000000000000000 ) ;
#4417 = FACE_OUTER_BOUND ( 'NONE', #268, .T. ) ;
#4418 = VECTOR ( 'NONE', #6828, 1000.000000000000000 ) ;
#4419 = EDGE_CURVE ( 'NONE', #3563, #8935, #1853, .T. ) ;
#4420 = FACE_OUTER_BOUND ( 'NONE', #6479, .T. ) ;
#4421 = DIRECTION ( 'NONE',  ( 1.000000000000000000, 0.000000000000000000, 0.000000000000000000 ) ) ;
#4422 = VERTEX_POINT ( 'NONE', #8115 ) ;
#4423 = ORIENTED_EDGE ( 'NONE', *, *, #6939, .F. ) ;
#4424 = ORIENTED_EDGE ( 'NONE', *, *, #9397, .F. ) ;
#4425 = FILL_AREA_STYLE ('',( #2223 ) ) ;
#4426 = VERTEX_POINT ( 'NONE', #6483 ) ;
#4427 =( BOUNDED_SURFACE ( )  B_SPLINE_SURFACE ( 1, 2, ( 
 ( #6520, #2888, #4466, #5188, #6575, #7287, #5820 ),
 ( #10, #9407, #5236, #636, #2938, #6656, #2982 ) ),
 .UNSPECIFIED., .F., .F., .T. ) 
 B_SPLINE_SURFACE_WITH_KNOTS ( ( 2, 2 ),
 ( 3, 2, 2, 3 ),
 ( 0.000000000000000000, 1.000000000000000000 ),
 ( -5.428488574104839870, -1.996222942645009990, 0.000000000000000000, 3.148716295566609702 ),
 .UNSPECIFIED. ) 
 GEOMETRIC_REPRESENTATION_ITEM ( )  RATIONAL_B_SPLINE_SURFACE ( (
 ( 1.000000000000000000, 1.000000000000000000, 1.000000000000000000, 1.000000000000000000, 1.000000000000000000, 0.8063874865749950382, 1.000000000000000000),
 ( 1.000000000000000000, 1.000000000000000000, 1.000000000000000000, 1.000000000000000000, 1.000000000000000000, 0.8063874865749950382, 1.000000000000000000) ) ) 
 REPRESENTATION_ITEM ( '' )  SURFACE ( )  );
#4428 = AXIS2_PLACEMENT_3D ( 'NONE', #9387, #4448, #8074 ) ;
#4429 = CARTESIAN_POINT ( 'NONE',  ( 8.419392756730422533, 0.8185399844794400970, -1.748932704480548717 ) ) ;
#4430 = ORIENTED_EDGE ( 'NONE', *, *, #1367, .T. ) ;
#4431 = LINE ( 'NONE', #17, #85 ) ;
#4432 = CIRCLE ( 'NONE', #8717, 1.743247405224331414 ) ;
#4433 = CARTESIAN_POINT ( 'NONE',  ( 4.037378473667456724, -1.888471784207399029, 0.1489148333228887955 ) ) ;
#4434 = CARTESIAN_POINT ( 'NONE',  ( 2.488007430340341219, -1.926335649230790370, 6.879999999999999893 ) ) ;
#4435 = EDGE_CURVE ( 'NONE', #7523, #8063, #5148, .T. ) ;
#4436 = PLANE ( 'NONE',  #402 ) ;
#4437 = ORIENTED_EDGE ( 'NONE', *, *, #3228, .T. ) ;
#4438 = AXIS2_PLACEMENT_3D ( 'NONE', #181, #9140, #8178 ) ;
#4439 = ORIENTED_EDGE ( 'NONE', *, *, #4078, .T. ) ;
#4440 = AXIS2_PLACEMENT_3D ( 'NONE', #7227, #517, #6502 ) ;
#4441 = VECTOR ( 'NONE', #5519, 1000.000000000000000 ) ;
#4442 = CARTESIAN_POINT ( 'NONE',  ( 8.499999999999948486, 0.2193455792998725284, -8.319187790970875795 ) ) ;
#4443 = LINE ( 'NONE', #8122, #6564 ) ;
#4444 = CARTESIAN_POINT ( 'NONE',  ( 0.7477002781421110411, 3.119626461413149698, 8.856534637527339271 ) ) ;
#4445 = PRODUCT_DEFINITION_FORMATION_WITH_SPECIFIED_SOURCE ( 'ANY', '', #7713, .NOT_KNOWN. ) ;
#4446 = CARTESIAN_POINT ( 'NONE',  ( -1.074366137629754636, 0.7000000000000082823, 6.876305102502937139 ) ) ;
#4447 = AXIS2_PLACEMENT_3D ( 'NONE', #1082, #3834, #2524 ) ;
#4448 = DIRECTION ( 'NONE',  ( -0.000000000000000000, 1.167177897768564214E-14, 1.000000000000000000 ) ) ;
#4449 = EDGE_CURVE ( 'NONE', #6569, #6509, #971, .T. ) ;
#4450 = EDGE_LOOP ( 'NONE', ( #299, #7678, #3309, #7328 ) ) ;
#4451 = CARTESIAN_POINT ( 'NONE',  ( 1.499999999999939826, 4.771167705692607619, -7.867280422007712382 ) ) ;
#4452 = CYLINDRICAL_SURFACE ( 'NONE', #4738, 0.2000000000000000944 ) ;
#4453 = ADVANCED_FACE ( 'NONE', ( #7394 ), #8393, .T. ) ;
#4454 = PLANE ( 'NONE',  #7011 ) ;
#4455 = CARTESIAN_POINT ( 'NONE',  ( -5.591000000000060588, -5.507928190936763890, -7.116761230117741199 ) ) ;
#4456 = VERTEX_POINT ( 'NONE', #1740 ) ;
#4457 = ADVANCED_FACE ( 'NONE', ( #3231 ), #6907, .T. ) ;
#4458 = DIRECTION ( 'NONE',  ( -2.612289469706220103E-15, 2.612289469706250080E-15, 1.000000000000000000 ) ) ;
#4459 = VERTEX_POINT ( 'NONE', #199 ) ;
#4460 = CARTESIAN_POINT ( 'NONE',  ( -4.475380113084766798, -1.169654678662999991, -6.786618903461214991 ) ) ;
#4461 = CIRCLE ( 'NONE', #1555, 2.504644647884494812 ) ;
#4462 = PLANE ( 'NONE',  #7939 ) ;
#4463 = DIRECTION ( 'NONE',  ( 0.000000000000000000, 0.000000000000000000, -1.000000000000000000 ) ) ;
#4464 = CARTESIAN_POINT ( 'NONE',  ( 1.602906781438529604, 3.264331192589055686, 0.2999999999999999334 ) ) ;
#4465 = PLANE ( 'NONE',  #744 ) ;
#4466 = CARTESIAN_POINT ( 'NONE',  ( -2.488008628878240813, -1.948365263715979845, 8.856534637527349929 ) ) ;
#4467 = CARTESIAN_POINT ( 'NONE',  ( -1.340000000000000302, 1.340049406695269285, 7.424802541892242758 ) ) ;
#4468 = ORIENTED_EDGE ( 'NONE', *, *, #9315, .T. ) ;
#4469 = VERTEX_POINT ( 'NONE', #3138 ) ;
#4470 = ORIENTED_EDGE ( 'NONE', *, *, #8670, .F. ) ;
#4471 = EDGE_CURVE ( 'NONE', #3186, #6995, #6320, .T. ) ;
#4472 = PLANE ( 'NONE',  #6124 ) ;
#4473 = ORIENTED_EDGE ( 'NONE', *, *, #4747, .F. ) ;
#4474 = FACE_OUTER_BOUND ( 'NONE', #4131, .T. ) ;
#4475 = AXIS2_PLACEMENT_3D ( 'NONE', #2526, #5362, #7515 ) ;
#4476 = CARTESIAN_POINT ( 'NONE',  ( 1.602906781438529604, 3.564331192589055508, 0.2999999999999999334 ) ) ;
#4477 = CARTESIAN_POINT ( 'NONE',  ( -3.950000237991428964, 5.973626543402450473, 0.000000000000000000 ) ) ;
#4478 = CARTESIAN_POINT ( 'NONE',  ( -5.591000000000060588, -6.750000000000033751, -6.940161209130924824 ) ) ;
#4479 = ORIENTED_EDGE ( 'NONE', *, *, #991, .F. ) ;
#4480 = ORIENTED_EDGE ( 'NONE', *, *, #4973, .F. ) ;
#4481 =( BOUNDED_CURVE ( )  B_SPLINE_CURVE ( 3, ( #9152, #2733, #421, #1871 ),
 .UNSPECIFIED., .F., .F. ) 
 B_SPLINE_CURVE_WITH_KNOTS ( ( 4, 4 ),
 ( 1.381962946094129174, 1.570796326794896558 ),
 .UNSPECIFIED. ) 
 CURVE ( )  GEOMETRIC_REPRESENTATION_ITEM ( )  RATIONAL_B_SPLINE_CURVE ( ( 1.000000000000000000, 0.9970307029973004553, 0.9970307029973004553, 1.000000000000000000 ) ) 
 REPRESENTATION_ITEM ( '' )  );
#4482 = EDGE_CURVE ( 'NONE', #1737, #7097, #5095, .T. ) ;
#4483 = CARTESIAN_POINT ( 'NONE',  ( -3.512089370002680067, -4.454638257320263861, -304.8000000000000114 ) ) ;
#4484 = DIRECTION ( 'NONE',  ( -1.000000000000000000, -0.000000000000000000, -0.000000000000000000 ) ) ;
#4485 = SHAPE_DEFINITION_REPRESENTATION ( #5676, #2216 ) ;
#4486 = FACE_OUTER_BOUND ( 'NONE', #7865, .T. ) ;
#4487 = DIRECTION ( 'NONE',  ( 0.000000000000000000, -1.192622389734062135E-14, -1.000000000000000000 ) ) ;
#4488 = CARTESIAN_POINT ( 'NONE',  ( 0.9256338623702404789, 0.7000000000000000666, 6.876305102502938915 ) ) ;
#4489 = ORIENTED_EDGE ( 'NONE', *, *, #3075, .F. ) ;
#4490 = CARTESIAN_POINT ( 'NONE',  ( 5.599999999999949907, 3.195100562410515543, -3.306685749735108093 ) ) ;
#4491 = DIRECTION ( 'NONE',  ( 0.000000000000000000, 0.000000000000000000, -1.000000000000000000 ) ) ;
#4492 = DIRECTION ( 'NONE',  ( 0.000000000000000000, 0.000000000000000000, 1.000000000000000000 ) ) ;
#4493 = DIRECTION ( 'NONE',  ( 0.000000000000000000, -0.000000000000000000, 1.000000000000000000 ) ) ;
#4494 = PRESENTATION_STYLE_ASSIGNMENT (( #3840 ) ) ;
#4495 = CARTESIAN_POINT ( 'NONE',  ( 4.372664976581895679, 3.640943135232369343, -10.09661567848624308 ) ) ;
#4496 = ORIENTED_EDGE ( 'NONE', *, *, #1814, .T. ) ;
#4497 = FILL_AREA_STYLE ('',( #8140 ) ) ;
#4498 = ORIENTED_EDGE ( 'NONE', *, *, #1733, .T. ) ;
#4499 = VECTOR ( 'NONE', #438, 999.9999999999998863 ) ;
#4500 = DIRECTION ( 'NONE',  ( -0.000000000000000000, -0.000000000000000000, -1.000000000000000000 ) ) ;
#4501 = DIRECTION ( 'NONE',  ( 0.000000000000000000, 0.000000000000000000, 1.000000000000000000 ) ) ;
#4502 = EDGE_CURVE ( 'NONE', #6581, #9419, #9075, .T. ) ;
#4503 = EDGE_CURVE ( 'NONE', #7332, #4513, #9431, .T. ) ;
#4504 = CARTESIAN_POINT ( 'NONE',  ( -4.167157525516810068, -1.926335649230739744, 10.38998545934429885 ) ) ;
#4505 = FACE_OUTER_BOUND ( 'NONE', #5243, .T. ) ;
#4506 = FACE_OUTER_BOUND ( 'NONE', #2170, .T. ) ;
#4507 = EDGE_LOOP ( 'NONE', ( #63, #5283, #5755, #8109 ) ) ;
#4508 = ORIENTED_EDGE ( 'NONE', *, *, #212, .T. ) ;
#4509 = ORIENTED_EDGE ( 'NONE', *, *, #1080, .T. ) ;
#4510 = DIRECTION ( 'NONE',  ( -1.000000000000000000, -0.000000000000000000, -0.000000000000000000 ) ) ;
#4511 = VERTEX_POINT ( 'NONE', #6013 ) ;
#4512 = CARTESIAN_POINT ( 'NONE',  ( 8.409628979708173802, 0.8170932621786820560, -1.750000000000001554 ) ) ;
#4513 = VERTEX_POINT ( 'NONE', #6856 ) ;
#4514 = CYLINDRICAL_SURFACE ( 'NONE', #4675, 0.2000000000000000944 ) ;
#4515 = DIRECTION ( 'NONE',  ( 0.000000000000000000, 0.000000000000000000, 1.000000000000000000 ) ) ;
#4516 = CARTESIAN_POINT ( 'NONE',  ( -4.250000237991429231, 6.273626543402451183, 0.2999999999999998224 ) ) ;
#4517 = CARTESIAN_POINT ( 'NONE',  ( -4.500000237991429231, 4.619626543402450380, 10.80857426865710202 ) ) ;
#4518 = ORIENTED_EDGE ( 'NONE', *, *, #6629, .F. ) ;
#4519 = EDGE_CURVE ( 'NONE', #7389, #8956, #7439, .T. ) ;
#4520 = ORIENTED_EDGE ( 'NONE', *, *, #9079, .T. ) ;
#4521 = ORIENTED_EDGE ( 'NONE', *, *, #5581, .T. ) ;
#4522 = LINE ( 'NONE', #887, #6266 ) ;
#4523 = DIRECTION ( 'NONE',  ( 0.000000000000000000, -0.000000000000000000, 1.000000000000000000 ) ) ;
#4524 = CARTESIAN_POINT ( 'NONE',  ( 4.049999762008570592, 6.273626543402450295, 0.2999999999999998224 ) ) ;
#4525 = CIRCLE ( 'NONE', #2391, 0.3400000000000000244 ) ;
#4526 = CARTESIAN_POINT ( 'NONE',  ( -5.591000000000068582, 3.026389538271987423, -11.50807386935497867 ) ) ;
#4527 = CARTESIAN_POINT ( 'NONE',  ( 1.499999999999939826, 2.791380799352039421, -1.541375956710550499 ) ) ;
#4528 = EDGE_CURVE ( 'NONE', #6314, #6185, #3377, .T. ) ;
#4529 = AXIS2_PLACEMENT_3D ( 'NONE', #2980, #3663, #7958 ) ;
#4530 = ORIENTED_EDGE ( 'NONE', *, *, #1522, .T. ) ;
#4531 = DIRECTION ( 'NONE',  ( 0.000000000000000000, -1.000000000000000000, 0.000000000000000000 ) ) ;
#4532 = PLANE ( 'NONE',  #8255 ) ;
#4533 = CYLINDRICAL_SURFACE ( 'NONE', #2187, 0.1000000000000002554 ) ;
#4534 = CARTESIAN_POINT ( 'NONE',  ( 1.499999999999939826, -1.275702287286611281, -5.000000000000000000 ) ) ;
#4535 = DIRECTION ( 'NONE',  ( -0.000000000000000000, -1.000000000000000000, 0.000000000000000000 ) ) ;
#4536 = ADVANCED_FACE ( 'NONE', ( #6151 ), #5432, .F. ) ;
#4537 = CARTESIAN_POINT ( 'NONE',  ( 4.249999762008569881, 6.073626543402451006, 11.85091001134370003 ) ) ;
#4538 = ORIENTED_EDGE ( 'NONE', *, *, #4398, .T. ) ;
#4539 = AXIS2_PLACEMENT_3D ( 'NONE', #4669, #1710, #2562 ) ;
#4540 = AXIS2_PLACEMENT_3D ( 'NONE', #4341, #1502, #5204 ) ;
#4541 =( NAMED_UNIT ( * ) PLANE_ANGLE_UNIT ( ) SI_UNIT ( $, .RADIAN. ) );
#4542 = EDGE_LOOP ( 'NONE', ( #9206, #8197, #9097 ) ) ;
#4543 = AXIS2_PLACEMENT_3D ( 'NONE', #7424, #9105, #3125 ) ;
#4544 = CARTESIAN_POINT ( 'NONE',  ( -2.935098673953480564, 1.932139300074104726, 0.2999999999999999334 ) ) ;
#4545 = DIRECTION ( 'NONE',  ( -0.7071067811865464625, 0.000000000000000000, -0.7071067811865485719 ) ) ;
#4546 =( NAMED_UNIT ( * ) SI_UNIT ( $, .STERADIAN. ) SOLID_ANGLE_UNIT ( ) );
#4547 = CARTESIAN_POINT ( 'NONE',  ( 5.599999999999949907, 0.8170932621786317629, -10.24999999999996980 ) ) ;
#4548 = UNCERTAINTY_MEASURE_WITH_UNIT (LENGTH_MEASURE( 1.000000000000000082E-05 ), #9450, 'distance_accuracy_value', 'NONE');
#4549 = CIRCLE ( 'NONE', #412, 0.7200000000000001954 ) ;
#4550 = DIRECTION ( 'NONE',  ( 0.000000000000000000, 1.000000000000000000, 0.000000000000000000 ) ) ;
#4551 = CARTESIAN_POINT ( 'NONE',  ( 3.235098673953480386, -1.571866509722523730, 0.000000000000000000 ) ) ;
#4552 = FACE_OUTER_BOUND ( 'NONE', #4637, .T. ) ;
#4553 = ORIENTED_EDGE ( 'NONE', *, *, #1196, .T. ) ;
#4554 = AXIS2_PLACEMENT_3D ( 'NONE', #2663, #8601, #2039 ) ;
#4555 = ORIENTED_EDGE ( 'NONE', *, *, #7579, .F. ) ;
#4556 = EDGE_LOOP ( 'NONE', ( #8770, #1874, #6197, #3488 ) ) ;
#4557 = EDGE_CURVE ( 'NONE', #7332, #5089, #5891, .T. ) ;
#4558 = EDGE_CURVE ( 'NONE', #4698, #1957, #6292, .T. ) ;
#4559 = CIRCLE ( 'NONE', #5790, 0.2000000000000000944 ) ;
#4560 = ORIENTED_EDGE ( 'NONE', *, *, #3282, .T. ) ;
#4561 = DIRECTION ( 'NONE',  ( 0.000000000000000000, -1.000000000000000000, 0.000000000000000000 ) ) ;
#4562 = ORIENTED_EDGE ( 'NONE', *, *, #6177, .T. ) ;
#4563 = AXIS2_PLACEMENT_3D ( 'NONE', #4307, #6638, #8076 ) ;
#4564 = AXIS2_PLACEMENT_3D ( 'NONE', #2217, #8003, #7383 ) ;
#4565 = DIRECTION ( 'NONE',  ( 1.000000000000000000, -0.000000000000000000, -0.000000000000000000 ) ) ;
#4566 = CARTESIAN_POINT ( 'NONE',  ( -4.500158948392266822, -1.328548069848690449, -4.800000000433141345 ) ) ;
#4567 = DIRECTION ( 'NONE',  ( 0.000000000000000000, 0.000000000000000000, 1.000000000000000000 ) ) ;
#4568 = EDGE_CURVE ( 'NONE', #2321, #2676, #6337, .T. ) ;
#4569 = CARTESIAN_POINT ( 'NONE',  ( 0.9256338623702404789, 0.7000000000000000666, 6.876305102502938915 ) ) ;
#4570 = VECTOR ( 'NONE', #4510, 1000.000000000000000 ) ;
#4571 = ORIENTED_EDGE ( 'NONE', *, *, #7642, .F. ) ;
#4572 = ORIENTED_EDGE ( 'NONE', *, *, #6779, .T. ) ;
#4573 = PRESENTATION_LAYER_ASSIGNMENT (  '', '', ( #6405 ) ) ;
#4574 = ADVANCED_FACE ( 'NONE', ( #1926 ), #4181, .F. ) ;
#4575 = VERTEX_POINT ( 'NONE', #9214 ) ;
#4576 = CARTESIAN_POINT ( 'NONE',  ( -5.500000000000060396, 0.4675451179377199118, -4.930344445382288221 ) ) ;
#4577 = VECTOR ( 'NONE', #3111, 1000.000000000000000 ) ;
#4578 = VECTOR ( 'NONE', #7875, 1000.000000000000000 ) ;
#4579 = CYLINDRICAL_SURFACE ( 'NONE', #3959, 0.06960863754223914346 ) ;
#4580 = LINE ( 'NONE', #7507, #7993 ) ;
#4581 = VECTOR ( 'NONE', #283, 1000.000000000000000 ) ;
#4582 = CARTESIAN_POINT ( 'NONE',  ( 5.499999999999949374, -6.750000000000033751, -12.00000000000000000 ) ) ;
#4583 = DIRECTION ( 'NONE',  ( 1.000000000000000000, 0.000000000000000000, 0.000000000000000000 ) ) ;
#4584 = AXIS2_PLACEMENT_3D ( 'NONE', #3932, #1095, #7565 ) ;
#4585 = PRESENTATION_LAYER_ASSIGNMENT (  '', '', ( #1518 ) ) ;
#4586 = ORIENTED_EDGE ( 'NONE', *, *, #8435, .T. ) ;
#4587 = ADVANCED_FACE ( 'NONE', ( #1255 ), #8446, .F. ) ;
#4588 = CARTESIAN_POINT ( 'NONE',  ( 8.499999999999948486, 0.9170932621786138661, -11.77542427067707109 ) ) ;
#4589 = AXIS2_PLACEMENT_3D ( 'NONE', #3213, #7607, #1765 ) ;
#4590 = DIRECTION ( 'NONE',  ( 0.000000000000000000, 0.000000000000000000, 1.000000000000000000 ) ) ;
#4591 = FACE_OUTER_BOUND ( 'NONE', #6028, .T. ) ;
#4592 = CARTESIAN_POINT ( 'NONE',  ( -3.235098673953480386, 1.932139300074104726, 0.2999999999999999334 ) ) ;
#4593 = CARTESIAN_POINT ( 'NONE',  ( -1.838618586295336588, 6.073626543402451006, 5.608574268657101847 ) ) ;
#4594 = CYLINDRICAL_SURFACE ( 'NONE', #6692, 1.743247405224331414 ) ;
#4595 = ORIENTED_EDGE ( 'NONE', *, *, #990, .F. ) ;
#4596 = ORIENTED_EDGE ( 'NONE', *, *, #3579, .T. ) ;
#4597 = EDGE_LOOP ( 'NONE', ( #3612, #1920, #5229, #7755 ) ) ;
#4598 = EDGE_CURVE ( 'NONE', #3397, #4919, #7716, .T. ) ;
#4599 =( NAMED_UNIT ( * ) PLANE_ANGLE_UNIT ( ) SI_UNIT ( $, .RADIAN. ) );
#4600 = CARTESIAN_POINT ( 'NONE',  ( -2.488008628878235484, -1.926335649230746849, 4.356534637527348153 ) ) ;
#4601 = CARTESIAN_POINT ( 'NONE',  ( -2.935098673953479675, -1.271866509722523686, 0.1242640687119284659 ) ) ;
#4602 = CARTESIAN_POINT ( 'NONE',  ( 299.2999999999999545, 3.518315668917007866, -0.4919261306450205540 ) ) ;
#4603 = FACE_OUTER_BOUND ( 'NONE', #6725, .T. ) ;
#4604 = CARTESIAN_POINT ( 'NONE',  ( 8.499999999999948486, 0.9170932621786309635, -10.32236792151244131 ) ) ;
#4605 = EDGE_LOOP ( 'NONE', ( #8328, #2985, #1260, #4342, #9040, #5936, #3709, #2737, #2224, #2643 ) ) ;
#4606 = ORIENTED_EDGE ( 'NONE', *, *, #1876, .T. ) ;
#4607 = CARTESIAN_POINT ( 'NONE',  ( -4.502951499404172608, -1.416287241497577565, -5.140149845470041612 ) ) ;
#4608 = EDGE_LOOP ( 'NONE', ( #6356, #2984, #3119, #1394, #6500 ) ) ;
#4609 = CARTESIAN_POINT ( 'NONE',  ( -4.440355847210811113, -1.479640298728989389, -6.786618903461214103 ) ) ;
#4610 = ORIENTED_EDGE ( 'NONE', *, *, #9422, .F. ) ;
#4611 = LINE ( 'NONE', #6855, #388 ) ;
#4612 = CARTESIAN_POINT ( 'NONE',  ( -4.500169117742256475, -1.475666345733242402, -5.052958461851685179 ) ) ;
#4613 = DIRECTION ( 'NONE',  ( -2.612289469706220103E-15, 2.612289469706250080E-15, 1.000000000000000000 ) ) ;
#4614 = EDGE_CURVE ( 'NONE', #514, #5152, #8646, .T. ) ;
#4615 = CARTESIAN_POINT ( 'NONE',  ( 3.499999762008580539, -3.176335649230749514, 1.575220410559260209 ) ) ;
#4616 = ORIENTED_EDGE ( 'NONE', *, *, #4625, .T. ) ;
#4617 = VERTEX_POINT ( 'NONE', #2652 ) ;
#4618 = ORIENTED_EDGE ( 'NONE', *, *, #7131, .T. ) ;
#4619 = DIRECTION ( 'NONE',  ( 0.000000000000000000, -1.000000000000000000, 0.000000000000000000 ) ) ;
#4620 = EDGE_CURVE ( 'NONE', #4225, #4266, #8592, .T. ) ;
#4621 = AXIS2_PLACEMENT_3D ( 'NONE', #1715, #3246, #4729 ) ;
#4622 = FACE_OUTER_BOUND ( 'NONE', #3587, .T. ) ;
#4623 = CARTESIAN_POINT ( 'NONE',  ( 3.949999762008570059, 5.973626543402450473, 0.000000000000000000 ) ) ;
#4624 = DIRECTION ( 'NONE',  ( 0.000000000000000000, 0.000000000000000000, 1.000000000000000000 ) ) ;
#4625 = EDGE_CURVE ( 'NONE', #2789, #6745, #7060, .T. ) ;
#4626 = EDGE_CURVE ( 'NONE', #6048, #1675, #8505, .T. ) ;
#4627 = B_SPLINE_CURVE_WITH_KNOTS ( 'NONE', 3,
 ( #5982, #26, #2912, #8798, #1465, #890, #5071, #750, #5256, #8846, #69, #1422, #3774, #3692, #5886, #3732, #8024, #5212, #2855, #2287, #6595, #7264, #5931, #1562, #7403 ),
 .UNSPECIFIED., .F., .F.,
 ( 4, 3, 3, 3, 3, 3, 3, 3, 4 ),
 ( 0.0003644689307230761450, 0.0003766741608669287381, 0.0003877029540783338835, 0.0003987530705288489918, 0.0004119255378626424428, 0.0004422515529771293150, 0.0004818747368419619859, 0.0005087153331953605953, 0.0005358002678401964326 ),
 .UNSPECIFIED. ) ;
#4628 = CARTESIAN_POINT ( 'NONE',  ( 4.049999762008569704, 4.972880154081113169, 10.80857426865710202 ) ) ;
#4629 = VERTEX_POINT ( 'NONE', #3371 ) ;
#4630 = LINE ( 'NONE', #356, #5678 ) ;
#4631 = DIRECTION ( 'NONE',  ( 0.000000000000000000, 0.000000000000000000, 1.000000000000000000 ) ) ;
#4632 = FACE_OUTER_BOUND ( 'NONE', #1249, .T. ) ;
#4633 = FILL_AREA_STYLE_COLOUR ( '', #4363 ) ;
#4634 = CARTESIAN_POINT ( 'NONE',  ( 3.499999762008580539, -3.176335649230749958, 0.8552204105592599026 ) ) ;
#4635 = LINE ( 'NONE', #8909, #6245 ) ;
#4636 =( NAMED_UNIT ( * ) SI_UNIT ( $, .STERADIAN. ) SOLID_ANGLE_UNIT ( ) );
#4637 = EDGE_LOOP ( 'NONE', ( #6736, #7392, #967, #4606 ) ) ;
#4638 = ADVANCED_FACE ( 'NONE', ( #9260 ), #6954, .T. ) ;
#4639 = AXIS2_PLACEMENT_3D ( 'NONE', #8202, #157, #1782 ) ;
#4640 = CARTESIAN_POINT ( 'NONE',  ( -4.050000237991429053, -2.339157802475680281, 10.80857426865710202 ) ) ;
#4641 = VERTEX_POINT ( 'NONE', #1981 ) ;
#4642 = CARTESIAN_POINT ( 'NONE',  ( -1.000000000000002665, 1.000000000000002665, 9.475924141582259708 ) ) ;
#4643 = LINE ( 'NONE', #6138, #440 ) ;
#4644 = DIRECTION ( 'NONE',  ( 0.000000000000000000, 0.000000000000000000, 1.000000000000000000 ) ) ;
#4645 = DIRECTION ( 'NONE',  ( 0.000000000000000000, -1.173967842118904391E-14, -1.000000000000000000 ) ) ;
#4646 = UNCERTAINTY_MEASURE_WITH_UNIT (LENGTH_MEASURE( 1.000000000000000082E-05 ), #54, 'distance_accuracy_value', 'NONE');
#4647 = DIRECTION ( 'NONE',  ( -1.000000000000000000, -0.000000000000000000, -0.000000000000000000 ) ) ;
#4648 = CARTESIAN_POINT ( 'NONE',  ( 4.167157049533949831, -2.339157802475679837, 10.80857426865710202 ) ) ;
#4649 = CARTESIAN_POINT ( 'NONE',  ( -1.340000000000000080, 0.7000000000000081712, 7.205220410559250332 ) ) ;
#4650 = VERTEX_POINT ( 'NONE', #5480 ) ;
#4651 = EDGE_CURVE ( 'NONE', #1238, #160, #2516, .T. ) ;
#4652 = CARTESIAN_POINT ( 'NONE',  ( -4.559742707308481080, -1.333590018654905229, -5.107045163196774595 ) ) ;
#4653 = ORIENTED_EDGE ( 'NONE', *, *, #9372, .F. ) ;
#4654 = CARTESIAN_POINT ( 'NONE',  ( -4.250000237991429231, -1.726335649230739788, 0.2999999999999999334 ) ) ;
#4655 = ORIENTED_EDGE ( 'NONE', *, *, #1905, .T. ) ;
#4656 = SURFACE_STYLE_FILL_AREA ( #3367 ) ;
#4657 = CARTESIAN_POINT ( 'NONE',  ( 1.602906781438529604, 3.264331192589055686, 0.2999999999999999334 ) ) ;
#4658 = CARTESIAN_POINT ( 'NONE',  ( 5.599877715494955055, 3.195100562410515543, -0.1245757293229024509 ) ) ;
#4659 = DIRECTION ( 'NONE',  ( 0.000000000000000000, 0.000000000000000000, -1.000000000000000000 ) ) ;
#4660 = VECTOR ( 'NONE', #1668, 1000.000000000000227 ) ;
#4661 = CARTESIAN_POINT ( 'NONE',  ( -4.050000237991429053, 4.356126030348027811, 5.808574268657101136 ) ) ;
#4662 = EDGE_LOOP ( 'NONE', ( #7948, #6288, #1646, #7697 ) ) ;
#4663 = EDGE_CURVE ( 'NONE', #5312, #4617, #6186, .T. ) ;
#4664 = ORIENTED_EDGE ( 'NONE', *, *, #166, .T. ) ;
#4665 = ORIENTED_EDGE ( 'NONE', *, *, #8171, .T. ) ;
#4666 = DIRECTION ( 'NONE',  ( 0.000000000000000000, 0.000000000000000000, 1.000000000000000000 ) ) ;
#4667 = CARTESIAN_POINT ( 'NONE',  ( -4.500000237991419461, -2.339157802475679837, 7.570146519281761854 ) ) ;
#4668 = DIRECTION ( 'NONE',  ( -0.000000000000000000, 0.000000000000000000, 1.000000000000000000 ) ) ;
#4669 = CARTESIAN_POINT ( 'NONE',  ( -3.500000237991430119, -3.176335649230749514, 1.575220410559260209 ) ) ;
#4670 = CARTESIAN_POINT ( 'NONE',  ( 4.227064197278441071, 4.467534461656488709, 10.70248941669408715 ) ) ;
#4671 = EDGE_CURVE ( 'NONE', #4779, #380, #7002, .T. ) ;
#4672 = EDGE_CURVE ( 'NONE', #3465, #785, #8949, .T. ) ;
#4673 = B_SPLINE_CURVE_WITH_KNOTS ( 'NONE', 3,
 ( #4358, #8989, #4814, #3193, #1749, #1121, #3911, #7549 ),
 .UNSPECIFIED., .F., .F.,
 ( 4, 2, 2, 4 ),
 ( 0.000000000000000000, 0.0002645530190062295325, 0.0003968295285093449221, 0.0005291060380124602575 ),
 .UNSPECIFIED. ) ;
#4674 = ORIENTED_EDGE ( 'NONE', *, *, #1257, .T. ) ;
#4675 = AXIS2_PLACEMENT_3D ( 'NONE', #1499, #3041, #7299 ) ;
#4676 = DIRECTION ( 'NONE',  ( 0.000000000000000000, 0.000000000000000000, -1.000000000000000000 ) ) ;
#4677 = DIRECTION ( 'NONE',  ( 0.7018122366944840040, -0.1221440495962380079, 0.7018122366944861135 ) ) ;
#4678 = CARTESIAN_POINT ( 'NONE',  ( 4.424999762008582138, 2.046628620718602853, 13.68857426865710281 ) ) ;
#4679 = FACE_OUTER_BOUND ( 'NONE', #7006, .T. ) ;
#4680 = DIRECTION ( 'NONE',  ( 0.000000000000000000, 0.000000000000000000, -1.000000000000000000 ) ) ;
#4681 = EDGE_CURVE ( 'NONE', #7749, #2321, #1400, .T. ) ;
#4682 = FILL_AREA_STYLE_COLOUR ( '', #3664 ) ;
#4683 = ORIENTED_EDGE ( 'NONE', *, *, #3637, .F. ) ;
#4684 = CARTESIAN_POINT ( 'NONE',  ( -3.500000237991430119, -4.226335649230740898, 8.355220410559260458 ) ) ;
#4685 = ORIENTED_EDGE ( 'NONE', *, *, #6339, .T. ) ;
#4686 = CYLINDRICAL_SURFACE ( 'NONE', #3067, 0.1999999999999996503 ) ;
#4687 =( NAMED_UNIT ( * ) SI_UNIT ( $, .STERADIAN. ) SOLID_ANGLE_UNIT ( ) );
#4688 = FILL_AREA_STYLE_COLOUR ( '', #8554 ) ;
#4689 = VECTOR ( 'NONE', #8291, 1000.000000000000000 ) ;
#4690 = DIRECTION ( 'NONE',  ( 0.000000000000000000, -1.000000000000000000, 0.000000000000000000 ) ) ;
#4691 = DIRECTION ( 'NONE',  ( 0.000000000000000000, -1.000000000000000000, 0.000000000000000000 ) ) ;
#4692 = DIRECTION ( 'NONE',  ( 0.000000000000000000, 0.000000000000000000, -1.000000000000000000 ) ) ;
#4693 = COLOUR_RGB ( '',0.6470588235294117974, 0.6196078431372549211, 0.5882352941176470784 ) ;
#4694 = LINE ( 'NONE', #8437, #9485 ) ;
#4695 = ORIENTED_EDGE ( 'NONE', *, *, #898, .F. ) ;
#4696 = CARTESIAN_POINT ( 'NONE',  ( -4.485959377084363098, -1.135117085276595716, -5.173254527743315734 ) ) ;
#4697 = ORIENTED_EDGE ( 'NONE', *, *, #8117, .T. ) ;
#4698 = VERTEX_POINT ( 'NONE', #5762 ) ;
#4699 = VECTOR ( 'NONE', #678, 1000.000000000000000 ) ;
#4700 = EDGE_CURVE ( 'NONE', #8672, #5485, #1615, .T. ) ;
#4701 = CARTESIAN_POINT ( 'NONE',  ( -4.500177543114353362, -1.454407449093489957, -6.895858594755414295 ) ) ;
#4702 = CARTESIAN_POINT ( 'NONE',  ( -0.9999999958049915483, 0.8367118347829809455, 6.880000000000001670 ) ) ;
#4703 = DIRECTION ( 'NONE',  ( 0.000000000000000000, 0.000000000000000000, -1.000000000000000000 ) ) ;
#4704 = VECTOR ( 'NONE', #5081, 1000.000000000000000 ) ;
#4705 = LINE ( 'NONE', #9310, #6382 ) ;
#4706 = ORIENTED_EDGE ( 'NONE', *, *, #2604, .T. ) ;
#4707 = ORIENTED_EDGE ( 'NONE', *, *, #5736, .F. ) ;
#4708 = AXIS2_PLACEMENT_3D ( 'NONE', #5608, #3594, #1474 ) ;
#4709 = VECTOR ( 'NONE', #593, 1000.000000000000000 ) ;
#4710 = VERTEX_POINT ( 'NONE', #3785 ) ;
#4711 = VECTOR ( 'NONE', #297, 1000.000000000000000 ) ;
#4712 = FACE_OUTER_BOUND ( 'NONE', #4251, .T. ) ;
#4713 = EDGE_CURVE ( 'NONE', #9282, #7918, #855, .T. ) ;
#4714 = PRESENTATION_LAYER_ASSIGNMENT (  '', '', ( #9313 ) ) ;
#4715 = DIRECTION ( 'NONE',  ( 0.000000000000000000, 0.000000000000000000, -1.000000000000000000 ) ) ;
#4716 = DIRECTION ( 'NONE',  ( -0.000000000000000000, -0.000000000000000000, -1.000000000000000000 ) ) ;
#4717 = B_SPLINE_CURVE_WITH_KNOTS ( 'NONE', 3,
 ( #5646, #6307, #8563, #7835 ),
 .UNSPECIFIED., .F., .F.,
 ( 4, 4 ),
 ( 0.000000000000000000, 1.517025090301828546E-05 ),
 .UNSPECIFIED. ) ;
#4718 = CARTESIAN_POINT ( 'NONE',  ( -1.602906781438529604, 3.564331192589055508, 0.000000000000000000 ) ) ;
#4719 = MECHANICAL_DESIGN_GEOMETRIC_PRESENTATION_REPRESENTATION (  '', ( #6405 ), #1661 ) ;
#4720 = DIRECTION ( 'NONE',  ( 0.000000000000000000, -1.000000000000000000, 0.000000000000000000 ) ) ;
#4721 = CIRCLE ( 'NONE', #7623, 2.488011465802470124 ) ;
#4722 = AXIS2_PLACEMENT_3D ( 'NONE', #2909, #5012, #8605 ) ;
#4723 = MECHANICAL_DESIGN_GEOMETRIC_PRESENTATION_REPRESENTATION (  '', ( #3055 ), #597 ) ;
#4724 = ORIENTED_EDGE ( 'NONE', *, *, #7499, .F. ) ;
#4725 =( BOUNDED_SURFACE ( )  B_SPLINE_SURFACE ( 3, 2, ( 
 ( #8590, #4991, #7101 ),
 ( #8532, #2117, #7284 ),
 ( #2069, #4220, #3661 ),
 ( #6425, #8000, #1398 ) ),
 .UNSPECIFIED., .F., .F., .T. ) 
 B_SPLINE_SURFACE_WITH_KNOTS ( ( 4, 4 ),
 ( 3, 3 ),
 ( 4.679575379699886848E-05, 0.0002023629728793098124 ),
 ( 0.000000000000000000, 1.000000000000000000 ),
 .UNSPECIFIED. ) 
 GEOMETRIC_REPRESENTATION_ITEM ( )  RATIONAL_B_SPLINE_SURFACE ( (
 ( 1.000000000000000000, 0.8821556041831712935, 1.000000000000000000),
 ( 1.000000000000000000, 0.8284817529165233729, 1.000000000000000000),
 ( 1.000000000000000000, 0.7609387870008486043, 1.000000000000000000),
 ( 1.000000000000000000, 0.7071067811865268116, 1.000000000000000000) ) ) 
 REPRESENTATION_ITEM ( '' )  SURFACE ( )  );
#4726 = VECTOR ( 'NONE', #9181, 1000.000000000000000 ) ;
#4727 = DIRECTION ( 'NONE',  ( -1.000000000000000000, 0.000000000000000000, -0.000000000000000000 ) ) ;
#4728 = CARTESIAN_POINT ( 'NONE',  ( -2.488008791255642560, 1.872510310159681834, 3.999999999999983569 ) ) ;
#4729 = DIRECTION ( 'NONE',  ( 0.000000000000000000, 0.000000000000000000, -1.000000000000000000 ) ) ;
#4730 = VECTOR ( 'NONE', #1626, 1000.000000000000000 ) ;
#4731 = CARTESIAN_POINT ( 'NONE',  ( 4.249999762008569881, -1.726335649230739788, 7.370146519281761677 ) ) ;
#4732 = VECTOR ( 'NONE', #4379, 999.9999999999998863 ) ;
#4733 = CARTESIAN_POINT ( 'NONE',  ( -4.500000237991429231, -2.339157802475680281, 10.80857426865710202 ) ) ;
#4734 = EDGE_CURVE ( 'NONE', #7730, #448, #7406, .T. ) ;
#4735 = CARTESIAN_POINT ( 'NONE',  ( 5.499999999999949374, 3.295100562410515188, -3.306685749735108093 ) ) ;
#4736 = ORIENTED_EDGE ( 'NONE', *, *, #9280, .F. ) ;
#4737 = ORIENTED_EDGE ( 'NONE', *, *, #849, .T. ) ;
#4738 = AXIS2_PLACEMENT_3D ( 'NONE', #900, #5079, #5220 ) ;
#4739 =( NAMED_UNIT ( * ) SI_UNIT ( $, .STERADIAN. ) SOLID_ANGLE_UNIT ( ) );
#4740 = MECHANICAL_DESIGN_GEOMETRIC_PRESENTATION_REPRESENTATION (  '', ( #2298 ), #9183 ) ;
#4741 = VERTEX_POINT ( 'NONE', #3070 ) ;
#4742 = ADVANCED_FACE ( 'NONE', ( #1350 ), #8908, .T. ) ;
#4743 = LINE ( 'NONE', #4786, #135 ) ;
#4744 = FACE_OUTER_BOUND ( 'NONE', #2474, .T. ) ;
#4745 = CARTESIAN_POINT ( 'NONE',  ( -0.7477005242537160257, 2.420857981308560447, 8.856534637527339271 ) ) ;
#4746 = AXIS2_PLACEMENT_3D ( 'NONE', #4820, #3390, #1174 ) ;
#4747 = EDGE_CURVE ( 'NONE', #354, #4710, #9409, .T. ) ;
#4748 = FACE_OUTER_BOUND ( 'NONE', #4045, .T. ) ;
#4749 = CARTESIAN_POINT ( 'NONE',  ( -4.250000237991429231, -1.726335649230739566, 0.1242640687119284937 ) ) ;
#4750 = ORIENTED_EDGE ( 'NONE', *, *, #4227, .T. ) ;
#4751 = CARTESIAN_POINT ( 'NONE',  ( -4.593996922140454409, -1.267432240380766073, -5.057255846633124108 ) ) ;
#4752 = VERTEX_POINT ( 'NONE', #5263 ) ;
#4753 = CARTESIAN_POINT ( 'NONE',  ( -4.499692228805800553, -1.447010295314860251, -7.110958422975937054 ) ) ;
#4754 = AXIS2_PLACEMENT_3D ( 'NONE', #5025, #9242, #7043 ) ;
#4755 = EDGE_LOOP ( 'NONE', ( #5260, #8318, #5871 ) ) ;
#4756 = DIRECTION ( 'NONE',  ( 0.000000000000000000, 1.000000000000000000, 0.000000000000000000 ) ) ;
#4757 = DIRECTION ( 'NONE',  ( -2.612289469706220103E-15, 2.612289469706250080E-15, 1.000000000000000000 ) ) ;
#4758 = CARTESIAN_POINT ( 'NONE',  ( 8.499999999999948486, 3.195100562410447154, -11.87542427067709561 ) ) ;
#4759 = DIRECTION ( 'NONE',  ( 1.000000000000000000, -0.000000000000000000, -0.000000000000000000 ) ) ;
#4760 = CARTESIAN_POINT ( 'NONE',  ( -0.9999963983606653395, 0.6795958279079256092, 7.524786643391003338 ) ) ;
#4761 = ORIENTED_EDGE ( 'NONE', *, *, #3257, .F. ) ;
#4762 = ORIENTED_EDGE ( 'NONE', *, *, #9272, .F. ) ;
#4763 = EDGE_CURVE ( 'NONE', #1147, #495, #7867, .T. ) ;
#4764 = EDGE_LOOP ( 'NONE', ( #6623, #3895, #3516, #1558 ) ) ;
#4765 = CARTESIAN_POINT ( 'NONE',  ( 5.505836100639300845, 2.199003703883104510, -3.273023306906377439 ) ) ;
#4766 = B_SPLINE_CURVE_WITH_KNOTS ( 'NONE', 3,
 ( #503, #2620, #3430, #5639, #6346, #2666 ),
 .UNSPECIFIED., .F., .F.,
 ( 4, 2, 4 ),
 ( 0.000000000000000000, 0.5000000000000000000, 1.000000000000000000 ),
 .UNSPECIFIED. ) ;
#4767 = CARTESIAN_POINT ( 'NONE',  ( 2.488006595590551484, 0.05207503001326942160, 4.356534637527341047 ) ) ;
#4768 = CARTESIAN_POINT ( 'NONE',  ( -3.512089370002680067, -4.454638257320263861, -4.132719577992327586 ) ) ;
#4769 = SURFACE_STYLE_USAGE ( .BOTH. , #6918 ) ;
#4770 = DIRECTION ( 'NONE',  ( 1.000000000000000000, 0.000000000000000000, 0.000000000000000000 ) ) ;
#4771 = ADVANCED_FACE ( 'NONE', ( #6686 ), #2072, .T. ) ;
#4772 = ORIENTED_EDGE ( 'NONE', *, *, #2032, .T. ) ;
#4773 = DIRECTION ( 'NONE',  ( 0.000000000000000000, -1.000000000000000000, -0.000000000000000000 ) ) ;
#4774 = LINE ( 'NONE', #5303, #8565 ) ;
#4775 = CARTESIAN_POINT ( 'NONE',  ( -0.6599999999999839329, 1.000023159388420124, 7.467524534621670540 ) ) ;
#4776 = DIRECTION ( 'NONE',  ( 1.000000000000000000, 0.000000000000000000, 0.000000000000000000 ) ) ;
#4777 = CARTESIAN_POINT ( 'NONE',  ( 3.749999762008580539, -3.569272152699979994, 11.35165280074355820 ) ) ;
#4778 = DIRECTION ( 'NONE',  ( 0.000000000000000000, 1.165517335421924366E-14, 1.000000000000000000 ) ) ;
#4779 = VERTEX_POINT ( 'NONE', #3015 ) ;
#4780 = EDGE_CURVE ( 'NONE', #4919, #537, #7243, .T. ) ;
#4781 = EDGE_LOOP ( 'NONE', ( #2944, #6760, #5987, #6142 ) ) ;
#4782 =( BOUNDED_CURVE ( )  B_SPLINE_CURVE ( 3, ( #2979, #2257, #7380, #1136 ),
 .UNSPECIFIED., .F., .T. ) 
 B_SPLINE_CURVE_WITH_KNOTS ( ( 4, 4 ),
 ( 0.000000000000000000, 1.570796326794896558 ),
 .UNSPECIFIED. ) 
 CURVE ( )  GEOMETRIC_REPRESENTATION_ITEM ( )  RATIONAL_B_SPLINE_CURVE ( ( 1.000000000000000000, 0.8047378541243649375, 0.8047378541243649375, 1.000000000000000000 ) ) 
 REPRESENTATION_ITEM ( '' )  );
#4783 = DIRECTION ( 'NONE',  ( 0.000000000000000000, -1.000000000000000000, 0.000000000000000000 ) ) ;
#4784 = ORIENTED_EDGE ( 'NONE', *, *, #1306, .F. ) ;
#4785 = PRESENTATION_STYLE_ASSIGNMENT (( #5461 ) ) ;
#4786 = CARTESIAN_POINT ( 'NONE',  ( 1.499999999999939826, 0.7903099654848935174, -9.847109111472885701 ) ) ;
#4787 = SURFACE_SIDE_STYLE ('',( #9201 ) ) ;
#4788 = CARTESIAN_POINT ( 'NONE',  ( 5.500172747694760389, 3.288129453520628687, -0.07561813460520451502 ) ) ;
#4789 = CARTESIAN_POINT ( 'NONE',  ( 0.6599999999999958122, 0.6599969120815425416, 7.510246527350932233 ) ) ;
#4790 = CIRCLE ( 'NONE', #1583, 0.2999999999999999889 ) ;
#4791 = CARTESIAN_POINT ( 'NONE',  ( 4.249999762008568993, -2.256315090001060675, 10.47282817181891978 ) ) ;
#4792 = CARTESIAN_POINT ( 'NONE',  ( -3.950000237991428964, -1.926335649230739744, 0.000000000000000000 ) ) ;
#4793 = VERTEX_POINT ( 'NONE', #3114 ) ;
#4794 = EDGE_CURVE ( 'NONE', #8262, #8588, #989, .T. ) ;
#4795 =( NAMED_UNIT ( * ) SI_UNIT ( $, .STERADIAN. ) SOLID_ANGLE_UNIT ( ) );
#4796 = ORIENTED_EDGE ( 'NONE', *, *, #332, .T. ) ;
#4797 = EDGE_CURVE ( 'NONE', #6745, #5510, #4324, .T. ) ;
#4798 = CARTESIAN_POINT ( 'NONE',  ( -4.483624169791982972, -1.414380291900731779, -7.179240208153211178 ) ) ;
#4799 = ADVANCED_FACE ( 'NONE', ( #4276 ), #676, .T. ) ;
#4800 = ORIENTED_EDGE ( 'NONE', *, *, #7954, .T. ) ;
#4801 = SURFACE_STYLE_USAGE ( .BOTH. , #1067 ) ;
#4802 = CARTESIAN_POINT ( 'NONE',  ( -3.500000237991429231, -4.426335649230749958, 1.575220410559260875 ) ) ;
#4803 = DIRECTION ( 'NONE',  ( 0.000000000000000000, 0.000000000000000000, -1.000000000000000000 ) ) ;
#4804 = DIRECTION ( 'NONE',  ( 0.000000000000000000, 0.000000000000000000, 1.000000000000000000 ) ) ;
#4805 = CARTESIAN_POINT ( 'NONE',  ( 1.838618586295336588, 3.914972254309967425, 5.808574268657101136 ) ) ;
#4806 = CARTESIAN_POINT ( 'NONE',  ( -5.591000000000068582, 5.337783869614061594, -6.940161209130924824 ) ) ;
#4807 = EDGE_LOOP ( 'NONE', ( #3792, #8628, #7824, #1557 ) ) ;
#4808 = EDGE_CURVE ( 'NONE', #3318, #1263, #6517, .T. ) ;
#4809 = ORIENTED_EDGE ( 'NONE', *, *, #8248, .F. ) ;
#4810 = ORIENTED_EDGE ( 'NONE', *, *, #4482, .F. ) ;
#4811 = FACE_OUTER_BOUND ( 'NONE', #51, .T. ) ;
#4812 = AXIS2_PLACEMENT_3D ( 'NONE', #847, #7413, #2795 ) ;
#4813 = FILL_AREA_STYLE ('',( #2706 ) ) ;
#4814 = CARTESIAN_POINT ( 'NONE',  ( 2.842464382058485839, 6.153062703544816436, 5.796233746846962909 ) ) ;
#4815 = CARTESIAN_POINT ( 'NONE',  ( 4.167157049533950719, -2.339157802475679837, 7.570146519281761854 ) ) ;
#4816 = LINE ( 'NONE', #7246, #9165 ) ;
#4817 = PRESENTATION_LAYER_ASSIGNMENT (  '', '', ( #8948 ) ) ;
#4818 = EDGE_LOOP ( 'NONE', ( #5092, #8539, #8732, #8136 ) ) ;
#4819 = CARTESIAN_POINT ( 'NONE',  ( 4.645139837156087026, 3.640943135231430539, -10.09661567848615249 ) ) ;
#4820 = CARTESIAN_POINT ( 'NONE',  ( 5.499999999999949374, 3.026389538271987423, -11.50807386935497867 ) ) ;
#4821 = LINE ( 'NONE', #7734, #9384 ) ;
#4822 = EDGE_CURVE ( 'NONE', #1074, #1974, #7199, .T. ) ;
#4823 = DIRECTION ( 'NONE',  ( 0.000000000000000000, 0.000000000000000000, 1.000000000000000000 ) ) ;
#4824 = CARTESIAN_POINT ( 'NONE',  ( -1.602906781438529604, 1.932139300074104726, 4.000000000000000000 ) ) ;
#4825 = FACE_OUTER_BOUND ( 'NONE', #741, .T. ) ;
#4826 = VERTEX_POINT ( 'NONE', #4731 ) ;
#4827 = ORIENTED_EDGE ( 'NONE', *, *, #6519, .T. ) ;
#4828 = CARTESIAN_POINT ( 'NONE',  ( 5.499999999999949374, -5.585694816515836436, -304.8000000000000114 ) ) ;
#4829 = CARTESIAN_POINT ( 'NONE',  ( 0.9176949694176285144, 0.7787803757764790724, 6.880000000000014104 ) ) ;
#4830 = EDGE_CURVE ( 'NONE', #7050, #785, #4971, .T. ) ;
#4831 = DIRECTION ( 'NONE',  ( 0.000000000000000000, 0.000000000000000000, 1.000000000000000000 ) ) ;
#4832 = CARTESIAN_POINT ( 'NONE',  ( 1.000000000000000000, 0.6600000000000000311, 7.505220410559251043 ) ) ;
#4833 = VECTOR ( 'NONE', #8931, 1000.000000000000000 ) ;
#4834 = B_SPLINE_CURVE_WITH_KNOTS ( 'NONE', 3,
 ( #7941, #4254, #4119, #4884, #5705, #1283 ),
 .UNSPECIFIED., .F., .F.,
 ( 4, 2, 4 ),
 ( 2.744980653624149643E-18, 9.241801320933847107E-05, 0.0001848360264186741774 ),
 .UNSPECIFIED. ) ;
#4835 = CARTESIAN_POINT ( 'NONE',  ( 4.117207084372562775, 3.882125191446054391, -1.994818029325662323 ) ) ;
#4836 = DIRECTION ( 'NONE',  ( -1.000000000000000000, -0.000000000000000000, -0.000000000000000000 ) ) ;
#4837 = ORIENTED_EDGE ( 'NONE', *, *, #6964, .F. ) ;
#4838 = CARTESIAN_POINT ( 'NONE',  ( -4.495976819883250819, -1.068959574631856979, -5.007466530069470956 ) ) ;
#4839 = ORIENTED_EDGE ( 'NONE', *, *, #1339, .T. ) ;
#4840 = CIRCLE ( 'NONE', #709, 2.940962153935815948 ) ;
#4841 = CARTESIAN_POINT ( 'NONE',  ( -4.537909986721642142, -1.414380291900731779, -7.059747014764805151 ) ) ;
#4842 = EDGE_LOOP ( 'NONE', ( #213, #6378 ) ) ;
#4843 = FACE_OUTER_BOUND ( 'NONE', #2381, .T. ) ;
#4844 = CARTESIAN_POINT ( 'NONE',  ( 1.499999999999939826, -1.468035014617239398, -1.541199953753204177 ) ) ;
#4845 = FACE_OUTER_BOUND ( 'NONE', #334, .T. ) ;
#4846 =( GEOMETRIC_REPRESENTATION_CONTEXT ( 3 ) GLOBAL_UNCERTAINTY_ASSIGNED_CONTEXT ( ( #2174 ) ) GLOBAL_UNIT_ASSIGNED_CONTEXT ( ( #2231, #5921, #5834 ) ) REPRESENTATION_CONTEXT ( 'NONE', 'WORKASPACE' ) );
#4847 = CARTESIAN_POINT ( 'NONE',  ( -4.109651593198428543, -6.362533017275319835, -1.296592534471977531 ) ) ;
#4848 = CARTESIAN_POINT ( 'NONE',  ( -4.250000237991429231, -1.726335649230739788, 7.370146519281761677 ) ) ;
#4849 = CARTESIAN_POINT ( 'NONE',  ( -2.720647953715647382, -1.693696324395201014, -1.391251615865187814E-16 ) ) ;
#4850 = VERTEX_POINT ( 'NONE', #2485 ) ;
#4851 = MECHANICAL_DESIGN_GEOMETRIC_PRESENTATION_REPRESENTATION (  '', ( #3008 ), #7597 ) ;
#4852 = ADVANCED_FACE ( 'NONE', ( #5405 ), #8367, .T. ) ;
#4853 = EDGE_CURVE ( 'NONE', #6762, #4575, #2527, .T. ) ;
#4854 = ORIENTED_EDGE ( 'NONE', *, *, #3662, .F. ) ;
#4855 =( NAMED_UNIT ( * ) SI_UNIT ( $, .STERADIAN. ) SOLID_ANGLE_UNIT ( ) );
#4856 = CIRCLE ( 'NONE', #9143, 1.743247405224331414 ) ;
#4857 = ORIENTED_EDGE ( 'NONE', *, *, #5412, .T. ) ;
#4858 = CARTESIAN_POINT ( 'NONE',  ( 5.538826465885039241, 2.188915018267962864, -3.226751774842867349 ) ) ;
#4859 =( GEOMETRIC_REPRESENTATION_CONTEXT ( 3 ) GLOBAL_UNCERTAINTY_ASSIGNED_CONTEXT ( ( #5138 ) ) GLOBAL_UNIT_ASSIGNED_CONTEXT ( ( #3014, #6555, #6643 ) ) REPRESENTATION_CONTEXT ( 'NONE', 'WORKASPACE' ) );
#4860 = ADVANCED_FACE ( 'NONE', ( #4679 ), #6926, .F. ) ;
#4861 = CARTESIAN_POINT ( 'NONE',  ( -1.000000000000000888, -4.395153435249019580, 7.008957551437635658 ) ) ;
#4862 = CARTESIAN_POINT ( 'NONE',  ( -4.553176055744013517, -6.750000000000033751, -304.8000000000000114 ) ) ;
#4863 = CARTESIAN_POINT ( 'NONE',  ( 8.399999999999948841, 0.2193455792999002840, -3.680812209029087789 ) ) ;
#4864 = LINE ( 'NONE', #455, #8514 ) ;
#4865 = VECTOR ( 'NONE', #8858, 1000.000000000000000 ) ;
#4866 = VERTEX_POINT ( 'NONE', #5364 ) ;
#4867 = LINE ( 'NONE', #8359, #8862 ) ;
#4868 = EDGE_CURVE ( 'NONE', #5792, #1355, #9093, .T. ) ;
#4869 = VECTOR ( 'NONE', #8203, 1000.000000000000000 ) ;
#4870 = EDGE_LOOP ( 'NONE', ( #4262, #2648, #6846, #1776, #1453 ) ) ;
#4871 = DIRECTION ( 'NONE',  ( 0.000000000000000000, -3.726965813680791121E-16, -1.000000000000000000 ) ) ;
#4872 = CIRCLE ( 'NONE', #9155, 0.1999999999999996503 ) ;
#4873 = CARTESIAN_POINT ( 'NONE',  ( -0.6600000000000004752, 0.7000000000000090594, 6.865220410559229158 ) ) ;
#4874 = AXIS2_PLACEMENT_3D ( 'NONE', #7476, #4691, #8293 ) ;
#4875 = CARTESIAN_POINT ( 'NONE',  ( 1.000000000000000000, 0.6600000000000000311, 7.505220410559251043 ) ) ;
#4876 = DIRECTION ( 'NONE',  ( -0.000000000000000000, 1.000000000000000000, 0.000000000000000000 ) ) ;
#4877 = DIRECTION ( 'NONE',  ( -2.612289469706220103E-15, 2.612289469706250080E-15, 1.000000000000000000 ) ) ;
#4878 = ORIENTED_EDGE ( 'NONE', *, *, #2312, .T. ) ;
#4879 = VECTOR ( 'NONE', #1234, 1000.000000000000000 ) ;
#4880 = EDGE_CURVE ( 'NONE', #906, #3177, #8422, .T. ) ;
#4881 = ORIENTED_EDGE ( 'NONE', *, *, #2393, .F. ) ;
#4882 = DIRECTION ( 'NONE',  ( 0.000000000000000000, 0.000000000000000000, 1.000000000000000000 ) ) ;
#4883 = AXIS2_PLACEMENT_3D ( 'NONE', #3929, #272, #4025 ) ;
#4884 = CARTESIAN_POINT ( 'NONE',  ( 1.059328774752251512, 0.8151096824253776241, 6.880000000012935324 ) ) ;
#4885 = SURFACE_SIDE_STYLE ('',( #1964 ) ) ;
#4886 = CARTESIAN_POINT ( 'NONE',  ( 0.6599999999999692779, 1.165319909422410261, 7.039903344578339883 ) ) ;
#4887 = AXIS2_PLACEMENT_3D ( 'NONE', #9154, #5379, #1010 ) ;
#4888 = DIRECTION ( 'NONE',  ( -0.000000000000000000, -0.000000000000000000, -1.000000000000000000 ) ) ;
#4889 = FILL_AREA_STYLE ('',( #4261 ) ) ;
#4890 = ORIENTED_EDGE ( 'NONE', *, *, #5445, .F. ) ;
#4891 = AXIS2_PLACEMENT_3D ( 'NONE', #3286, #6210, #9136 ) ;
#4892 = VECTOR ( 'NONE', #66, 1000.000000000000000 ) ;
#4893 = EDGE_CURVE ( 'NONE', #2926, #1745, #359, .T. ) ;
#4894 = CARTESIAN_POINT ( 'NONE',  ( -4.565085622997370862, -1.168195840598960977, -5.007466530069471844 ) ) ;
#4895 = ORIENTED_EDGE ( 'NONE', *, *, #9372, .T. ) ;
#4896 = CARTESIAN_POINT ( 'NONE',  ( -4.565440871246694954, -1.381750288486601752, -6.991465090931177073 ) ) ;
#4897 = ORIENTED_EDGE ( 'NONE', *, *, #4949, .T. ) ;
#4898 = CARTESIAN_POINT ( 'NONE',  ( 1.499999999999939826, -3.018949692510942029, -7.069655554617711779 ) ) ;
#4899 = CARTESIAN_POINT ( 'NONE',  ( 5.516414149288667801, 2.194511167259295625, -8.748208745078761339 ) ) ;
#4900 = PRODUCT ( 'E6S20A-40MT5-Y', 'E6S20A-40MT5-Y', '', ( #6633 ) ) ;
#4901 = ORIENTED_EDGE ( 'NONE', *, *, #9297, .T. ) ;
#4902 = DIRECTION ( 'NONE',  ( -1.000000000000000000, -0.000000000000000000, -0.000000000000000000 ) ) ;
#4903 = AXIS2_PLACEMENT_3D ( 'NONE', #7534, #8299, #2548 ) ;
#4904 = DIRECTION ( 'NONE',  ( 1.000000000000000000, 0.000000000000000000, 0.000000000000000000 ) ) ;
#4905 =( BOUNDED_CURVE ( )  B_SPLINE_CURVE ( 3, ( #1681, #4601, #5317, #8187 ),
 .UNSPECIFIED., .F., .T. ) 
 B_SPLINE_CURVE_WITH_KNOTS ( ( 4, 4 ),
 ( 0.000000000000000000, 1.570796326794896558 ),
 .UNSPECIFIED. ) 
 CURVE ( )  GEOMETRIC_REPRESENTATION_ITEM ( )  RATIONAL_B_SPLINE_CURVE ( ( 1.000000000000000000, 0.8047378541243649375, 0.8047378541243649375, 1.000000000000000000 ) ) 
 REPRESENTATION_ITEM ( '' )  );
#4906 = CARTESIAN_POINT ( 'NONE',  ( -0.6600000000000000311, 0.7000000000000083933, 7.205220410559250332 ) ) ;
#4907 = LINE ( 'NONE', #1302, #7454 ) ;
#4908 = ORIENTED_EDGE ( 'NONE', *, *, #1286, .F. ) ;
#4909 = ORIENTED_EDGE ( 'NONE', *, *, #2473, .F. ) ;
#4910 = LINE ( 'NONE', #9316, #894 ) ;
#4911 = VECTOR ( 'NONE', #3331, 1000.000000000000000 ) ;
#4912 = VERTEX_POINT ( 'NONE', #6130 ) ;
#4913 = CARTESIAN_POINT ( 'NONE',  ( 8.495952589981250469, 2.238028867724588977, -3.137372841917314581 ) ) ;
#4914 = CARTESIAN_POINT ( 'NONE',  ( -0.6966428527726639119, 0.7000000000000086153, 7.382695874538766745 ) ) ;
#4915 = EDGE_CURVE ( 'NONE', #8029, #7050, #1859, .T. ) ;
#4916 = LINE ( 'NONE', #9224, #8460 ) ;
#4917 = CARTESIAN_POINT ( 'NONE',  ( -4.029966819387077237, -1.866235393417685851, 0.1156356754750173105 ) ) ;
#4918 = CARTESIAN_POINT ( 'NONE',  ( -3.500000237991430119, -4.226335649230749780, 0.8552204105592610128 ) ) ;
#4919 = VERTEX_POINT ( 'NONE', #9190 ) ;
#4920 = DIRECTION ( 'NONE',  ( 0.000000000000000000, 1.000000000000000000, 0.000000000000000000 ) ) ;
#4921 = B_SPLINE_CURVE_WITH_KNOTS ( 'NONE', 3,
 ( #15, #2945, #5874, #1637, #6763, #98, #7346, #2320, #2225, #5916, #3038, #5966, #8054, #8154, #1594, #6714, #4429, #4512, #153 ),
 .UNSPECIFIED., .F., .F.,
 ( 4, 3, 3, 3, 3, 3, 4 ),
 ( -2.058131887880857074E-06, 0.000000000000000000, 4.788251946159728569E-05, 8.439932756076155818E-05, 0.0001151196827466457659, 0.0001437946160873882580, 0.0001726245604316660465 ),
 .UNSPECIFIED. ) ;
#4922 = COLOUR_RGB ( '',0.9019607843137255054, 0.9019607843137255054, 0.9019607843137255054 ) ;
#4923 = ADVANCED_FACE ( 'NONE', ( #1806 ), #6882, .T. ) ;
#4924 = DIRECTION ( 'NONE',  ( 0.000000000000000000, 0.000000000000000000, 1.000000000000000000 ) ) ;
#4925 = EDGE_CURVE ( 'NONE', #2549, #6099, #4241, .T. ) ;
#4926 = CARTESIAN_POINT ( 'NONE',  ( 4.645139837156038176, 3.518315668917007866, -304.8000000000000114 ) ) ;
#4927 = CARTESIAN_POINT ( 'NONE',  ( -5.591000000000060588, 4.771167705692608507, -12.00000000000000000 ) ) ;
#4928 = CARTESIAN_POINT ( 'NONE',  ( 5.539534323461646537, 0.7967418777395650631, -1.743816702201333779 ) ) ;
#4929 = CARTESIAN_POINT ( 'NONE',  ( -5.591000000000060588, 0.7903099654848935174, -9.847109111472885701 ) ) ;
#4930 = CARTESIAN_POINT ( 'NONE',  ( -4.500159491542393475, -1.275702287286610392, -4.799999999999997158 ) ) ;
#4931 = ORIENTED_EDGE ( 'NONE', *, *, #3613, .F. ) ;
#4932 = CARTESIAN_POINT ( 'NONE',  ( -5.400000000000059863, -3.018949692510942029, -7.069655554617711779 ) ) ;
#4933 = CARTESIAN_POINT ( 'NONE',  ( -4.250000237991429231, 6.073626543402451006, 5.608574268657101847 ) ) ;
#4934 = FILL_AREA_STYLE_COLOUR ( '', #1328 ) ;
#4935 = CARTESIAN_POINT ( 'NONE',  ( 3.442354257981283805, 4.452858754446012313, -10.00518197067437853 ) ) ;
#4936 = ADVANCED_FACE ( 'NONE', ( #218 ), #3248, .T. ) ;
#4937 = CARTESIAN_POINT ( 'NONE',  ( -4.250000237991429231, -2.139157802475679659, 7.370146519281761677 ) ) ;
#4938 = ORIENTED_EDGE ( 'NONE', *, *, #8069, .F. ) ;
#4939 = ORIENTED_EDGE ( 'NONE', *, *, #5722, .F. ) ;
#4940 = CARTESIAN_POINT ( 'NONE',  ( -4.492424702101827982, -1.482445019771713834, -5.057255846633117891 ) ) ;
#4941 = ORIENTED_EDGE ( 'NONE', *, *, #3832, .T. ) ;
#4942 = CARTESIAN_POINT ( 'NONE',  ( -4.602267677587615680, -1.283860147659377837, -6.991465090931177073 ) ) ;
#4943 = ORIENTED_EDGE ( 'NONE', *, *, #5083, .F. ) ;
#4944 = CARTESIAN_POINT ( 'NONE',  ( -4.500107394645457504, -1.275702287025888060, -7.199999999999997513 ) ) ;
#4945 = DIRECTION ( 'NONE',  ( 0.000000000000000000, -0.000000000000000000, 1.000000000000000000 ) ) ;
#4946 = DIRECTION ( 'NONE',  ( -0.7018122366944840040, -0.1221440495962380079, 0.7018122366944861135 ) ) ;
#4947 = CARTESIAN_POINT ( 'NONE',  ( -1.099186716512656758, 0.7159181931104241503, 6.880000000000081606 ) ) ;
#4948 = CARTESIAN_POINT ( 'NONE',  ( 3.499999762008581428, -4.226335649230749780, 2.095220410559261115 ) ) ;
#4949 = EDGE_CURVE ( 'NONE', #2554, #5914, #2715, .T. ) ;
#4950 = CARTESIAN_POINT ( 'NONE',  ( 8.399999999999948841, 2.184171825948720169, -3.206685749735108004 ) ) ;
#4951 = ORIENTED_EDGE ( 'NONE', *, *, #3087, .F. ) ;
#4952 = ORIENTED_EDGE ( 'NONE', *, *, #1975, .T. ) ;
#4953 = LINE ( 'NONE', #7066, #1809 ) ;
#4954 = ORIENTED_EDGE ( 'NONE', *, *, #6864, .T. ) ;
#4955 = CARTESIAN_POINT ( 'NONE',  ( 8.436846296959686242, 2.189346172018182379, -3.200106959509810611 ) ) ;
#4956 = CARTESIAN_POINT ( 'NONE',  ( -1.602906781438529604, 1.932139300074104726, 0.000000000000000000 ) ) ;
#4957 = PLANE ( 'NONE',  #5410 ) ;
#4958 = CARTESIAN_POINT ( 'NONE',  ( 299.2999999999999545, 5.076540080366747532, -7.867280422007712382 ) ) ;
#4959 = EDGE_CURVE ( 'NONE', #197, #4641, #1753, .T. ) ;
#4960 = SURFACE_STYLE_FILL_AREA ( #9324 ) ;
#4961 = ORIENTED_EDGE ( 'NONE', *, *, #1075, .T. ) ;
#4962 = CARTESIAN_POINT ( 'NONE',  ( -4.500000237991419461, -1.926335649230739744, 7.570146519281761854 ) ) ;
#4963 = ORIENTED_EDGE ( 'NONE', *, *, #276, .T. ) ;
#4964 = ORIENTED_EDGE ( 'NONE', *, *, #2921, .T. ) ;
#4965 = VECTOR ( 'NONE', #2300, 1000.000000000000000 ) ;
#4966 = DIRECTION ( 'NONE',  ( -0.7071067811865574537, 0.000000000000000000, -0.7071067811865375807 ) ) ;
#4967 = DIRECTION ( 'NONE',  ( 0.000000000000000000, 0.000000000000000000, -1.000000000000000000 ) ) ;
#4968 = CARTESIAN_POINT ( 'NONE',  ( -1.000000000000000000, -1.926335649230756619, 7.205220410559250332 ) ) ;
#4969 = CARTESIAN_POINT ( 'NONE',  ( 299.2999999999999545, 5.076540080366747532, -4.132719577992287618 ) ) ;
#4970 = CARTESIAN_POINT ( 'NONE',  ( -3.500000237991430119, -4.226335649230740898, 9.795220410559259960 ) ) ;
#4971 = CIRCLE ( 'NONE', #1751, 2.940962153935816392 ) ;
#4972 = DIRECTION ( 'NONE',  ( -1.000000000000000000, 0.000000000000000000, 0.000000000000000000 ) ) ;
#4973 = EDGE_CURVE ( 'NONE', #9120, #5206, #9425, .T. ) ;
#4974 = EDGE_CURVE ( 'NONE', #8555, #8828, #4199, .T. ) ;
#4975 = VERTEX_POINT ( 'NONE', #8708 ) ;
#4976 = DIRECTION ( 'NONE',  ( -0.000000000000000000, 1.153814465479998049E-14, 1.000000000000000000 ) ) ;
#4977 = DIRECTION ( 'NONE',  ( -1.000000000000000000, 0.000000000000000000, 0.000000000000000000 ) ) ;
#4978 = DIRECTION ( 'NONE',  ( -1.000000000000000000, -0.000000000000000000, -0.000000000000000000 ) ) ;
#4979 = CARTESIAN_POINT ( 'NONE',  ( 1.499999999999939826, 1.571505490158367824, -2.123190884288185920 ) ) ;
#4980 = ADVANCED_FACE ( 'NONE', ( #8566 ), #554, .T. ) ;
#4981 = CARTESIAN_POINT ( 'NONE',  ( 1.000000000000000000, 0.6999999999999999556, 6.865220410559250475 ) ) ;
#4982 = CARTESIAN_POINT ( 'NONE',  ( 4.292987142103293685, 3.718003380724073548, -1.958557594715646610 ) ) ;
#4983 = LINE ( 'NONE', #7891, #1830 ) ;
#4984 = VERTEX_POINT ( 'NONE', #3538 ) ;
#4985 = EDGE_CURVE ( 'NONE', #2659, #575, #8684, .T. ) ;
#4986 = CARTESIAN_POINT ( 'NONE',  ( -4.564942949138108830, -1.168195840598960311, -4.990781895779086597 ) ) ;
#4987 = ORIENTED_EDGE ( 'NONE', *, *, #9134, .F. ) ;
#4988 = CARTESIAN_POINT ( 'NONE',  ( -4.585471758675330634, -1.332805218072990128, -7.059747014764806039 ) ) ;
#4989 = ORIENTED_EDGE ( 'NONE', *, *, #8264, .T. ) ;
#4990 = DIRECTION ( 'NONE',  ( 0.000000000000000000, 0.000000000000000000, 1.000000000000000000 ) ) ;
#4991 = CARTESIAN_POINT ( 'NONE',  ( 5.526705224704143937, 3.308628245332704498, -0.1245757293229024509 ) ) ;
#4992 = CARTESIAN_POINT ( 'NONE',  ( -4.137756317127075256, 4.772180597166448379, 5.792996812906544335 ) ) ;
#4993 = DIRECTION ( 'NONE',  ( 0.9999999999999459321, 3.289661030248509000E-07, 0.000000000000000000 ) ) ;
#4994 = DIRECTION ( 'NONE',  ( 0.000000000000000000, 0.000000000000000000, 1.000000000000000000 ) ) ;
#4995 = ORIENTED_EDGE ( 'NONE', *, *, #1182, .F. ) ;
#4996 = ORIENTED_EDGE ( 'NONE', *, *, #6533, .F. ) ;
#4997 = VECTOR ( 'NONE', #2606, 1000.000000000000000 ) ;
#4998 = LINE ( 'NONE', #7908, #4258 ) ;
#4999 = ORIENTED_EDGE ( 'NONE', *, *, #1402, .T. ) ;
#5000 = EDGE_CURVE ( 'NONE', #3237, #3718, #6351, .T. ) ;
#5001 = DIRECTION ( 'NONE',  ( 0.000000000000000000, 0.000000000000000000, 1.000000000000000000 ) ) ;
#5002 = DIRECTION ( 'NONE',  ( -0.000000000000000000, 1.000000000000000000, -0.000000000000000000 ) ) ;
#5003 = CARTESIAN_POINT ( 'NONE',  ( 1.499999999999939826, -1.275702287286611281, -6.800000000000000711 ) ) ;
#5004 = LINE ( 'NONE', #5591, #263 ) ;
#5005 = DIRECTION ( 'NONE',  ( 0.000000000000000000, 0.000000000000000000, 1.000000000000000000 ) ) ;
#5006 = VERTEX_POINT ( 'NONE', #9277 ) ;
#5007 = CARTESIAN_POINT ( 'NONE',  ( 4.167157049533950719, -1.926335649230739966, 7.570146519281762743 ) ) ;
#5008 = VERTEX_POINT ( 'NONE', #2773 ) ;
#5009 = PRESENTATION_LAYER_ASSIGNMENT (  '', '', ( #7739 ) ) ;
#5010 = CIRCLE ( 'NONE', #879, 0.3400000000000000244 ) ;
#5011 = ADVANCED_FACE ( 'NONE', ( #2093 ), #8654, .T. ) ;
#5012 = DIRECTION ( 'NONE',  ( 0.000000000000000000, -0.6633075143158524423, -0.7483469392281398846 ) ) ;
#5013 = LINE ( 'NONE', #5782, #1693 ) ;
#5014 = AXIS2_PLACEMENT_3D ( 'NONE', #5466, #146, #5321 ) ;
#5015 = LINE ( 'NONE', #3334, #5524 ) ;
#5016 = CARTESIAN_POINT ( 'NONE',  ( 3.949999762008570059, 5.973626543402450473, 0.000000000000000000 ) ) ;
#5017 = DIRECTION ( 'NONE',  ( 0.000000000000000000, -0.000000000000000000, 1.000000000000000000 ) ) ;
#5018 = DIRECTION ( 'NONE',  ( 0.000000000000000000, 0.000000000000000000, 1.000000000000000000 ) ) ;
#5019 = CARTESIAN_POINT ( 'NONE',  ( 1.499999999999939826, 2.791380799352038977, -4.132719577992287618 ) ) ;
#5020 = VECTOR ( 'NONE', #4920, 1000.000000000000000 ) ;
#5021 = ORIENTED_EDGE ( 'NONE', *, *, #4364, .T. ) ;
#5022 = AXIS2_PLACEMENT_3D ( 'NONE', #1569, #9491, #3702 ) ;
#5023 = CARTESIAN_POINT ( 'NONE',  ( 2.488007230840694195, -1.271866509722523686, 4.000000000000000000 ) ) ;
#5024 = DIRECTION ( 'NONE',  ( 1.000000000000000000, -0.000000000000000000, -0.000000000000000000 ) ) ;
#5025 = CARTESIAN_POINT ( 'NONE',  ( 1.000000000000000000, -4.395153435249019580, 7.008957551437619671 ) ) ;
#5026 = FACE_OUTER_BOUND ( 'NONE', #1593, .T. ) ;
#5027 = UNCERTAINTY_MEASURE_WITH_UNIT (LENGTH_MEASURE( 1.000000000000000082E-05 ), #3740, 'distance_accuracy_value', 'NONE');
#5028 = ADVANCED_FACE ( 'NONE', ( #468 ), #7930, .F. ) ;
#5029 = AXIS2_PLACEMENT_3D ( 'NONE', #3615, #8785, #3672 ) ;
#5030 = DIRECTION ( 'NONE',  ( 0.000000000000000000, 1.000000000000000000, 0.000000000000000000 ) ) ;
#5031 = LINE ( 'NONE', #37, #1344 ) ;
#5032 = LINE ( 'NONE', #8668, #5350 ) ;
#5033 = ORIENTED_EDGE ( 'NONE', *, *, #9357, .T. ) ;
#5034 = CIRCLE ( 'NONE', #7782, 0.3400000000000000244 ) ;
#5035 = VERTEX_POINT ( 'NONE', #654 ) ;
#5036 = EDGE_CURVE ( 'NONE', #8936, #8582, #3584, .T. ) ;
#5037 = CARTESIAN_POINT ( 'NONE',  ( -4.050000237991429053, -1.926335649230739744, 2.772276292613180093 ) ) ;
#5038 = PRESENTATION_LAYER_ASSIGNMENT (  '', '', ( #2900 ) ) ;
#5039 = ORIENTED_EDGE ( 'NONE', *, *, #771, .T. ) ;
#5040 = PRODUCT_CONTEXT ( 'NONE', #853, 'mechanical' ) ;
#5041 = CARTESIAN_POINT ( 'NONE',  ( -4.593485415390811788, -1.332805218072990128, -6.991465090931177073 ) ) ;
#5042 = ORIENTED_EDGE ( 'NONE', *, *, #2689, .T. ) ;
#5043 = CARTESIAN_POINT ( 'NONE',  ( -2.041079270776680055, 6.749999999999978684, -3.991289672666785471 ) ) ;
#5044 = CARTESIAN_POINT ( 'NONE',  ( -4.553176055743901607, -6.750000000000033751, -9.447468583315512092 ) ) ;
#5045 =( BOUNDED_CURVE ( )  B_SPLINE_CURVE ( 2, ( #4745, #9064, #8381, #8965, #3849 ),
 .UNSPECIFIED., .F., .T. ) 
 B_SPLINE_CURVE_WITH_KNOTS ( ( 3, 2, 3 ),
 ( 8.741117365843378158E-19, 0.003155260605337973766, 0.005133557105637027301 ),
 .UNSPECIFIED. ) 
 CURVE ( )  GEOMETRIC_REPRESENTATION_ITEM ( )  RATIONAL_B_SPLINE_CURVE ( ( 1.000000000000000000, 0.8063874865749949272, 1.000000000000000000, 1.000000000000000000, 1.000000000000000000 ) ) 
 REPRESENTATION_ITEM ( '' )  );
#5046 = VECTOR ( 'NONE', #1588, 1000.000000000000000 ) ;
#5047 = ADVANCED_FACE ( 'NONE', ( #1320 ), #6373, .T. ) ;
#5048 = CARTESIAN_POINT ( 'NONE',  ( 1.000000000000000000, 1.000000000000000000, 8.490572276070761149 ) ) ;
#5049 = DIRECTION ( 'NONE',  ( 0.000000000000000000, 0.000000000000000000, 1.000000000000000000 ) ) ;
#5050 = CARTESIAN_POINT ( 'NONE',  ( -4.250000237991429231, -2.256315090001061119, 2.855119005087798367 ) ) ;
#5051 = COLOUR_RGB ( '',0.6470588235294117974, 0.6196078431372549211, 0.5882352941176470784 ) ;
#5052 = ORIENTED_EDGE ( 'NONE', *, *, #9130, .T. ) ;
#5053 = EDGE_LOOP ( 'NONE', ( #8811, #6082, #497, #1303, #7764, #1743 ) ) ;
#5054 = CIRCLE ( 'NONE', #5334, 1.632191892514950782 ) ;
#5055 =( NAMED_UNIT ( * ) PLANE_ANGLE_UNIT ( ) SI_UNIT ( $, .RADIAN. ) );
#5056 = ORIENTED_EDGE ( 'NONE', *, *, #6400, .F. ) ;
#5057 = CARTESIAN_POINT ( 'NONE',  ( 5.593379424781381282, 2.184171825948793444, -3.206685749735030733 ) ) ;
#5058 = AXIS2_PLACEMENT_3D ( 'NONE', #8220, #7646, #8278 ) ;
#5059 = AXIS2_PLACEMENT_3D ( 'NONE', #3011, #5122, #1384 ) ;
#5060 = EDGE_LOOP ( 'NONE', ( #7894, #7292, #7600, #7740 ) ) ;
#5061 = CARTESIAN_POINT ( 'NONE',  ( 8.499753031337846210, 2.256065619250117393, -8.886290523412238684 ) ) ;
#5062 = CYLINDRICAL_SURFACE ( 'NONE', #8999, 0.2904928862329653194 ) ;
#5063 = DIRECTION ( 'NONE',  ( 1.000000000000000000, -0.000000000000000000, -0.000000000000000000 ) ) ;
#5064 = ORIENTED_EDGE ( 'NONE', *, *, #1044, .F. ) ;
#5065 = EDGE_CURVE ( 'NONE', #4752, #9210, #6542, .T. ) ;
#5066 = EDGE_LOOP ( 'NONE', ( #9219, #6806 ) ) ;
#5067 = CIRCLE ( 'NONE', #929, 0.7199999999999997513 ) ;
#5068 = DIRECTION ( 'NONE',  ( -1.000000000000000000, -0.000000000000000000, -0.000000000000000000 ) ) ;
#5069 = DIRECTION ( 'NONE',  ( 0.000000000000000000, -1.000000000000000000, 5.102127870520020587E-15 ) ) ;
#5070 = VECTOR ( 'NONE', #8518, 1000.000000000000000 ) ;
#5071 = CARTESIAN_POINT ( 'NONE',  ( 5.502280425271403708, 3.273866516284654082, -11.92878880222783344 ) ) ;
#5072 = CARTESIAN_POINT ( 'NONE',  ( 4.343749762008579651, -1.926335649230749958, 2.418970410559260209 ) ) ;
#5073 = CARTESIAN_POINT ( 'NONE',  ( 4.249999762008569881, -2.139157802475679659, 7.370146519281761677 ) ) ;
#5074 = EDGE_CURVE ( 'NONE', #5436, #1237, #187, .T. ) ;
#5075 = CARTESIAN_POINT ( 'NONE',  ( -5.400000000000059863, -1.275702287286611059, -3.187097040157957029 ) ) ;
#5076 = COLOUR_RGB ( '',0.9019607843137255054, 0.9019607843137255054, 0.9019607843137255054 ) ;
#5077 = ORIENTED_EDGE ( 'NONE', *, *, #620, .T. ) ;
#5078 = ORIENTED_EDGE ( 'NONE', *, *, #5949, .F. ) ;
#5079 = DIRECTION ( 'NONE',  ( 0.000000000000000000, 0.000000000000000000, -1.000000000000000000 ) ) ;
#5080 = DIRECTION ( 'NONE',  ( -1.000000000000000000, -0.000000000000000000, -0.000000000000000000 ) ) ;
#5081 = DIRECTION ( 'NONE',  ( -0.000000000000000000, -1.000000000000000000, -0.000000000000000000 ) ) ;
#5082 = CARTESIAN_POINT ( 'NONE',  ( -4.050000237991429053, -2.339157802475680281, 10.80857426865710202 ) ) ;
#5083 = EDGE_CURVE ( 'NONE', #5998, #8742, #5258, .T. ) ;
#5084 = CYLINDRICAL_SURFACE ( 'NONE', #8530, 2.940962153935816392 ) ;
#5085 = FACE_OUTER_BOUND ( 'NONE', #7964, .T. ) ;
#5086 = ORIENTED_EDGE ( 'NONE', *, *, #7117, .T. ) ;
#5087 = ORIENTED_EDGE ( 'NONE', *, *, #5244, .T. ) ;
#5088 = CARTESIAN_POINT ( 'NONE',  ( -4.455193851120783144, -1.068959574631854981, -4.823935552875250110 ) ) ;
#5089 = VERTEX_POINT ( 'NONE', #4446 ) ;
#5090 = CONTEXT_DEPENDENT_SHAPE_REPRESENTATION ( #3487, #4053 ) ;
#5091 = CARTESIAN_POINT ( 'NONE',  ( -4.557442701976351707, -1.218599879661447671, -6.889041997196197364 ) ) ;
#5092 = ORIENTED_EDGE ( 'NONE', *, *, #2687, .F. ) ;
#5093 = DIRECTION ( 'NONE',  ( -0.000000000000000000, -0.000000000000000000, -1.000000000000000000 ) ) ;
#5094 = CARTESIAN_POINT ( 'NONE',  ( 5.505651386952699511, 2.198763010469273915, -8.728293390826843634 ) ) ;
#5095 = B_SPLINE_CURVE_WITH_KNOTS ( 'NONE', 3,
 ( #2507, #3948, #1642, #1697, #4612, #2413, #6809, #7537, #4566, #975 ),
 .UNSPECIFIED., .F., .F.,
 ( 4, 2, 2, 2, 4 ),
 ( 0.0006259779890981461608, 0.0007824468980476572983, 0.0009389158069971685443, 0.001095384715946679573, 0.001251853624896190819 ),
 .UNSPECIFIED. ) ;
#5096 = CARTESIAN_POINT ( 'NONE',  ( -4.250000237991429231, -1.843492936756120582, 10.47282817181891623 ) ) ;
#5097 = DIRECTION ( 'NONE',  ( 1.000000000000000000, -0.000000000000000000, -0.000000000000000000 ) ) ;
#5098 = CARTESIAN_POINT ( 'NONE',  ( 4.049999762008570592, -1.926335649230739744, 7.570146519281761854 ) ) ;
#5099 = VERTEX_POINT ( 'NONE', #71 ) ;
#5100 = ORIENTED_EDGE ( 'NONE', *, *, #7307, .T. ) ;
#5101 = EDGE_CURVE ( 'NONE', #3771, #7138, #5983, .T. ) ;
#5102 = EDGE_CURVE ( 'NONE', #4469, #8029, #1346, .T. ) ;
#5103 = VERTEX_POINT ( 'NONE', #7404 ) ;
#5104 =( BOUNDED_CURVE ( )  B_SPLINE_CURVE ( 3, ( #8787, #7391, #5197, #8110 ),
 .UNSPECIFIED., .F., .F. ) 
 B_SPLINE_CURVE_WITH_KNOTS ( ( 4, 4 ),
 ( 5.483599626858140397, 6.150722195350323496 ),
 .UNSPECIFIED. ) 
 CURVE ( )  GEOMETRIC_REPRESENTATION_ITEM ( )  RATIONAL_B_SPLINE_CURVE ( ( 1.000000000000000000, 0.9632548916232354097, 0.9632548916232354097, 1.000000000000000000 ) ) 
 REPRESENTATION_ITEM ( '' )  );
#5105 = CARTESIAN_POINT ( 'NONE',  ( 8.499999999999948486, 2.261393882621288487, -3.106685749735108359 ) ) ;
#5106 = ORIENTED_EDGE ( 'NONE', *, *, #7459, .F. ) ;
#5107 = CARTESIAN_POINT ( 'NONE',  ( 8.399999999999948841, 0.8170932621786126671, -11.87542427067706896 ) ) ;
#5108 = CARTESIAN_POINT ( 'NONE',  ( 8.473719531762231583, 2.209544833455252100, -8.825746279769045799 ) ) ;
#5109 = DIRECTION ( 'NONE',  ( 0.000000000000000000, -0.7483469392281398846, 0.6633075143158524423 ) ) ;
#5110 = ADVANCED_FACE ( 'NONE', ( #7450 ), #2378, .T. ) ;
#5111 = LINE ( 'NONE', #8016, #6226 ) ;
#5112 = ORIENTED_EDGE ( 'NONE', *, *, #7718, .F. ) ;
#5113 = ORIENTED_EDGE ( 'NONE', *, *, #1846, .F. ) ;
#5114 = LINE ( 'NONE', #8021, #4578 ) ;
#5115 = DIRECTION ( 'NONE',  ( -2.612289469706220103E-15, 2.612289469706250080E-15, 1.000000000000000000 ) ) ;
#5116 = CARTESIAN_POINT ( 'NONE',  ( 4.249999762008569881, 6.073626543402451006, 0.2999999999999999334 ) ) ;
#5117 = CARTESIAN_POINT ( 'NONE',  ( 1.340000000000000080, 0.6999999999999999556, 7.205220410559250332 ) ) ;
#5118 = DIRECTION ( 'NONE',  ( 0.000000000000000000, 0.000000000000000000, 1.000000000000000000 ) ) ;
#5119 = DIRECTION ( 'NONE',  ( -1.000000000000000000, -0.000000000000000000, -0.000000000000000000 ) ) ;
#5120 = VERTEX_POINT ( 'NONE', #8799 ) ;
#5121 = EDGE_CURVE ( 'NONE', #7214, #12, #2240, .T. ) ;
#5122 = DIRECTION ( 'NONE',  ( 1.000000000000000000, 0.000000000000000000, 0.000000000000000000 ) ) ;
#5123 = DIRECTION ( 'NONE',  ( 1.000000000000000000, -0.000000000000000000, -0.000000000000000000 ) ) ;
#5124 = DIRECTION ( 'NONE',  ( 0.000000000000000000, 0.000000000000000000, 1.000000000000000000 ) ) ;
#5125 = AXIS2_PLACEMENT_3D ( 'NONE', #4534, #903, #8223 ) ;
#5126 = DIRECTION ( 'NONE',  ( 0.000000000000000000, 6.023345402697248937E-16, 1.000000000000000000 ) ) ;
#5127 = CARTESIAN_POINT ( 'NONE',  ( -4.250000237991429231, -2.256315090001060675, 10.72573155618248286 ) ) ;
#5128 = CARTESIAN_POINT ( 'NONE',  ( 4.206973728700330817, 3.799291448096780766, -1.987887960833937040 ) ) ;
#5129 = PLANE ( 'NONE',  #1674 ) ;
#5130 = ORIENTED_EDGE ( 'NONE', *, *, #1611, .T. ) ;
#5131 = CARTESIAN_POINT ( 'NONE',  ( -4.490528962079779696, -1.333590018654899012, -4.790566284294483168 ) ) ;
#5132 = EDGE_LOOP ( 'NONE', ( #660, #3852, #6950, #6463 ) ) ;
#5133 = ADVANCED_FACE ( 'NONE', ( #3005 ), #5932, .T. ) ;
#5134 = CARTESIAN_POINT ( 'NONE',  ( -4.565441141135332614, -1.169654678663000213, -6.991465090931177073 ) ) ;
#5135 = CARTESIAN_POINT ( 'NONE',  ( 8.399999999999948841, 0.2193455792998725284, -8.319187790970875795 ) ) ;
#5136 = SURFACE_STYLE_USAGE ( .BOTH. , #1582 ) ;
#5137 = CARTESIAN_POINT ( 'NONE',  ( -5.500000000000060396, -3.418949692510942828, -7.069655554617711779 ) ) ;
#5138 = UNCERTAINTY_MEASURE_WITH_UNIT (LENGTH_MEASURE( 1.000000000000000082E-05 ), #3014, 'distance_accuracy_value', 'NONE');
#5139 = PLANE ( 'NONE',  #3499 ) ;
#5140 = CARTESIAN_POINT ( 'NONE',  ( -5.591000000000060588, -0.9040905573164232933, -1.484501801903325147 ) ) ;
#5141 = CARTESIAN_POINT ( 'NONE',  ( -1.000000000000000000, 1.165319909422419808, 7.039903344578360311 ) ) ;
#5142 = ORIENTED_EDGE ( 'NONE', *, *, #2253, .F. ) ;
#5143 = ORIENTED_EDGE ( 'NONE', *, *, #7935, .T. ) ;
#5144 = ORIENTED_EDGE ( 'NONE', *, *, #3136, .T. ) ;
#5145 = ORIENTED_EDGE ( 'NONE', *, *, #5102, .T. ) ;
#5146 = ORIENTED_EDGE ( 'NONE', *, *, #7385, .T. ) ;
#5147 = LINE ( 'NONE', #4338, #4065 ) ;
#5148 = LINE ( 'NONE', #1553, #6932 ) ;
#5149 = CARTESIAN_POINT ( 'NONE',  ( -5.591000000000060588, -1.047072641928745718, -10.45862404328944884 ) ) ;
#5150 = EDGE_CURVE ( 'NONE', #4385, #5392, #873, .T. ) ;
#5151 = DIRECTION ( 'NONE',  ( 0.000000000000000000, 0.000000000000000000, -1.000000000000000000 ) ) ;
#5152 = VERTEX_POINT ( 'NONE', #7587 ) ;
#5153 = VERTEX_POINT ( 'NONE', #8272 ) ;
#5154 =( BOUNDED_SURFACE ( )  B_SPLINE_SURFACE ( 3, 2, ( 
 ( #188, #5377, #1683 ),
 ( #327, #280, #3218 ),
 ( #372, #5320, #8240 ),
 ( #3891, #1728, #9106 ) ),
 .UNSPECIFIED., .F., .F., .T. ) 
 B_SPLINE_SURFACE_WITH_KNOTS ( ( 4, 4 ),
 ( 3, 3 ),
 ( 4.679575379707939759E-05, 0.0002023629728860185844 ),
 ( 0.000000000000000000, 1.000000000000000000 ),
 .UNSPECIFIED. ) 
 GEOMETRIC_REPRESENTATION_ITEM ( )  RATIONAL_B_SPLINE_SURFACE ( (
 ( 1.000000000000000000, 0.8821556041830805883, 1.000000000000000000),
 ( 1.000000000000000000, 0.8284817529140887649, 1.000000000000000000),
 ( 1.000000000000000000, 0.7609387869950549055, 1.000000000000000000),
 ( 1.000000000000000000, 0.7071067811795188618, 1.000000000000000000) ) ) 
 REPRESENTATION_ITEM ( '' )  SURFACE ( )  );
#5155 = DIRECTION ( 'NONE',  ( 0.000000000000000000, -0.000000000000000000, 1.000000000000000000 ) ) ;
#5156 = ADVANCED_FACE ( 'NONE', ( #2478 ), #8358, .T. ) ;
#5157 = VECTOR ( 'NONE', #8145, 1000.000000000000000 ) ;
#5158 = DIRECTION ( 'NONE',  ( -9.674119995890032619E-15, -1.000000000000000000, 0.000000000000000000 ) ) ;
#5159 = CARTESIAN_POINT ( 'NONE',  ( 0.000000000000000000, 0.000000000000000000, 0.000000000000000000 ) ) ;
#5160 = CARTESIAN_POINT ( 'NONE',  ( 4.249999762008569881, 6.073626540129560603, 0.2607234077042788756 ) ) ;
#5161 = EDGE_CURVE ( 'NONE', #4225, #6792, #9086, .T. ) ;
#5162 = CARTESIAN_POINT ( 'NONE',  ( -4.500000237991419461, -2.339157802475679837, 2.772276292613180093 ) ) ;
#5163 = CARTESIAN_POINT ( 'NONE',  ( -1.000000000000000000, -1.863163407847400421, 7.205220410559250332 ) ) ;
#5164 = FACE_OUTER_BOUND ( 'NONE', #8686, .T. ) ;
#5165 = VECTOR ( 'NONE', #1563, 1000.000000000000000 ) ;
#5166 = VERTEX_POINT ( 'NONE', #1033 ) ;
#5167 = DIRECTION ( 'NONE',  ( 0.000000000000000000, 0.000000000000000000, 1.000000000000000000 ) ) ;
#5168 = CARTESIAN_POINT ( 'NONE',  ( -2.488008628878230599, -1.930262464067791672, 5.421010862427522170E-16 ) ) ;
#5169 = CARTESIAN_POINT ( 'NONE',  ( -5.591000000000068582, 4.296441359891090883, -4.494573699557634860 ) ) ;
#5170 = AXIS2_PLACEMENT_3D ( 'NONE', #2518, #4716, #1164 ) ;
#5171 =( LENGTH_UNIT ( ) NAMED_UNIT ( * ) SI_UNIT ( .MILLI., .METRE. ) );
#5172 = CARTESIAN_POINT ( 'NONE',  ( 5.505986253795350116, 0.7511728091911303862, -10.26918724647565284 ) ) ;
#5173 = CARTESIAN_POINT ( 'NONE',  ( 1.000000000000000000, -3.569272152705960544, 7.205220410559250332 ) ) ;
#5174 = VECTOR ( 'NONE', #7560, 1000.000000000000114 ) ;
#5175 = FACE_OUTER_BOUND ( 'NONE', #6431, .T. ) ;
#5176 = ORIENTED_EDGE ( 'NONE', *, *, #70, .T. ) ;
#5177 = EDGE_CURVE ( 'NONE', #3131, #2904, #3241, .T. ) ;
#5178 = ORIENTED_EDGE ( 'NONE', *, *, #6177, .F. ) ;
#5179 = VECTOR ( 'NONE', #1112, 1000.000000000000000 ) ;
#5180 = DIRECTION ( 'NONE',  ( 0.000000000000000000, -0.000000000000000000, 1.000000000000000000 ) ) ;
#5181 = ORIENTED_EDGE ( 'NONE', *, *, #7980, .T. ) ;
#5182 = CARTESIAN_POINT ( 'NONE',  ( -4.516534495331320009, -1.104394410665070270, -7.059747014764805151 ) ) ;
#5183 = CARTESIAN_POINT ( 'NONE',  ( -4.050000237991429053, -1.726335649230739788, 11.85091001134370003 ) ) ;
#5184 = DIRECTION ( 'NONE',  ( 0.000000000000000000, 0.000000000000000000, -1.000000000000000000 ) ) ;
#5185 =( NAMED_UNIT ( * ) PLANE_ANGLE_UNIT ( ) SI_UNIT ( $, .RADIAN. ) );
#5186 = AXIS2_PLACEMENT_3D ( 'NONE', #7013, #3524, #4147 ) ;
#5187 = PLANE ( 'NONE',  #8853 ) ;
#5188 = CARTESIAN_POINT ( 'NONE',  ( -2.488008628878230155, -0.9502539030984760160, 8.856534637527349929 ) ) ;
#5189 = CARTESIAN_POINT ( 'NONE',  ( 3.235098673953480386, -1.271866509722523686, 0.2999999999999999334 ) ) ;
#5190 = ORIENTED_EDGE ( 'NONE', *, *, #8983, .T. ) ;
#5191 = EDGE_CURVE ( 'NONE', #5509, #8970, #395, .T. ) ;
#5192 = ORIENTED_EDGE ( 'NONE', *, *, #1655, .F. ) ;
#5193 = VECTOR ( 'NONE', #9008, 1000.000000000000000 ) ;
#5194 = FACE_OUTER_BOUND ( 'NONE', #1200, .T. ) ;
#5195 = ORIENTED_EDGE ( 'NONE', *, *, #6132, .T. ) ;
#5196 = AXIS2_PLACEMENT_3D ( 'NONE', #4108, #469, #7080 ) ;
#5197 = CARTESIAN_POINT ( 'NONE',  ( -4.452423505825930938, -6.661981660956191931, -10.10805197696138968 ) ) ;
#5198 = ORIENTED_EDGE ( 'NONE', *, *, #8019, .F. ) ;
#5199 = VECTOR ( 'NONE', #7422, 999.9999999999998863 ) ;
#5200 = DIRECTION ( 'NONE',  ( -1.000000000000000000, 0.000000000000000000, 0.000000000000000000 ) ) ;
#5201 = VECTOR ( 'NONE', #8640, 1000.000000000000000 ) ;
#5202 = CARTESIAN_POINT ( 'NONE',  ( 2.788007129812288376, -1.571866509722523730, 0.000000000000000000 ) ) ;
#5203 = LINE ( 'NONE', #3725, #4869 ) ;
#5204 = DIRECTION ( 'NONE',  ( -1.000000000000000000, 0.000000000000000000, -0.000000000000000000 ) ) ;
#5205 = ORIENTED_EDGE ( 'NONE', *, *, #843, .F. ) ;
#5206 = VERTEX_POINT ( 'NONE', #4718 ) ;
#5207 = AXIS2_PLACEMENT_3D ( 'NONE', #1962, #5024, #9347 ) ;
#5208 = VECTOR ( 'NONE', #9239, 1000.000000000000000 ) ;
#5209 = CYLINDRICAL_SURFACE ( 'NONE', #911, 0.1999999999999996503 ) ;
#5210 = DIRECTION ( 'NONE',  ( 1.000000000000000000, -9.674119995890032619E-15, 0.000000000000000000 ) ) ;
#5211 = SHAPE_REPRESENTATION_RELATIONSHIP ( 'NONE' , 'NONE' ,  #7660, #3235 ) ;
#5212 = CARTESIAN_POINT ( 'NONE',  ( 5.540043409055760648, 3.214198681187793838, -11.89403537569217839 ) ) ;
#5213 = CARTESIAN_POINT ( 'NONE',  ( 1.340000000000009850, 1.340049406695259515, 7.424802541892242758 ) ) ;
#5214 = TOROIDAL_SURFACE ( 'NONE', #5838, 0.5199999999999997957, 0.2000000000000000111 ) ;
#5215 = LINE ( 'NONE', #3873, #8403 ) ;
#5216 = EDGE_CURVE ( 'NONE', #7632, #6509, #3324, .T. ) ;
#5217 = ADVANCED_FACE ( 'NONE', ( #9180 ), #1026, .T. ) ;
#5218 = ORIENTED_EDGE ( 'NONE', *, *, #4435, .T. ) ;
#5219 = CARTESIAN_POINT ( 'NONE',  ( 4.008578405771260122, -1.802071580518811444, -3.228216686206738553E-17 ) ) ;
#5220 = DIRECTION ( 'NONE',  ( -1.000000000000000000, 0.000000000000000000, 0.000000000000000000 ) ) ;
#5221 = CARTESIAN_POINT ( 'NONE',  ( 8.499999999999948486, 3.095100562410481260, -8.893314250264888088 ) ) ;
#5222 = CARTESIAN_POINT ( 'NONE',  ( -4.221144399376849599, 4.492571002118319612, 5.712672475252096760 ) ) ;
#5223 = CARTESIAN_POINT ( 'NONE',  ( 5.502052734756405883, 0.7403215833669540835, -10.27214672287689368 ) ) ;
#5224 = FACE_OUTER_BOUND ( 'NONE', #4450, .T. ) ;
#5225 = DIRECTION ( 'NONE',  ( 0.000000000000000000, -0.000000000000000000, -1.000000000000000000 ) ) ;
#5226 = ORIENTED_EDGE ( 'NONE', *, *, #586, .T. ) ;
#5227 = VERTEX_POINT ( 'NONE', #6871 ) ;
#5228 = CARTESIAN_POINT ( 'NONE',  ( -4.490530223489872519, -1.217814040489859195, -4.790566284294484944 ) ) ;
#5229 = ORIENTED_EDGE ( 'NONE', *, *, #7109, .T. ) ;
#5230 = CARTESIAN_POINT ( 'NONE',  ( -4.464676420963665571, -1.137024544664035686, -6.786618903461214991 ) ) ;
#5231 = CARTESIAN_POINT ( 'NONE',  ( 4.117207084372552117, 3.882125191446057944, -10.00518197067437853 ) ) ;
#5232 = EDGE_CURVE ( 'NONE', #7192, #1704, #6777, .T. ) ;
#5233 = FACE_OUTER_BOUND ( 'NONE', #630, .T. ) ;
#5234 = UNCERTAINTY_MEASURE_WITH_UNIT (LENGTH_MEASURE( 1.000000000000000082E-05 ), #7143, 'distance_accuracy_value', 'NONE');
#5235 = DIRECTION ( 'NONE',  ( 0.000000000000000000, 0.000000000000000000, -1.000000000000000000 ) ) ;
#5236 = CARTESIAN_POINT ( 'NONE',  ( -2.488008628878230155, -1.948365263715969853, -0.1434653624726539844 ) ) ;
#5237 = CARTESIAN_POINT ( 'NONE',  ( -1.339999999999999414, 0.6600000000000046940, 7.505220410559250155 ) ) ;
#5238 = ORIENTED_EDGE ( 'NONE', *, *, #7706, .F. ) ;
#5239 = ORIENTED_EDGE ( 'NONE', *, *, #5036, .F. ) ;
#5240 = CARTESIAN_POINT ( 'NONE',  ( -4.441029998648280852, -1.068959574631860310, -5.206359210016584527 ) ) ;
#5241 = EDGE_LOOP ( 'NONE', ( #6904, #2678, #6814, #3885 ) ) ;
#5242 = CARTESIAN_POINT ( 'NONE',  ( 8.399999999999948841, 3.195100562410447154, -11.87542427067709561 ) ) ;
#5243 = EDGE_LOOP ( 'NONE', ( #7882, #1623, #7861, #5086 ) ) ;
#5244 = EDGE_CURVE ( 'NONE', #4779, #5035, #6067, .T. ) ;
#5245 = CARTESIAN_POINT ( 'NONE',  ( -5.591000000000068582, 3.882125191446057944, -10.36899149320342772 ) ) ;
#5246 = CARTESIAN_POINT ( 'NONE',  ( 5.599999999999949907, 3.295100562410446798, -11.87542427067709738 ) ) ;
#5247 = CARTESIAN_POINT ( 'NONE',  ( 5.599999999999949907, 3.195100562410515543, -3.206685749735108004 ) ) ;
#5248 = FACE_OUTER_BOUND ( 'NONE', #5670, .T. ) ;
#5249 = VERTEX_POINT ( 'NONE', #5548 ) ;
#5250 = VERTEX_POINT ( 'NONE', #3194 ) ;
#5251 = VERTEX_POINT ( 'NONE', #8412 ) ;
#5252 = DIRECTION ( 'NONE',  ( 0.000000000000000000, 0.000000000000000000, 1.000000000000000000 ) ) ;
#5253 = ADVANCED_FACE ( 'NONE', ( #4052 ), #6967, .T. ) ;
#5254 = DIRECTION ( 'NONE',  ( -1.000000000000000000, -0.000000000000000000, -0.000000000000000000 ) ) ;
#5255 = DIRECTION ( 'NONE',  ( 1.000000000000000000, 0.000000000000000000, 0.000000000000000000 ) ) ;
#5256 = CARTESIAN_POINT ( 'NONE',  ( 5.504064770646764693, 3.266650788558281171, -11.92892693639758228 ) ) ;
#5257 =( GEOMETRIC_REPRESENTATION_CONTEXT ( 3 ) GLOBAL_UNCERTAINTY_ASSIGNED_CONTEXT ( ( #8188 ) ) GLOBAL_UNIT_ASSIGNED_CONTEXT ( ( #2662, #3471, #453 ) ) REPRESENTATION_CONTEXT ( 'NONE', 'WORKASPACE' ) );
#5258 = LINE ( 'NONE', #800, #6688 ) ;
#5259 = FACE_OUTER_BOUND ( 'NONE', #5560, .T. ) ;
#5260 = ORIENTED_EDGE ( 'NONE', *, *, #8030, .F. ) ;
#5261 = CARTESIAN_POINT ( 'NONE',  ( -5.591000000000060588, 2.791380799352037201, -12.00000000000000355 ) ) ;
#5262 = CARTESIAN_POINT ( 'NONE',  ( -2.788008628878230422, -1.930262464067791894, 5.421010862427522170E-16 ) ) ;
#5263 = CARTESIAN_POINT ( 'NONE',  ( 8.399999999999948841, 3.195100562410515543, -0.1245757293229024509 ) ) ;
#5264 = CARTESIAN_POINT ( 'NONE',  ( 4.645139837156031959, -5.884663887553380768, -11.16790584316519208 ) ) ;
#5265 = EDGE_CURVE ( 'NONE', #7679, #2202, #862, .T. ) ;
#5266 = EDGE_CURVE ( 'NONE', #6305, #5006, #987, .T. ) ;
#5267 = PLANE ( 'NONE',  #8070 ) ;
#5268 = CARTESIAN_POINT ( 'NONE',  ( -2.534983887501661037, 6.265387365725998414, 10.66538788517761027 ) ) ;
#5269 = ORIENTED_EDGE ( 'NONE', *, *, #8540, .F. ) ;
#5270 = EDGE_LOOP ( 'NONE', ( #8773, #4518, #691, #6772 ) ) ;
#5271 = ORIENTED_EDGE ( 'NONE', *, *, #6770, .F. ) ;
#5272 = CARTESIAN_POINT ( 'NONE',  ( -4.485155621041355900, -1.104394410665070270, -6.854900965951202352 ) ) ;
#5273 = ADVANCED_FACE ( 'NONE', ( #7829 ), #9269, .T. ) ;
#5274 = CARTESIAN_POINT ( 'NONE',  ( 4.372664976581895679, 3.640943135232369343, -10.09661567848624308 ) ) ;
#5275 = FILL_AREA_STYLE ('',( #3081 ) ) ;
#5276 = DIRECTION ( 'NONE',  ( -1.000000000000000000, -0.000000000000000000, -0.000000000000000000 ) ) ;
#5277 = CARTESIAN_POINT ( 'NONE',  ( 299.2999999999999545, -3.834801901544083513, 0.000000000000000000 ) ) ;
#5278 = EDGE_CURVE ( 'NONE', #6659, #1647, #4864, .T. ) ;
#5279 = CARTESIAN_POINT ( 'NONE',  ( -4.050000237991429053, -1.926335649230739744, 10.38998545934429885 ) ) ;
#5280 = CARTESIAN_POINT ( 'NONE',  ( -1.340000000000029834, 0.6949738193473891101, 7.545223478139784667 ) ) ;
#5281 = ORIENTED_EDGE ( 'NONE', *, *, #4558, .F. ) ;
#5282 = EDGE_LOOP ( 'NONE', ( #4897, #249, #8824, #7934, #7482 ) ) ;
#5283 = ORIENTED_EDGE ( 'NONE', *, *, #523, .F. ) ;
#5284 = VERTEX_POINT ( 'NONE', #647 ) ;
#5285 = CARTESIAN_POINT ( 'NONE',  ( -3.500000237991429231, -4.226335649230749780, 1.575220410559260875 ) ) ;
#5286 = ORIENTED_EDGE ( 'NONE', *, *, #5694, .F. ) ;
#5287 = DIRECTION ( 'NONE',  ( 0.000000000000000000, -1.000000000000000000, 0.000000000000000000 ) ) ;
#5288 = DIRECTION ( 'NONE',  ( 1.000000000000000000, -0.000000000000000000, -0.000000000000000000 ) ) ;
#5289 = CARTESIAN_POINT ( 'NONE',  ( 4.645139837156038176, 3.640943135232368455, -1.903384321513934552 ) ) ;
#5290 = CARTESIAN_POINT ( 'NONE',  ( 4.645139837156198048, 3.518315668917007866, -1.631008506796572277 ) ) ;
#5291 = ORIENTED_EDGE ( 'NONE', *, *, #3957, .F. ) ;
#5292 = EDGE_LOOP ( 'NONE', ( #2703, #2134, #871, #7664 ) ) ;
#5293 = ADVANCED_FACE ( 'NONE', ( #1269 ), #7728, .T. ) ;
#5294 = ORIENTED_EDGE ( 'NONE', *, *, #8312, .T. ) ;
#5295 = FACE_OUTER_BOUND ( 'NONE', #9312, .T. ) ;
#5296 = DIRECTION ( 'NONE',  ( 0.000000000000000000, 0.000000000000000000, 1.000000000000000000 ) ) ;
#5297 = CARTESIAN_POINT ( 'NONE',  ( 4.029966343404218776, 6.213526287589396624, 0.1156356754750173937 ) ) ;
#5298 = CARTESIAN_POINT ( 'NONE',  ( 299.2999999999999545, 3.518315668917007866, 0.000000000000000000 ) ) ;
#5299 = CARTESIAN_POINT ( 'NONE',  ( -4.050000237991429053, -1.726335649230739788, 11.85091001134370003 ) ) ;
#5300 = EDGE_CURVE ( 'NONE', #2989, #7433, #7778, .T. ) ;
#5301 = ORIENTED_EDGE ( 'NONE', *, *, #8189, .T. ) ;
#5302 = LINE ( 'NONE', #9048, #7959 ) ;
#5303 = CARTESIAN_POINT ( 'NONE',  ( -4.250000237991429231, 6.073626543402451006, 5.808574268657101136 ) ) ;
#5304 = CARTESIAN_POINT ( 'NONE',  ( -3.500000237991430119, -1.926335649230739744, 9.795220410559259960 ) ) ;
#5305 = CARTESIAN_POINT ( 'NONE',  ( -4.050000237991429053, 4.972879159117225889, 5.808574268657101136 ) ) ;
#5306 = DIRECTION ( 'NONE',  ( 0.000000000000000000, 0.000000000000000000, -1.000000000000000000 ) ) ;
#5307 = DIRECTION ( 'NONE',  ( 0.000000000000000000, 0.000000000000000000, 1.000000000000000000 ) ) ;
#5308 = CARTESIAN_POINT ( 'NONE',  ( -5.591000000000060588, 3.243903520801311391, -4.132719577992287618 ) ) ;
#5309 = ORIENTED_EDGE ( 'NONE', *, *, #7642, .T. ) ;
#5310 = AXIS2_PLACEMENT_3D ( 'NONE', #5690, #1998, #5592 ) ;
#5311 = LINE ( 'NONE', #8286, #747 ) ;
#5312 = VERTEX_POINT ( 'NONE', #4918 ) ;
#5313 = FACE_OUTER_BOUND ( 'NONE', #6748, .T. ) ;
#5314 = EDGE_CURVE ( 'NONE', #2180, #6888, #2402, .T. ) ;
#5315 = DIRECTION ( 'NONE',  ( 0.000000000000000000, 1.000000000000000000, 0.000000000000000000 ) ) ;
#5316 = SURFACE_STYLE_USAGE ( .BOTH. , #818 ) ;
#5317 = CARTESIAN_POINT ( 'NONE',  ( -3.059362742665408419, -1.396130578434451763, 1.076072228735579209E-17 ) ) ;
#5318 = UNCERTAINTY_MEASURE_WITH_UNIT (LENGTH_MEASURE( 1.000000000000000082E-05 ), #3027, 'distance_accuracy_value', 'NONE');
#5319 = CIRCLE ( 'NONE', #1796, 2.243247405224330748 ) ;
#5320 = CARTESIAN_POINT ( 'NONE',  ( 5.514049397205701197, 3.222693091728771275, -11.87542427067709738 ) ) ;
#5321 = DIRECTION ( 'NONE',  ( -1.000000000000000000, 0.000000000000000000, -0.000000000000000000 ) ) ;
#5322 = CARTESIAN_POINT ( 'NONE',  ( 8.409628979708173802, 0.8170932621786317629, -10.24999999999996980 ) ) ;
#5323 = ORIENTED_EDGE ( 'NONE', *, *, #1960, .T. ) ;
#5324 = VECTOR ( 'NONE', #2324, 1000.000000000000000 ) ;
#5325 = ADVANCED_FACE ( 'NONE', ( #5731 ), #3317, .T. ) ;
#5326 = ORIENTED_EDGE ( 'NONE', *, *, #6243, .T. ) ;
#5327 = CARTESIAN_POINT ( 'NONE',  ( -4.454898335930177922, -1.449366130634647476, -5.206359210016580974 ) ) ;
#5328 = AXIS2_PLACEMENT_3D ( 'NONE', #8522, #6323, #9247 ) ;
#5329 = VERTEX_POINT ( 'NONE', #3473 ) ;
#5330 = EDGE_CURVE ( 'NONE', #7763, #6475, #7159, .T. ) ;
#5331 = DIRECTION ( 'NONE',  ( 0.000000000000000000, -1.000000000000000000, 0.000000000000000000 ) ) ;
#5332 = EDGE_CURVE ( 'NONE', #2031, #6341, #9015, .T. ) ;
#5333 = EDGE_LOOP ( 'NONE', ( #536, #1496, #8745, #4291 ) ) ;
#5334 = AXIS2_PLACEMENT_3D ( 'NONE', #4956, #6482, #9369 ) ;
#5335 = TOROIDAL_SURFACE ( 'NONE', #893, 0.5200000000000002398, 0.2000000000000000111 ) ;
#5336 = CARTESIAN_POINT ( 'NONE',  ( 4.645139837156087026, 3.882125191446057944, -1.631008506796572277 ) ) ;
#5337 = CARTESIAN_POINT ( 'NONE',  ( 3.949999762008570059, -1.626335649230739477, 0.000000000000000000 ) ) ;
#5338 = CYLINDRICAL_SURFACE ( 'NONE', #4246, 2.832967397192063697 ) ;
#5339 = CARTESIAN_POINT ( 'NONE',  ( 8.399999999999948841, 3.195100562410482681, -8.793314250264890219 ) ) ;
#5340 = ORIENTED_EDGE ( 'NONE', *, *, #2144, .T. ) ;
#5341 = ORIENTED_EDGE ( 'NONE', *, *, #5772, .F. ) ;
#5342 = STYLED_ITEM ( 'NONE', ( #6938 ), #3624 ) ;
#5343 = VECTOR ( 'NONE', #6402, 1000.000000000000000 ) ;
#5344 = ORIENTED_EDGE ( 'NONE', *, *, #6153, .F. ) ;
#5345 = CARTESIAN_POINT ( 'NONE',  ( -0.9999999958049915483, 0.8367118347829809455, 6.880000000000001670 ) ) ;
#5346 = AXIS2_PLACEMENT_3D ( 'NONE', #7956, #9447, #9360 ) ;
#5347 = VECTOR ( 'NONE', #3653, 1000.000000000000000 ) ;
#5348 = DIRECTION ( 'NONE',  ( 1.000000000000000000, 0.000000000000000000, 0.000000000000000000 ) ) ;
#5349 = FACE_OUTER_BOUND ( 'NONE', #4781, .T. ) ;
#5351 = DIRECTION ( 'NONE',  ( -1.000000000000000000, 0.000000000000000000, 0.000000000000000000 ) ) ;
#5350 = VECTOR ( 'NONE', #2105, 1000.000000000000000 ) ;
#5352 = ADVANCED_FACE ( 'NONE', ( #7916 ), #9442, .T. ) ;
#5353 = CARTESIAN_POINT ( 'NONE',  ( 0.7477002781420571953, 3.119628590287769843, 8.856534637527339271 ) ) ;
#5354 = DIRECTION ( 'NONE',  ( 0.000000000000000000, -0.000000000000000000, -1.000000000000000000 ) ) ;
#5355 = TOROIDAL_SURFACE ( 'NONE', #8103, 0.5200000000000002398, 0.2000000000000000111 ) ;
#5356 = AXIS2_PLACEMENT_3D ( 'NONE', #5285, #4561, #3762 ) ;
#5357 = VERTEX_POINT ( 'NONE', #6442 ) ;
#5358 = LINE ( 'NONE', #3203, #7805 ) ;
#5359 = CIRCLE ( 'NONE', #8418, 0.3400000000000000244 ) ;
#5360 = VECTOR ( 'NONE', #8469, 999.9999999999998863 ) ;
#5361 = DIRECTION ( 'NONE',  ( 0.7071067811865485719, 0.000000000000000000, -0.7071067811865464625 ) ) ;
#5362 = DIRECTION ( 'NONE',  ( 1.000000000000000000, 0.000000000000000000, 0.000000000000000000 ) ) ;
#5363 = EDGE_CURVE ( 'NONE', #6148, #5035, #793, .T. ) ;
#5364 = CARTESIAN_POINT ( 'NONE',  ( 3.000336060072700484, 6.073626543402451894, 5.808574268657101136 ) ) ;
#5365 = LINE ( 'NONE', #128, #2887 ) ;
#5366 = CARTESIAN_POINT ( 'NONE',  ( 4.117207084372552117, 3.882125191446057944, -10.00518197067437853 ) ) ;
#5367 = LINE ( 'NONE', #4537, #6852 ) ;
#5368 = ORIENTED_EDGE ( 'NONE', *, *, #5801, .T. ) ;
#5369 = VECTOR ( 'NONE', #9335, 1000.000000000000000 ) ;
#5370 = DIRECTION ( 'NONE',  ( -0.000000000000000000, 0.000000000000000000, -1.000000000000000000 ) ) ;
#5371 = VERTEX_POINT ( 'NONE', #2140 ) ;
#5372 = DIRECTION ( 'NONE',  ( 0.000000000000000000, -1.000000000000000000, 0.000000000000000000 ) ) ;
#5373 = CYLINDRICAL_SURFACE ( 'NONE', #3061, 2.243247405224331636 ) ;
#5374 = CARTESIAN_POINT ( 'NONE',  ( 3.235098673953480386, 1.932139300074104726, 0.000000000000000000 ) ) ;
#5375 = EDGE_CURVE ( 'NONE', #3658, #5436, #5111, .T. ) ;
#5376 = FILL_AREA_STYLE ('',( #918 ) ) ;
#5377 = CARTESIAN_POINT ( 'NONE',  ( 5.526705224704148378, 3.308628245332641882, -11.87542427067709738 ) ) ;
#5378 = DIRECTION ( 'NONE',  ( 0.000000000000000000, -1.000000000000000000, 5.102127870520020587E-15 ) ) ;
#5379 = DIRECTION ( 'NONE',  ( -1.000000000000000000, -0.000000000000000000, -0.000000000000000000 ) ) ;
#5380 = ORIENTED_EDGE ( 'NONE', *, *, #1017, .T. ) ;
#5381 = CARTESIAN_POINT ( 'NONE',  ( -4.499790739710832987, -1.102038329954226459, -5.107045163196775484 ) ) ;
#5382 = EDGE_LOOP ( 'NONE', ( #4046, #8298, #3468, #9356 ) ) ;
#5383 = CARTESIAN_POINT ( 'NONE',  ( -4.494102293634066214, -1.479640298728989389, -7.059747014764805151 ) ) ;
#5384 = ORIENTED_EDGE ( 'NONE', *, *, #7084, .T. ) ;
#5385 = CARTESIAN_POINT ( 'NONE',  ( -4.500000237991419461, -1.926335649230739744, 2.772276292613194748 ) ) ;
#5386 = DIRECTION ( 'NONE',  ( -0.000000000000000000, 1.000000000000000000, -0.000000000000000000 ) ) ;
#5387 = DIRECTION ( 'NONE',  ( 0.000000000000000000, -1.000000000000000000, 0.000000000000000000 ) ) ;
#5388 = DIRECTION ( 'NONE',  ( -1.000000000000000000, 0.000000000000000000, 0.000000000000000000 ) ) ;
#5389 = ORIENTED_EDGE ( 'NONE', *, *, #516, .T. ) ;
#5390 = ADVANCED_FACE ( 'NONE', ( #1459 ), #159, .T. ) ;
#5391 = ADVANCED_FACE ( 'NONE', ( #5248 ), #3726, .T. ) ;
#5392 = VERTEX_POINT ( 'NONE', #5880 ) ;
#5393 = ORIENTED_EDGE ( 'NONE', *, *, #9315, .F. ) ;
#5394 = DIRECTION ( 'NONE',  ( 0.000000000000000000, -1.000000000000000000, -0.000000000000000000 ) ) ;
#5395 = ADVANCED_FACE ( 'NONE', ( #2951 ), #8061, .T. ) ;
#5396 = CARTESIAN_POINT ( 'NONE',  ( -3.500000237991430119, -3.176335649230749958, 0.8552204105592603467 ) ) ;
#5397 =( NAMED_UNIT ( * ) PLANE_ANGLE_UNIT ( ) SI_UNIT ( $, .RADIAN. ) );
#5398 = CARTESIAN_POINT ( 'NONE',  ( 1.499999999999939826, 1.571505490158366936, -9.876809115711813192 ) ) ;
#5399 = DIRECTION ( 'NONE',  ( 0.000000000000000000, 0.000000000000000000, -1.000000000000000000 ) ) ;
#5400 = EDGE_LOOP ( 'NONE', ( #5975, #3602, #4489, #8830 ) ) ;
#5401 =( BOUNDED_SURFACE ( )  B_SPLINE_SURFACE ( 3, 2, ( 
 ( #5262, #5168, #5894 ),
 ( #805, #5796, #33 ),
 ( #8763, #2338, #6641 ),
 ( #8174, #8083, #1614 ) ),
 .UNSPECIFIED., .F., .F., .T. ) 
 B_SPLINE_SURFACE_WITH_KNOTS ( ( 4, 4 ),
 ( 3, 3 ),
 ( 0.001856847099845700295, 0.002519169869028017872 ),
 ( 0.000000000000000000, 1.000000000000000000 ),
 .UNSPECIFIED. ) 
 GEOMETRIC_REPRESENTATION_ITEM ( )  RATIONAL_B_SPLINE_SURFACE ( (
 ( 1.000000000000000000, 0.7071067811865473507, 1.000000000000000000),
 ( 1.000000000000000000, 0.7071067811865473507, 1.000000000000000000),
 ( 1.000000000000000000, 0.7071067811865471286, 1.000000000000000000),
 ( 1.000000000000000000, 0.7071067811865471286, 1.000000000000000000) ) ) 
 REPRESENTATION_ITEM ( '' )  SURFACE ( )  );
#5402 = FACE_OUTER_BOUND ( 'NONE', #3616, .T. ) ;
#5403 = CARTESIAN_POINT ( 'NONE',  ( -5.500000000000060396, 0.5675451179377200006, -4.930344445382288221 ) ) ;
#5404 = DIRECTION ( 'NONE',  ( -1.000000000000000000, 0.000000000000000000, 0.000000000000000000 ) ) ;
#5405 = FACE_OUTER_BOUND ( 'NONE', #5723, .T. ) ;
#5406 = CARTESIAN_POINT ( 'NONE',  ( 5.599999999999949907, 0.8170932621786317629, -10.24999999999996980 ) ) ;
#5407 = CYLINDRICAL_SURFACE ( 'NONE', #8380, 0.1000000000000002554 ) ;
#5408 = LINE ( 'NONE', #6929, #7318 ) ;
#5409 = ORIENTED_EDGE ( 'NONE', *, *, #999, .T. ) ;
#5410 = AXIS2_PLACEMENT_3D ( 'NONE', #7112, #4191, #3525 ) ;
#5411 = ORIENTED_EDGE ( 'NONE', *, *, #5935, .T. ) ;
#5412 = EDGE_CURVE ( 'NONE', #8150, #8263, #6627, .T. ) ;
#5413 = CARTESIAN_POINT ( 'NONE',  ( -1.838618586295336588, 3.914972254309967425, 5.808574268657101136 ) ) ;
#5414 = ORIENTED_EDGE ( 'NONE', *, *, #8967, .F. ) ;
#5415 = CARTESIAN_POINT ( 'NONE',  ( -5.591000000000060588, 2.791380799352038089, -10.45862404328944884 ) ) ;
#5416 = CARTESIAN_POINT ( 'NONE',  ( 4.249999762008569881, -1.726335649230739788, 2.972276292613179827 ) ) ;
#5417 = CARTESIAN_POINT ( 'NONE',  ( -5.500000000000060396, -1.275702287286611059, -8.812902959842043416 ) ) ;
#5418 = UNCERTAINTY_MEASURE_WITH_UNIT (LENGTH_MEASURE( 1.000000000000000082E-05 ), #6317, 'distance_accuracy_value', 'NONE');
#5419 = CARTESIAN_POINT ( 'NONE',  ( 4.343749762008579651, -4.426335649230749958, 2.418970410559260209 ) ) ;
#5420 = CARTESIAN_POINT ( 'NONE',  ( -4.500000237991429231, -1.926335649230739744, 7.570146519281769848 ) ) ;
#5421 = LINE ( 'NONE', #5527, #1988 ) ;
#5422 = B_SPLINE_CURVE_WITH_KNOTS ( 'NONE', 3,
 ( #4347, #1373, #3580, #9477, #2956, #2194, #67, #6492, #8843, #2284, #3000, #5885 ),
 .UNSPECIFIED., .F., .F.,
 ( 4, 2, 2, 2, 2, 4 ),
 ( 1.954188324446592790E-16, 0.001594632084328969929, 0.003189264168657744702, 0.004783896252986519042, 0.005581212295150906645, 0.006378528337315295983 ),
 .UNSPECIFIED. ) ;
#5423 = ORIENTED_EDGE ( 'NONE', *, *, #7371, .T. ) ;
#5424 = AXIS2_PLACEMENT_3D ( 'NONE', #2748, #1205, #4804 ) ;
#5425 = ADVANCED_FACE ( 'NONE', ( #6534 ), #8694, .T. ) ;
#5426 = CARTESIAN_POINT ( 'NONE',  ( -4.559394271566953094, -1.168195840598961421, -5.057255846633124108 ) ) ;
#5427 = VERTEX_POINT ( 'NONE', #6722 ) ;
#5428 = CARTESIAN_POINT ( 'NONE',  ( -0.9684859305595341361, 0.8367118329625180539, 6.880000000000002558 ) ) ;
#5429 = ORIENTED_EDGE ( 'NONE', *, *, #9250, .T. ) ;
#5430 = CARTESIAN_POINT ( 'NONE',  ( -2.488007230840694195, -1.571866509722523730, 0.2999999999999999334 ) ) ;
#5431 = DIRECTION ( 'NONE',  ( 0.000000000000000000, -0.000000000000000000, -1.000000000000000000 ) ) ;
#5432 = PLANE ( 'NONE',  #4639 ) ;
#5433 = LINE ( 'NONE', #384, #415 ) ;
#5434 = LINE ( 'NONE', #3270, #9284 ) ;
#5435 = ORIENTED_EDGE ( 'NONE', *, *, #9493, .T. ) ;
#5436 = VERTEX_POINT ( 'NONE', #7396 ) ;
#5437 = ORIENTED_EDGE ( 'NONE', *, *, #1752, .T. ) ;
#5438 = CARTESIAN_POINT ( 'NONE',  ( 5.548673376954272207, 2.187538818050815514, -3.220862805444394628 ) ) ;
#5439 = ADVANCED_FACE ( 'NONE', ( #1417 ), #2275, .T. ) ;
#5440 = CARTESIAN_POINT ( 'NONE',  ( 4.060129474301033881, 6.083756255694914294, 0.008564706381038868915 ) ) ;
#5441 = CYLINDRICAL_SURFACE ( 'NONE', #6385, 2.504644647884494812 ) ;
#5442 = DIRECTION ( 'NONE',  ( -1.000000000000000000, -0.000000000000000000, -0.000000000000000000 ) ) ;
#5443 = LINE ( 'NONE', #6304, #3057 ) ;
#5444 = CLOSED_SHELL ( 'NONE', ( #2184, #8206, #7083, #6032, #7752, #7674 ) ) ;
#5445 = EDGE_CURVE ( 'NONE', #5709, #1825, #7258, .T. ) ;
#5446 = ORIENTED_EDGE ( 'NONE', *, *, #2515, .F. ) ;
#5447 = VECTOR ( 'NONE', #6150, 1000.000000000000000 ) ;
#5448 = CARTESIAN_POINT ( 'NONE',  ( -1.602906781438529604, 3.264331192589055686, 4.000000000000000000 ) ) ;
#5449 = ADVANCED_FACE ( 'NONE', ( #9469 ), #4436, .F. ) ;
#5450 = CARTESIAN_POINT ( 'NONE',  ( -2.488008628878230155, -0.6120045235278430695, 4.000000000000006217 ) ) ;
#5451 = CARTESIAN_POINT ( 'NONE',  ( -1.000000000000000000, 0.6600000000000000311, 7.505220410559251043 ) ) ;
#5452 = DIRECTION ( 'NONE',  ( 0.000000000000000000, -1.000000000000000000, 0.000000000000000000 ) ) ;
#5453 = DIRECTION ( 'NONE',  ( -1.000000000000000000, -0.000000000000000000, -0.000000000000000000 ) ) ;
#5454 = DIRECTION ( 'NONE',  ( -0.000000000000000000, 1.000000000000000000, 0.000000000000000000 ) ) ;
#5455 = PRESENTATION_STYLE_ASSIGNMENT (( #6744 ) ) ;
#5456 = ORIENTED_EDGE ( 'NONE', *, *, #2399, .F. ) ;
#5457 = ORIENTED_EDGE ( 'NONE', *, *, #134, .T. ) ;
#5458 =( BOUNDED_SURFACE ( )  B_SPLINE_SURFACE ( 3, 2, ( 
 ( #358, #2484, #3287, #5503, #2573 ),
 ( #5451, #8421, #4775, #8221, #4058 ),
 ( #6881, #1666, #404, #6263, #1803 ),
 ( #9188, #951, #6784, #216, #7594 ),
 ( #1758, #8366, #6074, #9050, #8998 ),
 ( #1040, #3972, #2435, #995, #6826 ),
 ( #9276, #3391, #8564, #4873, #7878 ) ),
 .UNSPECIFIED., .F., .F., .F. ) 
 B_SPLINE_SURFACE_WITH_KNOTS ( ( 4, 1, 1, 1, 4 ),
 ( 3, 2, 3 ),
 ( 0.000000000000000000, 0.1130875424394150036, 0.2356190769618960179, 0.3581506114843580058, 0.4712381539237949779 ),
 ( 1.068141502220530059, 1.602212253330790093, 2.136283004441060118 ),
 .UNSPECIFIED. ) 
 GEOMETRIC_REPRESENTATION_ITEM ( )  RATIONAL_B_SPLINE_SURFACE ( (
 ( 1.000000000000000000, 0.7071067811865480168, 1.000000000000000000, 0.7071067811865480168, 1.000000000000000000),
 ( 1.000000000000000000, 0.7071067811865470176, 1.000000000000000000, 0.7071067811865470176, 1.000000000000000000),
 ( 1.000000000000000000, 0.7071067811865480168, 1.000000000000000000, 0.7071067811865480168, 1.000000000000000000),
 ( 1.000000000000000000, 0.7071067811865480168, 1.000000000000000000, 0.7071067811865480168, 1.000000000000000000),
 ( 1.000000000000000000, 0.7071067811865480168, 1.000000000000000000, 0.7071067811865480168, 1.000000000000000000),
 ( 1.000000000000000000, 0.7071067811865470176, 1.000000000000000000, 0.7071067811865470176, 1.000000000000000000),
 ( 1.000000000000000000, 0.7071067811865480168, 1.000000000000000000, 0.7071067811865480168, 1.000000000000000000) ) ) 
 REPRESENTATION_ITEM ( '' )  SURFACE ( )  );
#5459 = CARTESIAN_POINT ( 'NONE',  ( -5.591000000000068582, -3.834801901544083513, -12.00000000000000000 ) ) ;
#5460 = ORIENTED_EDGE ( 'NONE', *, *, #2406, .T. ) ;
#5461 = SURFACE_STYLE_USAGE ( .BOTH. , #8234 ) ;
#5462 = DIRECTION ( 'NONE',  ( 0.000000000000000000, 0.000000000000000000, 1.000000000000000000 ) ) ;
#5463 = FACE_OUTER_BOUND ( 'NONE', #6217, .T. ) ;
#5464 = DIRECTION ( 'NONE',  ( -1.000000000000000000, -0.000000000000000000, -0.000000000000000000 ) ) ;
#5465 = EDGE_CURVE ( 'NONE', #3422, #1412, #343, .T. ) ;
#5466 = CARTESIAN_POINT ( 'NONE',  ( 299.2999999999999545, 5.076540080366747532, -7.867280422007712382 ) ) ;
#5467 = VECTOR ( 'NONE', #4012, 1000.000000000000114 ) ;
#5468 = VECTOR ( 'NONE', #1742, 1000.000000000000000 ) ;
#5469 = CARTESIAN_POINT ( 'NONE',  ( -3.950000237991428964, -1.626335649230739921, 0.000000000000000000 ) ) ;
#5470 = ORIENTED_EDGE ( 'NONE', *, *, #7884, .F. ) ;
#5471 = ORIENTED_EDGE ( 'NONE', *, *, #3396, .F. ) ;
#5472 = VECTOR ( 'NONE', #861, 1000.000000000000000 ) ;
#5473 = CARTESIAN_POINT ( 'NONE',  ( -4.467450448618821568, -1.135117085276596383, -5.206359210016584527 ) ) ;
#5474 = EDGE_LOOP ( 'NONE', ( #4837, #7575 ) ) ;
#5475 = LINE ( 'NONE', #3227, #5829 ) ;
#5476 = ORIENTED_EDGE ( 'NONE', *, *, #7449, .F. ) ;
#5477 = AXIS2_PLACEMENT_3D ( 'NONE', #7478, #922, #6755 ) ;
#5478 = CARTESIAN_POINT ( 'NONE',  ( 3.059362742665408419, -1.396130578434451763, 1.076072228735579209E-17 ) ) ;
#5479 = CARTESIAN_POINT ( 'NONE',  ( -1.340000000000000080, 1.000000000000000000, 13.68857426865710281 ) ) ;
#5480 = CARTESIAN_POINT ( 'NONE',  ( -5.591000000000060588, -4.856079225363408192, -5.887857747749970727 ) ) ;
#5481 = CARTESIAN_POINT ( 'NONE',  ( -5.591000000000060588, 0.4998170792519279759, -10.64268622057410596 ) ) ;
#5482 = VECTOR ( 'NONE', #3383, 1000.000000000000000 ) ;
#5483 = EDGE_CURVE ( 'NONE', #5858, #5251, #5434, .T. ) ;
#5484 = CARTESIAN_POINT ( 'NONE',  ( 5.499999999999949374, 3.295100562410445910, -11.92012447731211289 ) ) ;
#5485 = VERTEX_POINT ( 'NONE', #3139 ) ;
#5486 = ORIENTED_EDGE ( 'NONE', *, *, #868, .T. ) ;
#5487 = CIRCLE ( 'NONE', #3329, 0.3400000000000000244 ) ;
#5488 = VERTEX_POINT ( 'NONE', #5484 ) ;
#5489 = AXIS2_PLACEMENT_3D ( 'NONE', #3839, #219, #8224 ) ;
#5490 = CARTESIAN_POINT ( 'NONE',  ( 8.499999999999948486, 0.2193455792999002840, -3.680812209029087789 ) ) ;
#5491 = AXIS2_PLACEMENT_3D ( 'NONE', #4285, #640, #1935 ) ;
#5492 = CYLINDRICAL_SURFACE ( 'NONE', #7542, 0.09999999999999993616 ) ;
#5493 = FACE_OUTER_BOUND ( 'NONE', #9071, .T. ) ;
#5494 = DIRECTION ( 'NONE',  ( -0.000000000000000000, -1.000000000000000000, -0.000000000000000000 ) ) ;
#5495 = VECTOR ( 'NONE', #1253, 1000.000000000000000 ) ;
#5496 = CARTESIAN_POINT ( 'NONE',  ( -2.986120869726938132, 5.337783869614061594, -6.940161209130924824 ) ) ;
#5497 = VECTOR ( 'NONE', #7559, 1000.000000000000000 ) ;
#5498 = COLOUR_RGB ( '',0.9019607843137255054, 0.9019607843137255054, 0.9019607843137255054 ) ;
#5499 = ORIENTED_EDGE ( 'NONE', *, *, #1402, .F. ) ;
#5500 = VECTOR ( 'NONE', #3539, 1000.000000000000000 ) ;
#5501 = CARTESIAN_POINT ( 'NONE',  ( 299.2999999999999545, 3.640943135231430539, -10.09661567848615249 ) ) ;
#5502 = CYLINDRICAL_SURFACE ( 'NONE', #614, 0.4919261306450209981 ) ;
#5503 = CARTESIAN_POINT ( 'NONE',  ( -0.6600000000000046940, 1.339999999999999414, 7.505220410559250155 ) ) ;
#5504 = AXIS2_PLACEMENT_3D ( 'NONE', #5841, #5115, #5069 ) ;
#5505 = DIRECTION ( 'NONE',  ( -0.000000000000000000, -0.000000000000000000, -1.000000000000000000 ) ) ;
#5506 = VECTOR ( 'NONE', #8841, 1000.000000000000000 ) ;
#5507 = PLANE ( 'NONE',  #5196 ) ;
#5508 = LINE ( 'NONE', #8613, #3363 ) ;
#5509 = VERTEX_POINT ( 'NONE', #6196 ) ;
#5510 = VERTEX_POINT ( 'NONE', #7627 ) ;
#5511 = VECTOR ( 'NONE', #7704, 1000.000000000000000 ) ;
#5512 = ADVANCED_FACE ( 'NONE', ( #6016 ), #2509, .T. ) ;
#5513 = ADVANCED_FACE ( 'NONE', ( #7539 ), #3905, .T. ) ;
#5514 = VERTEX_POINT ( 'NONE', #4569 ) ;
#5515 = AXIS2_PLACEMENT_3D ( 'NONE', #7656, #6223, #5520 ) ;
#5516 = CARTESIAN_POINT ( 'NONE',  ( -3.512089370002680067, -4.454638257320263861, -7.867280422007794094 ) ) ;
#5517 = VECTOR ( 'NONE', #5704, 1000.000000000000000 ) ;
#5518 = ORIENTED_EDGE ( 'NONE', *, *, #3613, .T. ) ;
#5519 = DIRECTION ( 'NONE',  ( 1.000000000000000000, -0.000000000000000000, -0.000000000000000000 ) ) ;
#5520 = DIRECTION ( 'NONE',  ( 0.000000000000000000, 0.000000000000000000, -1.000000000000000000 ) ) ;
#5521 = CYLINDRICAL_SURFACE ( 'NONE', #4238, 0.7199999999999997513 ) ;
#5522 = UNCERTAINTY_MEASURE_WITH_UNIT (LENGTH_MEASURE( 1.000000000000000082E-05 ), #2173, 'distance_accuracy_value', 'NONE');
#5523 = DIRECTION ( 'NONE',  ( 0.000000000000000000, 1.000000000000000000, -1.167177897768564214E-14 ) ) ;
#5524 = VECTOR ( 'NONE', #9336, 999.9999999999998863 ) ;
#5525 = DIRECTION ( 'NONE',  ( 0.000000000000000000, 0.000000000000000000, 1.000000000000000000 ) ) ;
#5526 = VECTOR ( 'NONE', #8363, 1000.000000000000000 ) ;
#5527 = CARTESIAN_POINT ( 'NONE',  ( -4.250000237991429231, -2.408745645934470492, 10.58998545934429991 ) ) ;
#5528 = ORIENTED_EDGE ( 'NONE', *, *, #4502, .T. ) ;
#5529 = CARTESIAN_POINT ( 'NONE',  ( -4.479219291537627434, -1.068959574631858533, -5.107045163196775484 ) ) ;
#5530 = ORIENTED_EDGE ( 'NONE', *, *, #1122, .F. ) ;
#5531 = EDGE_CURVE ( 'NONE', #5008, #2997, #7803, .T. ) ;
#5532 = CARTESIAN_POINT ( 'NONE',  ( -4.469795547639495936, -1.447010295314860251, -6.820759934706209116 ) ) ;
#5533 = ORIENTED_EDGE ( 'NONE', *, *, #8738, .F. ) ;
#5534 = CARTESIAN_POINT ( 'NONE',  ( 4.246444498374326137, 4.375135492539635962, 5.646117118231800625 ) ) ;
#5535 = CARTESIAN_POINT ( 'NONE',  ( -5.591000000000060588, 3.243903520801311391, -8.898559815854707011 ) ) ;
#5536 = CARTESIAN_POINT ( 'NONE',  ( 0.7477002781420042377, 3.119626789370609110, 4.000000000000000888 ) ) ;
#5537 = CARTESIAN_POINT ( 'NONE',  ( 5.499999999999949374, 3.026389538271987423, -11.50807386935497867 ) ) ;
#5538 = DIRECTION ( 'NONE',  ( 0.000000000000000000, 0.000000000000000000, 1.000000000000000000 ) ) ;
#5539 = LINE ( 'NONE', #8448, #8991 ) ;
#5540 = ORIENTED_EDGE ( 'NONE', *, *, #5445, .T. ) ;
#5541 = AXIS2_PLACEMENT_3D ( 'NONE', #2967, #4403, #3013 ) ;
#5542 = ORIENTED_EDGE ( 'NONE', *, *, #5300, .T. ) ;
#5543 = ORIENTED_EDGE ( 'NONE', *, *, #9194, .T. ) ;
#5544 = ADVANCED_FACE ( 'NONE', ( #2370 ), #935, .T. ) ;
#5545 = PLANE ( 'NONE',  #3360 ) ;
#5546 = FACE_OUTER_BOUND ( 'NONE', #5586, .T. ) ;
#5547 = CARTESIAN_POINT ( 'NONE',  ( 8.499999999999948486, 0.2193455792998725284, -8.319187790970875795 ) ) ;
#5548 = CARTESIAN_POINT ( 'NONE',  ( -2.986120869726993643, 6.750000000000088818, -4.132719577992327586 ) ) ;
#5549 = DIRECTION ( 'NONE',  ( -1.000000000000000000, 0.000000000000000000, -0.000000000000000000 ) ) ;
#5550 = EDGE_CURVE ( 'NONE', #1114, #6910, #8934, .T. ) ;
#5551 = ORIENTED_EDGE ( 'NONE', *, *, #6243, .F. ) ;
#5552 = DIRECTION ( 'NONE',  ( 0.000000000000000000, 0.000000000000000000, -1.000000000000000000 ) ) ;
#5553 = CARTESIAN_POINT ( 'NONE',  ( -5.591000000000060588, 5.076540080366747532, -12.00000000000000000 ) ) ;
#5554 = DIRECTION ( 'NONE',  ( -7.709882115452479153E-16, -0.000000000000000000, 1.000000000000000000 ) ) ;
#5555 = VECTOR ( 'NONE', #6350, 1000.000000000000000 ) ;
#5556 = CARTESIAN_POINT ( 'NONE',  ( -5.591000000000060588, -6.750000000000031974, -0.9929644752390692775 ) ) ;
#5557 = CARTESIAN_POINT ( 'NONE',  ( 299.2999999999999545, 5.076540080366747532, -4.992236348263475954 ) ) ;
#5558 = CARTESIAN_POINT ( 'NONE',  ( -4.500236797730967631, -1.171597244677234473, -5.178739410714769953 ) ) ;
#5559 = ORIENTED_EDGE ( 'NONE', *, *, #2777, .F. ) ;
#5560 = EDGE_LOOP ( 'NONE', ( #680, #7248, #7503, #571 ) ) ;
#5561 = LINE ( 'NONE', #6980, #8084 ) ;
#5562 = ORIENTED_EDGE ( 'NONE', *, *, #538, .F. ) ;
#5563 = CARTESIAN_POINT ( 'NONE',  ( 4.097700387862640348, 4.873169899430169316, 5.808574268657102024 ) ) ;
#5564 = CARTESIAN_POINT ( 'NONE',  ( -5.591000000000060588, -0.9040905573164232933, -4.317469199095388177 ) ) ;
#5565 = FILL_AREA_STYLE_COLOUR ( '', #7178 ) ;
#5566 = EDGE_CURVE ( 'NONE', #6070, #5153, #244, .T. ) ;
#5567 = FILL_AREA_STYLE ('',( #563 ) ) ;
#5568 = ADVANCED_FACE ( 'NONE', ( #6108 ), #202, .T. ) ;
#5569 = CARTESIAN_POINT ( 'NONE',  ( 0.9999999999999629186, 1.308037348756010188, 7.257272818943819814 ) ) ;
#5570 = CARTESIAN_POINT ( 'NONE',  ( 4.049999762008570592, -2.339157802475679837, 10.38998545934429885 ) ) ;
#5571 = DIRECTION ( 'NONE',  ( -1.000000000000000000, 0.000000000000000000, 0.000000000000000000 ) ) ;
#5572 = ORIENTED_EDGE ( 'NONE', *, *, #5065, .F. ) ;
#5573 = EDGE_CURVE ( 'NONE', #8262, #483, #4088, .T. ) ;
#5574 = CARTESIAN_POINT ( 'NONE',  ( -4.540751903072894891, -1.283971684949297254, -4.857304821456017940 ) ) ;
#5575 = ORIENTED_EDGE ( 'NONE', *, *, #8451, .F. ) ;
#5576 = CARTESIAN_POINT ( 'NONE',  ( -4.593041693580151907, -1.283860147659377837, -6.940253544063686775 ) ) ;
#5577 = EDGE_LOOP ( 'NONE', ( #8149, #7992, #3284, #2532 ) ) ;
#5578 = CARTESIAN_POINT ( 'NONE',  ( 4.424999762008582138, 2.046628620718602853, 13.68857426865710281 ) ) ;
#5579 = DIRECTION ( 'NONE',  ( -1.000000000000000000, 0.000000000000000000, 0.000000000000000000 ) ) ;
#5580 = DIRECTION ( 'NONE',  ( 0.7071067811865485719, 0.000000000000000000, 0.7071067811865464625 ) ) ;
#5581 = EDGE_CURVE ( 'NONE', #3160, #6020, #1323, .T. ) ;
#5582 = CARTESIAN_POINT ( 'NONE',  ( -4.553176055743957562, -6.750000000000033751, -2.552531416684486576 ) ) ;
#5583 = DIRECTION ( 'NONE',  ( -0.000000000000000000, 1.000000000000000000, 0.000000000000000000 ) ) ;
#5584 = DIRECTION ( 'NONE',  ( -0.000000000000000000, 0.000000000000000000, 1.000000000000000000 ) ) ;
#5585 = ORIENTED_EDGE ( 'NONE', *, *, #8727, .F. ) ;
#5586 = EDGE_LOOP ( 'NONE', ( #8300, #3375, #4496, #4508, #4126 ) ) ;
#5587 = EDGE_LOOP ( 'NONE', ( #1649, #8924, #9037, #3225 ) ) ;
#5588 = CARTESIAN_POINT ( 'NONE',  ( 4.125735693296642026, 6.032205187165140536, -3.228216686206738553E-17 ) ) ;
#5589 = AXIS2_PLACEMENT_3D ( 'NONE', #5939, #9405, #3838 ) ;
#5590 = CARTESIAN_POINT ( 'NONE',  ( 1.196262859121629774, -4.395153435249019580, 7.205220410559253885 ) ) ;
#5591 = CARTESIAN_POINT ( 'NONE',  ( 1.499999999999939826, 0.9675451179377199118, -7.069655554617711779 ) ) ;
#5592 = DIRECTION ( 'NONE',  ( 0.000000000000000000, 0.000000000000000000, 1.000000000000000000 ) ) ;
#5593 = ORIENTED_EDGE ( 'NONE', *, *, #6758, .F. ) ;
#5594 = CARTESIAN_POINT ( 'NONE',  ( -4.500000237991419461, -1.626335649230739921, 0.000000000000000000 ) ) ;
#5595 = EDGE_CURVE ( 'NONE', #84, #9282, #1785, .T. ) ;
#5596 = ORIENTED_EDGE ( 'NONE', *, *, #1695, .F. ) ;
#5597 = LINE ( 'NONE', #6261, #3076 ) ;
#5598 = DIRECTION ( 'NONE',  ( -1.000000000000000000, 0.000000000000000000, 0.000000000000000000 ) ) ;
#5599 = DIRECTION ( 'NONE',  ( 0.000000000000000000, 1.000000000000000000, 0.000000000000000000 ) ) ;
#5600 = ADVANCED_FACE ( 'NONE', ( #6956 ), #4005, .T. ) ;
#5601 = CARTESIAN_POINT ( 'NONE',  ( -4.500102387389145697, -1.223534429061706064, -5.200000000000005507 ) ) ;
#5602 = VERTEX_POINT ( 'NONE', #5290 ) ;
#5603 = VERTEX_POINT ( 'NONE', #4760 ) ;
#5604 = DIRECTION ( 'NONE',  ( -0.000000000000000000, -0.000000000000000000, 1.000000000000000000 ) ) ;
#5605 = CARTESIAN_POINT ( 'NONE',  ( 1.000000000000000000, 0.9999999999999014122, 9.475924141582259708 ) ) ;
#5606 = CARTESIAN_POINT ( 'NONE',  ( 5.500574254139195318, 3.284399111105547497, -0.07405204302091937529 ) ) ;
#5607 = AXIS2_PLACEMENT_3D ( 'NONE', #241, #5287, #5431 ) ;
#5608 = CARTESIAN_POINT ( 'NONE',  ( 4.645139837156087026, 3.026389538271987423, -11.50807386935497867 ) ) ;
#5609 = CARTESIAN_POINT ( 'NONE',  ( -2.478170270984168422, 6.273626543402450295, 5.608574268657101847 ) ) ;
#5610 = EDGE_LOOP ( 'NONE', ( #5226, #7115, #2831 ) ) ;
#5611 = EDGE_CURVE ( 'NONE', #2163, #1134, #2713, .T. ) ;
#5612 = CARTESIAN_POINT ( 'NONE',  ( -4.485194791680816806, -1.102038329954222462, -4.857304821456018828 ) ) ;
#5613 = ORIENTED_EDGE ( 'NONE', *, *, #3485, .T. ) ;
#5614 = CARTESIAN_POINT ( 'NONE',  ( -4.515941647391069402, -1.283860147659377615, -7.179240208153211178 ) ) ;
#5615 = ORIENTED_EDGE ( 'NONE', *, *, #8052, .T. ) ;
#5616 = CARTESIAN_POINT ( 'NONE',  ( 0.2860578088667183883, 6.200695170334869388, -2.846794465295086951 ) ) ;
#5617 = CARTESIAN_POINT ( 'NONE',  ( 5.599999999999949907, 2.184171825948686418, -8.793314250264877785 ) ) ;
#5618 = DIRECTION ( 'NONE',  ( 1.000000000000000000, 0.000000000000000000, 0.000000000000000000 ) ) ;
#5619 = DIRECTION ( 'NONE',  ( 0.000000000000000000, -1.153814465479998049E-14, -1.000000000000000000 ) ) ;
#5620 = PLANE ( 'NONE',  #2877 ) ;
#5621 = EDGE_CURVE ( 'NONE', #94, #5624, #4705, .T. ) ;
#5622 = CARTESIAN_POINT ( 'NONE',  ( 4.049999762008569704, -2.339157802475679837, 10.38998545934429885 ) ) ;
#5623 = ORIENTED_EDGE ( 'NONE', *, *, #5986, .T. ) ;
#5624 = VERTEX_POINT ( 'NONE', #1886 ) ;
#5625 = EDGE_CURVE ( 'NONE', #727, #330, #8271, .T. ) ;
#5626 = EDGE_CURVE ( 'NONE', #9210, #6759, #3514, .T. ) ;
#5627 = CARTESIAN_POINT ( 'NONE',  ( -3.500000237991431007, -1.926335649230749958, 1.575220410559259321 ) ) ;
#5628 = VECTOR ( 'NONE', #7819, 1000.000000000000000 ) ;
#5629 = ORIENTED_EDGE ( 'NONE', *, *, #6917, .T. ) ;
#5630 = CARTESIAN_POINT ( 'NONE',  ( 8.499986802792454554, 2.260162696430323859, -3.108310331937552462 ) ) ;
#5631 = MECHANICAL_DESIGN_GEOMETRIC_PRESENTATION_REPRESENTATION (  '', ( #3793 ), #6836 ) ;
#5632 = LINE ( 'NONE', #7826, #8089 ) ;
#5633 = DIRECTION ( 'NONE',  ( -0.000000000000000000, -0.000000000000000000, -1.000000000000000000 ) ) ;
#5634 = CARTESIAN_POINT ( 'NONE',  ( -4.047397432834798359, -1.918527233760852990, 0.2214751072580580793 ) ) ;
#5635 = DIRECTION ( 'NONE',  ( 0.000000000000000000, -1.000000000000000000, 0.000000000000000000 ) ) ;
#5636 = AXIS2_PLACEMENT_3D ( 'NONE', #4969, #6308, #7221 ) ;
#5637 = AXIS2_PLACEMENT_3D ( 'NONE', #2041, #361, #7873 ) ;
#5638 = ORIENTED_EDGE ( 'NONE', *, *, #7687, .F. ) ;
#5639 = CARTESIAN_POINT ( 'NONE',  ( 1.177475463979516190, 0.6999999999999995115, 7.508577557786587420 ) ) ;
#5640 = LINE ( 'NONE', #9095, #9302 ) ;
#5641 = AXIS2_PLACEMENT_3D ( 'NONE', #8978, #3862, #4659 ) ;
#5642 = PRESENTATION_LAYER_ASSIGNMENT (  '', '', ( #5953 ) ) ;
#5643 = ADVANCED_FACE ( 'NONE', ( #8635 ), #6377, .T. ) ;
#5644 = CARTESIAN_POINT ( 'NONE',  ( -5.400000000000059863, -3.518949692510942029, -4.930344445382288221 ) ) ;
#5645 = AXIS2_PLACEMENT_3D ( 'NONE', #2629, #1130, #512 ) ;
#5646 = CARTESIAN_POINT ( 'NONE',  ( 5.599999999999949907, 3.179930804371494446, -11.87542427067709561 ) ) ;
#5647 = FACE_OUTER_BOUND ( 'NONE', #122, .T. ) ;
#5648 = AXIS2_PLACEMENT_3D ( 'NONE', #1098, #4030, #2496 ) ;
#5649 = CARTESIAN_POINT ( 'NONE',  ( 1.499999999999939826, -3.242975956555899764, -2.023575344751846750 ) ) ;
#5650 = FACE_OUTER_BOUND ( 'NONE', #3379, .T. ) ;
#5651 = VECTOR ( 'NONE', #5068, 1000.000000000000000 ) ;
#5652 = DIRECTION ( 'NONE',  ( -1.000000000000000000, 0.000000000000000000, 0.000000000000000000 ) ) ;
#5653 = ORIENTED_EDGE ( 'NONE', *, *, #4853, .F. ) ;
#5654 = MECHANICAL_DESIGN_GEOMETRIC_PRESENTATION_REPRESENTATION (  '', ( #5342 ), #8239 ) ;
#5655 = AXIS2_PLACEMENT_3D ( 'NONE', #4777, #406, #8567 ) ;
#5656 = ORIENTED_EDGE ( 'NONE', *, *, #9028, .T. ) ;
#5657 = ADVANCED_FACE ( 'NONE', ( #6430 ), #4183, .T. ) ;
#5658 = CARTESIAN_POINT ( 'NONE',  ( -5.400000000000059863, 0.5675451179377200006, -4.930344445382288221 ) ) ;
#5659 = PRESENTATION_LAYER_ASSIGNMENT (  '', '', ( #1983 ) ) ;
#5660 = VECTOR ( 'NONE', #983, 1000.000000000000000 ) ;
#5661 = CARTESIAN_POINT ( 'NONE',  ( 5.499999999999949374, 3.334171825948719636, -0.1081796239457946257 ) ) ;
#5662 = DIRECTION ( 'NONE',  ( 0.000000000000000000, 0.000000000000000000, 1.000000000000000000 ) ) ;
#5663 = CARTESIAN_POINT ( 'NONE',  ( 0.6599999999999692779, 0.6709175056610475751, 7.534302727183002091 ) ) ;
#5664 = VECTOR ( 'NONE', #2983, 1000.000000000000000 ) ;
#5665 = DIRECTION ( 'NONE',  ( -0.000000000000000000, 1.000000000000000000, 0.000000000000000000 ) ) ;
#5666 = ORIENTED_EDGE ( 'NONE', *, *, #23, .T. ) ;
#5667 = AXIS2_PLACEMENT_3D ( 'NONE', #9091, #215, #3153 ) ;
#5668 = VECTOR ( 'NONE', #7655, 1000.000000000000000 ) ;
#5669 = CARTESIAN_POINT ( 'NONE',  ( -4.542586851949180549, -1.135117085276593052, -5.007466530069471844 ) ) ;
#5670 = EDGE_LOOP ( 'NONE', ( #2107, #4996, #2991, #6284, #3262 ) ) ;
#5671 = EDGE_CURVE ( 'NONE', #2271, #8742, #5720, .T. ) ;
#5672 = CARTESIAN_POINT ( 'NONE',  ( -4.534743530161195579, -1.332805218072989906, -7.145099315564573672 ) ) ;
#5673 = ORIENTED_EDGE ( 'NONE', *, *, #2519, .F. ) ;
#5674 = CARTESIAN_POINT ( 'NONE',  ( -0.1810875243354026221, 6.354888258146344171, -3.046098374720113355 ) ) ;
#5675 = CARTESIAN_POINT ( 'NONE',  ( 5.547354841710390616, 2.187576690184674710, -8.779025748945120000 ) ) ;
#5676 = PRODUCT_DEFINITION_SHAPE ( 'NONE', 'NONE',  #9240 ) ;
#5677 = DIRECTION ( 'NONE',  ( -1.000000000000000000, 0.000000000000000000, 0.000000000000000000 ) ) ;
#5678 = VECTOR ( 'NONE', #6877, 1000.000000000000000 ) ;
#5679 = CARTESIAN_POINT ( 'NONE',  ( 2.722379410492063112, 6.201928913614559669, 10.76322544976909334 ) ) ;
#5680 = DIRECTION ( 'NONE',  ( -1.000000000000000000, -0.000000000000000000, -0.000000000000000000 ) ) ;
#5681 = LINE ( 'NONE', #9262, #4242 ) ;
#5682 = EDGE_LOOP ( 'NONE', ( #3577, #22, #6933, #9220 ) ) ;
#5683 = ORIENTED_EDGE ( 'NONE', *, *, #3010, .T. ) ;
#5684 = CARTESIAN_POINT ( 'NONE',  ( -2.478170270984168422, 6.273626543402450295, 10.60857426865710096 ) ) ;
#5685 = ORIENTED_EDGE ( 'NONE', *, *, #6498, .T. ) ;
#5686 = CARTESIAN_POINT ( 'NONE',  ( -2.788008628878230422, -1.580944692512036287, 0.000000000000000000 ) ) ;
#5687 = FACE_OUTER_BOUND ( 'NONE', #2492, .T. ) ;
#5688 = EDGE_CURVE ( 'NONE', #5371, #259, #5319, .T. ) ;
#5689 = EDGE_CURVE ( 'NONE', #6910, #5709, #4907, .T. ) ;
#5690 = CARTESIAN_POINT ( 'NONE',  ( 3.499999762008580539, -1.926335649230739744, 9.075220410559280637 ) ) ;
#5691 = VERTEX_POINT ( 'NONE', #4139 ) ;
#5692 = CARTESIAN_POINT ( 'NONE',  ( 4.049999762008569704, -1.926335649230739744, 7.570146519281769848 ) ) ;
#5693 = ORIENTED_EDGE ( 'NONE', *, *, #1075, .F. ) ;
#5694 = EDGE_CURVE ( 'NONE', #8512, #2213, #5681, .T. ) ;
#5695 = PRESENTATION_LAYER_ASSIGNMENT (  '', '', ( #3090 ) ) ;
#5696 = CYLINDRICAL_SURFACE ( 'NONE', #3697, 0.3400000000000000244 ) ;
#5697 = DIRECTION ( 'NONE',  ( 0.000000000000000000, 0.000000000000000000, 1.000000000000000000 ) ) ;
#5698 = CARTESIAN_POINT ( 'NONE',  ( 2.788007147730789281, -1.626335649230739921, 0.000000000000000000 ) ) ;
#5699 = EDGE_CURVE ( 'NONE', #5996, #456, #5539, .T. ) ;
#5700 = DIRECTION ( 'NONE',  ( 0.000000000000000000, -0.000000000000000000, 1.000000000000000000 ) ) ;
#5701 = PLANE ( 'NONE',  #5655 ) ;
#5702 = CARTESIAN_POINT ( 'NONE',  ( 3.499999762008579651, -1.926335649230749958, 2.295220410559259516 ) ) ;
#5703 = EDGE_LOOP ( 'NONE', ( #240, #367, #8285, #4521 ) ) ;
#5704 = DIRECTION ( 'NONE',  ( -0.000000000000000000, -0.000000000000000000, 1.000000000000000000 ) ) ;
#5705 = CARTESIAN_POINT ( 'NONE',  ( 1.031514069440459203, 0.8367118329625121698, 6.880000000000002558 ) ) ;
#5706 = CARTESIAN_POINT ( 'NONE',  ( 1.000000000000000000, 0.6600000000000000311, 7.505220410559251043 ) ) ;
#5707 = CARTESIAN_POINT ( 'NONE',  ( 1.099154851397560639, -1.863163407847409969, 6.879999999999999893 ) ) ;
#5708 = DIRECTION ( 'NONE',  ( 1.000000000000000000, 0.000000000000000000, 0.000000000000000000 ) ) ;
#5709 = VERTEX_POINT ( 'NONE', #4806 ) ;
#5710 = ADVANCED_FACE ( 'NONE', ( #441 ), #1154, .F. ) ;
#5711 = CARTESIAN_POINT ( 'NONE',  ( -4.540751935055849842, -1.267432240380762742, -4.857304821456017940 ) ) ;
#5712 = ORIENTED_EDGE ( 'NONE', *, *, #3293, .T. ) ;
#5713 = CARTESIAN_POINT ( 'NONE',  ( -4.593485648586449699, -1.218599879661447671, -7.008535606553674135 ) ) ;
#5714 = ORIENTED_EDGE ( 'NONE', *, *, #1868, .T. ) ;
#5715 = CARTESIAN_POINT ( 'NONE',  ( 2.353429003504691419, 5.208199926678894975, -2.157457814220526071 ) ) ;
#5716 = FACE_OUTER_BOUND ( 'NONE', #7671, .T. ) ;
#5717 =( BOUNDED_CURVE ( )  B_SPLINE_CURVE ( 3, ( #4316, #8859, #4361, #8723 ),
 .UNSPECIFIED., .F., .T. ) 
 B_SPLINE_CURVE_WITH_KNOTS ( ( 4, 4 ),
 ( 0.000000000000000000, 1.570796326794896558 ),
 .UNSPECIFIED. ) 
 CURVE ( )  GEOMETRIC_REPRESENTATION_ITEM ( )  RATIONAL_B_SPLINE_CURVE ( ( 1.000000000000000000, 0.8047378541243649375, 0.8047378541243649375, 1.000000000000000000 ) ) 
 REPRESENTATION_ITEM ( '' )  );
#5718 = CARTESIAN_POINT ( 'NONE',  ( 5.499999999999949374, -6.750000000000033751, -12.00000000000000000 ) ) ;
#5719 = DIRECTION ( 'NONE',  ( 0.000000000000000000, 0.000000000000000000, 1.000000000000000000 ) ) ;
#5720 = LINE ( 'NONE', #7148, #2104 ) ;
#5721 = VERTEX_POINT ( 'NONE', #7005 ) ;
#5722 = EDGE_CURVE ( 'NONE', #3764, #5951, #3374, .T. ) ;
#5723 = EDGE_LOOP ( 'NONE', ( #4468, #3357, #2327, #9144 ) ) ;
#5724 = AXIS2_PLACEMENT_3D ( 'NONE', #3322, #2617, #8642 ) ;
#5725 = DIRECTION ( 'NONE',  ( -0.000000000000000000, -0.000000000000000000, 1.000000000000000000 ) ) ;
#5726 = VERTEX_POINT ( 'NONE', #535 ) ;
#5727 = DIRECTION ( 'NONE',  ( 0.000000000000000000, -1.000000000000000000, 0.000000000000000000 ) ) ;
#5728 = DIRECTION ( 'NONE',  ( -3.183272527090204206E-15, -1.000000000000000000, 0.000000000000000000 ) ) ;
#5729 = CARTESIAN_POINT ( 'NONE',  ( 1.499999999999939826, 4.771167705692607619, -4.132719577992287618 ) ) ;
#5730 = PLANE ( 'NONE',  #4554 ) ;
#5731 = FACE_OUTER_BOUND ( 'NONE', #4764, .T. ) ;
#5732 = ORIENTED_EDGE ( 'NONE', *, *, #8508, .T. ) ;
#5733 = CARTESIAN_POINT ( 'NONE',  ( 4.249999762008569881, -2.408745645934470492, 5.608574268657101847 ) ) ;
#5734 = ORIENTED_EDGE ( 'NONE', *, *, #7046, .T. ) ;
#5735 = DIRECTION ( 'NONE',  ( 0.7071067811865486830, 0.000000000000000000, 0.7071067811865464625 ) ) ;
#5736 = EDGE_CURVE ( 'NONE', #2226, #7618, #9217, .T. ) ;
#5737 = CARTESIAN_POINT ( 'NONE',  ( 8.499999999999948486, 3.095100562410488365, -8.319187790970909546 ) ) ;
#5738 = FACE_OUTER_BOUND ( 'NONE', #87, .T. ) ;
#5739 = DIRECTION ( 'NONE',  ( -0.000000000000000000, 1.000000000000000000, -0.000000000000000000 ) ) ;
#5740 = DIRECTION ( 'NONE',  ( 3.289661038019970116E-07, -0.9999999999999459321, 0.000000000000000000 ) ) ;
#5741 = ADVANCED_FACE ( 'NONE', ( #2654 ), #494, .F. ) ;
#5742 = CARTESIAN_POINT ( 'NONE',  ( -2.497439238278114981, 6.273626543402450295, 5.627843235951047518 ) ) ;
#5743 = EDGE_CURVE ( 'NONE', #3234, #1880, #1929, .T. ) ;
#5744 = EDGE_LOOP ( 'NONE', ( #273, #3677, #8376, #1575 ) ) ;
#5745 = LINE ( 'NONE', #7742, #770 ) ;
#5746 = DIRECTION ( 'NONE',  ( -0.000000000000000000, 1.000000000000000000, -1.201179063752586100E-14 ) ) ;
#5747 =( NAMED_UNIT ( * ) SI_UNIT ( $, .STERADIAN. ) SOLID_ANGLE_UNIT ( ) );
#5748 = CARTESIAN_POINT ( 'NONE',  ( -1.177475463979515968, 0.7000000000000083933, 6.901863263331914133 ) ) ;
#5749 = PLANE ( 'NONE',  #1816 ) ;
#5750 = CARTESIAN_POINT ( 'NONE',  ( 1.499999999999939826, -5.507928190936763890, -5.887857747749970727 ) ) ;
#5751 = CARTESIAN_POINT ( 'NONE',  ( -2.565443596859785735, -1.349301477704079044, 0.09527791560842110985 ) ) ;
#5752 = EDGE_LOOP ( 'NONE', ( #9047, #881, #3408, #7500 ) ) ;
#5753 = CLOSED_SHELL ( 'NONE', ( #3572, #8608, #6081, #696, #3678, #8951, #4574, #5253, #4209, #8930, #6015, #7336, #397, #1407, #2934, #2970, #6615, #2050, #1603, #3451, #693, #756, #1428, #884, #4289, #4536, #2730, #1244, #1380, #3157, #5741, #934, #786, #5110, #1280, #9379, #2699, #8225, #2860, #3704, #5512, #2197, #6204, #1854, #5028, #5887, #7014, #8634, #7218, #1052, #9195, #3332, #4205, #7498, #1551, #1128, #2545, #7175, #7357, #6003, #8792, #5870, #8126, #6746, #9259, #2870, #880, #6547, #5449, #7162, #8305, #9385, #3571, #869, #5795, #6322, #6454, #4282, #9229, #9051, #5425, #7545, #3052, #8408, #6780, #7858, #1667, #368, #592, #5352, #8006, #6315, #499, #5217, #4923, #3431, #7722, #2718, #6843, #5710, #1707, #3519, #7421, #7633, #7062, #724, #9189, #2167, #4587, #6582, #7370, #3100, #4158, #3240, #8903, #5133, #4799, #4391, #835, #355, #7317, #1458, #7952, #1478, #3775, #278, #3855, #5981, #3518, #4002, #8018 ) ) ;
#5754 = CARTESIAN_POINT ( 'NONE',  ( -4.467390301258330254, -1.068959574631854981, -4.857304821456018828 ) ) ;
#5755 = ORIENTED_EDGE ( 'NONE', *, *, #7776, .F. ) ;
#5756 = CARTESIAN_POINT ( 'NONE',  ( -4.491004854121447565, -1.267545080659895351, -7.213381100741846907 ) ) ;
#5757 = ORIENTED_EDGE ( 'NONE', *, *, #1286, .T. ) ;
#5758 = LINE ( 'NONE', #6424, #3512 ) ;
#5759 = DIRECTION ( 'NONE',  ( 0.000000000000000000, -0.000000000000000000, -1.000000000000000000 ) ) ;
#5760 = EDGE_CURVE ( 'NONE', #3801, #8113, #1259, .T. ) ;
#5761 = PLANE ( 'NONE',  #9283 ) ;
#5762 = CARTESIAN_POINT ( 'NONE',  ( -5.591000000000060588, 1.215951923305366833, -9.561659363273927070 ) ) ;
#5763 = DIRECTION ( 'NONE',  ( 0.000000000000000000, 0.000000000000000000, 1.000000000000000000 ) ) ;
#5764 = CARTESIAN_POINT ( 'NONE',  ( 2.516508722435041534, 6.270861064318353328, 5.646912720107957639 ) ) ;
#5765 = ORIENTED_EDGE ( 'NONE', *, *, #7109, .F. ) ;
#5766 = ORIENTED_EDGE ( 'NONE', *, *, #8132, .T. ) ;
#5767 = DIRECTION ( 'NONE',  ( 0.000000000000000000, 0.000000000000000000, -1.000000000000000000 ) ) ;
#5768 = ORIENTED_EDGE ( 'NONE', *, *, #2876, .F. ) ;
#5769 =( BOUNDED_CURVE ( )  B_SPLINE_CURVE ( 3, ( #2642, #3406, #6324, #4937 ),
 .UNSPECIFIED., .F., .T. ) 
 B_SPLINE_CURVE_WITH_KNOTS ( ( 4, 4 ),
 ( 0.000000000000000000, 1.570796326794896558 ),
 .UNSPECIFIED. ) 
 CURVE ( )  GEOMETRIC_REPRESENTATION_ITEM ( )  RATIONAL_B_SPLINE_CURVE ( ( 1.000000000000000000, 0.8047378541243649375, 0.8047378541243649375, 1.000000000000000000 ) ) 
 REPRESENTATION_ITEM ( '' )  );
#5770 = FILL_AREA_STYLE ('',( #498 ) ) ;
#5771 = ORIENTED_EDGE ( 'NONE', *, *, #2787, .F. ) ;
#5772 = EDGE_CURVE ( 'NONE', #3801, #5153, #3142, .T. ) ;
#5773 = LINE ( 'NONE', #6586, #3004 ) ;
#5774 = CARTESIAN_POINT ( 'NONE',  ( 4.212135896985230055, -1.713714360889625254, 0.1489148333228905163 ) ) ;
#5775 = CARTESIAN_POINT ( 'NONE',  ( -4.177841068957361514, -1.854176480196665810, 0.08639111434570494186 ) ) ;
#5776 = EDGE_LOOP ( 'NONE', ( #1132, #309 ) ) ;
#5777 = VERTEX_POINT ( 'NONE', #1587 ) ;
#5778 = AXIS2_PLACEMENT_3D ( 'NONE', #4582, #8990, #7551 ) ;
#5779 = COLOUR_RGB ( '',0.6470588235294117974, 0.6196078431372549211, 0.5882352941176470784 ) ;
#5780 = CARTESIAN_POINT ( 'NONE',  ( -4.500159491542393475, -1.275702287286610392, -4.799999999999997158 ) ) ;
#5781 = EDGE_CURVE ( 'NONE', #7108, #8427, #4856, .T. ) ;
#5782 = CARTESIAN_POINT ( 'NONE',  ( -4.500000237991419461, -1.626335649230739921, 0.000000000000000000 ) ) ;
#5783 = AXIS2_PLACEMENT_3D ( 'NONE', #3435, #9339, #2856 ) ;
#5784 = AXIS2_PLACEMENT_3D ( 'NONE', #1353, #7860, #7063 ) ;
#5785 = LINE ( 'NONE', #3003, #1576 ) ;
#5786 = CARTESIAN_POINT ( 'NONE',  ( 5.578172305573207979, 0.8152763464392177584, -1.749435064788207539 ) ) ;
#5787 = CARTESIAN_POINT ( 'NONE',  ( -3.500000237991430119, -4.426335649230740188, 9.075220410559261097 ) ) ;
#5788 = VECTOR ( 'NONE', #4004, 1000.000000000000000 ) ;
#5789 = LINE ( 'NONE', #4397, #5946 ) ;
#5790 = AXIS2_PLACEMENT_3D ( 'NONE', #2810, #7650, #9139 ) ;
#5791 = CIRCLE ( 'NONE', #5186, 0.3400000000000000244 ) ;
#5792 = VERTEX_POINT ( 'NONE', #7201 ) ;
#5793 = AXIS2_PLACEMENT_3D ( 'NONE', #6558, #5030, #2247 ) ;
#5794 = CARTESIAN_POINT ( 'NONE',  ( 8.499999999999948486, 2.261393882621254292, -8.893314250264879206 ) ) ;
#5795 = ADVANCED_FACE ( 'NONE', ( #3610 ), #6474, .F. ) ;
#5796 = CARTESIAN_POINT ( 'NONE',  ( -2.488008628878422446, -1.709488200989063067, 1.251029786919372436E-14 ) ) ;
#5797 = DIRECTION ( 'NONE',  ( 0.000000000000000000, 0.000000000000000000, -1.000000000000000000 ) ) ;
#5798 = DIRECTION ( 'NONE',  ( -0.7071067811865449082, 0.000000000000000000, -0.7071067811865501263 ) ) ;
#5799 = CIRCLE ( 'NONE', #3659, 0.3400000000000000244 ) ;
#5800 = DIRECTION ( 'NONE',  ( 9.674119995890032619E-15, 1.000000000000000000, -0.000000000000000000 ) ) ;
#5801 = EDGE_CURVE ( 'NONE', #3186, #6804, #1488, .T. ) ;
#5802 = EDGE_CURVE ( 'NONE', #1304, #7126, #1477, .T. ) ;
#5803 = CARTESIAN_POINT ( 'NONE',  ( -4.250000237991429231, -1.726335649230739788, 2.972276292613179827 ) ) ;
#5804 = PLANE ( 'NONE',  #2445 ) ;
#5805 = ORIENTED_EDGE ( 'NONE', *, *, #7776, .T. ) ;
#5806 = EDGE_LOOP ( 'NONE', ( #8062, #3908, #8882, #1842 ) ) ;
#5807 = MECHANICAL_DESIGN_GEOMETRIC_PRESENTATION_REPRESENTATION (  '', ( #450 ), #8559 ) ;
#5808 = CARTESIAN_POINT ( 'NONE',  ( -4.498173621853177373, -1.168195840598957869, -4.823935552875250110 ) ) ;
#5809 = VECTOR ( 'NONE', #5735, 999.9999999999998863 ) ;
#5810 = ORIENTED_EDGE ( 'NONE', *, *, #7459, .T. ) ;
#5811 = CARTESIAN_POINT ( 'NONE',  ( -4.467853804347982738, -1.071764276666104854, -7.145099315564573672 ) ) ;
#5812 = ADVANCED_FACE ( 'NONE', ( #2176 ), #4427, .T. ) ;
#5813 = ORIENTED_EDGE ( 'NONE', *, *, #7980, .F. ) ;
#5814 = DIRECTION ( 'NONE',  ( 0.000000000000000000, -0.000000000000000000, 1.000000000000000000 ) ) ;
#5815 = CARTESIAN_POINT ( 'NONE',  ( 5.567550968502309239, 2.185469682489209475, -8.787903152123739403 ) ) ;
#5816 = CARTESIAN_POINT ( 'NONE',  ( 1.499999999999939826, -5.507928190936763890, -5.887857747749970727 ) ) ;
#5817 = UNCERTAINTY_MEASURE_WITH_UNIT (LENGTH_MEASURE( 1.000000000000000082E-05 ), #7073, 'distance_accuracy_value', 'NONE');
#5818 = DIRECTION ( 'NONE',  ( 0.000000000000000000, -1.000000000000000000, 0.000000000000000000 ) ) ;
#5819 = CIRCLE ( 'NONE', #5346, 1.743247405224330970 ) ;
#5820 = CARTESIAN_POINT ( 'NONE',  ( -0.7477005242537169138, 2.420857981308560447, 8.856534637527339271 ) ) ;
#5821 = AXIS2_PLACEMENT_3D ( 'NONE', #9266, #2757, #5001 ) ;
#5822 = CARTESIAN_POINT ( 'NONE',  ( -1.340000000000000080, 1.000000000000000000, 7.505220410559251043 ) ) ;
#5823 = VERTEX_POINT ( 'NONE', #8740 ) ;
#5824 = ORIENTED_EDGE ( 'NONE', *, *, #3832, .F. ) ;
#5825 = CARTESIAN_POINT ( 'NONE',  ( 1.499999999999939826, 1.215951923305366833, -9.561659363273927070 ) ) ;
#5826 = VERTEX_POINT ( 'NONE', #5867 ) ;
#5827 = CARTESIAN_POINT ( 'NONE',  ( 8.460659273880159148, 2.199816552914467316, -3.186742558476299614 ) ) ;
#5828 = CIRCLE ( 'NONE', #5667, 0.1999999999999996503 ) ;
#5829 = VECTOR ( 'NONE', #1146, 1000.000000000000000 ) ;
#5830 = ORIENTED_EDGE ( 'NONE', *, *, #5671, .T. ) ;
#5831 = CARTESIAN_POINT ( 'NONE',  ( 8.399999999999948841, 0.8170932621786317629, -10.24999999999996980 ) ) ;
#5832 = CARTESIAN_POINT ( 'NONE',  ( 4.231443955108479038, -1.907779842330654230, 0.1735507048302613875 ) ) ;
#5833 = DIRECTION ( 'NONE',  ( 0.000000000000000000, -1.000000000000000000, -0.000000000000000000 ) ) ;
#5834 =( NAMED_UNIT ( * ) SI_UNIT ( $, .STERADIAN. ) SOLID_ANGLE_UNIT ( ) );
#5835 = ORIENTED_EDGE ( 'NONE', *, *, #7694, .F. ) ;
#5836 = VECTOR ( 'NONE', #7119, 1000.000000000000000 ) ;
#5837 = ORIENTED_EDGE ( 'NONE', *, *, #7889, .T. ) ;
#5838 = AXIS2_PLACEMENT_3D ( 'NONE', #3389, #7788, #4967 ) ;
#5839 = EDGE_CURVE ( 'NONE', #5227, #4225, #8778, .T. ) ;
#5840 = DIRECTION ( 'NONE',  ( 0.000000000000000000, 0.000000000000000000, -1.000000000000000000 ) ) ;
#5841 = CARTESIAN_POINT ( 'NONE',  ( -1.000000000000000000, 1.000000000000000000, 8.490572276070761149 ) ) ;
#5842 = DIRECTION ( 'NONE',  ( 0.000000000000000000, 0.000000000000000000, 1.000000000000000000 ) ) ;
#5843 = CARTESIAN_POINT ( 'NONE',  ( 4.231443955108477262, 6.255070736502365669, 0.1735507048302640798 ) ) ;
#5844 = CARTESIAN_POINT ( 'NONE',  ( 1.339999999999990088, 1.165319909422419808, 7.039903344578381628 ) ) ;
#5845 = CARTESIAN_POINT ( 'NONE',  ( 0.7477002781421120403, 3.119626461413149698, 4.000000000000000000 ) ) ;
#5846 = LINE ( 'NONE', #3586, #6271 ) ;
#5847 = VERTEX_POINT ( 'NONE', #2123 ) ;
#5848 = EDGE_CURVE ( 'NONE', #7214, #3651, #7409, .T. ) ;
#5849 = VERTEX_POINT ( 'NONE', #5140 ) ;
#5850 = DIRECTION ( 'NONE',  ( -1.000000000000000000, -0.000000000000000000, -0.000000000000000000 ) ) ;
#5851 = DIRECTION ( 'NONE',  ( -0.000000000000000000, -0.000000000000000000, 1.000000000000000000 ) ) ;
#5852 = CARTESIAN_POINT ( 'NONE',  ( -2.488007230840694195, -1.271866509722523686, 0.2999999999999999334 ) ) ;
#5853 = FACE_OUTER_BOUND ( 'NONE', #8245, .T. ) ;
#5854 = PLANE ( 'NONE',  #1506 ) ;
#5855 = DIRECTION ( 'NONE',  ( 0.000000000000000000, 1.000000000000000000, 0.000000000000000000 ) ) ;
#5856 = DIRECTION ( 'NONE',  ( 1.000000000000000000, 0.000000000000000000, 0.000000000000000000 ) ) ;
#5857 = ORIENTED_EDGE ( 'NONE', *, *, #3928, .T. ) ;
#5858 = VERTEX_POINT ( 'NONE', #8048 ) ;
#5859 = CARTESIAN_POINT ( 'NONE',  ( -4.517895462491583913, -1.267432240380762520, -4.823935552875249222 ) ) ;
#5860 = PRODUCT_DEFINITION ( 'UNKNOWN', '', #6878, #3402 ) ;
#5861 = ORIENTED_EDGE ( 'NONE', *, *, #9028, .F. ) ;
#5862 = CARTESIAN_POINT ( 'NONE',  ( -4.475379781596223516, -1.169654678662999991, -7.213381100741846907 ) ) ;
#5863 = EDGE_CURVE ( 'NONE', #3906, #380, #1403, .T. ) ;
#5864 = FACE_OUTER_BOUND ( 'NONE', #5806, .T. ) ;
#5865 = DIRECTION ( 'NONE',  ( 0.7018122366944840040, -0.1221440495962380079, 0.7018122366944861135 ) ) ;
#5866 = CARTESIAN_POINT ( 'NONE',  ( -4.050000237991429053, -1.926335649230739744, 10.38998545934429885 ) ) ;
#5867 = CARTESIAN_POINT ( 'NONE',  ( 4.246444498374326137, 4.375135492539635962, 5.646117118231800625 ) ) ;
#5868 = CARTESIAN_POINT ( 'NONE',  ( -1.340000000000000080, 0.8162245206283230692, 7.220202327326859404 ) ) ;
#5869 = ORIENTED_EDGE ( 'NONE', *, *, #8656, .T. ) ;
#5870 = ADVANCED_FACE ( 'NONE', ( #4420 ), #5910, .F. ) ;
#5871 = ORIENTED_EDGE ( 'NONE', *, *, #3171, .F. ) ;
#5872 = ORIENTED_EDGE ( 'NONE', *, *, #6321, .T. ) ;
#5873 = COLOUR_RGB ( '',0.6470588235294117974, 0.6196078431372549211, 0.5882352941176470784 ) ;
#5874 = CARTESIAN_POINT ( 'NONE',  ( 8.499995308847873687, 0.9159748484792988865, -1.678426949588837314 ) ) ;
#5875 = EDGE_CURVE ( 'NONE', #8341, #4710, #7747, .T. ) ;
#5876 = EDGE_LOOP ( 'NONE', ( #587, #5562, #348, #270 ) ) ;
#5877 = DIRECTION ( 'NONE',  ( 0.000000000000000000, 1.000000000000000000, 0.000000000000000000 ) ) ;
#5878 = DIRECTION ( 'NONE',  ( 0.000000000000000000, 0.000000000000000000, -1.000000000000000000 ) ) ;
#5879 = CARTESIAN_POINT ( 'NONE',  ( -4.060129950283893230, 6.083756255694914294, 0.008564706381038678096 ) ) ;
#5880 = CARTESIAN_POINT ( 'NONE',  ( -2.986120869726827110, 5.076540080366747532, -7.007763651736524046 ) ) ;
#5881 = ORIENTED_EDGE ( 'NONE', *, *, #5611, .F. ) ;
#5882 = VECTOR ( 'NONE', #7675, 1000.000000000000114 ) ;
#5883 = ORIENTED_EDGE ( 'NONE', *, *, #7923, .F. ) ;
#5884 = PLANE ( 'NONE',  #6718 ) ;
#5885 = CARTESIAN_POINT ( 'NONE',  ( -2.041079270776624544, 6.749999999999978684, -8.008710327333215417 ) ) ;
#5886 = CARTESIAN_POINT ( 'NONE',  ( 5.518594994349712124, 3.236405030052938336, -11.91367923683964847 ) ) ;
#5887 = ADVANCED_FACE ( 'NONE', ( #4603 ), #6045, .F. ) ;
#5888 = DIRECTION ( 'NONE',  ( 0.000000000000000000, -0.000000000000000000, 1.000000000000000000 ) ) ;
#5889 = FACE_OUTER_BOUND ( 'NONE', #14, .T. ) ;
#5890 = DIRECTION ( 'NONE',  ( 0.000000000000000000, 0.7483469392281407728, 0.6633075143158514431 ) ) ;
#5891 = B_SPLINE_CURVE_WITH_KNOTS ( 'NONE', 3,
 ( #4702, #8303, #3096, #7625, #1070, #4003, #9116, #8932, #6375, #1884, #6238, #9167, #4222, #7817, #4947, #492 ),
 .UNSPECIFIED., .F., .F.,
 ( 4, 3, 3, 3, 3, 4 ),
 ( 0.000000000000000000, 2.625180448629581728E-05, 5.232916574539510368E-05, 8.872190634751489556E-05, 0.0001381907452606321814, 0.0001859666752013281181 ),
 .UNSPECIFIED. ) ;
#5892 = EDGE_LOOP ( 'NONE', ( #7364, #2534, #7151, #6663, #8440, #4943, #7224, #7572, #1435, #5476, #3474, #7984, #7161, #432, #2820, #8031, #4319, #7164, #8416, #8090, #7074, #7856, #5281, #5064, #8682, #4321, #718, #336, #4595, #6639, #7841, #3088, #7067, #8838, #4890, #8982, #8351, #4762, #6981, #1481 ) ) ;
#5893 = LINE ( 'NONE', #9434, #902 ) ;
#5894 = CARTESIAN_POINT ( 'NONE',  ( -2.488008628878230599, -1.930262464067791894, 0.3000000000000006550 ) ) ;
#5895 = FILL_AREA_STYLE ('',( #6554 ) ) ;
#5896 = VECTOR ( 'NONE', #6471, 1000.000000000000000 ) ;
#5897 = EDGE_CURVE ( 'NONE', #6804, #5371, #3893, .T. ) ;
#5898 = SURFACE_STYLE_USAGE ( .BOTH. , #764 ) ;
#5899 = CARTESIAN_POINT ( 'NONE',  ( -5.591000000000060588, 0.4415745526624924033, -10.92728053718713532 ) ) ;
#5900 = CARTESIAN_POINT ( 'NONE',  ( 4.049999762008570592, 6.073626543402451006, 5.608574268657101847 ) ) ;
#5901 = DIRECTION ( 'NONE',  ( 1.000000000000000000, -9.674119995890032619E-15, 0.000000000000000000 ) ) ;
#5902 = EDGE_LOOP ( 'NONE', ( #5429, #3807, #3143, #6060, #2346, #4530, #4939, #237, #8345, #53, #2723, #8051 ) ) ;
#5903 = CARTESIAN_POINT ( 'NONE',  ( -4.466941945441803341, -1.416287241497571125, -4.790566284294480504 ) ) ;
#5904 = ORIENTED_EDGE ( 'NONE', *, *, #6051, .T. ) ;
#5905 = CARTESIAN_POINT ( 'NONE',  ( -4.516716164068440342, -1.169654678662999991, -6.854900965951202352 ) ) ;
#5906 = CARTESIAN_POINT ( 'NONE',  ( -1.099154851397560639, -1.863163407847400421, 6.879999999999999893 ) ) ;
#5907 = FACE_OUTER_BOUND ( 'NONE', #6136, .T. ) ;
#5908 = DIRECTION ( 'NONE',  ( -1.000000000000000000, -0.000000000000000000, -0.000000000000000000 ) ) ;
#5909 = CARTESIAN_POINT ( 'NONE',  ( -4.008578881754119472, -1.802071580518811444, 6.497083091163101688E-17 ) ) ;
#5910 = PLANE ( 'NONE',  #1034 ) ;
#5911 = LINE ( 'NONE', #5098, #5664 ) ;
#5912 = ORIENTED_EDGE ( 'NONE', *, *, #3328, .T. ) ;
#5913 = ORIENTED_EDGE ( 'NONE', *, *, #1918, .T. ) ;
#5914 = VERTEX_POINT ( 'NONE', #282 ) ;
#5915 = AXIS2_PLACEMENT_3D ( 'NONE', #6765, #8256, #974 ) ;
#5916 = CARTESIAN_POINT ( 'NONE',  ( 8.474783074016716711, 0.8507043185148851494, -1.725377543136731529 ) ) ;
#5917 = ORIENTED_EDGE ( 'NONE', *, *, #7490, .F. ) ;
#5918 = CARTESIAN_POINT ( 'NONE',  ( -0.6600000000000000311, 1.000000000000000000, 9.475924141582259708 ) ) ;
#5919 = CARTESIAN_POINT ( 'NONE',  ( 8.460659273880159148, 2.199816552914434897, -8.813257441523687064 ) ) ;
#5920 = CARTESIAN_POINT ( 'NONE',  ( -3.976253554955858860, 6.052386494295739716, 0.000000000000000000 ) ) ;
#5921 =( NAMED_UNIT ( * ) PLANE_ANGLE_UNIT ( ) SI_UNIT ( $, .RADIAN. ) );
#5922 = VERTEX_POINT ( 'NONE', #1685 ) ;
#5923 = STYLED_ITEM ( 'NONE', ( #6572 ), #398 ) ;
#5924 = EDGE_CURVE ( 'NONE', #9112, #1677, #6540, .T. ) ;
#5925 = EDGE_CURVE ( 'NONE', #5099, #284, #2498, .T. ) ;
#5926 = ORIENTED_EDGE ( 'NONE', *, *, #2628, .T. ) ;
#5927 = CARTESIAN_POINT ( 'NONE',  ( 1.499999999999939826, 1.215951923305366833, -9.561659363273927070 ) ) ;
#5928 = COLOUR_RGB ( '',0.6470588235294117974, 0.6196078431372549211, 0.5882352941176470784 ) ;
#5929 = DIRECTION ( 'NONE',  ( 0.000000000000000000, -1.700754338016623078E-14, -1.000000000000000000 ) ) ;
#5930 = PRODUCT_CONTEXT ( 'NONE', #1533, 'mechanical' ) ;
#5931 = CARTESIAN_POINT ( 'NONE',  ( 5.581811601085435726, 3.196386480860745394, -11.87668902777700630 ) ) ;
#5932 = CYLINDRICAL_SURFACE ( 'NONE', #1025, 0.09999999999999939493 ) ;
#5933 = COLOUR_RGB ( '',0.6470588235294117974, 0.6196078431372549211, 0.5882352941176470784 ) ;
#5934 = LINE ( 'NONE', #2818, #6863 ) ;
#5935 = EDGE_CURVE ( 'NONE', #3517, #9089, #6800, .T. ) ;
#5936 = ORIENTED_EDGE ( 'NONE', *, *, #3321, .F. ) ;
#5937 =( LENGTH_UNIT ( ) NAMED_UNIT ( * ) SI_UNIT ( .MILLI., .METRE. ) );
#5938 = AXIS2_PLACEMENT_3D ( 'NONE', #1709, #2426, #9126 ) ;
#5939 = CARTESIAN_POINT ( 'NONE',  ( 2.488007230840694195, -1.571866509722523730, 0.2999999999999999334 ) ) ;
#5940 = FACE_OUTER_BOUND ( 'NONE', #8182, .T. ) ;
#5941 = FACE_OUTER_BOUND ( 'NONE', #3854, .T. ) ;
#5942 = CIRCLE ( 'NONE', #4708, 0.4919261306450209981 ) ;
#5943 = DIRECTION ( 'NONE',  ( 0.000000000000000000, -1.000000000000000000, 0.000000000000000000 ) ) ;
#5944 = ORIENTED_EDGE ( 'NONE', *, *, #4822, .F. ) ;
#5945 = ORIENTED_EDGE ( 'NONE', *, *, #944, .T. ) ;
#5946 = VECTOR ( 'NONE', #7223, 1000.000000000000000 ) ;
#5947 = VERTEX_POINT ( 'NONE', #6092 ) ;
#5948 = VECTOR ( 'NONE', #7003, 1000.000000000000000 ) ;
#5949 = EDGE_CURVE ( 'NONE', #5249, #3135, #190, .T. ) ;
#5950 = LINE ( 'NONE', #8866, #8400 ) ;
#5951 = VERTEX_POINT ( 'NONE', #9018 ) ;
#5952 = CARTESIAN_POINT ( 'NONE',  ( -4.467853751685730401, -1.071764276666104854, -6.854900965951202352 ) ) ;
#5953 = STYLED_ITEM ( 'NONE', ( #2943 ), #6780 ) ;
#5954 = LINE ( 'NONE', #2351, #2595 ) ;
#5955 = DIRECTION ( 'NONE',  ( 1.263363196590860111E-14, 7.781918488440871168E-15, -1.000000000000000000 ) ) ;
#5956 = LINE ( 'NONE', #4372, #9007 ) ;
#5957 = CYLINDRICAL_SURFACE ( 'NONE', #8872, 0.2999999999999999334 ) ;
#5958 = VERTEX_POINT ( 'NONE', #2455 ) ;
#5959 = ORIENTED_EDGE ( 'NONE', *, *, #8312, .F. ) ;
#5960 = VECTOR ( 'NONE', #3599, 1000.000000000000000 ) ;
#5961 = EDGE_CURVE ( 'NONE', #8194, #2926, #4112, .T. ) ;
#5962 = SURFACE_STYLE_USAGE ( .BOTH. , #6580 ) ;
#5963 = VECTOR ( 'NONE', #325, 1000.000000000000000 ) ;
#5964 = ORIENTED_EDGE ( 'NONE', *, *, #8670, .T. ) ;
#5965 = AXIS2_PLACEMENT_3D ( 'NONE', #4054, #1896, #2711 ) ;
#5966 = CARTESIAN_POINT ( 'NONE',  ( 8.461612254040408843, 0.8377472441499815847, -1.734828976580733206 ) ) ;
#5967 = VERTEX_POINT ( 'NONE', #6183 ) ;
#5968 = VECTOR ( 'NONE', #674, 1000.000000000000000 ) ;
#5969 = CARTESIAN_POINT ( 'NONE',  ( -2.488008628878230155, -2.339157802475679393, 2.772276292613180093 ) ) ;
#5970 = AXIS2_PLACEMENT_3D ( 'NONE', #7487, #8199, #734 ) ;
#5971 = CARTESIAN_POINT ( 'NONE',  ( -4.028760188884712434, 5.999879860366879036, 0.000000000000000000 ) ) ;
#5972 = DIRECTION ( 'NONE',  ( 0.000000000000000000, 0.000000000000000000, -1.000000000000000000 ) ) ;
#5973 = VERTEX_POINT ( 'NONE', #3850 ) ;
#5974 = CIRCLE ( 'NONE', #8099, 1.743247405224331414 ) ;
#5975 = ORIENTED_EDGE ( 'NONE', *, *, #4047, .T. ) ;
#5976 = VERTEX_POINT ( 'NONE', #4551 ) ;
#5977 = CARTESIAN_POINT ( 'NONE',  ( 299.2999999999999545, 6.749999999999978684, -3.991289672666785471 ) ) ;
#5978 = PRODUCT_DEFINITION ( 'UNKNOWN', '', #4445, #4257 ) ;
#5979 = EDGE_CURVE ( 'NONE', #2952, #3397, #6004, .T. ) ;
#5980 = CARTESIAN_POINT ( 'NONE',  ( -0.7477005242537151375, 3.119628590287769843, 8.856534637527339271 ) ) ;
#5981 = ADVANCED_FACE ( 'NONE', ( #7570 ), #8921, .F. ) ;
#5982 = CARTESIAN_POINT ( 'NONE',  ( 5.499999999999949374, 3.295100562410445910, -11.92012447731211289 ) ) ;
#5983 = LINE ( 'NONE', #1609, #3657 ) ;
#5984 = VECTOR ( 'NONE', #4531, 1000.000000000000000 ) ;
#5985 = DIRECTION ( 'NONE',  ( -1.000000000000000000, -0.000000000000000000, -0.000000000000000000 ) ) ;
#5986 = EDGE_CURVE ( 'NONE', #2213, #6659, #7613, .T. ) ;
#5987 = ORIENTED_EDGE ( 'NONE', *, *, #2583, .F. ) ;
#5988 = CARTESIAN_POINT ( 'NONE',  ( -4.500000000000060396, -1.275702287286611281, -6.800000000000000711 ) ) ;
#5989 = EDGE_CURVE ( 'NONE', #2359, #980, #2542, .T. ) ;
#5990 = CYLINDRICAL_SURFACE ( 'NONE', #2447, 2.243247405224331636 ) ;
#5991 = CARTESIAN_POINT ( 'NONE',  ( 1.499999999999939826, -1.275702287286611281, -7.000000000000000000 ) ) ;
#5992 = DIRECTION ( 'NONE',  ( 0.000000000000000000, 1.000000000000000000, 0.000000000000000000 ) ) ;
#5993 = DIRECTION ( 'NONE',  ( 0.000000000000000000, 0.000000000000000000, -1.000000000000000000 ) ) ;
#5994 = CARTESIAN_POINT ( 'NONE',  ( -4.250000237991429231, -2.256315090001060675, 10.47282817181891623 ) ) ;
#5995 = DIRECTION ( 'NONE',  ( -0.000000000000000000, -0.000000000000000000, 1.000000000000000000 ) ) ;
#5996 = VERTEX_POINT ( 'NONE', #1009 ) ;
#5997 = PRESENTATION_STYLE_ASSIGNMENT (( #3077 ) ) ;
#5998 = VERTEX_POINT ( 'NONE', #8191 ) ;
#5999 = CARTESIAN_POINT ( 'NONE',  ( -4.453112825469141889, -1.104394410665070270, -6.786618903461214991 ) ) ;
#6000 = CARTESIAN_POINT ( 'NONE',  ( 4.049999762008570592, -1.926335649230739744, 2.772276292613194748 ) ) ;
#6001 = UNCERTAINTY_MEASURE_WITH_UNIT (LENGTH_MEASURE( 1.000000000000000082E-05 ), #6642, 'distance_accuracy_value', 'NONE');
#6002 = DIRECTION ( 'NONE',  ( 0.000000000000000000, 0.000000000000000000, -1.000000000000000000 ) ) ;
#6003 = ADVANCED_FACE ( 'NONE', ( #4505 ), #1629, .F. ) ;
#6004 = LINE ( 'NONE', #1730, #9292 ) ;
#6005 = CARTESIAN_POINT ( 'NONE',  ( -1.340000000000029834, 0.7804188904419521178, 6.865171329269148970 ) ) ;
#6006 = ORIENTED_EDGE ( 'NONE', *, *, #7349, .T. ) ;
#6007 = EDGE_LOOP ( 'NONE', ( #5964, #1324, #1341, #2906, #5869 ) ) ;
#6008 = FACE_OUTER_BOUND ( 'NONE', #6345, .T. ) ;
#6009 = EDGE_LOOP ( 'NONE', ( #5181, #6550, #4951, #8385 ) ) ;
#6010 = DIRECTION ( 'NONE',  ( 1.000000000000000000, 0.000000000000000000, 0.000000000000000000 ) ) ;
#6011 = ORIENTED_EDGE ( 'NONE', *, *, #4353, .T. ) ;
#6012 = LINE ( 'NONE', #6906, #8658 ) ;
#6013 = CARTESIAN_POINT ( 'NONE',  ( -4.250000237991429231, -2.139157802475679659, 10.58998545934429991 ) ) ;
#6014 = DIRECTION ( 'NONE',  ( -1.000000000000000000, 9.674119995890032619E-15, 0.000000000000000000 ) ) ;
#6015 = ADVANCED_FACE ( 'NONE', ( #3935 ), #8336, .T. ) ;
#6016 = FACE_OUTER_BOUND ( 'NONE', #64, .T. ) ;
#6017 = ORIENTED_EDGE ( 'NONE', *, *, #1228, .F. ) ;
#6018 = VERTEX_POINT ( 'NONE', #6844 ) ;
#6019 = AXIS2_PLACEMENT_3D ( 'NONE', #2560, #7548, #985 ) ;
#6020 = VERTEX_POINT ( 'NONE', #3220 ) ;
#6021 = LINE ( 'NONE', #6631, #7635 ) ;
#6022 = DIRECTION ( 'NONE',  ( 0.000000000000000000, 0.000000000000000000, 1.000000000000000000 ) ) ;
#6023 = LINE ( 'NONE', #8942, #7086 ) ;
#6024 =( BOUNDED_CURVE ( )  B_SPLINE_CURVE ( 3, ( #5469, #6756, #4749, #1731 ),
 .UNSPECIFIED., .F., .F. ) 
 B_SPLINE_CURVE_WITH_KNOTS ( ( 4, 4 ),
 ( 4.712388980384689674, 6.283185307179586232 ),
 .UNSPECIFIED. ) 
 CURVE ( )  GEOMETRIC_REPRESENTATION_ITEM ( )  RATIONAL_B_SPLINE_CURVE ( ( 1.000000000000000000, 0.8047378541243649375, 0.8047378541243649375, 1.000000000000000000 ) ) 
 REPRESENTATION_ITEM ( '' )  );
#6025 = CARTESIAN_POINT ( 'NONE',  ( 4.249999762008569881, -1.726335649230739788, 0.2999999999999999334 ) ) ;
#6026 = CARTESIAN_POINT ( 'NONE',  ( -4.250000237991429231, -2.139157802475679659, 7.370146519281761677 ) ) ;
#6027 = EDGE_CURVE ( 'NONE', #3619, #2085, #9065, .T. ) ;
#6028 = EDGE_LOOP ( 'NONE', ( #1158, #1531, #3419, #6233, #2270 ) ) ;
#6029 = CARTESIAN_POINT ( 'NONE',  ( -1.000000000000000000, 1.000000000000000000, 9.475924141582259708 ) ) ;
#6030 = CARTESIAN_POINT ( 'NONE',  ( 1.602906781438529604, 1.932139300074104726, 4.000000000000000000 ) ) ;
#6031 = CARTESIAN_POINT ( 'NONE',  ( -4.246445016640411296, 4.375132780679524380, 10.64611689698214825 ) ) ;
#6032 = ADVANCED_FACE ( 'NONE', ( #4748 ), #6988, .T. ) ;
#6033 = CARTESIAN_POINT ( 'NONE',  ( 3.499999762008580539, -4.226335649230740898, 9.595220410559280211 ) ) ;
#6034 = CARTESIAN_POINT ( 'NONE',  ( 3.499999762008580539, -4.226335649230740898, 9.075220410559280637 ) ) ;
#6035 =( LENGTH_UNIT ( ) NAMED_UNIT ( * ) SI_UNIT ( .MILLI., .METRE. ) );
#6036 = LINE ( 'NONE', #7519, #2571 ) ;
#6037 = ORIENTED_EDGE ( 'NONE', *, *, #4974, .T. ) ;
#6038 = EDGE_LOOP ( 'NONE', ( #5837, #1931, #1451, #2308 ) ) ;
#6039 = EDGE_CURVE ( 'NONE', #3718, #387, #422, .T. ) ;
#6040 = EDGE_LOOP ( 'NONE', ( #4038, #399, #8308, #815 ) ) ;
#6041 = CARTESIAN_POINT ( 'NONE',  ( -5.500000000000060396, -3.018949692510941585, -4.930344445382288221 ) ) ;
#6042 = FACE_OUTER_BOUND ( 'NONE', #626, .T. ) ;
#6043 = FILL_AREA_STYLE ('',( #7381 ) ) ;
#6044 = CARTESIAN_POINT ( 'NONE',  ( 1.499999999999939826, 1.571505490158367824, -2.123190884288185920 ) ) ;
#6045 = PLANE ( 'NONE',  #5014 ) ;
#6046 = CARTESIAN_POINT ( 'NONE',  ( 8.487563507913522542, 0.8677307402832006300, -10.28698947959342647 ) ) ;
#6047 = ORIENTED_EDGE ( 'NONE', *, *, #4794, .F. ) ;
#6048 = VERTEX_POINT ( 'NONE', #7703 ) ;
#6049 = CARTESIAN_POINT ( 'NONE',  ( -4.454896951642299818, -1.102038329954228457, -5.206359210016584527 ) ) ;
#6050 = ORIENTED_EDGE ( 'NONE', *, *, #9088, .F. ) ;
#6051 = EDGE_CURVE ( 'NONE', #7319, #3876, #8523, .T. ) ;
#6052 = CYLINDRICAL_SURFACE ( 'NONE', #2291, 0.2000000000000000944 ) ;
#6053 = ORIENTED_EDGE ( 'NONE', *, *, #2616, .T. ) ;
#6054 = DIRECTION ( 'NONE',  ( 0.000000000000000000, 1.000000000000000000, 0.000000000000000000 ) ) ;
#6055 = DIRECTION ( 'NONE',  ( 0.000000000000000000, 0.000000000000000000, 1.000000000000000000 ) ) ;
#6056 = CARTESIAN_POINT ( 'NONE',  ( -3.500000237991429231, -4.426335649230749958, 1.055220410559261079 ) ) ;
#6057 = CARTESIAN_POINT ( 'NONE',  ( 1.000000000000051292, 1.340000000000000302, 7.505220410559249267 ) ) ;
#6058 = ORIENTED_EDGE ( 'NONE', *, *, #638, .F. ) ;
#6059 = VERTEX_POINT ( 'NONE', #1967 ) ;
#6060 = ORIENTED_EDGE ( 'NONE', *, *, #176, .T. ) ;
#6061 = ADVANCED_FACE ( 'NONE', ( #6416 ), #4031, .T. ) ;
#6062 = CARTESIAN_POINT ( 'NONE',  ( -5.500000000000060396, -3.418949692510942828, -4.930344445382288221 ) ) ;
#6063 = CARTESIAN_POINT ( 'NONE',  ( -5.400000000000059863, -3.018949692510942029, -7.069655554617711779 ) ) ;
#6064 = CARTESIAN_POINT ( 'NONE',  ( -5.591000000000060588, 1.571505490158366936, -9.876809115711813192 ) ) ;
#6065 = DIRECTION ( 'NONE',  ( 0.000000000000000000, 0.000000000000000000, 1.000000000000000000 ) ) ;
#6066 = VECTOR ( 'NONE', #3620, 1000.000000000000000 ) ;
#6067 = LINE ( 'NONE', #5353, #7451 ) ;
#6068 = CARTESIAN_POINT ( 'NONE',  ( -2.935098673953480564, -1.271866509722523686, 4.000000000000000000 ) ) ;
#6069 = EDGE_CURVE ( 'NONE', #5973, #4426, #480, .T. ) ;
#6070 = VERTEX_POINT ( 'NONE', #1915 ) ;
#6071 =( BOUNDED_CURVE ( )  B_SPLINE_CURVE ( 3, ( #3163, #226, #1049, #7653 ),
 .UNSPECIFIED., .F., .T. ) 
 B_SPLINE_CURVE_WITH_KNOTS ( ( 4, 4 ),
 ( 1.282761996842191721, 1.570796326794896558 ),
 .UNSPECIFIED. ) 
 CURVE ( )  GEOMETRIC_REPRESENTATION_ITEM ( )  RATIONAL_B_SPLINE_CURVE ( ( 1.000000000000000000, 0.9930982934375078841, 0.9930982934375078841, 1.000000000000000000 ) ) 
 REPRESENTATION_ITEM ( '' )  );
#6072 = FACE_OUTER_BOUND ( 'NONE', #4226, .T. ) ;
#6073 = FACE_OUTER_BOUND ( 'NONE', #8788, .T. ) ;
#6074 = CARTESIAN_POINT ( 'NONE',  ( -0.6599999999999900391, 0.8162245206283580412, 7.220202327326830094 ) ) ;
#6075 =( NAMED_UNIT ( * ) PLANE_ANGLE_UNIT ( ) SI_UNIT ( $, .RADIAN. ) );
#6076 = LINE ( 'NONE', #1043, #7922 ) ;
#6077 = SURFACE_SIDE_STYLE ('',( #2487 ) ) ;
#6078 = DIRECTION ( 'NONE',  ( 0.000000000000000000, -0.2918106336920003874, 0.9564761126469772945 ) ) ;
#6079 = VERTEX_POINT ( 'NONE', #373 ) ;
#6080 = EDGE_LOOP ( 'NONE', ( #9141, #485, #5056, #8895 ) ) ;
#6081 = ADVANCED_FACE ( 'NONE', ( #2015 ), #1334, .T. ) ;
#6082 = ORIENTED_EDGE ( 'NONE', *, *, #8374, .T. ) ;
#6083 = AXIS2_PLACEMENT_3D ( 'NONE', #2968, #664, #6459 ) ;
#6084 = DIRECTION ( 'NONE',  ( 0.000000000000000000, 0.000000000000000000, -1.000000000000000000 ) ) ;
#6085 = CARTESIAN_POINT ( 'NONE',  ( 8.499999999999948486, 0.9170932621786821448, -0.2245757293229022900 ) ) ;
#6086 = FACE_OUTER_BOUND ( 'NONE', #2710, .T. ) ;
#6087 = EDGE_CURVE ( 'NONE', #2185, #6978, #4549, .T. ) ;
#6088 = UNCERTAINTY_MEASURE_WITH_UNIT (LENGTH_MEASURE( 1.000000000000000082E-05 ), #6749, 'distance_accuracy_value', 'NONE');
#6089 = EDGE_CURVE ( 'NONE', #5427, #3318, #1872, .T. ) ;
#6090 = VECTOR ( 'NONE', #2160, 1000.000000000000000 ) ;
#6091 = PLANE ( 'NONE',  #4874 ) ;
#6092 = CARTESIAN_POINT ( 'NONE',  ( -5.500000000000060396, -3.418949692510942828, -4.930344445382288221 ) ) ;
#6093 = CARTESIAN_POINT ( 'NONE',  ( 8.445966390000149815, 0.8278354409242741907, -10.25790656965136982 ) ) ;
#6094 = EDGE_LOOP ( 'NONE', ( #8050, #2632, #8825, #8477 ) ) ;
#6095 = VECTOR ( 'NONE', #4759, 1000.000000000000000 ) ;
#6096 = EDGE_CURVE ( 'NONE', #1880, #1745, #1788, .T. ) ;
#6097 = CARTESIAN_POINT ( 'NONE',  ( -4.479047474583285116, -1.168195840598964308, -5.206359210016584527 ) ) ;
#6098 = CIRCLE ( 'NONE', #2732, 0.1000000000000002554 ) ;
#6099 = VERTEX_POINT ( 'NONE', #4835 ) ;
#6100 = B_SPLINE_CURVE_WITH_KNOTS ( 'NONE', 3,
 ( #2012, #1240, #7128, #2780, #3589, #7743, #7885, #4206, #9241, #7042, #4829, #4164, #1326, #7184, #618, #3544 ),
 .UNSPECIFIED., .F., .F.,
 ( 4, 3, 3, 3, 3, 4 ),
 ( 0.000000000000000000, 2.625180448629633906E-05, 5.232916574539664867E-05, 8.872190634751730791E-05, 0.0001381907452606416682, 0.0001859666752013301510 ),
 .UNSPECIFIED. ) ;
#6101 = DIRECTION ( 'NONE',  ( 0.000000000000000000, -1.000000000000000000, -0.000000000000000000 ) ) ;
#6102 = ORIENTED_EDGE ( 'NONE', *, *, #4893, .F. ) ;
#6103 = MECHANICAL_DESIGN_GEOMETRIC_PRESENTATION_REPRESENTATION (  '', ( #1969 ), #2885 ) ;
#6104 = AXIS2_PLACEMENT_3D ( 'NONE', #4593, #905, #4680 ) ;
#6105 = DIRECTION ( 'NONE',  ( 0.000000000000000000, -1.173967842118904391E-14, -1.000000000000000000 ) ) ;
#6106 = CARTESIAN_POINT ( 'NONE',  ( -0.9999999999998961941, 1.339999999999998748, 7.505220410559249267 ) ) ;
#6107 = DIRECTION ( 'NONE',  ( 0.000000000000000000, 0.000000000000000000, 1.000000000000000000 ) ) ;
#6108 = FACE_OUTER_BOUND ( 'NONE', #5703, .T. ) ;
#6109 = AXIS2_PLACEMENT_3D ( 'NONE', #9057, #3979, #9100 ) ;
#6110 = ORIENTED_EDGE ( 'NONE', *, *, #3928, .F. ) ;
#6111 = ORIENTED_EDGE ( 'NONE', *, *, #4161, .T. ) ;
#6112 = TOROIDAL_SURFACE ( 'NONE', #3508, 0.5199999999999997957, 0.2000000000000000111 ) ;
#6113 = ORIENTED_EDGE ( 'NONE', *, *, #23, .F. ) ;
#6114 = CARTESIAN_POINT ( 'NONE',  ( 4.249999762008569881, 6.073626543402451006, 0.1242640687119284659 ) ) ;
#6115 = VECTOR ( 'NONE', #7334, 1000.000000000000227 ) ;
#6116 = TOROIDAL_SURFACE ( 'NONE', #8878, 0.5199999999999997957, 0.2000000000000000111 ) ;
#6117 = LINE ( 'NONE', #9125, #6313 ) ;
#6119 = DIRECTION ( 'NONE',  ( -1.000000000000000000, -0.000000000000000000, -0.000000000000000000 ) ) ;
#6118 = MECHANICAL_DESIGN_GEOMETRIC_PRESENTATION_REPRESENTATION (  '', ( #9333 ), #4284 ) ;
#6120 = FILL_AREA_STYLE ('',( #8316 ) ) ;
#6121 = DIRECTION ( 'NONE',  ( 0.000000000000000000, 0.000000000000000000, 1.000000000000000000 ) ) ;
#6122 = ADVANCED_FACE ( 'NONE', ( #4124 ), #7047, .T. ) ;
#6123 = VECTOR ( 'NONE', #2635, 1000.000000000000000 ) ;
#6124 = AXIS2_PLACEMENT_3D ( 'NONE', #3858, #3806, #6010 ) ;
#6125 = ORIENTED_EDGE ( 'NONE', *, *, #3597, .T. ) ;
#6126 = DIRECTION ( 'NONE',  ( 1.000000000000000000, 0.000000000000000000, 0.000000000000000000 ) ) ;
#6127 = CIRCLE ( 'NONE', #6419, 0.3400000000000000244 ) ;
#6128 = CARTESIAN_POINT ( 'NONE',  ( 1.499999999999939826, -0.9040905573164232933, -10.92728053718713532 ) ) ;
#6129 = CARTESIAN_POINT ( 'NONE',  ( -4.050000237991429053, -2.339157802475679837, 7.570146519281761854 ) ) ;
#6130 = CARTESIAN_POINT ( 'NONE',  ( 8.399999999999948841, 0.8170932621786820560, -1.750000000000001554 ) ) ;
#6131 = CARTESIAN_POINT ( 'NONE',  ( 4.246444498374326137, 4.375135492539635962, 5.808574268657101136 ) ) ;
#6132 = EDGE_CURVE ( 'NONE', #302, #3764, #5942, .T. ) ;
#6133 = DIRECTION ( 'NONE',  ( 0.000000000000000000, 1.000000000000000000, 0.000000000000000000 ) ) ;
#6134 = ORIENTED_EDGE ( 'NONE', *, *, #6143, .T. ) ;
#6135 = DIRECTION ( 'NONE',  ( -0.000000000000000000, -0.000000000000000000, 1.000000000000000000 ) ) ;
#6136 = EDGE_LOOP ( 'NONE', ( #7455, #2754, #5042, #2316 ) ) ;
#6137 = LINE ( 'NONE', #3122, #3221 ) ;
#6138 = CARTESIAN_POINT ( 'NONE',  ( -5.591000000000060588, 5.076540080366747532, -12.00000000000000000 ) ) ;
#6139 = CARTESIAN_POINT ( 'NONE',  ( 0.9999999999999993339, -3.569272152702969159, 6.865220410559262909 ) ) ;
#6140 = DIRECTION ( 'NONE',  ( -0.000000000000000000, 0.000000000000000000, -1.000000000000000000 ) ) ;
#6141 = CARTESIAN_POINT ( 'NONE',  ( 4.049999762008570592, 6.073626543402451006, 5.808574268657101136 ) ) ;
#6142 = ORIENTED_EDGE ( 'NONE', *, *, #1080, .F. ) ;
#6143 = EDGE_CURVE ( 'NONE', #155, #6392, #623, .T. ) ;
#6144 =( GEOMETRIC_REPRESENTATION_CONTEXT ( 3 ) GLOBAL_UNCERTAINTY_ASSIGNED_CONTEXT ( ( #6001 ) ) GLOBAL_UNIT_ASSIGNED_CONTEXT ( ( #6642, #6684, #2299 ) ) REPRESENTATION_CONTEXT ( 'NONE', 'WORKASPACE' ) );
#6145 = CARTESIAN_POINT ( 'NONE',  ( -4.537676817838635301, -1.135117085276593718, -5.057255846633124108 ) ) ;
#6146 = ORIENTED_EDGE ( 'NONE', *, *, #4014, .T. ) ;
#6147 = CARTESIAN_POINT ( 'NONE',  ( -4.499692457285139113, -1.447010295314860251, -6.889041997196196476 ) ) ;
#6148 = VERTEX_POINT ( 'NONE', #9394 ) ;
#6149 = CARTESIAN_POINT ( 'NONE',  ( 2.788007147730789281, -1.626335649230739921, 0.000000000000000000 ) ) ;
#6150 = DIRECTION ( 'NONE',  ( 0.000000000000000000, -1.000000000000000000, 0.000000000000000000 ) ) ;
#6151 = FACE_OUTER_BOUND ( 'NONE', #7209, .T. ) ;
#6152 = CARTESIAN_POINT ( 'NONE',  ( -5.500000000000060396, 0.8675451179377196009, -7.069655554617711779 ) ) ;
#6153 = EDGE_CURVE ( 'NONE', #7749, #7050, #8722, .T. ) ;
#6154 = CARTESIAN_POINT ( 'NONE',  ( 1.000000000000000000, 1.165319909422410261, 7.039903344578360311 ) ) ;
#6155 = ORIENTED_EDGE ( 'NONE', *, *, #5848, .T. ) ;
#6156 = ORIENTED_EDGE ( 'NONE', *, *, #5363, .F. ) ;
#6157 = EDGE_CURVE ( 'NONE', #410, #1360, #8086, .T. ) ;
#6158 = ORIENTED_EDGE ( 'NONE', *, *, #427, .F. ) ;
#6159 = CARTESIAN_POINT ( 'NONE',  ( 5.515443493884142789, 2.194596264343449121, -3.252087600119788036 ) ) ;
#6160 = B_SPLINE_CURVE_WITH_KNOTS ( 'NONE', 3,
 ( #4314, #7230, #5223, #5172, #6460, #7369, #7989, #665, #8665, #7944, #4359, #1388, #3593, #6170, #998, #5406 ),
 .UNSPECIFIED., .F., .F.,
 ( 4, 3, 3, 3, 3, 4 ),
 ( 0.000000000000000000, 3.574663019612466116E-05, 7.150977385278397278E-05, 0.0001069441409854992469, 0.0001411178969358635102, 0.0001591938783072404599 ),
 .UNSPECIFIED. ) ;
#6161 = CARTESIAN_POINT ( 'NONE',  ( -2.986120869726938132, 5.076540080366747532, -7.007763651736524046 ) ) ;
#6162 = DIRECTION ( 'NONE',  ( 1.000000000000000000, 0.000000000000000000, -0.000000000000000000 ) ) ;
#6163 = CARTESIAN_POINT ( 'NONE',  ( 1.071868570439177937, -3.569272152702968715, 7.473351840120067813 ) ) ;
#6164 = VERTEX_POINT ( 'NONE', #3547 ) ;
#6165 = EDGE_CURVE ( 'NONE', #2890, #2490, #2269, .T. ) ;
#6166 = CYLINDRICAL_SURFACE ( 'NONE', #3843, 0.7200000000000001954 ) ;
#6167 = CARTESIAN_POINT ( 'NONE',  ( -4.050000237991429053, 4.972879159117225889, 5.808574268657101136 ) ) ;
#6168 = DIRECTION ( 'NONE',  ( 0.000000000000000000, 1.044915787882490092E-14, 1.000000000000000000 ) ) ;
#6169 = DIRECTION ( 'NONE',  ( -1.000000000000000000, 0.000000000000000000, 0.000000000000000000 ) ) ;
#6170 = CARTESIAN_POINT ( 'NONE',  ( 5.587791786183867515, 0.8165313637042179717, -10.25017421181557786 ) ) ;
#6171 = DIRECTION ( 'NONE',  ( -0.000000000000000000, -1.000000000000000000, 1.167177897768564214E-14 ) ) ;
#6172 = CARTESIAN_POINT ( 'NONE',  ( 3.499999762008580539, -3.176335649230739744, 9.075220410559280637 ) ) ;
#6173 = VERTEX_POINT ( 'NONE', #5803 ) ;
#6174 = ORIENTED_EDGE ( 'NONE', *, *, #3729, .F. ) ;
#6175 = DIRECTION ( 'NONE',  ( -0.000000000000000000, -0.000000000000000000, -1.000000000000000000 ) ) ;
#6176 = ORIENTED_EDGE ( 'NONE', *, *, #765, .T. ) ;
#6177 = EDGE_CURVE ( 'NONE', #3263, #4055, #5487, .T. ) ;
#6178 = CARTESIAN_POINT ( 'NONE',  ( 5.500000000000171418, -3.834801901544083513, -12.00000000000000000 ) ) ;
#6179 = DIRECTION ( 'NONE',  ( 0.000000000000000000, 0.000000000000000000, 1.000000000000000000 ) ) ;
#6180 = CARTESIAN_POINT ( 'NONE',  ( -4.500000237991419461, 5.973626543402450473, 0.2999999999999999889 ) ) ;
#6181 = CARTESIAN_POINT ( 'NONE',  ( 4.343749762008579651, -4.426335649230740188, 9.918970410559298401 ) ) ;
#6182 = CARTESIAN_POINT ( 'NONE',  ( 4.645139837156087026, 3.026389538271987423, -0.4919261306450205540 ) ) ;
#6183 = CARTESIAN_POINT ( 'NONE',  ( 1.499999999999939826, -4.817379405507075774, -7.116761230117741199 ) ) ;
#6184 = LINE ( 'NONE', #4792, #5511 ) ;
#6185 = VERTEX_POINT ( 'NONE', #7188 ) ;
#6186 = CIRCLE ( 'NONE', #3748, 0.7199999999999998623 ) ;
#6187 = CARTESIAN_POINT ( 'NONE',  ( -4.492394755794078876, -1.333590018654906562, -5.206359210016584527 ) ) ;
#6188 = EDGE_LOOP ( 'NONE', ( #6146, #1383, #6769, #4961 ) ) ;
#6189 = CARTESIAN_POINT ( 'NONE',  ( 4.249999762008569881, -2.408745645934470492, 10.60857426865710096 ) ) ;
#6190 = ORIENTED_EDGE ( 'NONE', *, *, #5083, .T. ) ;
#6191 = DIRECTION ( 'NONE',  ( 0.000000000000000000, 0.000000000000000000, -1.000000000000000000 ) ) ;
#6192 = FACE_OUTER_BOUND ( 'NONE', #3924, .T. ) ;
#6193 = CARTESIAN_POINT ( 'NONE',  ( -1.000000000000012657, 0.8704113764599910041, 6.887367755314816264 ) ) ;
#6194 = LINE ( 'NONE', #1020, #5788 ) ;
#6195 = VECTOR ( 'NONE', #264, 1000.000000000000000 ) ;
#6196 = CARTESIAN_POINT ( 'NONE',  ( 1.499999999999939826, -0.9040905573164232933, -10.92728053718713532 ) ) ;
#6197 = ORIENTED_EDGE ( 'NONE', *, *, #2102, .T. ) ;
#6198 = VERTEX_POINT ( 'NONE', #9439 ) ;
#6199 = ORIENTED_EDGE ( 'NONE', *, *, #7131, .F. ) ;
#6200 = DIRECTION ( 'NONE',  ( 0.000000000000000000, -0.000000000000000000, -1.000000000000000000 ) ) ;
#6201 = DIRECTION ( 'NONE',  ( 0.000000000000000000, -1.173967842118904391E-14, -1.000000000000000000 ) ) ;
#6202 = CARTESIAN_POINT ( 'NONE',  ( 4.645139837156038176, 3.640943135232368455, -304.8000000000000114 ) ) ;
#6203 = EDGE_CURVE ( 'NONE', #3362, #3747, #7326, .T. ) ;
#6204 = ADVANCED_FACE ( 'NONE', ( #3017 ), #5084, .T. ) ;
#6205 = CARTESIAN_POINT ( 'NONE',  ( 1.499999999999939826, 0.4415745526624924033, -10.92728053718713532 ) ) ;
#6206 = DIRECTION ( 'NONE',  ( -0.000000000000000000, -0.000000000000000000, -1.000000000000000000 ) ) ;
#6207 = ORIENTED_EDGE ( 'NONE', *, *, #5150, .F. ) ;
#6208 = CIRCLE ( 'NONE', #3626, 0.3638095225290500778 ) ;
#6209 = FACE_OUTER_BOUND ( 'NONE', #3078, .T. ) ;
#6210 = DIRECTION ( 'NONE',  ( 1.000000000000000000, 0.000000000000000000, -0.000000000000000000 ) ) ;
#6211 = CARTESIAN_POINT ( 'NONE',  ( 1.499999999999945821, 5.076540080366747532, -7.867280422007712382 ) ) ;
#6212 = PRESENTATION_STYLE_ASSIGNMENT (( #8464 ) ) ;
#6213 = DIRECTION ( 'NONE',  ( 1.000000000000000000, 0.000000000000000000, 0.000000000000000000 ) ) ;
#6214 = CARTESIAN_POINT ( 'NONE',  ( 1.499999999999939826, -1.275702287286611281, -7.000000000000000000 ) ) ;
#6215 = CARTESIAN_POINT ( 'NONE',  ( -2.497439238278114537, 6.273626543402450295, 10.62784323595104397 ) ) ;
#6216 = ORIENTED_EDGE ( 'NONE', *, *, #4925, .T. ) ;
#6217 = EDGE_LOOP ( 'NONE', ( #686, #4878 ) ) ;
#6218 = EDGE_CURVE ( 'NONE', #2928, #7343, #2972, .T. ) ;
#6219 = ORIENTED_EDGE ( 'NONE', *, *, #6087, .T. ) ;
#6220 = DIRECTION ( 'NONE',  ( 1.000000000000000000, 0.000000000000000000, 0.000000000000000000 ) ) ;
#6221 = ORIENTED_EDGE ( 'NONE', *, *, #224, .F. ) ;
#6222 = PLANE ( 'NONE',  #7502 ) ;
#6223 = DIRECTION ( 'NONE',  ( 1.000000000000000000, 0.000000000000000000, -0.000000000000000000 ) ) ;
#6224 = SURFACE_SIDE_STYLE ('',( #1820 ) ) ;
#6225 = CARTESIAN_POINT ( 'NONE',  ( 0.6599999999999948130, 0.7000000000000005107, 7.545220410559239532 ) ) ;
#6226 = VECTOR ( 'NONE', #5972, 1000.000000000000000 ) ;
#6227 = CARTESIAN_POINT ( 'NONE',  ( 1.000000000000000000, -3.569272152702969603, 6.865220410559261133 ) ) ;
#6228 = ORIENTED_EDGE ( 'NONE', *, *, #168, .F. ) ;
#6229 = ORIENTED_EDGE ( 'NONE', *, *, #7839, .F. ) ;
#6230 = EDGE_CURVE ( 'NONE', #575, #8541, #3954, .T. ) ;
#6231 = VECTOR ( 'NONE', #1079, 1000.000000000000000 ) ;
#6232 = CARTESIAN_POINT ( 'NONE',  ( -4.486018025357696004, -1.449366130634646588, -5.140149845470040724 ) ) ;
#6233 = ORIENTED_EDGE ( 'NONE', *, *, #6477, .T. ) ;
#6234 = CARTESIAN_POINT ( 'NONE',  ( -4.454757084701743253, -1.479640298728989389, -6.820759934706209116 ) ) ;
#6235 = ORIENTED_EDGE ( 'NONE', *, *, #44, .F. ) ;
#6236 = AXIS2_PLACEMENT_3D ( 'NONE', #2797, #7762, #1984 ) ;
#6237 = LINE ( 'NONE', #1607, #6394 ) ;
#6238 = CARTESIAN_POINT ( 'NONE',  ( -1.082305030582365601, 0.7787803757764918400, 6.880000000000015881 ) ) ;
#6239 = FACE_OUTER_BOUND ( 'NONE', #2614, .T. ) ;
#6240 = VECTOR ( 'NONE', #6014, 1000.000000000000000 ) ;
#6241 = CARTESIAN_POINT ( 'NONE',  ( -2.652629547740062765, -1.761714730368907800, 0.02168757576500790485 ) ) ;
#6242 = ORIENTED_EDGE ( 'NONE', *, *, #4598, .T. ) ;
#6243 = EDGE_CURVE ( 'NONE', #7214, #7574, #3648, .T. ) ;
#6244 = VERTEX_POINT ( 'NONE', #1433 ) ;
#6245 = VECTOR ( 'NONE', #8226, 1000.000000000000000 ) ;
#6246 = AXIS2_PLACEMENT_3D ( 'NONE', #6172, #6133, #9055 ) ;
#6247 = ORIENTED_EDGE ( 'NONE', *, *, #7091, .F. ) ;
#6248 = AXIS2_PLACEMENT_3D ( 'NONE', #1140, #2059, #1914 ) ;
#6249 = CARTESIAN_POINT ( 'NONE',  ( 1.499999999999939826, -1.275702287286611059, -7.069655554617711779 ) ) ;
#6250 = VECTOR ( 'NONE', #1924, 1000.000000000000000 ) ;
#6251 = FACE_OUTER_BOUND ( 'NONE', #4818, .T. ) ;
#6252 = DIRECTION ( 'NONE',  ( -1.000000000000000000, -0.000000000000000000, -0.000000000000000000 ) ) ;
#6253 = COLOUR_RGB ( '',0.9019607843137255054, 0.9019607843137255054, 0.9019607843137255054 ) ;
#6254 = LINE ( 'NONE', #5496, #436 ) ;
#6255 = AXIS2_PLACEMENT_3D ( 'NONE', #9231, #4153, #4871 ) ;
#6256 = CIRCLE ( 'NONE', #1362, 0.3400000000000000244 ) ;
#6257 = ADVANCED_FACE ( 'NONE', ( #808 ), #7890, .T. ) ;
#6258 = EDGE_CURVE ( 'NONE', #5166, #514, #8667, .T. ) ;
#6259 = ORIENTED_EDGE ( 'NONE', *, *, #7971, .F. ) ;
#6260 = VECTOR ( 'NONE', #4836, 1000.000000000000000 ) ;
#6261 = CARTESIAN_POINT ( 'NONE',  ( 5.599999999999949907, 3.195100562410515543, -3.206685749735108004 ) ) ;
#6262 = CARTESIAN_POINT ( 'NONE',  ( -5.591000000000068582, -6.750000000000033751, -2.552531416684486576 ) ) ;
#6263 = CARTESIAN_POINT ( 'NONE',  ( -0.6600000000000245670, 1.308037348756019513, 7.257272818943767412 ) ) ;
#6264 = AXIS2_PLACEMENT_3D ( 'NONE', #9163, #4132, #3054 ) ;
#6265 = CARTESIAN_POINT ( 'NONE',  ( 1.602906781438529604, 1.932139300074104726, 4.000000000000000000 ) ) ;
#6266 = VECTOR ( 'NONE', #3823, 1000.000000000000000 ) ;
#6267 = DIRECTION ( 'NONE',  ( -1.000000000000000000, 0.000000000000000000, 0.000000000000000000 ) ) ;
#6268 = EDGE_CURVE ( 'NONE', #8208, #5777, #5031, .T. ) ;
#6269 = CARTESIAN_POINT ( 'NONE',  ( -4.500156819107387740, -1.075715356699218139, -4.947730652039517452 ) ) ;
#6270 = ORIENTED_EDGE ( 'NONE', *, *, #6672, .F. ) ;
#6271 = VECTOR ( 'NONE', #5890, 999.9999999999998863 ) ;
#6272 = VECTOR ( 'NONE', #3204, 1000.000000000000000 ) ;
#6273 = EDGE_CURVE ( 'NONE', #6099, #8160, #7665, .T. ) ;
#6274 = DIRECTION ( 'NONE',  ( -0.000000000000000000, -1.000000000000000000, -0.000000000000000000 ) ) ;
#6275 = VECTOR ( 'NONE', #3588, 1000.000000000000000 ) ;
#6276 = ORIENTED_EDGE ( 'NONE', *, *, #7430, .F. ) ;
#6277 = CARTESIAN_POINT ( 'NONE',  ( -2.488007230840694195, -1.271866509722523686, 0.2999999999999999334 ) ) ;
#6278 = LINE ( 'NONE', #8290, #6123 ) ;
#6279 = DIRECTION ( 'NONE',  ( -0.000000000000000000, -0.000000000000000000, 1.000000000000000000 ) ) ;
#6280 = DIRECTION ( 'NONE',  ( -1.000000000000000000, 0.000000000000000000, 0.000000000000000000 ) ) ;
#6281 = CARTESIAN_POINT ( 'NONE',  ( 0.6599999999999739408, 0.7376963548946660065, 7.205197403704520553 ) ) ;
#6282 = VECTOR ( 'NONE', #550, 1000.000000000000000 ) ;
#6283 = ORIENTED_EDGE ( 'NONE', *, *, #2813, .F. ) ;
#6284 = ORIENTED_EDGE ( 'NONE', *, *, #8352, .F. ) ;
#6285 = CARTESIAN_POINT ( 'NONE',  ( -4.585017132396703943, -1.333590018654902121, -4.940727992907937072 ) ) ;
#6286 = ORIENTED_EDGE ( 'NONE', *, *, #1457, .T. ) ;
#6287 = FACE_OUTER_BOUND ( 'NONE', #2954, .T. ) ;
#6288 = ORIENTED_EDGE ( 'NONE', *, *, #9134, .T. ) ;
#6289 =( NAMED_UNIT ( * ) SI_UNIT ( $, .STERADIAN. ) SOLID_ANGLE_UNIT ( ) );
#6290 = DIRECTION ( 'NONE',  ( 0.000000000000000000, 0.000000000000000000, -1.000000000000000000 ) ) ;
#6291 = EDGE_CURVE ( 'NONE', #6930, #7996, #1116, .T. ) ;
#6292 = LINE ( 'NONE', #3510, #5882 ) ;
#6293 = CARTESIAN_POINT ( 'NONE',  ( 1.499999999999939826, -5.507928190936763890, -7.116761230117741199 ) ) ;
#6294 = CARTESIAN_POINT ( 'NONE',  ( 4.645139837156038176, 3.334171825948719636, -304.8000000000000114 ) ) ;
#6295 = ORIENTED_EDGE ( 'NONE', *, *, #57, .F. ) ;
#6296 = VERTEX_POINT ( 'NONE', #3742 ) ;
#6297 = CARTESIAN_POINT ( 'NONE',  ( 8.399999999999948841, 2.184171825948720169, -3.206685749735108004 ) ) ;
#6298 = VERTEX_POINT ( 'NONE', #666 ) ;
#6299 = CARTESIAN_POINT ( 'NONE',  ( -4.246445016640411296, 4.375132780679524380, 10.64611689698214825 ) ) ;
#6300 = EDGE_CURVE ( 'NONE', #6978, #7319, #3922, .T. ) ;
#6301 = PRESENTATION_STYLE_ASSIGNMENT (( #595 ) ) ;
#6302 = DIRECTION ( 'NONE',  ( 0.000000000000000000, 0.000000000000000000, -1.000000000000000000 ) ) ;
#6303 = ORIENTED_EDGE ( 'NONE', *, *, #3690, .F. ) ;
#6304 = CARTESIAN_POINT ( 'NONE',  ( 1.499999999999939826, 3.243903520801311391, -8.898559815854707011 ) ) ;
#6305 = VERTEX_POINT ( 'NONE', #5366 ) ;
#6306 = FILL_AREA_STYLE ('',( #7028 ) ) ;
#6307 = CARTESIAN_POINT ( 'NONE',  ( 5.599999999999949907, 3.184987554672500387, -11.87542427067709561 ) ) ;
#6308 = DIRECTION ( 'NONE',  ( -0.000000000000000000, 0.000000000000000000, 1.000000000000000000 ) ) ;
#6309 = PLANE ( 'NONE',  #2894 ) ;
#6310 = EDGE_CURVE ( 'NONE', #6296, #2997, #732, .T. ) ;
#6311 = CARTESIAN_POINT ( 'NONE',  ( -5.400000000000059863, -3.518949692510942029, -7.069655554617711779 ) ) ;
#6312 = ORIENTED_EDGE ( 'NONE', *, *, #8102, .T. ) ;
#6313 = VECTOR ( 'NONE', #1654, 1000.000000000000000 ) ;
#6314 = VERTEX_POINT ( 'NONE', #7598 ) ;
#6315 = ADVANCED_FACE ( 'NONE', ( #5224 ), #5407, .T. ) ;
#6316 = LINE ( 'NONE', #2822, #1992 ) ;
#6317 =( LENGTH_UNIT ( ) NAMED_UNIT ( * ) SI_UNIT ( .MILLI., .METRE. ) );
#6318 = SURFACE_STYLE_USAGE ( .BOTH. , #6224 ) ;
#6319 = CARTESIAN_POINT ( 'NONE',  ( -2.723119149388167237, 6.201646572084251297, 10.76346913004209682 ) ) ;
#6320 = CIRCLE ( 'NONE', #2201, 2.243247405224330748 ) ;
#6321 = EDGE_CURVE ( 'NONE', #354, #6888, #3207, .T. ) ;
#6322 = ADVANCED_FACE ( 'NONE', ( #1617 ), #5267, .F. ) ;
#6323 = DIRECTION ( 'NONE',  ( 1.000000000000000000, 0.000000000000000000, 0.000000000000000000 ) ) ;
#6324 = CARTESIAN_POINT ( 'NONE',  ( -4.250000237991429231, -2.256315090001060675, 7.487303806807142692 ) ) ;
#6325 = ORIENTED_EDGE ( 'NONE', *, *, #8186, .F. ) ;
#6326 = CARTESIAN_POINT ( 'NONE',  ( -4.593482530000214226, -1.217814040489863192, -5.007466530069471844 ) ) ;
#6327 = VERTEX_POINT ( 'NONE', #2387 ) ;
#6328 = CARTESIAN_POINT ( 'NONE',  ( -4.602267673333565234, -1.267545080659895573, -7.008535606553674135 ) ) ;
#6329 = EDGE_LOOP ( 'NONE', ( #3094, #3009, #7087, #1143 ) ) ;
#6330 = CARTESIAN_POINT ( 'NONE',  ( -1.582420841428566094, 6.682710007843137845, -3.723029768873445278 ) ) ;
#6331 = CARTESIAN_POINT ( 'NONE',  ( 2.935098673953480564, -1.271866509722523686, 4.000000000000000000 ) ) ;
#6332 = CARTESIAN_POINT ( 'NONE',  ( 3.499999762008580539, -4.226335649230740898, 9.795220410559281277 ) ) ;
#6333 = CARTESIAN_POINT ( 'NONE',  ( 2.921780372801003001, 6.115902657289353783, 10.80857426865710380 ) ) ;
#6334 = LINE ( 'NONE', #9261, #2109 ) ;
#6335 = DIRECTION ( 'NONE',  ( -1.000000000000000000, 0.000000000000000000, 0.000000000000000000 ) ) ;
#6336 = EDGE_LOOP ( 'NONE', ( #8053, #4995, #3345, #788, #1003 ) ) ;
#6337 = CIRCLE ( 'NONE', #1898, 0.4919261306450209981 ) ;
#6338 = ORIENTED_EDGE ( 'NONE', *, *, #3816, .T. ) ;
#6339 = EDGE_CURVE ( 'NONE', #9326, #1238, #7917, .T. ) ;
#6340 = FACE_OUTER_BOUND ( 'NONE', #784, .T. ) ;
#6341 = VERTEX_POINT ( 'NONE', #129 ) ;
#6342 = CYLINDRICAL_SURFACE ( 'NONE', #5724, 0.2000000000000005107 ) ;
#6343 = DIRECTION ( 'NONE',  ( -1.000000000000000000, 0.000000000000000000, -0.000000000000000000 ) ) ;
#6344 = CARTESIAN_POINT ( 'NONE',  ( -1.000000000000000000, -4.395153435249019580, 7.008957551437619671 ) ) ;
#6345 = EDGE_LOOP ( 'NONE', ( #9101, #8729 ) ) ;
#6346 = CARTESIAN_POINT ( 'NONE',  ( 1.089011791851710820, 0.6999999999999996225, 7.545220410559251967 ) ) ;
#6347 = EDGE_CURVE ( 'NONE', #8512, #4511, #3761, .T. ) ;
#6348 = DIRECTION ( 'NONE',  ( 0.000000000000000000, -1.000000000000000000, 5.102127870520020587E-15 ) ) ;
#6349 = LINE ( 'NONE', #5553, #3990 ) ;
#6350 = DIRECTION ( 'NONE',  ( 0.000000000000000000, 1.000000000000000000, 0.000000000000000000 ) ) ;
#6351 = LINE ( 'NONE', #6451, #8994 ) ;
#6352 = LINE ( 'NONE', #1904, #7021 ) ;
#6353 = LINE ( 'NONE', #3486, #1193 ) ;
#6354 = ORIENTED_EDGE ( 'NONE', *, *, #7023, .T. ) ;
#6355 = EDGE_CURVE ( 'NONE', #2904, #1360, #4635, .T. ) ;
#6356 = ORIENTED_EDGE ( 'NONE', *, *, #7084, .F. ) ;
#6357 = CARTESIAN_POINT ( 'NONE',  ( -4.246445016640411296, 4.375132780679524380, 5.646116896982150024 ) ) ;
#6358 = DIRECTION ( 'NONE',  ( 0.000000000000000000, -1.000000000000000000, 1.020425574104004117E-14 ) ) ;
#6359 = CARTESIAN_POINT ( 'NONE',  ( -1.602906781438529604, 3.564331192589055508, 0.2999999999999999334 ) ) ;
#6360 = CARTESIAN_POINT ( 'NONE',  ( 5.581811601085433949, 3.196386480860814672, -0.1233109722229923932 ) ) ;
#6361 = CARTESIAN_POINT ( 'NONE',  ( 0.6599999999999933697, 0.6619976657027825118, 7.520717135035208223 ) ) ;
#6362 = DIRECTION ( 'NONE',  ( -0.000000000000000000, -0.000000000000000000, -1.000000000000000000 ) ) ;
#6363 = ORIENTED_EDGE ( 'NONE', *, *, #6096, .T. ) ;
#6364 = CARTESIAN_POINT ( 'NONE',  ( -4.492062300773540073, -1.068959574631855869, -4.940727992907939736 ) ) ;
#6365 = ORIENTED_EDGE ( 'NONE', *, *, #3109, .T. ) ;
#6366 = VECTOR ( 'NONE', #820, 1000.000000000000000 ) ;
#6367 = EDGE_CURVE ( 'NONE', #3037, #937, #7765, .T. ) ;
#6368 = CARTESIAN_POINT ( 'NONE',  ( -4.491004843017935677, -1.267545080659895351, -6.786618903461214991 ) ) ;
#6369 = EDGE_CURVE ( 'NONE', #3397, #5357, #1671, .T. ) ;
#6370 = EDGE_LOOP ( 'NONE', ( #1908, #4430 ) ) ;
#6371 = DIRECTION ( 'NONE',  ( 0.000000000000000000, 0.000000000000000000, -1.000000000000000000 ) ) ;
#6372 = PRESENTATION_STYLE_ASSIGNMENT (( #2026 ) ) ;
#6373 =( BOUNDED_SURFACE ( )  B_SPLINE_SURFACE ( 3, 2, ( 
 ( #4244, #7173, #3392, #8509, #1951 ),
 ( #4875, #7311, #891, #5213, #3828 ),
 ( #3733, #8169, #2913, #7266, #3106 ),
 ( #6596, #8899, #2198, #5844, #2333 ),
 ( #699, #841, #8026, #3634, #115 ),
 ( #8756, #171, #3776, #8073, #4350 ),
 ( #1515, #6677, #5117, #2959, #9481 ) ),
 .UNSPECIFIED., .F., .F., .T. ) 
 B_SPLINE_SURFACE_WITH_KNOTS ( ( 4, 1, 1, 1, 4 ),
 ( 3, 2, 3 ),
 ( 0.000000000000000000, 0.1130875424394150036, 0.2356190769618960179, 0.3581506114843580058, 0.4712381539237949779 ),
 ( 1.068141502220530059, 1.602212253330790093, 2.136283004441060118 ),
 .UNSPECIFIED. ) 
 GEOMETRIC_REPRESENTATION_ITEM ( )  RATIONAL_B_SPLINE_SURFACE ( (
 ( 1.000000000000000000, 0.7071067811865480168, 1.000000000000000000, 0.7071067811865480168, 1.000000000000000000),
 ( 1.000000000000000000, 0.7071067811865470176, 1.000000000000000000, 0.7071067811865470176, 1.000000000000000000),
 ( 1.000000000000000000, 0.7071067811865480168, 1.000000000000000000, 0.7071067811865480168, 1.000000000000000000),
 ( 1.000000000000000000, 0.7071067811865480168, 1.000000000000000000, 0.7071067811865480168, 1.000000000000000000),
 ( 1.000000000000000000, 0.7071067811865480168, 1.000000000000000000, 0.7071067811865480168, 1.000000000000000000),
 ( 1.000000000000000000, 0.7071067811865470176, 1.000000000000000000, 0.7071067811865470176, 1.000000000000000000),
 ( 1.000000000000000000, 0.7071067811865480168, 1.000000000000000000, 0.7071067811865480168, 1.000000000000000000) ) ) 
 REPRESENTATION_ITEM ( '' )  SURFACE ( )  );
#6374 = FACE_OUTER_BOUND ( 'NONE', #5060, .T. ) ;
#6375 = CARTESIAN_POINT ( 'NONE',  ( -1.066508553260078429, 0.8025563992773964150, 6.880000000000015881 ) ) ;
#6376 = LINE ( 'NONE', #7147, #5948 ) ;
#6377 = PLANE ( 'NONE',  #5784 ) ;
#6378 = ORIENTED_EDGE ( 'NONE', *, *, #7553, .F. ) ;
#6379 = EDGE_CURVE ( 'NONE', #4422, #2458, #3187, .T. ) ;
#6380 = ORIENTED_EDGE ( 'NONE', *, *, #411, .F. ) ;
#6381 = DIRECTION ( 'NONE',  ( -0.000000000000000000, -0.000000000000000000, 1.000000000000000000 ) ) ;
#6382 = VECTOR ( 'NONE', #5584, 1000.000000000000000 ) ;
#6383 = ORIENTED_EDGE ( 'NONE', *, *, #225, .T. ) ;
#6384 = CARTESIAN_POINT ( 'NONE',  ( 4.372664976581895679, 3.640943135232369343, -4.132719577992327586 ) ) ;
#6385 = AXIS2_PLACEMENT_3D ( 'NONE', #8411, #6119, #8357 ) ;
#6386 = DIRECTION ( 'NONE',  ( -0.000000000000000000, -0.000000000000000000, 1.000000000000000000 ) ) ;
#6387 = CARTESIAN_POINT ( 'NONE',  ( 299.2999999999999545, 0.000000000000000000, -10.00518197067437853 ) ) ;
#6388 =( NAMED_UNIT ( * ) PLANE_ANGLE_UNIT ( ) SI_UNIT ( $, .RADIAN. ) );
#6389 = VECTOR ( 'NONE', #888, 1000.000000000000000 ) ;
#6390 = ORIENTED_EDGE ( 'NONE', *, *, #1928, .T. ) ;
#6391 = FACE_OUTER_BOUND ( 'NONE', #8017, .T. ) ;
#6392 = VERTEX_POINT ( 'NONE', #316 ) ;
#6393 = AXIS2_PLACEMENT_3D ( 'NONE', #2653, #7818, #1256 ) ;
#6394 = VECTOR ( 'NONE', #7447, 1000.000000000000000 ) ;
#6395 = DIRECTION ( 'NONE',  ( 0.000000000000000000, 1.000000000000000000, -0.000000000000000000 ) ) ;
#6396 = VECTOR ( 'NONE', #6386, 1000.000000000000000 ) ;
#6397 = CARTESIAN_POINT ( 'NONE',  ( 4.645139837156038176, 3.640943135232368455, -7.867280422007905116 ) ) ;
#6398 = CARTESIAN_POINT ( 'NONE',  ( -5.591000000000060588, 0.7903099654848937394, -12.00000000000000000 ) ) ;
#6399 = CIRCLE ( 'NONE', #6551, 2.832967397192063697 ) ;
#6400 = EDGE_CURVE ( 'NONE', #2085, #4826, #3820, .T. ) ;
#6401 = CARTESIAN_POINT ( 'NONE',  ( 5.499999999999949374, 0.7170932621786819672, -1.721836629009894093 ) ) ;
#6402 = DIRECTION ( 'NONE',  ( 0.000000000000000000, -1.000000000000000000, 0.000000000000000000 ) ) ;
#6403 = MECHANICAL_DESIGN_GEOMETRIC_PRESENTATION_REPRESENTATION (  '', ( #4265 ), #7324 ) ;
#6404 = DIRECTION ( 'NONE',  ( 0.000000000000000000, 1.000000000000000000, -0.000000000000000000 ) ) ;
#6405 = STYLED_ITEM ( 'NONE', ( #7210 ), #3431 ) ;
#6406 = CIRCLE ( 'NONE', #6713, 0.1999999999999996503 ) ;
#6407 = ORIENTED_EDGE ( 'NONE', *, *, #3136, .F. ) ;
#6408 = CARTESIAN_POINT ( 'NONE',  ( 4.237788469986933038, 4.418936905462007125, 5.678623578621323276 ) ) ;
#6409 = AXIS2_PLACEMENT_3D ( 'NONE', #5135, #1483, #4415 ) ;
#6410 = VECTOR ( 'NONE', #2409, 1000.000000000000000 ) ;
#6411 = DIRECTION ( 'NONE',  ( -0.000000000000000000, 1.000000000000000000, -0.000000000000000000 ) ) ;
#6412 = CARTESIAN_POINT ( 'NONE',  ( 5.599999999999949907, 3.195100562410482681, -8.793314250264890219 ) ) ;
#6413 = ADVANCED_FACE ( 'NONE', ( #5941 ), #547, .T. ) ;
#6414 = CARTESIAN_POINT ( 'NONE',  ( 1.000000000000000000, 0.6600000000000000311, 7.505220410559251043 ) ) ;
#6415 = VECTOR ( 'NONE', #3716, 1000.000000000000000 ) ;
#6416 = FACE_OUTER_BOUND ( 'NONE', #9172, .T. ) ;
#6417 = ORIENTED_EDGE ( 'NONE', *, *, #3736, .T. ) ;
#6418 = AXIS2_PLACEMENT_3D ( 'NONE', #476, #8661, #2099 ) ;
#6419 = AXIS2_PLACEMENT_3D ( 'NONE', #4642, #1135, #1866 ) ;
#6420 = CARTESIAN_POINT ( 'NONE',  ( -4.498924495521942291, -1.449366130634642147, -4.890674090036777777 ) ) ;
#6421 = ORIENTED_EDGE ( 'NONE', *, *, #6604, .F. ) ;
#6422 = CARTESIAN_POINT ( 'NONE',  ( -4.557442383687990706, -1.218599879661447671, -7.110958422975937943 ) ) ;
#6423 = EDGE_LOOP ( 'NONE', ( #529, #3707, #247, #601 ) ) ;
#6424 = CARTESIAN_POINT ( 'NONE',  ( 1.499999999999939826, 0.4675451179377199118, -7.069655554617711779 ) ) ;
#6425 = CARTESIAN_POINT ( 'NONE',  ( 5.599999999999949907, 3.179930804371465580, -0.1245757293229024509 ) ) ;
#6426 = SURFACE_STYLE_FILL_AREA ( #1151 ) ;
#6427 = VECTOR ( 'NONE', #2237, 1000.000000000000000 ) ;
#6428 = CARTESIAN_POINT ( 'NONE',  ( -3.500000237991429231, -4.226335649230749780, 1.575220410559260875 ) ) ;
#6429 = CARTESIAN_POINT ( 'NONE',  ( 1.499999999999939826, 0.4998170792519279759, -10.64268622057410596 ) ) ;
#6430 = FACE_OUTER_BOUND ( 'NONE', #6512, .T. ) ;
#6431 = EDGE_LOOP ( 'NONE', ( #6286, #1689, #1523 ) ) ;
#6432 = ADVANCED_FACE ( 'NONE', ( #1087 ), #600, .T. ) ;
#6433 = EDGE_LOOP ( 'NONE', ( #2033, #637, #6578 ) ) ;
#6434 = SURFACE_SIDE_STYLE ('',( #3520 ) ) ;
#6435 = ORIENTED_EDGE ( 'NONE', *, *, #151, .T. ) ;
#6436 =( BOUNDED_CURVE ( )  B_SPLINE_CURVE ( 3, ( #4352, #2152, #3007, #9484 ),
 .UNSPECIFIED., .F., .F. ) 
 B_SPLINE_CURVE_WITH_KNOTS ( ( 4, 4 ),
 ( 0.000000000000000000, 1.570796326794896558 ),
 .UNSPECIFIED. ) 
 CURVE ( )  GEOMETRIC_REPRESENTATION_ITEM ( )  RATIONAL_B_SPLINE_CURVE ( ( 1.000000000000000000, 0.8047378541243649375, 0.8047378541243649375, 1.000000000000000000 ) ) 
 REPRESENTATION_ITEM ( '' )  );
#6437 = PLANE ( 'NONE',  #7492 ) ;
#6438 = ADVANCED_FACE ( 'NONE', ( #2529 ), #3476, .T. ) ;
#6439 = CARTESIAN_POINT ( 'NONE',  ( -0.9999963983606653395, 0.6795958279079256092, 7.524786643391003338 ) ) ;
#6440 = FACE_OUTER_BOUND ( 'NONE', #7969, .T. ) ;
#6441 = CARTESIAN_POINT ( 'NONE',  ( 1.499999999999939826, 0.4998170792519279759, -10.64268622057410596 ) ) ;
#6442 = CARTESIAN_POINT ( 'NONE',  ( 1.339999999999993641, -3.569272152702968715, 7.205220410559255662 ) ) ;
#6443 = ORIENTED_EDGE ( 'NONE', *, *, #1756, .T. ) ;
#6444 = LINE ( 'NONE', #5733, #6389 ) ;
#6445 = EDGE_CURVE ( 'NONE', #4150, #4266, #2087, .T. ) ;
#6446 = ORIENTED_EDGE ( 'NONE', *, *, #2936, .T. ) ;
#6447 = CARTESIAN_POINT ( 'NONE',  ( -2.935098673953480564, -1.271866509722523686, 0.2999999999999999334 ) ) ;
#6448 = DIRECTION ( 'NONE',  ( 0.000000000000000000, 1.000000000000000000, 0.000000000000000000 ) ) ;
#6449 = CARTESIAN_POINT ( 'NONE',  ( 8.499999999999948486, 3.095100562410515455, -3.106685749735108359 ) ) ;
#6450 = DIRECTION ( 'NONE',  ( 0.000000000000000000, 0.000000000000000000, -1.000000000000000000 ) ) ;
#6451 = CARTESIAN_POINT ( 'NONE',  ( -4.250000237991429231, 6.273626543402450295, 5.608574268657101847 ) ) ;
#6452 = DIRECTION ( 'NONE',  ( 0.000000000000000000, 1.000000000000000000, 0.000000000000000000 ) ) ;
#6453 = CARTESIAN_POINT ( 'NONE',  ( 1.499999999999939826, -1.174171567643669034, -6.804246583696760275 ) ) ;
#6454 = ADVANCED_FACE ( 'NONE', ( #6391 ), #8603, .F. ) ;
#6455 = ORIENTED_EDGE ( 'NONE', *, *, #4598, .F. ) ;
#6456 = CARTESIAN_POINT ( 'NONE',  ( 299.2999999999999545, 3.882125191446057944, -1.994818029325622355 ) ) ;
#6457 = DIRECTION ( 'NONE',  ( -0.000000000000000000, -0.000000000000000000, -1.000000000000000000 ) ) ;
#6458 = LINE ( 'NONE', #3545, #2776 ) ;
#6459 = DIRECTION ( 'NONE',  ( 0.000000000000000000, -0.000000000000000000, -1.000000000000000000 ) ) ;
#6460 = CARTESIAN_POINT ( 'NONE',  ( 5.509920648603262805, 0.7620264509606093917, -10.26622711116884545 ) ) ;
#6461 = DIRECTION ( 'NONE',  ( 0.000000000000000000, 1.000000000000000000, 0.000000000000000000 ) ) ;
#6462 = DIRECTION ( 'NONE',  ( -1.000000000000000000, 0.000000000000000000, 0.000000000000000000 ) ) ;
#6463 = ORIENTED_EDGE ( 'NONE', *, *, #2640, .F. ) ;
#6464 = EDGE_CURVE ( 'NONE', #7398, #8596, #4022, .T. ) ;
#6465 = CARTESIAN_POINT ( 'NONE',  ( -4.536415380550478105, -1.383208352360504545, -4.890674090036781330 ) ) ;
#6466 = ORIENTED_EDGE ( 'NONE', *, *, #8606, .F. ) ;
#6467 = CARTESIAN_POINT ( 'NONE',  ( -4.539747690725348228, -1.283860147659377615, -6.854900965951202352 ) ) ;
#6468 = ORIENTED_EDGE ( 'NONE', *, *, #1156, .F. ) ;
#6469 = CARTESIAN_POINT ( 'NONE',  ( 4.049999762008569704, 6.273626543402451183, 0.1242640687119284659 ) ) ;
#6470 = CARTESIAN_POINT ( 'NONE',  ( 5.500999416804236652, 2.202524647906355604, -8.709576195924148223 ) ) ;
#6471 = DIRECTION ( 'NONE',  ( 0.000000000000000000, -0.000000000000000000, 1.000000000000000000 ) ) ;
#6472 = DIRECTION ( 'NONE',  ( 3.289661030248509000E-07, -0.9999999999999459321, -6.414622569346323254E-16 ) ) ;
#6473 = B_SPLINE_CURVE_WITH_KNOTS ( 'NONE', 3,
 ( #7663, #5322, #191, #2593, #966, #6093, #8383, #1687, #8244, #1824, #1100, #6046, #329, #7529, #8969, #9108, #1873, #7614, #4604 ),
 .UNSPECIFIED., .F., .F.,
 ( 4, 3, 3, 3, 3, 3, 4 ),
 ( 0.000000000000000000, 2.888693912467853647E-05, 5.761856079992700710E-05, 8.839964797602009518E-05, 0.0001249886472467563845, 0.0001729658270951079464, 0.0001750239589829891910 ),
 .UNSPECIFIED. ) ;
#6474 = PLANE ( 'NONE',  #3798 ) ;
#6475 = VERTEX_POINT ( 'NONE', #4735 ) ;
#6476 = ORIENTED_EDGE ( 'NONE', *, *, #4651, .F. ) ;
#6477 = EDGE_CURVE ( 'NONE', #4513, #5603, #2881, .T. ) ;
#6478 = CARTESIAN_POINT ( 'NONE',  ( 8.458578643762640681, 0.8170932621786819450, -0.1245757293229022844 ) ) ;
#6479 = EDGE_LOOP ( 'NONE', ( #1343, #8088, #5533, #3671 ) ) ;
#6480 = SURFACE_STYLE_FILL_AREA ( #5770 ) ;
#6481 = ORIENTED_EDGE ( 'NONE', *, *, #3247, .T. ) ;
#6482 = DIRECTION ( 'NONE',  ( -0.000000000000000000, -0.000000000000000000, 1.000000000000000000 ) ) ;
#6483 = CARTESIAN_POINT ( 'NONE',  ( 1.099154851397560639, 0.7000000000000000666, 6.879999999999999893 ) ) ;
#6484 = PLANE ( 'NONE',  #1338 ) ;
#6485 = CARTESIAN_POINT ( 'NONE',  ( 4.249999762008569881, -2.256315090001060675, 7.487303806807142692 ) ) ;
#6486 = ORIENTED_EDGE ( 'NONE', *, *, #5688, .F. ) ;
#6487 = LINE ( 'NONE', #4234, #1653 ) ;
#6488 = ORIENTED_EDGE ( 'NONE', *, *, #3395, .F. ) ;
#6489 = EDGE_CURVE ( 'NONE', #5485, #4336, #2115, .T. ) ;
#6490 = FACE_OUTER_BOUND ( 'NONE', #6188, .T. ) ;
#6491 = EDGE_CURVE ( 'NONE', #1974, #3718, #4559, .T. ) ;
#6492 = CARTESIAN_POINT ( 'NONE',  ( -0.8779202000876090706, 6.537520209542901917, -8.630756302031869609 ) ) ;
#6493 = EDGE_CURVE ( 'NONE', #2328, #8341, #8227, .T. ) ;
#6494 = CARTESIAN_POINT ( 'NONE',  ( 5.500000000000171418, -3.834801901544083513, 0.000000000000000000 ) ) ;
#6495 = CARTESIAN_POINT ( 'NONE',  ( 5.557743316621785112, 0.8083651662132042004, -1.747316137480193321 ) ) ;
#6496 = DIRECTION ( 'NONE',  ( 1.000000000000000000, 0.000000000000000000, 0.000000000000000000 ) ) ;
#6497 = LINE ( 'NONE', #6545, #424 ) ;
#6498 = EDGE_CURVE ( 'NONE', #2676, #6930, #6487, .T. ) ;
#6499 = ORIENTED_EDGE ( 'NONE', *, *, #4797, .F. ) ;
#6500 = ORIENTED_EDGE ( 'NONE', *, *, #2429, .F. ) ;
#6501 = CARTESIAN_POINT ( 'NONE',  ( 2.935098673953480564, -1.271866509722523686, 4.000000000000000000 ) ) ;
#6502 = DIRECTION ( 'NONE',  ( 1.000000000000000000, -9.566489757225038010E-15, 0.000000000000000000 ) ) ;
#6503 = CARTESIAN_POINT ( 'NONE',  ( -4.500148335772869324, -1.075669684180863062, -7.052654365076407750 ) ) ;
#6504 = CARTESIAN_POINT ( 'NONE',  ( 5.499999999999949374, -6.750000000000033751, -3.306685749735107649 ) ) ;
#6505 = CARTESIAN_POINT ( 'NONE',  ( 4.246444498374326137, 4.375135492539635962, 10.64611711823179618 ) ) ;
#6506 = EDGE_CURVE ( 'NONE', #3234, #2213, #5640, .T. ) ;
#6507 = CARTESIAN_POINT ( 'NONE',  ( -3.562645891095507888, -5.884663887553381656, -304.8000000000000114 ) ) ;
#6508 = DIRECTION ( 'NONE',  ( -9.674119995890032619E-15, -1.000000000000000000, 0.000000000000000000 ) ) ;
#6509 = VERTEX_POINT ( 'NONE', #2000 ) ;
#6510 = ORIENTED_EDGE ( 'NONE', *, *, #3146, .T. ) ;
#6511 = CARTESIAN_POINT ( 'NONE',  ( 4.249999762008569881, -2.408745645934470492, 10.58998545934429991 ) ) ;
#6512 = EDGE_LOOP ( 'NONE', ( #1183, #970 ) ) ;
#6513 = CARTESIAN_POINT ( 'NONE',  ( -4.511771284354389344, -1.332805218072989906, -7.179240208153211178 ) ) ;
#6514 = ORIENTED_EDGE ( 'NONE', *, *, #1611, .F. ) ;
#6515 = LINE ( 'NONE', #3506, #3679 ) ;
#6516 = PLANE ( 'NONE',  #3967 ) ;
#6517 = LINE ( 'NONE', #8632, #5896 ) ;
#6518 = FACE_OUTER_BOUND ( 'NONE', #1550, .T. ) ;
#6519 = EDGE_CURVE ( 'NONE', #3135, #58, #7831, .T. ) ;
#6520 = CARTESIAN_POINT ( 'NONE',  ( -2.488008628878240813, -5.380630895175809947, 8.856534637527349929 ) ) ;
#6521 = CARTESIAN_POINT ( 'NONE',  ( -4.500000237991429231, -1.926335649230739744, 8.856534637527349929 ) ) ;
#6522 = EDGE_LOOP ( 'NONE', ( #4674, #1917, #5559, #50 ) ) ;
#6523 = ORIENTED_EDGE ( 'NONE', *, *, #1463, .F. ) ;
#6524 = DIRECTION ( 'NONE',  ( -1.000000000000000000, 0.000000000000000000, 0.000000000000000000 ) ) ;
#6525 = ORIENTED_EDGE ( 'NONE', *, *, #5925, .F. ) ;
#6526 = CARTESIAN_POINT ( 'NONE',  ( -5.500000000000060396, 0.4675451179377199118, -7.069655554617711779 ) ) ;
#6527 = EDGE_LOOP ( 'NONE', ( #7994, #4810, #8645, #2394 ) ) ;
#6528 = VECTOR ( 'NONE', #2619, 1000.000000000000000 ) ;
#6529 = CARTESIAN_POINT ( 'NONE',  ( 0.9999999999999974465, 1.000000000000002665, 9.475924141582259708 ) ) ;
#6530 = CARTESIAN_POINT ( 'NONE',  ( 8.495952589981250469, 2.238028867724555226, -8.862627158082670320 ) ) ;
#6531 = LINE ( 'NONE', #8158, #7616 ) ;
#6532 = PRESENTATION_LAYER_ASSIGNMENT (  '', '', ( #3008 ) ) ;
#6533 = EDGE_CURVE ( 'NONE', #575, #8639, #6444, .T. ) ;
#6534 = FACE_OUTER_BOUND ( 'NONE', #7216, .T. ) ;
#6535 = ORIENTED_EDGE ( 'NONE', *, *, #5102, .F. ) ;
#6536 = ORIENTED_EDGE ( 'NONE', *, *, #8039, .F. ) ;
#6537 = AXIS2_PLACEMENT_3D ( 'NONE', #7719, #8594, #4085 ) ;
#6538 =( GEOMETRIC_REPRESENTATION_CONTEXT ( 3 ) GLOBAL_UNCERTAINTY_ASSIGNED_CONTEXT ( ( #4371 ) ) GLOBAL_UNIT_ASSIGNED_CONTEXT ( ( #8577, #8472, #4121 ) ) REPRESENTATION_CONTEXT ( 'NONE', 'WORKASPACE' ) );
#6539 = CARTESIAN_POINT ( 'NONE',  ( 1.499999999999939826, 2.791380799352038977, -7.867280422007712382 ) ) ;
#6540 = CIRCLE ( 'NONE', #4399, 0.3400000000000000244 ) ;
#6541 = DIRECTION ( 'NONE',  ( 3.289661038019970116E-07, -0.9999999999999459321, 0.000000000000000000 ) ) ;
#6542 = LINE ( 'NONE', #1467, #5165 ) ;
#6543 = CARTESIAN_POINT ( 'NONE',  ( 3.749999762008580539, -3.569272152699979994, 11.35165280074355820 ) ) ;
#6544 = AXIS2_PLACEMENT_3D ( 'NONE', #2466, #5387, #341 ) ;
#6545 = CARTESIAN_POINT ( 'NONE',  ( 4.645139837156038176, 3.640943135232368455, -4.132719577992327586 ) ) ;
#6546 = EDGE_CURVE ( 'NONE', #6930, #8430, #8211, .T. ) ;
#6547 = ADVANCED_FACE ( 'NONE', ( #2650 ), #1652, .F. ) ;
#6548 = VECTOR ( 'NONE', #2826, 1000.000000000000000 ) ;
#6549 = AXIS2_PLACEMENT_3D ( 'NONE', #656, #3638, #7268 ) ;
#6550 = ORIENTED_EDGE ( 'NONE', *, *, #7965, .F. ) ;
#6551 = AXIS2_PLACEMENT_3D ( 'NONE', #3259, #2355, #8335 ) ;
#6552 = CARTESIAN_POINT ( 'NONE',  ( -5.400000000000059863, -3.118949692510942118, -7.069655554617711779 ) ) ;
#6553 = FACE_OUTER_BOUND ( 'NONE', #3728, .T. ) ;
#6554 = FILL_AREA_STYLE_COLOUR ( '', #4922 ) ;
#6555 =( NAMED_UNIT ( * ) PLANE_ANGLE_UNIT ( ) SI_UNIT ( $, .RADIAN. ) );
#6556 = ADVANCED_FACE ( 'NONE', ( #7546 ), #2423, .F. ) ;
#6557 = AXIS2_PLACEMENT_3D ( 'NONE', #4802, #4081, #6290 ) ;
#6558 = CARTESIAN_POINT ( 'NONE',  ( -1.000000000000000000, -1.863163407847400421, 7.205220410559250332 ) ) ;
#6559 = DIRECTION ( 'NONE',  ( 0.000000000000000000, 0.000000000000000000, 1.000000000000000000 ) ) ;
#6560 =( GEOMETRIC_REPRESENTATION_CONTEXT ( 3 ) GLOBAL_UNCERTAINTY_ASSIGNED_CONTEXT ( ( #7425 ) ) GLOBAL_UNIT_ASSIGNED_CONTEXT ( ( #8871, #8144, #7525 ) ) REPRESENTATION_CONTEXT ( 'NONE', 'WORKASPACE' ) );
#6561 = ORIENTED_EDGE ( 'NONE', *, *, #8758, .F. ) ;
#6562 = VECTOR ( 'NONE', #7122, 1000.000000000000000 ) ;
#6563 = EDGE_CURVE ( 'NONE', #155, #5099, #5799, .T. ) ;
#6564 = VECTOR ( 'NONE', #1561, 1000.000000000000000 ) ;
#6565 = LINE ( 'NONE', #86, #5960 ) ;
#6566 = ORIENTED_EDGE ( 'NONE', *, *, #3226, .T. ) ;
#6567 = ITEM_DEFINED_TRANSFORMATION ( 'NONE', 'NONE', #4134,  #464 ) ;
#6568 = CARTESIAN_POINT ( 'NONE',  ( -4.518191575559328932, -1.137024544664035686, -7.110958422975937054 ) ) ;
#6569 = VERTEX_POINT ( 'NONE', #7000 ) ;
#6570 = DIRECTION ( 'NONE',  ( 0.000000000000000000, 1.000000000000000000, 0.000000000000000000 ) ) ;
#6571 = VECTOR ( 'NONE', #6618, 1000.000000000000000 ) ;
#6572 = PRESENTATION_STYLE_ASSIGNMENT (( #1584 ) ) ;
#6573 = CARTESIAN_POINT ( 'NONE',  ( -5.500000000000060396, -3.118949692510942118, -7.069655554617711779 ) ) ;
#6574 = CIRCLE ( 'NONE', #9182, 0.06960863754223914346 ) ;
#6575 = CARTESIAN_POINT ( 'NONE',  ( -2.488008628878230155, 0.04785745751902400341, 8.856534637527349929 ) ) ;
#6576 = VECTOR ( 'NONE', #7584, 1000.000000000000114 ) ;
#6577 = CARTESIAN_POINT ( 'NONE',  ( -1.339999999999999414, 1.339999999999999414, 7.505220410559250155 ) ) ;
#6578 = ORIENTED_EDGE ( 'NONE', *, *, #1975, .F. ) ;
#6579 = ORIENTED_EDGE ( 'NONE', *, *, #4808, .T. ) ;
#6580 = SURFACE_SIDE_STYLE ('',( #1635 ) ) ;
#6581 = VERTEX_POINT ( 'NONE', #6063 ) ;
#6582 = ADVANCED_FACE ( 'NONE', ( #942 ), #1706, .F. ) ;
#6583 = CARTESIAN_POINT ( 'NONE',  ( -1.000000000000000000, -4.395153435249019580, 7.008957551437640987 ) ) ;
#6584 = VECTOR ( 'NONE', #1961, 1000.000000000000000 ) ;
#6585 = ORIENTED_EDGE ( 'NONE', *, *, #7521, .T. ) ;
#6586 = CARTESIAN_POINT ( 'NONE',  ( -4.500000000000060396, -1.275702287286611281, -5.200000000000000178 ) ) ;
#6587 = CARTESIAN_POINT ( 'NONE',  ( 8.499999999999948486, 2.261393882621254292, -8.893314250264879206 ) ) ;
#6588 = CARTESIAN_POINT ( 'NONE',  ( 2.488007522300209384, -1.926335649230739744, 7.570146519281761854 ) ) ;
#6589 = ORIENTED_EDGE ( 'NONE', *, *, #5949, .T. ) ;
#6590 = ORIENTED_EDGE ( 'NONE', *, *, #7843, .F. ) ;
#6591 = AXIS2_PLACEMENT_3D ( 'NONE', #748, #8754, #8702 ) ;
#6592 = ADVANCED_FACE ( 'NONE', ( #167 ), #8941, .T. ) ;
#6593 = CARTESIAN_POINT ( 'NONE',  ( 4.645139837156036400, -5.884663887553381656, -304.8000000000000114 ) ) ;
#6594 = PLANE ( 'NONE',  #7645 ) ;
#6595 = CARTESIAN_POINT ( 'NONE',  ( 5.565124022942880444, 3.200982660086636677, -11.88121959198748812 ) ) ;
#6596 = CARTESIAN_POINT ( 'NONE',  ( 1.000000000000000000, 0.6600000000000000311, 7.505220410559251043 ) ) ;
#6597 = PLANE ( 'NONE',  #897 ) ;
#6598 = FACE_OUTER_BOUND ( 'NONE', #6665, .T. ) ;
#6599 = MECHANICAL_DESIGN_GEOMETRIC_PRESENTATION_REPRESENTATION (  '', ( #2930 ), #2783 ) ;
#6600 = ORIENTED_EDGE ( 'NONE', *, *, #6546, .F. ) ;
#6601 = DIRECTION ( 'NONE',  ( 0.000000000000000000, 1.000000000000000000, -0.000000000000000000 ) ) ;
#6602 = CARTESIAN_POINT ( 'NONE',  ( 1.499999999999939826, 3.243903520801311391, -4.132719577992287618 ) ) ;
#6603 = DIRECTION ( 'NONE',  ( 0.000000000000000000, 0.000000000000000000, 1.000000000000000000 ) ) ;
#6604 = EDGE_CURVE ( 'NONE', #160, #1118, #6098, .T. ) ;
#6605 = CARTESIAN_POINT ( 'NONE',  ( -1.000000000000000000, -3.569272152702969603, 6.865220410559261133 ) ) ;
#6606 = CARTESIAN_POINT ( 'NONE',  ( -4.050000237991429053, -2.339157802475679837, 2.772276292613180093 ) ) ;
#6607 = DIRECTION ( 'NONE',  ( -0.000000000000000000, 1.000000000000000000, 0.000000000000000000 ) ) ;
#6608 = VERTEX_POINT ( 'NONE', #3147 ) ;
#6609 = EDGE_CURVE ( 'NONE', #7615, #3160, #489, .T. ) ;
#6610 = CARTESIAN_POINT ( 'NONE',  ( 1.000000000000000000, 1.340000000000000080, 8.490572276070759372 ) ) ;
#6611 = EDGE_LOOP ( 'NONE', ( #5734, #4772, #97, #345 ) ) ;
#6612 = CARTESIAN_POINT ( 'NONE',  ( -4.536459030622267186, -1.169654678662999991, -6.889041997196196476 ) ) ;
#6613 = DIRECTION ( 'NONE',  ( 0.7018122366944861135, -0.1221440495962380079, -0.7018122366944840040 ) ) ;
#6614 = EDGE_CURVE ( 'NONE', #1548, #1639, #3104, .T. ) ;
#6615 = ADVANCED_FACE ( 'NONE', ( #4622 ), #4579, .T. ) ;
#6616 = CYLINDRICAL_SURFACE ( 'NONE', #2574, 0.2000000000000000944 ) ;
#6617 = DIRECTION ( 'NONE',  ( -1.000000000000000000, 0.000000000000000000, 0.000000000000000000 ) ) ;
#6618 = DIRECTION ( 'NONE',  ( -0.000000000000000000, 1.000000000000000000, -7.110249149658772963E-16 ) ) ;
#6619 = VERTEX_POINT ( 'NONE', #1149 ) ;
#6620 = ORIENTED_EDGE ( 'NONE', *, *, #1560, .F. ) ;
#6621 = LINE ( 'NONE', #9459, #4570 ) ;
#6622 = VERTEX_POINT ( 'NONE', #1881 ) ;
#6623 = ORIENTED_EDGE ( 'NONE', *, *, #4393, .T. ) ;
#6624 = CARTESIAN_POINT ( 'NONE',  ( -5.591000000000060588, 1.215951923305367721, -2.438340636726072042 ) ) ;
#6625 = CARTESIAN_POINT ( 'NONE',  ( 8.480921046972548893, 2.215652652062292116, -8.833603439387543332 ) ) ;
#6626 = CARTESIAN_POINT ( 'NONE',  ( -4.212136372968088516, 6.061005255061338026, 0.1489148333228905163 ) ) ;
#6627 = LINE ( 'NONE', #2190, #248 ) ;
#6628 = ORIENTED_EDGE ( 'NONE', *, *, #9488, .F. ) ;
#6629 = EDGE_CURVE ( 'NONE', #3651, #2278, #6237, .T. ) ;
#6630 = ORIENTED_EDGE ( 'NONE', *, *, #3875, .T. ) ;
#6631 = CARTESIAN_POINT ( 'NONE',  ( 1.499999999999939826, -4.817379405507075774, -7.116761230117741199 ) ) ;
#6632 = PRESENTATION_STYLE_ASSIGNMENT (( #3731 ) ) ;
#6633 = PRODUCT_CONTEXT ( 'NONE', #2211, 'mechanical' ) ;
#6634 = CARTESIAN_POINT ( 'NONE',  ( 1.499999999999939826, -3.242975956555899764, -0.9929644752390692775 ) ) ;
#6635 = DIRECTION ( 'NONE',  ( 0.000000000000000000, 1.000000000000000000, -7.110249149658772963E-16 ) ) ;
#6636 = PLANE ( 'NONE',  #3343 ) ;
#6637 = EDGE_CURVE ( 'NONE', #8263, #203, #6730, .T. ) ;
#6638 = DIRECTION ( 'NONE',  ( -0.000000000000000000, -0.000000000000000000, -1.000000000000000000 ) ) ;
#6639 = ORIENTED_EDGE ( 'NONE', *, *, #3214, .F. ) ;
#6640 = CARTESIAN_POINT ( 'NONE',  ( 5.541421356237258955, 3.195100562410515987, -3.206685749735108004 ) ) ;
#6641 = CARTESIAN_POINT ( 'NONE',  ( -2.488008628878230599, -1.488713944594955096, 0.2999999999999757305 ) ) ;
#6642 =( LENGTH_UNIT ( ) NAMED_UNIT ( * ) SI_UNIT ( .MILLI., .METRE. ) );
#6643 =( NAMED_UNIT ( * ) SI_UNIT ( $, .STERADIAN. ) SOLID_ANGLE_UNIT ( ) );
#6644 = LINE ( 'NONE', #7274, #7172 ) ;
#6645 = EDGE_CURVE ( 'NONE', #6341, #197, #4039, .T. ) ;
#6646 = CARTESIAN_POINT ( 'NONE',  ( 5.499999999999949374, 0.7170932621786114680, -11.97542427067706683 ) ) ;
#6647 = CARTESIAN_POINT ( 'NONE',  ( 1.499999999999939826, 0.4415745526624924033, -10.92728053718713532 ) ) ;
#6648 = ORIENTED_EDGE ( 'NONE', *, *, #1625, .F. ) ;
#6649 = EDGE_LOOP ( 'NONE', ( #4077, #6488, #6303, #3252 ) ) ;
#6650 = DIRECTION ( 'NONE',  ( -6.579099405186070066E-16, 1.000000000000000000, -6.579099405186140077E-16 ) ) ;
#6651 = VERTEX_POINT ( 'NONE', #5535 ) ;
#6652 = CARTESIAN_POINT ( 'NONE',  ( -4.498009590824368686, -1.071764276666104854, -6.991465090931176185 ) ) ;
#6653 = DIRECTION ( 'NONE',  ( -1.000000000000000000, 0.000000000000000000, -1.255019239130048540E-14 ) ) ;
#6654 = FILL_AREA_STYLE ('',( #9404 ) ) ;
#6655 = CARTESIAN_POINT ( 'NONE',  ( 4.645139837156038176, 3.334171825948719636, -304.8000000000000114 ) ) ;
#6656 = CARTESIAN_POINT ( 'NONE',  ( -2.488008791255637231, 1.872510310159681612, -0.1434653624726800192 ) ) ;
#6657 = DIRECTION ( 'NONE',  ( 0.000000000000000000, 1.700754338016623078E-14, 1.000000000000000000 ) ) ;
#6658 = EDGE_LOOP ( 'NONE', ( #684, #3815, #8515, #6764 ) ) ;
#6659 = VERTEX_POINT ( 'NONE', #8444 ) ;
#6660 = EDGE_CURVE ( 'NONE', #1081, #8636, #8078, .T. ) ;
#6661 = EDGE_CURVE ( 'NONE', #7582, #7822, #9212, .T. ) ;
#6662 = CYLINDRICAL_SURFACE ( 'NONE', #3053, 0.2999999999999999889 ) ;
#6663 = ORIENTED_EDGE ( 'NONE', *, *, #8735, .F. ) ;
#6664 = LINE ( 'NONE', #3676, #1217 ) ;
#6665 = EDGE_LOOP ( 'NONE', ( #2162, #7419, #5341, #8502 ) ) ;
#6666 = LINE ( 'NONE', #1110, #6971 ) ;
#6667 = CARTESIAN_POINT ( 'NONE',  ( 8.486657381377364473, 2.222464442852927657, -8.842404124037512858 ) ) ;
#6668 = LINE ( 'NONE', #8891, #5324 ) ;
#6669 = EDGE_CURVE ( 'NONE', #8815, #8936, #2472, .T. ) ;
#6670 = ORIENTED_EDGE ( 'NONE', *, *, #9492, .T. ) ;
#6671 = ORIENTED_EDGE ( 'NONE', *, *, #189, .T. ) ;
#6672 = EDGE_CURVE ( 'NONE', #8275, #9420, #4953, .T. ) ;
#6673 = LINE ( 'NONE', #4576, #1985 ) ;
#6674 = CARTESIAN_POINT ( 'NONE',  ( 1.499999999999939826, 4.771167705692607619, -4.132719577992287618 ) ) ;
#6675 = FACE_OUTER_BOUND ( 'NONE', #8781, .T. ) ;
#6676 = SHAPE_REPRESENTATION ( 'amr', ( #464 ), #1843 ) ;
#6677 = CARTESIAN_POINT ( 'NONE',  ( 1.339999999999990088, 0.7000000000000005107, 7.545220410559239532 ) ) ;
#6678 = VECTOR ( 'NONE', #3428, 1000.000000000000000 ) ;
#6679 = CARTESIAN_POINT ( 'NONE',  ( 4.221143830349761927, 4.492573346104891563, 10.71267262793440977 ) ) ;
#6680 = VECTOR ( 'NONE', #3172, 1000.000000000000000 ) ;
#6681 = ORIENTED_EDGE ( 'NONE', *, *, #4672, .F. ) ;
#6682 = ADVANCED_FACE ( 'NONE', ( #3421 ), #9412, .T. ) ;
#6683 = CARTESIAN_POINT ( 'NONE',  ( 299.2999999999999545, -6.750000000000033751, -2.552531416684486576 ) ) ;
#6684 =( NAMED_UNIT ( * ) PLANE_ANGLE_UNIT ( ) SI_UNIT ( $, .RADIAN. ) );
#6685 = VECTOR ( 'NONE', #688, 1000.000000000000000 ) ;
#6686 = FACE_OUTER_BOUND ( 'NONE', #1170, .T. ) ;
#6687 = CARTESIAN_POINT ( 'NONE',  ( 4.049999762008570592, -2.339157802475679837, 2.772276292613194748 ) ) ;
#6688 = VECTOR ( 'NONE', #6635, 1000.000000000000000 ) ;
#6689 = AXIS2_PLACEMENT_3D ( 'NONE', #3787, #3072, #5307 ) ;
#6690 = FACE_OUTER_BOUND ( 'NONE', #3925, .T. ) ;
#6691 = ORIENTED_EDGE ( 'NONE', *, *, #6645, .T. ) ;
#6692 = AXIS2_PLACEMENT_3D ( 'NONE', #4023, #3841, #3159 ) ;
#6693 = ORIENTED_EDGE ( 'NONE', *, *, #3941, .T. ) ;
#6694 = AXIS2_PLACEMENT_3D ( 'NONE', #3352, #2590, #4259 ) ;
#6695 = CARTESIAN_POINT ( 'NONE',  ( -1.339999999999998082, -3.569272152702968715, 7.205220410559248556 ) ) ;
#6696 = ORIENTED_EDGE ( 'NONE', *, *, #4681, .T. ) ;
#6697 = LINE ( 'NONE', #4544, #3694 ) ;
#6698 = AXIS2_PLACEMENT_3D ( 'NONE', #4133, #3869, #3310 ) ;
#6699 = FACE_OUTER_BOUND ( 'NONE', #9058, .T. ) ;
#6700 = CARTESIAN_POINT ( 'NONE',  ( 2.488007230840694195, -1.271866509722523686, 0.2999999999999999334 ) ) ;
#6701 = CARTESIAN_POINT ( 'NONE',  ( -1.071868570439178159, -3.569272152702968270, 6.937088980998442622 ) ) ;
#6702 = STYLED_ITEM ( 'NONE', ( #6372 ), #3555 ) ;
#6703 = DIRECTION ( 'NONE',  ( 1.000000000000000000, 0.000000000000000000, -1.224646799147353207E-16 ) ) ;
#6704 = AXIS2_PLACEMENT_3D ( 'NONE', #5299, #6735, #4583 ) ;
#6705 = DIRECTION ( 'NONE',  ( 0.000000000000000000, 0.000000000000000000, 1.000000000000000000 ) ) ;
#6706 = CARTESIAN_POINT ( 'NONE',  ( -0.9999999999999800160, 0.9479456440070940237, 6.897181832996751361 ) ) ;
#6707 = ORIENTED_EDGE ( 'NONE', *, *, #2760, .F. ) ;
#6708 = ORIENTED_EDGE ( 'NONE', *, *, #44, .T. ) ;
#6709 =( GEOMETRIC_REPRESENTATION_CONTEXT ( 3 ) GLOBAL_UNCERTAINTY_ASSIGNED_CONTEXT ( ( #7242 ) ) GLOBAL_UNIT_ASSIGNED_CONTEXT ( ( #376, #4035, #4795 ) ) REPRESENTATION_CONTEXT ( 'NONE', 'WORKASPACE' ) );
#6710 = PRESENTATION_STYLE_ASSIGNMENT (( #3804 ) ) ;
#6711 = MANIFOLD_SOLID_BREP ( 'Fillet3', #2535 ) ;
#6712 = ORIENTED_EDGE ( 'NONE', *, *, #2481, .T. ) ;
#6713 = AXIS2_PLACEMENT_3D ( 'NONE', #2379, #988, #6121 ) ;
#6714 = CARTESIAN_POINT ( 'NONE',  ( 8.428428717488435140, 0.8212193448603630763, -1.746960474435594879 ) ) ;
#6715 = VERTEX_POINT ( 'NONE', #2077 ) ;
#6716 = VECTOR ( 'NONE', #4756, 1000.000000000000000 ) ;
#6717 = DIRECTION ( 'NONE',  ( -1.000000000000000000, -0.000000000000000000, -0.000000000000000000 ) ) ;
#6718 = AXIS2_PLACEMENT_3D ( 'NONE', #4442, #112, #3730 ) ;
#6719 = CARTESIAN_POINT ( 'NONE',  ( 5.599962694209311920, 3.190044526193765773, -0.1245757293229024509 ) ) ;
#6720 = CARTESIAN_POINT ( 'NONE',  ( 4.049999762008570592, -2.339157802475679837, 11.73357426865710273 ) ) ;
#6721 = EDGE_CURVE ( 'NONE', #6886, #1278, #8387, .T. ) ;
#6722 = CARTESIAN_POINT ( 'NONE',  ( -2.041079270776624544, 6.749999999999978684, -8.008710327333215417 ) ) ;
#6723 = ORIENTED_EDGE ( 'NONE', *, *, #5781, .F. ) ;
#6724 = AXIS2_PLACEMENT_3D ( 'NONE', #2161, #6508, #5901 ) ;
#6725 = EDGE_LOOP ( 'NONE', ( #4827, #4737, #5190, #42, #9318, #6380, #3201, #7189, #4176, #4938 ) ) ;
#6726 = CIRCLE ( 'NONE', #5515, 0.06960863754223914346 ) ;
#6727 = ORIENTED_EDGE ( 'NONE', *, *, #5961, .F. ) ;
#6728 = CARTESIAN_POINT ( 'NONE',  ( 1.499999999999939826, 2.791380799352038977, -4.132719577992287618 ) ) ;
#6729 = EDGE_CURVE ( 'NONE', #7822, #106, #8542, .T. ) ;
#6730 = LINE ( 'NONE', #9164, #7168 ) ;
#6731 = LINE ( 'NONE', #251, #3566 ) ;
#6732 = EDGE_CURVE ( 'NONE', #5624, #8936, #4910, .T. ) ;
#6733 = CARTESIAN_POINT ( 'NONE',  ( 4.125735693296642026, -1.684914292993430429, 6.497083091163101688E-17 ) ) ;
#6734 = VECTOR ( 'NONE', #7456, 1000.000000000000000 ) ;
#6735 = DIRECTION ( 'NONE',  ( 0.000000000000000000, 0.000000000000000000, 1.000000000000000000 ) ) ;
#6736 = ORIENTED_EDGE ( 'NONE', *, *, #8467, .T. ) ;
#6737 =( BOUNDED_SURFACE ( )  B_SPLINE_SURFACE ( 3, 2, ( 
 ( #8168, #1608, #4524 ),
 ( #5160, #9479, #4349 ),
 ( #8072, #5843, #8755 ),
 ( #2196, #7310, #7359 ),
 ( #1793, #3910, #5297 ),
 ( #6818, #5440, #6915 ),
 ( #304, #6868, #350 ),
 ( #170, #7636, #4623 ) ),
 .UNSPECIFIED., .F., .F., .T. ) 
 B_SPLINE_SURFACE_WITH_KNOTS ( ( 4, 2, 2, 4 ),
 ( 3, 3 ),
 ( 6.283185307179586232, 6.675884388878310816, 7.068583470577034511, 7.853981633974482790 ),
 ( 0.000000000000000000, 1.000000000000000000 ),
 .UNSPECIFIED. ) 
 GEOMETRIC_REPRESENTATION_ITEM ( )  RATIONAL_B_SPLINE_SURFACE ( (
 ( 1.000000000000000000, 0.7071067811865475727, 1.000000000000000000),
 ( 1.000000000000000000, 0.7066739173980239874, 1.000000000000000000),
 ( 1.000000000000000000, 0.7265541883813099178, 1.000000000000000000),
 ( 1.000000000000000000, 0.7876760513158960197, 1.000000000000000000),
 ( 1.000000000000000000, 0.8282394565142119358, 1.000000000000000000),
 ( 1.000000000000000000, 0.9415972983248893646, 1.000000000000000000),
 ( 1.000000000000000000, 1.002677793866170175, 1.000000000000000000),
 ( 1.000000000000000000, 1.000000000000000000, 1.000000000000000000) ) ) 
 REPRESENTATION_ITEM ( '' )  SURFACE ( )  );
#6738 = CARTESIAN_POINT ( 'NONE',  ( -5.591000000000060588, -6.750000000000033751, 0.000000000000000000 ) ) ;
#6739 = FACE_OUTER_BOUND ( 'NONE', #7348, .T. ) ;
#6740 = CARTESIAN_POINT ( 'NONE',  ( 4.645139837156038176, 3.518315668917007866, -304.8000000000000114 ) ) ;
#6741 = DIRECTION ( 'NONE',  ( -2.612289469706220103E-15, 2.612289469706250080E-15, 1.000000000000000000 ) ) ;
#6742 = LINE ( 'NONE', #2528, #8082 ) ;
#6743 = DIRECTION ( 'NONE',  ( -1.913297951444970052E-15, 1.000000000000000000, 0.000000000000000000 ) ) ;
#6744 = SURFACE_STYLE_USAGE ( .BOTH. , #7599 ) ;
#6745 = VERTEX_POINT ( 'NONE', #5684 ) ;
#6746 = ADVANCED_FACE ( 'NONE', ( #6340 ), #7864, .F. ) ;
#6747 = FACE_OUTER_BOUND ( 'NONE', #1011, .T. ) ;
#6748 = EDGE_LOOP ( 'NONE', ( #6363, #6102, #6727, #4479 ) ) ;
#6749 =( LENGTH_UNIT ( ) NAMED_UNIT ( * ) SI_UNIT ( .MILLI., .METRE. ) );
#6750 = DIRECTION ( 'NONE',  ( 1.263363196590860111E-14, 7.781918488440871168E-15, -1.000000000000000000 ) ) ;
#6751 = CARTESIAN_POINT ( 'NONE',  ( -1.602906781438529604, 1.932139300074104726, 4.000000000000000000 ) ) ;
#6752 = SURFACE_STYLE_FILL_AREA ( #5376 ) ;
#6753 = UNCERTAINTY_MEASURE_WITH_UNIT (LENGTH_MEASURE( 1.000000000000000082E-05 ), #2625, 'distance_accuracy_value', 'NONE');
#6754 = CARTESIAN_POINT ( 'NONE',  ( 4.645139837156142093, 3.518315668917007866, -10.36899149320342772 ) ) ;
#6755 = DIRECTION ( 'NONE',  ( 0.000000000000000000, 0.000000000000000000, 1.000000000000000000 ) ) ;
#6756 = CARTESIAN_POINT ( 'NONE',  ( -4.125736169279500487, -1.684914292993430429, 2.192794176220785158E-17 ) ) ;
#6757 = ORIENTED_EDGE ( 'NONE', *, *, #6917, .F. ) ;
#6758 = EDGE_CURVE ( 'NONE', #5510, #7126, #4998, .T. ) ;
#6759 = VERTEX_POINT ( 'NONE', #6297 ) ;
#6760 = ORIENTED_EDGE ( 'NONE', *, *, #217, .F. ) ;
#6761 = CARTESIAN_POINT ( 'NONE',  ( -4.519099798103135335, -1.135117085276594384, -5.107045163196775484 ) ) ;
#6762 = VERTEX_POINT ( 'NONE', #8597 ) ;
#6763 = CARTESIAN_POINT ( 'NONE',  ( 8.499767714943557095, 0.9024091331010465344, -1.688072586269792064 ) ) ;
#6764 = ORIENTED_EDGE ( 'NONE', *, *, #2032, .F. ) ;
#6765 = CARTESIAN_POINT ( 'NONE',  ( 5.599999999999949907, 3.179930804371487341, -0.02457572932290305601 ) ) ;
#6766 = CARTESIAN_POINT ( 'NONE',  ( 3.976253078972987964, -1.705095600124028499, -1.707834194005371895E-16 ) ) ;
#6767 = DIRECTION ( 'NONE',  ( 0.000000000000000000, -0.000000000000000000, -1.000000000000000000 ) ) ;
#6768 = DIRECTION ( 'NONE',  ( -3.289660986949698807E-07, 0.9999999999999459321, 0.000000000000000000 ) ) ;
#6769 = ORIENTED_EDGE ( 'NONE', *, *, #3966, .F. ) ;
#6770 = EDGE_CURVE ( 'NONE', #8956, #1909, #2034, .T. ) ;
#6771 = EDGE_LOOP ( 'NONE', ( #874, #5857, #2644, #7250 ) ) ;
#6772 = ORIENTED_EDGE ( 'NONE', *, *, #3875, .F. ) ;
#6773 = LINE ( 'NONE', #7504, #5660 ) ;
#6774 = DIRECTION ( 'NONE',  ( 0.000000000000000000, -1.201179063752586100E-14, -1.000000000000000000 ) ) ;
#6775 = FACE_OUTER_BOUND ( 'NONE', #2598, .T. ) ;
#6776 = VECTOR ( 'NONE', #8455, 1000.000000000000000 ) ;
#6777 = LINE ( 'NONE', #6205, #6528 ) ;
#6778 = CARTESIAN_POINT ( 'NONE',  ( 0.6599999999999999201, 0.7000000000000000666, 7.116208618707539735 ) ) ;
#6779 = EDGE_CURVE ( 'NONE', #1536, #8615, #8683, .T. ) ;
#6780 = ADVANCED_FACE ( 'NONE', ( #7152 ), #7968, .F. ) ;
#6781 = ORIENTED_EDGE ( 'NONE', *, *, #5772, .T. ) ;
#6782 = DIRECTION ( 'NONE',  ( 0.000000000000000000, 0.000000000000000000, 1.000000000000000000 ) ) ;
#6783 = CARTESIAN_POINT ( 'NONE',  ( 1.499999999999939826, 3.243903520801311391, -7.867280422007712382 ) ) ;
#6784 = CARTESIAN_POINT ( 'NONE',  ( -0.6600000000000109113, 0.9181187075417439614, 7.287103035880729607 ) ) ;
#6785 = DIRECTION ( 'NONE',  ( 1.000000000000000000, 0.000000000000000000, -0.000000000000000000 ) ) ;
#6786 = LINE ( 'NONE', #6883, #2122 ) ;
#6787 = AXIS2_PLACEMENT_3D ( 'NONE', #7146, #383, #581 ) ;
#6788 = EDGE_CURVE ( 'NONE', #2362, #1790, #3813, .T. ) ;
#6789 = DIRECTION ( 'NONE',  ( -1.000000000000000000, 0.000000000000000000, 0.000000000000000000 ) ) ;
#6790 = DIRECTION ( 'NONE',  ( 0.000000000000000000, 0.000000000000000000, -1.000000000000000000 ) ) ;
#6791 = VERTEX_POINT ( 'NONE', #1450 ) ;
#6792 = VERTEX_POINT ( 'NONE', #5825 ) ;
#6793 = CARTESIAN_POINT ( 'NONE',  ( -5.591000000000060588, 3.518315668917007866, -12.00000000000000000 ) ) ;
#6794 = ORIENTED_EDGE ( 'NONE', *, *, #4568, .T. ) ;
#6795 = PLANE ( 'NONE',  #1837 ) ;
#6796 = CARTESIAN_POINT ( 'NONE',  ( -5.500000000000060396, -1.275702287286611059, -7.069655554617711779 ) ) ;
#6797 = CARTESIAN_POINT ( 'NONE',  ( -5.400000000000059863, 0.9675451179377199118, -4.930344445382288221 ) ) ;
#6798 = LINE ( 'NONE', #5417, #7139 ) ;
#6799 = DIRECTION ( 'NONE',  ( -1.000000000000000000, 0.000000000000000000, 0.000000000000000000 ) ) ;
#6800 = LINE ( 'NONE', #3260, #6680 ) ;
#6801 = DIRECTION ( 'NONE',  ( -1.000000000000000000, 0.000000000000000000, 0.000000000000000000 ) ) ;
#6802 = ORIENTED_EDGE ( 'NONE', *, *, #4747, .T. ) ;
#6803 = CARTESIAN_POINT ( 'NONE',  ( -4.565831323202290903, -1.283971684949301695, -5.107045163196774595 ) ) ;
#6804 = VERTEX_POINT ( 'NONE', #3719 ) ;
#6805 = CARTESIAN_POINT ( 'NONE',  ( -4.480037766704339397, -1.479640298728989389, -6.889041997196196476 ) ) ;
#6806 = ORIENTED_EDGE ( 'NONE', *, *, #1625, .T. ) ;
#6807 = EDGE_CURVE ( 'NONE', #2676, #55, #7471, .T. ) ;
#6808 = LINE ( 'NONE', #9031, #9429 ) ;
#6809 = CARTESIAN_POINT ( 'NONE',  ( -4.500333126305825715, -1.454092000752264191, -4.895599724509499318 ) ) ;
#6810 = FACE_OUTER_BOUND ( 'NONE', #7844, .T. ) ;
#6811 = CARTESIAN_POINT ( 'NONE',  ( 0.8037371408783600124, -4.395153435249019580, 7.205220410559250332 ) ) ;
#6812 = ORIENTED_EDGE ( 'NONE', *, *, #7884, .T. ) ;
#6813 = VERTEX_POINT ( 'NONE', #7294 ) ;
#6814 = ORIENTED_EDGE ( 'NONE', *, *, #4419, .T. ) ;
#6815 = CYLINDRICAL_SURFACE ( 'NONE', #3688, 2.021221927182350164 ) ;
#6816 = EDGE_CURVE ( 'NONE', #302, #4469, #6621, .T. ) ;
#6817 = MANIFOLD_SOLID_BREP ( 'Body-Move/Copy6[5]', #3617 ) ;
#6818 = CARTESIAN_POINT ( 'NONE',  ( 4.106596376702572826, 6.025825414967118654, 0.03233254598207395414 ) ) ;
#6819 = AXIS2_PLACEMENT_3D ( 'NONE', #1254, #491, #9305 ) ;
#6820 = CARTESIAN_POINT ( 'NONE',  ( 4.049999762008570592, -2.339157802475679837, 7.570146519281769848 ) ) ;
#6821 = CARTESIAN_POINT ( 'NONE',  ( 4.097853529830612906, 4.872849781520789847, 10.80857426865710202 ) ) ;
#6822 = EDGE_LOOP ( 'NONE', ( #3953, #3567, #1907, #7541 ) ) ;
#6823 = DIRECTION ( 'NONE',  ( 0.000000000000000000, 0.000000000000000000, 1.000000000000000000 ) ) ;
#6824 = VECTOR ( 'NONE', #7353, 1000.000000000000000 ) ;
#6825 = DIRECTION ( 'NONE',  ( 0.000000000000000000, -1.000000000000000000, 0.000000000000000000 ) ) ;
#6826 = CARTESIAN_POINT ( 'NONE',  ( -1.000000000000039968, 0.7804188904419450123, 6.865171329269159628 ) ) ;
#6827 = CARTESIAN_POINT ( 'NONE',  ( -4.500000237991419461, -1.926335649230739744, 0.2999999999999999334 ) ) ;
#6828 = DIRECTION ( 'NONE',  ( -6.579099405186140077E-16, 1.000000000000000000, -6.579099405186140077E-16 ) ) ;
#6829 = EDGE_CURVE ( 'NONE', #7763, #9089, #7024, .T. ) ;
#6830 = CARTESIAN_POINT ( 'NONE',  ( -4.050000237991429053, -2.339157802475679837, 10.38998545934429885 ) ) ;
#6831 = FACE_OUTER_BOUND ( 'NONE', #6771, .T. ) ;
#6832 = ORIENTED_EDGE ( 'NONE', *, *, #821, .F. ) ;
#6833 = VECTOR ( 'NONE', #6705, 1000.000000000000000 ) ;
#6834 =( LENGTH_UNIT ( ) NAMED_UNIT ( * ) SI_UNIT ( .MILLI., .METRE. ) );
#6835 = ORIENTED_EDGE ( 'NONE', *, *, #3354, .T. ) ;
#6836 =( GEOMETRIC_REPRESENTATION_CONTEXT ( 3 ) GLOBAL_UNCERTAINTY_ASSIGNED_CONTEXT ( ( #919 ) ) GLOBAL_UNIT_ASSIGNED_CONTEXT ( ( #5171, #5397, #305 ) ) REPRESENTATION_CONTEXT ( 'NONE', 'WORKASPACE' ) );
#6837 = DIRECTION ( 'NONE',  ( 0.000000000000000000, -0.000000000000000000, -1.000000000000000000 ) ) ;
#6838 = ADVANCED_FACE ( 'NONE', ( #5194 ), #6662, .T. ) ;
#6839 = DIRECTION ( 'NONE',  ( -1.000000000000000000, 0.000000000000000000, 0.000000000000000000 ) ) ;
#6840 =( NAMED_UNIT ( * ) SI_UNIT ( $, .STERADIAN. ) SOLID_ANGLE_UNIT ( ) );
#6841 = AXIS2_PLACEMENT_3D ( 'NONE', #6214, #1314, #8647 ) ;
#6842 = FACE_OUTER_BOUND ( 'NONE', #9005, .T. ) ;
#6843 = ADVANCED_FACE ( 'NONE', ( #6008 ), #8486, .F. ) ;
#6844 = CARTESIAN_POINT ( 'NONE',  ( 5.499999999999949374, 3.295100562410483658, -8.693314250264892351 ) ) ;
#6845 = DIRECTION ( 'NONE',  ( 1.000000000000000000, 0.000000000000000000, 2.710505431213759606E-16 ) ) ;
#6846 = ORIENTED_EDGE ( 'NONE', *, *, #5621, .T. ) ;
#6847 = CIRCLE ( 'NONE', #8075, 3.656587036308173833 ) ;
#6848 = VECTOR ( 'NONE', #8987, 1000.000000000000000 ) ;
#6849 = ORIENTED_EDGE ( 'NONE', *, *, #2936, .F. ) ;
#6850 = CARTESIAN_POINT ( 'NONE',  ( -4.516534413085471655, -1.447010295314860251, -7.059747014764805151 ) ) ;
#6851 = ORIENTED_EDGE ( 'NONE', *, *, #8186, .T. ) ;
#6852 = VECTOR ( 'NONE', #1088, 1000.000000000000000 ) ;
#6853 =( LENGTH_UNIT ( ) NAMED_UNIT ( * ) SI_UNIT ( .MILLI., .METRE. ) );
#6854 = CIRCLE ( 'NONE', #3821, 1.632191892514950782 ) ;
#6855 = CARTESIAN_POINT ( 'NONE',  ( 2.488006595590550152, 0.05207503001323490754, 4.000000000000000000 ) ) ;
#6856 = CARTESIAN_POINT ( 'NONE',  ( -0.9999999999998961941, 1.339999999999998748, 7.505220410559249267 ) ) ;
#6857 = CARTESIAN_POINT ( 'NONE',  ( -4.250000237991429231, -2.139157802475679659, 11.85091001134370003 ) ) ;
#6858 = DIRECTION ( 'NONE',  ( 1.000000000000000000, -0.000000000000000000, -0.000000000000000000 ) ) ;
#6859 = AXIS2_PLACEMENT_3D ( 'NONE', #4300, #3533, #413 ) ;
#6860 = ORIENTED_EDGE ( 'NONE', *, *, #287, .T. ) ;
#6861 = ORIENTED_EDGE ( 'NONE', *, *, #7145, .F. ) ;
#6862 = STYLED_ITEM ( 'NONE', ( #1539 ), #3572 ) ;
#6863 = VECTOR ( 'NONE', #4306, 1000.000000000000000 ) ;
#6864 = EDGE_CURVE ( 'NONE', #7574, #4793, #670, .T. ) ;
#6865 = ORIENTED_EDGE ( 'NONE', *, *, #8424, .T. ) ;
#6866 = CARTESIAN_POINT ( 'NONE',  ( -4.187478030809645979, 4.618590565679117077, 10.75528782863629118 ) ) ;
#6867 = AXIS2_PLACEMENT_3D ( 'NONE', #1016, #6191, #3946 ) ;
#6868 = CARTESIAN_POINT ( 'NONE',  ( 4.001833525719283635, 6.025460307113163161, -1.145131339618700517E-08 ) ) ;
#6870 = CARTESIAN_POINT ( 'NONE',  ( -5.400000000000059863, -1.275702287286611059, -4.930344445382288221 ) ) ;
#6869 = VECTOR ( 'NONE', #1797, 1000.000000000000000 ) ;
#6871 = CARTESIAN_POINT ( 'NONE',  ( 1.499999999999939826, 1.571505490158366714, -10.45862404328944884 ) ) ;
#6872 = LINE ( 'NONE', #306, #1058 ) ;
#6873 = AXIS2_PLACEMENT_3D ( 'NONE', #1186, #561, #4977 ) ;
#6874 = CIRCLE ( 'NONE', #7347, 0.1000000000000002554 ) ;
#6875 = EDGE_CURVE ( 'NONE', #456, #1412, #773, .T. ) ;
#6876 = ORIENTED_EDGE ( 'NONE', *, *, #5375, .T. ) ;
#6877 = DIRECTION ( 'NONE',  ( -1.000000000000000000, -0.000000000000000000, -0.000000000000000000 ) ) ;
#6878 = PRODUCT_DEFINITION_FORMATION_WITH_SPECIFIED_SOURCE ( 'ANY', '', #9257, .NOT_KNOWN. ) ;
#6879 = VECTOR ( 'NONE', #4676, 1000.000000000000000 ) ;
#6880 = DIRECTION ( 'NONE',  ( 0.000000000000000000, 0.000000000000000000, 1.000000000000000000 ) ) ;
#6881 = CARTESIAN_POINT ( 'NONE',  ( -1.000000000000000000, 0.6600000000000000311, 7.505220410559251043 ) ) ;
#6882 = CYLINDRICAL_SURFACE ( 'NONE', #9460, 0.1000000000000002554 ) ;
#6883 = CARTESIAN_POINT ( 'NONE',  ( -2.935098673953480564, 1.932139300074104726, 4.000000000000000000 ) ) ;
#6884 = DIRECTION ( 'NONE',  ( -0.000000000000000000, -0.000000000000000000, -1.000000000000000000 ) ) ;
#6885 = EDGE_LOOP ( 'NONE', ( #3976, #7651, #876, #8141, #9470, #5732, #4145, #3896, #8120, #7966, #4281, #2843 ) ) ;
#6886 = VERTEX_POINT ( 'NONE', #2165 ) ;
#6887 = LINE ( 'NONE', #3253, #7628 ) ;
#6888 = VERTEX_POINT ( 'NONE', #3708 ) ;
#6889 = DIRECTION ( 'NONE',  ( 1.000000000000000000, 0.000000000000000000, 0.000000000000000000 ) ) ;
#6890 = CARTESIAN_POINT ( 'NONE',  ( -5.591000000000060588, -0.9040905573164232933, -10.92728053718713532 ) ) ;
#6891 = LINE ( 'NONE', #3889, #3505 ) ;
#6892 = DIRECTION ( 'NONE',  ( 1.000000000000000000, 0.000000000000000000, 0.000000000000000000 ) ) ;
#6893 = FACE_OUTER_BOUND ( 'NONE', #3121, .T. ) ;
#6894 = CARTESIAN_POINT ( 'NONE',  ( 4.249999762008569881, -2.139157802475679659, 10.60857426865710096 ) ) ;
#6895 = CARTESIAN_POINT ( 'NONE',  ( -5.500000000000060396, -1.275702287286611059, -7.069655554617711779 ) ) ;
#6896 = ORIENTED_EDGE ( 'NONE', *, *, #7257, .F. ) ;
#6897 = EDGE_CURVE ( 'NONE', #2997, #8390, #7995, .T. ) ;
#6898 =( GEOMETRIC_REPRESENTATION_CONTEXT ( 3 ) GLOBAL_UNCERTAINTY_ASSIGNED_CONTEXT ( ( #2354 ) ) GLOBAL_UNIT_ASSIGNED_CONTEXT ( ( #5937, #3069, #705 ) ) REPRESENTATION_CONTEXT ( 'NONE', 'WORKASPACE' ) );
#6899 = CARTESIAN_POINT ( 'NONE',  ( -4.520383718937727835, -1.283971684949302361, -5.173254527743315734 ) ) ;
#6900 = ORIENTED_EDGE ( 'NONE', *, *, #1408, .T. ) ;
#6901 = EDGE_CURVE ( 'NONE', #4617, #6886, #7279, .T. ) ;
#6902 = SURFACE_STYLE_USAGE ( .BOTH. , #9209 ) ;
#6903 = ADVANCED_FACE ( 'NONE', ( #136 ), #2976, .T. ) ;
#6904 = ORIENTED_EDGE ( 'NONE', *, *, #3957, .T. ) ;
#6905 = CARTESIAN_POINT ( 'NONE',  ( 8.399999999999948841, 0.8170932621786820560, -0.1245757293229024509 ) ) ;
#6906 = CARTESIAN_POINT ( 'NONE',  ( 8.499999999999948486, 0.9170932621786545003, -8.319187790970884677 ) ) ;
#6907 = CYLINDRICAL_SURFACE ( 'NONE', #1426, 0.2000000000000005107 ) ;
#6908 = DIRECTION ( 'NONE',  ( -0.000000000000000000, 0.7483469392281407728, 0.6633075143158514431 ) ) ;
#6909 = ORIENTED_EDGE ( 'NONE', *, *, #6153, .T. ) ;
#6910 = VERTEX_POINT ( 'NONE', #8093 ) ;
#6911 = ORIENTED_EDGE ( 'NONE', *, *, #6347, .F. ) ;
#6912 = VECTOR ( 'NONE', #7120, 1000.000000000000000 ) ;
#6913 = LINE ( 'NONE', #3958, #1371 ) ;
#6914 = VECTOR ( 'NONE', #9337, 1000.000000000000000 ) ;
#6915 = CARTESIAN_POINT ( 'NONE',  ( 4.002198633573237352, 6.130223158096453240, 0.03233254598207371822 ) ) ;
#6916 = PLANE ( 'NONE',  #3320 ) ;
#6917 = EDGE_CURVE ( 'NONE', #8555, #4459, #6565, .T. ) ;
#6918 = SURFACE_SIDE_STYLE ('',( #3912 ) ) ;
#6919 = DIRECTION ( 'NONE',  ( 0.000000000000000000, 0.000000000000000000, -1.000000000000000000 ) ) ;
#6920 = ORIENTED_EDGE ( 'NONE', *, *, #1805, .F. ) ;
#6921 = VECTOR ( 'NONE', #4715, 1000.000000000000000 ) ;
#6922 = CARTESIAN_POINT ( 'NONE',  ( -1.346799999999999997, 0.6532000000000000028, 9.475924141582259708 ) ) ;
#6923 = CARTESIAN_POINT ( 'NONE',  ( -0.7477005242537131391, 2.420857981308560447, 4.000000000000000000 ) ) ;
#6924 = CARTESIAN_POINT ( 'NONE',  ( 5.499999999999949374, 3.179930804371487341, -0.02457572932290305601 ) ) ;
#6925 = EDGE_CURVE ( 'NONE', #1745, #2941, #1535, .T. ) ;
#6926 = CYLINDRICAL_SURFACE ( 'NONE', #7412, 1.332191892514950737 ) ;
#6927 = CARTESIAN_POINT ( 'NONE',  ( -5.591000000000060588, -0.7632467023735052258, -5.327539278327908079 ) ) ;
#6928 = CARTESIAN_POINT ( 'NONE',  ( 1.499999999999939826, 4.771167705692607619, -7.867280422007712382 ) ) ;
#6929 = CARTESIAN_POINT ( 'NONE',  ( -5.591000000000060588, -6.750000000000033751, -10.45862404328944884 ) ) ;
#6930 = VERTEX_POINT ( 'NONE', #1577 ) ;
#6931 = ORIENTED_EDGE ( 'NONE', *, *, #9011, .T. ) ;
#6932 = VECTOR ( 'NONE', #5878, 1000.000000000000000 ) ;
#6933 = ORIENTED_EDGE ( 'NONE', *, *, #1868, .F. ) ;
#6934 = FACE_OUTER_BOUND ( 'NONE', #5610, .T. ) ;
#6935 = ORIENTED_EDGE ( 'NONE', *, *, #7553, .T. ) ;
#6936 = CARTESIAN_POINT ( 'NONE',  ( 5.499999999999949374, 3.295100562410516076, -0.07987552268793382537 ) ) ;
#6937 = PRESENTATION_STYLE_ASSIGNMENT (( #3215 ) ) ;
#6938 = PRESENTATION_STYLE_ASSIGNMENT (( #3299 ) ) ;
#6939 = EDGE_CURVE ( 'NONE', #5958, #7239, #5950, .T. ) ;
#6940 = CARTESIAN_POINT ( 'NONE',  ( 5.506582728557028794, 3.259159924651868767, -0.07276097025044052369 ) ) ;
#6941 = DIRECTION ( 'NONE',  ( 0.000000000000000000, -1.000000000000000000, 0.000000000000000000 ) ) ;
#6942 = CARTESIAN_POINT ( 'NONE',  ( -2.656250237991419905, -1.926335649230739744, 9.918970410559298401 ) ) ;
#6943 = CARTESIAN_POINT ( 'NONE',  ( 5.499999999999949374, 3.179930804371493114, -11.97542427067709525 ) ) ;
#6944 = ORIENTED_EDGE ( 'NONE', *, *, #4344, .F. ) ;
#6945 = EDGE_LOOP ( 'NONE', ( #2264, #690, #2405, #4413 ) ) ;
#6946 = CARTESIAN_POINT ( 'NONE',  ( -4.467723426532499431, -1.482445019771715167, -5.140149845470039836 ) ) ;
#6947 = MANIFOLD_SOLID_BREP ( 'Body-Move/Copy6[3]', #8340 ) ;
#6948 = ORIENTED_EDGE ( 'NONE', *, *, #5802, .F. ) ;
#6949 = CARTESIAN_POINT ( 'NONE',  ( -4.516534565399228818, -1.447010295314860251, -6.940253544063685887 ) ) ;
#6950 = ORIENTED_EDGE ( 'NONE', *, *, #2113, .F. ) ;
#6951 = DIRECTION ( 'NONE',  ( 1.000000000000000000, 0.000000000000000000, 0.000000000000000000 ) ) ;
#6952 = DIRECTION ( 'NONE',  ( -0.000000000000000000, 1.000000000000000000, 0.000000000000000000 ) ) ;
#6953 = DIRECTION ( 'NONE',  ( -1.000000000000000000, -0.000000000000000000, -0.000000000000000000 ) ) ;
#6954 = SPHERICAL_SURFACE ( 'NONE', #207, 0.2000000000000000111 ) ;
#6955 = CARTESIAN_POINT ( 'NONE',  ( -5.591000000000060588, -1.174171567643669034, -6.804246583696760275 ) ) ;
#6956 = FACE_OUTER_BOUND ( 'NONE', #7444, .T. ) ;
#6957 = PRODUCT_RELATED_PRODUCT_CATEGORY ( 'part', '', ( #7713 ) ) ;
#6958 = ORIENTED_EDGE ( 'NONE', *, *, #5699, .T. ) ;
#6959 = EDGE_CURVE ( 'NONE', #9420, #7629, #2307, .T. ) ;
#6960 = EDGE_CURVE ( 'NONE', #1841, #5922, #8181, .T. ) ;
#6961 = ORIENTED_EDGE ( 'NONE', *, *, #1279, .T. ) ;
#6962 = VERTEX_POINT ( 'NONE', #4640 ) ;
#6963 = DIRECTION ( 'NONE',  ( -1.000000000000000000, -0.000000000000000000, -0.000000000000000000 ) ) ;
#6964 = EDGE_CURVE ( 'NONE', #495, #1147, #2282, .T. ) ;
#6965 = CARTESIAN_POINT ( 'NONE',  ( -0.9999999999999993339, 0.9999999999999993339, 7.505220410559251043 ) ) ;
#6966 = DIRECTION ( 'NONE',  ( -0.000000000000000000, -0.000000000000000000, 1.000000000000000000 ) ) ;
#6967 = PLANE ( 'NONE',  #5778 ) ;
#6968 = CARTESIAN_POINT ( 'NONE',  ( 8.399999999999948841, 3.195100562410447154, -11.87542427067709561 ) ) ;
#6969 = EDGE_CURVE ( 'NONE', #6048, #5510, #6071, .T. ) ;
#6970 = ORIENTED_EDGE ( 'NONE', *, *, #6089, .T. ) ;
#6971 = VECTOR ( 'NONE', #1641, 1000.000000000000000 ) ;
#6972 = LINE ( 'NONE', #7076, #6282 ) ;
#6973 = CARTESIAN_POINT ( 'NONE',  ( -3.950000237991428964, 5.973626543402450473, 0.000000000000000000 ) ) ;
#6974 = LINE ( 'NONE', #6211, #2948 ) ;
#6975 = DIRECTION ( 'NONE',  ( 0.000000000000000000, 0.000000000000000000, -1.000000000000000000 ) ) ;
#6976 = DIRECTION ( 'NONE',  ( -1.000000000000000000, 0.000000000000000000, 0.000000000000000000 ) ) ;
#6977 = FACE_OUTER_BOUND ( 'NONE', #5902, .T. ) ;
#6978 = VERTEX_POINT ( 'NONE', #4684 ) ;
#6979 = EDGE_CURVE ( 'NONE', #3907, #7763, #4117, .T. ) ;
#6980 = CARTESIAN_POINT ( 'NONE',  ( 1.000000000000000000, 0.6600000000000000311, 18.91092414158230284 ) ) ;
#6981 = ORIENTED_EDGE ( 'NONE', *, *, #8940, .F. ) ;
#6982 = CYLINDRICAL_SURFACE ( 'NONE', #9340, 0.09999999999999982514 ) ;
#6983 = DIRECTION ( 'NONE',  ( -1.000000000000000000, -0.000000000000000000, -0.000000000000000000 ) ) ;
#6984 =( NAMED_UNIT ( * ) PLANE_ANGLE_UNIT ( ) SI_UNIT ( $, .RADIAN. ) );
#6985 = CARTESIAN_POINT ( 'NONE',  ( 5.590908561704580393, 3.195111605184272729, -0.1245757293229024509 ) ) ;
#6986 =( BOUNDED_CURVE ( )  B_SPLINE_CURVE ( 3, ( #5698, #7171, #4105, #2672 ),
 .UNSPECIFIED., .F., .T. ) 
 B_SPLINE_CURVE_WITH_KNOTS ( ( 4, 4 ),
 ( 1.570796326794895226, 3.141592653589782014 ),
 .UNSPECIFIED. ) 
 CURVE ( )  GEOMETRIC_REPRESENTATION_ITEM ( )  RATIONAL_B_SPLINE_CURVE ( ( 1.000000000000000000, 0.8047378541243672689, 0.8047378541243672689, 1.000000000000000000 ) ) 
 REPRESENTATION_ITEM ( '' )  );
#6987 = CARTESIAN_POINT ( 'NONE',  ( -2.683030474414478395, 6.216717594166777161, 10.74998084838388301 ) ) ;
#6988 = PLANE ( 'NONE',  #1173 ) ;
#6989 = VECTOR ( 'NONE', #2553, 1000.000000000000114 ) ;
#6990 = DIRECTION ( 'NONE',  ( 1.000000000000000000, -0.000000000000000000, -0.000000000000000000 ) ) ;
#6991 = ORIENTED_EDGE ( 'NONE', *, *, #1030, .T. ) ;
#6992 = STYLED_ITEM ( 'NONE', ( #3401 ), #605 ) ;
#6993 = EDGE_CURVE ( 'NONE', #2659, #8541, #9022, .T. ) ;
#6994 = CARTESIAN_POINT ( 'NONE',  ( -4.558430591422559353, -1.168195840598959645, -4.940727992907939736 ) ) ;
#6995 = VERTEX_POINT ( 'NONE', #7468 ) ;
#6996 = CARTESIAN_POINT ( 'NONE',  ( -4.440355728211385689, -1.479640298728989389, -7.213381100741846019 ) ) ;
#6997 = ORIENTED_EDGE ( 'NONE', *, *, #2429, .T. ) ;
#6998 = AXIS2_PLACEMENT_3D ( 'NONE', #3715, #823, #3755 ) ;
#6999 = CARTESIAN_POINT ( 'NONE',  ( 4.249999762008569881, 4.337592642964938960, 5.608574268657101847 ) ) ;
#7000 = CARTESIAN_POINT ( 'NONE',  ( 5.599877715494956831, 3.195100562410447154, -11.87542427067709561 ) ) ;
#7001 = DIRECTION ( 'NONE',  ( 1.000000000000000000, 0.000000000000000000, 0.000000000000000000 ) ) ;
#7002 = LINE ( 'NONE', #178, #4965 ) ;
#7003 = DIRECTION ( 'NONE',  ( 0.000000000000000000, 1.000000000000000000, 0.000000000000000000 ) ) ;
#7004 = AXIS2_PLACEMENT_3D ( 'NONE', #6429, #1153, #5719 ) ;
#7005 = CARTESIAN_POINT ( 'NONE',  ( -5.591000000000068582, 5.076540080366747532, -7.867280422007712382 ) ) ;
#7006 = EDGE_LOOP ( 'NONE', ( #8372, #4706, #671, #8483 ) ) ;
#7007 = EDGE_LOOP ( 'NONE', ( #148, #4097, #6948, #667, #8010 ) ) ;
#7008 = AXIS2_PLACEMENT_3D ( 'NONE', #6928, #5454, #9329 ) ;
#7009 = AXIS2_PLACEMENT_3D ( 'NONE', #5019, #7933, #2859 ) ;
#7010 = ORIENTED_EDGE ( 'NONE', *, *, #4388, .T. ) ;
#7011 = AXIS2_PLACEMENT_3D ( 'NONE', #6605, #36, #4493 ) ;
#7012 = DIRECTION ( 'NONE',  ( 0.000000000000000000, -1.000000000000000000, 0.000000000000000000 ) ) ;
#7013 = CARTESIAN_POINT ( 'NONE',  ( -1.000000000000000000, -1.926335649230756619, 7.205220410559250332 ) ) ;
#7014 = ADVANCED_FACE ( 'NONE', ( #7562 ), #959, .T. ) ;
#7015 = VECTOR ( 'NONE', #2129, 1000.000000000000000 ) ;
#7016 = DIRECTION ( 'NONE',  ( -1.000000000000000000, 0.000000000000000000, 0.000000000000000000 ) ) ;
#7017 = CARTESIAN_POINT ( 'NONE',  ( -5.500000000000060396, 0.8675451179377200450, -4.930344445382288221 ) ) ;
#7018 = FILL_AREA_STYLE_COLOUR ( '', #5933 ) ;
#7019 = ORIENTED_EDGE ( 'NONE', *, *, #7499, .T. ) ;
#7020 = LINE ( 'NONE', #6521, #3977 ) ;
#7021 = VECTOR ( 'NONE', #1952, 1000.000000000000000 ) ;
#7022 = VECTOR ( 'NONE', #5315, 1000.000000000000000 ) ;
#7023 = EDGE_CURVE ( 'NONE', #1304, #6048, #5311, .T. ) ;
#7024 = CIRCLE ( 'NONE', #1209, 0.4919261306450205540 ) ;
#7025 = ORIENTED_EDGE ( 'NONE', *, *, #3198, .F. ) ;
#7026 = CIRCLE ( 'NONE', #3827, 1.843247405224330837 ) ;
#7027 = EDGE_CURVE ( 'NONE', #8275, #1574, #3348, .T. ) ;
#7028 = FILL_AREA_STYLE_COLOUR ( '', #2135 ) ;
#7029 = ADVANCED_FACE ( 'NONE', ( #6934 ), #2491, .F. ) ;
#7030 =( LENGTH_UNIT ( ) NAMED_UNIT ( * ) SI_UNIT ( .MILLI., .METRE. ) );
#7031 = CARTESIAN_POINT ( 'NONE',  ( 5.599999999999949907, 3.295100562410515188, -0.1245757293229024509 ) ) ;
#7032 = AXIS2_PLACEMENT_3D ( 'NONE', #8997, #4677, #5361 ) ;
#7033 = CARTESIAN_POINT ( 'NONE',  ( -1.602906781438529604, 3.564331192589055508, 0.000000000000000000 ) ) ;
#7034 = CARTESIAN_POINT ( 'NONE',  ( -2.478170270984168422, 6.073626543402451006, 5.808574268657101136 ) ) ;
#7035 = PLANE ( 'NONE',  #269 ) ;
#7036 = ORIENTED_EDGE ( 'NONE', *, *, #6779, .F. ) ;
#7037 = ORIENTED_EDGE ( 'NONE', *, *, #8519, .T. ) ;
#7038 = AXIS2_PLACEMENT_3D ( 'NONE', #6030, #1126, #8320 ) ;
#7039 = VECTOR ( 'NONE', #7564, 1000.000000000000000 ) ;
#7040 = ORIENTED_EDGE ( 'NONE', *, *, #2227, .T. ) ;
#7041 = LINE ( 'NONE', #1239, #2759 ) ;
#7042 = CARTESIAN_POINT ( 'NONE',  ( 0.9267860602937099124, 0.7924638056899084848, 6.880000000000014104 ) ) ;
#7043 = DIRECTION ( 'NONE',  ( -0.7071067811865474617, 0.000000000000000000, 0.7071067811865474617 ) ) ;
#7044 = FILL_AREA_STYLE ('',( #4934 ) ) ;
#7045 = CARTESIAN_POINT ( 'NONE',  ( 0.6600000000000245670, 0.9479456440070777035, 6.897181832996738038 ) ) ;
#7046 = EDGE_CURVE ( 'NONE', #8041, #6298, #6887, .T. ) ;
#7047 = CYLINDRICAL_SURFACE ( 'NONE', #5328, 0.2999999999999999889 ) ;
#7048 = VECTOR ( 'NONE', #2337, 1000.000000000000000 ) ;
#7049 = DIRECTION ( 'NONE',  ( -1.000000000000000000, 0.000000000000000000, -0.000000000000000000 ) ) ;
#7050 = VERTEX_POINT ( 'NONE', #5459 ) ;
#7051 = CARTESIAN_POINT ( 'NONE',  ( -4.478734348510085006, -1.482445019771711170, -4.890674090036776889 ) ) ;
#7052 = ORIENTED_EDGE ( 'NONE', *, *, #3816, .F. ) ;
#7053 = CARTESIAN_POINT ( 'NONE',  ( -4.559086949679898915, -1.381750288486601752, -6.940253544063686775 ) ) ;
#7054 = CIRCLE ( 'NONE', #2923, 2.021221927182350164 ) ;
#7055 = ORIENTED_EDGE ( 'NONE', *, *, #8451, .T. ) ;
#7056 = CARTESIAN_POINT ( 'NONE',  ( 2.575128183398715187, 5.070249422130467920, -2.107589839633815298 ) ) ;
#7057 = CARTESIAN_POINT ( 'NONE',  ( -5.400000000000059863, -3.118949692510942118, -4.930344445382288221 ) ) ;
#7058 =( BOUNDED_CURVE ( )  B_SPLINE_CURVE ( 3, ( #8032, #5219, #8129, #2964 ),
 .UNSPECIFIED., .F., .T. ) 
 B_SPLINE_CURVE_WITH_KNOTS ( ( 4, 4 ),
 ( 4.712388980384689674, 6.283185307179586232 ),
 .UNSPECIFIED. ) 
 CURVE ( )  GEOMETRIC_REPRESENTATION_ITEM ( )  RATIONAL_B_SPLINE_CURVE ( ( 1.000000000000000000, 0.8047378541243649375, 0.8047378541243649375, 1.000000000000000000 ) ) 
 REPRESENTATION_ITEM ( '' )  );
#7059 = FACE_OUTER_BOUND ( 'NONE', #3744, .T. ) ;
#7060 = LINE ( 'NONE', #3461, #833 ) ;
#7061 = CYLINDRICAL_SURFACE ( 'NONE', #111, 0.3638095225290491896 ) ;
#7062 = ADVANCED_FACE ( 'NONE', ( #8375 ), #366, .T. ) ;
#7063 = DIRECTION ( 'NONE',  ( -1.000000000000000000, 0.000000000000000000, -0.000000000000000000 ) ) ;
#7064 = ORIENTED_EDGE ( 'NONE', *, *, #2406, .F. ) ;
#7065 = ORIENTED_EDGE ( 'NONE', *, *, #2459, .T. ) ;
#7066 = CARTESIAN_POINT ( 'NONE',  ( 4.645139837156038176, 3.640943135232368455, -304.8000000000000114 ) ) ;
#7067 = ORIENTED_EDGE ( 'NONE', *, *, #9427, .F. ) ;
#7068 = CARTESIAN_POINT ( 'NONE',  ( 8.452655277189455418, 2.195936322994039180, -3.191699994331588464 ) ) ;
#7069 = FACE_OUTER_BOUND ( 'NONE', #3549, .T. ) ;
#7070 = DIRECTION ( 'NONE',  ( 0.000000000000000000, -0.000000000000000000, -1.000000000000000000 ) ) ;
#7071 = CARTESIAN_POINT ( 'NONE',  ( -4.212136372968088516, -1.713714360889625254, 0.1489148333228905163 ) ) ;
#7072 = EDGE_CURVE ( 'NONE', #4866, #3130, #7784, .T. ) ;
#7073 =( LENGTH_UNIT ( ) NAMED_UNIT ( * ) SI_UNIT ( .MILLI., .METRE. ) );
#7074 = ORIENTED_EDGE ( 'NONE', *, *, #1059, .F. ) ;
#7075 = FACE_OUTER_BOUND ( 'NONE', #1621, .T. ) ;
#7076 = CARTESIAN_POINT ( 'NONE',  ( 8.499999999999948486, 0.8170932621786820560, -0.1245757293229024509 ) ) ;
#7077 = LINE ( 'NONE', #4926, #5836 ) ;
#7078 = CARTESIAN_POINT ( 'NONE',  ( 3.499999762008580539, -4.226335649230740898, 9.075220410559280637 ) ) ;
#7079 = DIRECTION ( 'NONE',  ( 0.000000000000000000, 1.044915787882490092E-14, 1.000000000000000000 ) ) ;
#7080 = DIRECTION ( 'NONE',  ( 0.000000000000000000, -0.000000000000000000, -1.000000000000000000 ) ) ;
#7081 = CARTESIAN_POINT ( 'NONE',  ( -4.500361501369009254, -1.171100791677609276, -4.821734580139162674 ) ) ;
#7082 = ORIENTED_EDGE ( 'NONE', *, *, #2340, .F. ) ;
#7083 = ADVANCED_FACE ( 'NONE', ( #6747 ), #183, .T. ) ;
#7084 = EDGE_CURVE ( 'NONE', #4426, #1612, #6256, .T. ) ;
#7085 = EDGE_LOOP ( 'NONE', ( #4213, #3271, #2461, #9344 ) ) ;
#7086 = VECTOR ( 'NONE', #2377, 1000.000000000000000 ) ;
#7087 = ORIENTED_EDGE ( 'NONE', *, *, #8881, .F. ) ;
#7088 = CARTESIAN_POINT ( 'NONE',  ( 4.227050535063424874, 4.467592672433852385, 5.702513229857045118 ) ) ;
#7089 = CARTESIAN_POINT ( 'NONE',  ( 2.488007230840694195, -1.271866509722523686, 4.000000000000000000 ) ) ;
#7090 = CARTESIAN_POINT ( 'NONE',  ( 299.2999999999999545, 3.882125191446057944, -1.631008506796572277 ) ) ;
#7091 = EDGE_CURVE ( 'NONE', #1291, #2904, #7217, .T. ) ;
#7092 = CARTESIAN_POINT ( 'NONE',  ( 0.6599999999999879297, 1.000000000000000000, 7.505220410559251043 ) ) ;
#7093 = CIRCLE ( 'NONE', #3264, 0.1000000000000002554 ) ;
#7094 = SURFACE_SIDE_STYLE ('',( #3302 ) ) ;
#7095 = ORIENTED_EDGE ( 'NONE', *, *, #3214, .T. ) ;
#7096 = CARTESIAN_POINT ( 'NONE',  ( -4.542587181855046730, -1.416287241497574900, -5.007466530069467403 ) ) ;
#7097 = VERTEX_POINT ( 'NONE', #5780 ) ;
#7098 = CARTESIAN_POINT ( 'NONE',  ( -4.536458831775805223, -1.381750288486601530, -6.889041997196196476 ) ) ;
#7099 = ORIENTED_EDGE ( 'NONE', *, *, #5101, .T. ) ;
#7100 = CARTESIAN_POINT ( 'NONE',  ( 4.049999762008570592, 6.273626543402450295, 0.2999999999999999889 ) ) ;
#7101 = CARTESIAN_POINT ( 'NONE',  ( 5.499999999999949374, 3.295621070737484448, -0.08021543132125770470 ) ) ;
#7102 = DIRECTION ( 'NONE',  ( 0.000000000000000000, -1.000000000000000000, 1.153814465479998049E-14 ) ) ;
#7103 = FACE_OUTER_BOUND ( 'NONE', #1662, .T. ) ;
#7104 = CARTESIAN_POINT ( 'NONE',  ( 8.499999999999948486, 0.2193455792998656451, -8.893314250264852561 ) ) ;
#7105 = VERTEX_POINT ( 'NONE', #1317 ) ;
#7106 = VERTEX_POINT ( 'NONE', #6539 ) ;
#7107 = CARTESIAN_POINT ( 'NONE',  ( -1.838618586295336588, 3.914972254309967425, 5.808574268657101136 ) ) ;
#7108 = VERTEX_POINT ( 'NONE', #2584 ) ;
#7109 = EDGE_CURVE ( 'NONE', #852, #2952, #8429, .T. ) ;
#7110 = DIRECTION ( 'NONE',  ( 0.000000000000000000, -0.000000000000000000, -1.000000000000000000 ) ) ;
#7111 = LINE ( 'NONE', #3470, #6396 ) ;
#7112 = CARTESIAN_POINT ( 'NONE',  ( -5.500000000000060396, -1.275702287286611059, -7.069655554617711779 ) ) ;
#7113 = DIRECTION ( 'NONE',  ( 0.000000000000000000, 0.000000000000000000, 1.000000000000000000 ) ) ;
#7114 = SURFACE_SIDE_STYLE ('',( #4960 ) ) ;
#7115 = ORIENTED_EDGE ( 'NONE', *, *, #9314, .T. ) ;
#7116 = CARTESIAN_POINT ( 'NONE',  ( 4.249999762008569881, -1.726335649230739788, 7.370146519281761677 ) ) ;
#7117 = EDGE_CURVE ( 'NONE', #5823, #4650, #4346, .T. ) ;
#7118 = FACE_OUTER_BOUND ( 'NONE', #8428, .T. ) ;
#7119 = DIRECTION ( 'NONE',  ( 0.000000000000000000, 0.000000000000000000, 1.000000000000000000 ) ) ;
#7120 = DIRECTION ( 'NONE',  ( 6.492902100456260246E-23, 2.135944708626944851E-29, 1.000000000000000000 ) ) ;
#7121 = CARTESIAN_POINT ( 'NONE',  ( 5.506179378801768109, 0.7534524655266041648, -1.731403984307282151 ) ) ;
#7122 = DIRECTION ( 'NONE',  ( -1.000000000000000000, 9.674119995890032619E-15, 0.000000000000000000 ) ) ;
#7123 = LINE ( 'NONE', #2675, #2119 ) ;
#7124 = ORIENTED_EDGE ( 'NONE', *, *, #5699, .F. ) ;
#7125 = B_SPLINE_CURVE_WITH_KNOTS ( 'NONE', 3,
 ( #1442, #8676, #4219, #7056, #5715, #7142, #2116, #5616, #5674, #8531, #3556, #6330, #2745, #5043 ),
 .UNSPECIFIED., .F., .F.,
 ( 4, 2, 2, 2, 2, 2, 4 ),
 ( 0.001236534081437507199, 0.002035313176222052541, 0.002834092271006597667, 0.004431650460575687483, 0.006029208650144775999, 0.006827987744929321992, 0.007626766839713867117 ),
 .UNSPECIFIED. ) ;
#7126 = VERTEX_POINT ( 'NONE', #8701 ) ;
#7127 = FILL_AREA_STYLE_COLOUR ( '', #8415 ) ;
#7128 = CARTESIAN_POINT ( 'NONE',  ( 0.9823783549901475842, 0.8350622838909383949, 6.879999999999999893 ) ) ;
#7129 = DIRECTION ( 'NONE',  ( -1.000000000000000000, -0.000000000000000000, -0.000000000000000000 ) ) ;
#7130 = CARTESIAN_POINT ( 'NONE',  ( 5.509898721203261296, 3.251721309775167157, -0.07627229091740217459 ) ) ;
#7131 = EDGE_CURVE ( 'NONE', #1118, #3243, #1509, .T. ) ;
#7132 = CARTESIAN_POINT ( 'NONE',  ( 0.6600000000000245670, 0.6845033972495778718, 7.543222821657024291 ) ) ;
#7133 = SURFACE_STYLE_USAGE ( .BOTH. , #7094 ) ;
#7134 = SURFACE_STYLE_FILL_AREA ( #4889 ) ;
#7135 = ORIENTED_EDGE ( 'NONE', *, *, #7290, .T. ) ;
#7136 = EDGE_CURVE ( 'NONE', #6173, #3651, #694, .T. ) ;
#7137 = CARTESIAN_POINT ( 'NONE',  ( -4.585016683330060516, -1.217814040489861860, -4.940727992907938848 ) ) ;
#7138 = VERTEX_POINT ( 'NONE', #6447 ) ;
#7139 = VECTOR ( 'NONE', #231, 1000.000000000000000 ) ;
#7140 = CARTESIAN_POINT ( 'NONE',  ( -4.511771317981907004, -1.332805218072989906, -6.820759934706209116 ) ) ;
#7141 = ORIENTED_EDGE ( 'NONE', *, *, #8606, .T. ) ;
#7142 = CARTESIAN_POINT ( 'NONE',  ( 1.680782452786521164, 5.595720189233497344, -2.334527989504944223 ) ) ;
#7143 =( LENGTH_UNIT ( ) NAMED_UNIT ( * ) SI_UNIT ( .MILLI., .METRE. ) );
#7144 =( LENGTH_UNIT ( ) NAMED_UNIT ( * ) SI_UNIT ( .MILLI., .METRE. ) );
#7145 = EDGE_CURVE ( 'NONE', #6715, #4456, #5561, .T. ) ;
#7146 = CARTESIAN_POINT ( 'NONE',  ( -5.500000000000060396, -1.275702287286611059, -4.930344445382288221 ) ) ;
#7147 = CARTESIAN_POINT ( 'NONE',  ( 3.499999762008580539, -3.176335649230739744, 8.355220410559281774 ) ) ;
#7148 = CARTESIAN_POINT ( 'NONE',  ( 1.499999999999939826, 2.791380799352039421, -1.541375956710550499 ) ) ;
#7149 = ORIENTED_EDGE ( 'NONE', *, *, #5314, .T. ) ;
#7150 = AXIS2_PLACEMENT_3D ( 'NONE', #6181, #4690, #277 ) ;
#7151 = ORIENTED_EDGE ( 'NONE', *, *, #5300, .F. ) ;
#7152 = FACE_OUTER_BOUND ( 'NONE', #9036, .T. ) ;
#7153 = ORIENTED_EDGE ( 'NONE', *, *, #5000, .F. ) ;
#7154 = CARTESIAN_POINT ( 'NONE',  ( 8.498920306187446982, 2.247082111491990997, -3.125536083710491742 ) ) ;
#7155 = AXIS2_PLACEMENT_3D ( 'NONE', #1285, #1139, #1242 ) ;
#7156 = LINE ( 'NONE', #9415, #4709 ) ;
#7157 = DIRECTION ( 'NONE',  ( 0.7071067811865860975, 0.000000000000000000, -0.7071067811865090480 ) ) ;
#7158 = CARTESIAN_POINT ( 'NONE',  ( -4.249999935211935309, -1.926335346451233166, 0.2333996892919086574 ) ) ;
#7159 = LINE ( 'NONE', #3573, #8057 ) ;
#7160 =( GEOMETRIC_REPRESENTATION_CONTEXT ( 3 ) GLOBAL_UNCERTAINTY_ASSIGNED_CONTEXT ( ( #8964 ) ) GLOBAL_UNIT_ASSIGNED_CONTEXT ( ( #6035, #1572, #7415 ) ) REPRESENTATION_CONTEXT ( 'NONE', 'WORKASPACE' ) );
#7161 = ORIENTED_EDGE ( 'NONE', *, *, #1017, .F. ) ;
#7162 = ADVANCED_FACE ( 'NONE', ( #3344 ), #1420, .F. ) ;
#7163 = CARTESIAN_POINT ( 'NONE',  ( -2.986120869726993643, 308.1483405586492950, -7.867280422007712382 ) ) ;
#7164 = ORIENTED_EDGE ( 'NONE', *, *, #1196, .F. ) ;
#7165 = AXIS2_PLACEMENT_3D ( 'NONE', #7881, #7695, #9281 ) ;
#7166 = AXIS2_PLACEMENT_3D ( 'NONE', #9076, #8304, #6767 ) ;
#7167 = DIRECTION ( 'NONE',  ( -1.000000000000000000, -0.000000000000000000, -0.000000000000000000 ) ) ;
#7168 = VECTOR ( 'NONE', #8485, 1000.000000000000000 ) ;
#7169 = CARTESIAN_POINT ( 'NONE',  ( -3.500000237991431007, -1.926335649230749958, 1.575220410559259321 ) ) ;
#7170 =( GEOMETRIC_REPRESENTATION_CONTEXT ( 3 ) GLOBAL_UNCERTAINTY_ASSIGNED_CONTEXT ( ( #5234 ) ) GLOBAL_UNIT_ASSIGNED_CONTEXT ( ( #7143, #6, #4546 ) ) REPRESENTATION_CONTEXT ( 'NONE', 'WORKASPACE' ) );
#7171 = CARTESIAN_POINT ( 'NONE',  ( 2.612271274253873177, -1.802071580518809668, -2.990981235155827456E-16 ) ) ;
#7172 = VECTOR ( 'NONE', #1473, 1000.000000000000000 ) ;
#7173 = CARTESIAN_POINT ( 'NONE',  ( 1.339999999999990088, 0.6599999999999975886, 7.505220410559250155 ) ) ;
#7174 = DIRECTION ( 'NONE',  ( 0.000000000000000000, 0.000000000000000000, -1.000000000000000000 ) ) ;
#7175 = ADVANCED_FACE ( 'NONE', ( #3689 ), #2812, .F. ) ;
#7176 = AXIS2_PLACEMENT_3D ( 'NONE', #5516, #5840, #8753 ) ;
#7177 = DIRECTION ( 'NONE',  ( -1.000000000000000000, 0.000000000000000000, 0.000000000000000000 ) ) ;
#7178 = COLOUR_RGB ( '',0.6470588235294117974, 0.6196078431372549211, 0.5882352941176470784 ) ;
#7179 = AXIS2_PLACEMENT_3D ( 'NONE', #2627, #4200, #2049 ) ;
#7180 = ORIENTED_EDGE ( 'NONE', *, *, #6310, .F. ) ;
#7181 = SURFACE_STYLE_USAGE ( .BOTH. , #4253 ) ;
#7182 = VECTOR ( 'NONE', #6983, 1000.000000000000000 ) ;
#7183 = VECTOR ( 'NONE', #9083, 1000.000000000000000 ) ;
#7184 = CARTESIAN_POINT ( 'NONE',  ( 0.9028098131327545461, 0.7319855766628280413, 6.880000000000380034 ) ) ;
#7185 = PLANE ( 'NONE',  #6083 ) ;
#7186 = CARTESIAN_POINT ( 'NONE',  ( 0.6599999999999890399, 0.6999999999999999556, 7.205220410559250332 ) ) ;
#7187 = VECTOR ( 'NONE', #8228, 1000.000000000000000 ) ;
#7188 = CARTESIAN_POINT ( 'NONE',  ( 5.599999999999949907, 3.179930804371487341, -0.1245757293229024509 ) ) ;
#7189 = ORIENTED_EDGE ( 'NONE', *, *, #134, .F. ) ;
#7190 = CIRCLE ( 'NONE', #5058, 2.243247405224330748 ) ;
#7191 = CARTESIAN_POINT ( 'NONE',  ( -4.602122251175671863, -1.267432240380764963, -4.990781895779085708 ) ) ;
#7192 = VERTEX_POINT ( 'NONE', #652 ) ;
#7193 = CARTESIAN_POINT ( 'NONE',  ( -4.518191635381589855, -1.414380291900731779, -6.889041997196196476 ) ) ;
#7194 = EDGE_LOOP ( 'NONE', ( #1833, #1124, #681, #1863 ) ) ;
#7195 = FACE_OUTER_BOUND ( 'NONE', #6009, .T. ) ;
#7196 = DIRECTION ( 'NONE',  ( 0.000000000000000000, -1.000000000000000000, 0.000000000000000000 ) ) ;
#7197 = DIRECTION ( 'NONE',  ( 0.7071067811865485719, 0.000000000000000000, -0.7071067811865464625 ) ) ;
#7198 = AXIS2_PLACEMENT_3D ( 'NONE', #6029, #1713, #6126 ) ;
#7199 = LINE ( 'NONE', #3920, #1605 ) ;
#7200 = DIRECTION ( 'NONE',  ( 0.000000000000000000, 0.000000000000000000, 1.000000000000000000 ) ) ;
#7201 = CARTESIAN_POINT ( 'NONE',  ( -2.488008628878240369, -1.926335649230742186, 8.856534637527344600 ) ) ;
#7202 = ORIENTED_EDGE ( 'NONE', *, *, #2815, .F. ) ;
#7203 = VERTEX_POINT ( 'NONE', #9145 ) ;
#7204 = EDGE_CURVE ( 'NONE', #6059, #7343, #594, .T. ) ;
#7205 = EDGE_CURVE ( 'NONE', #2360, #6608, #3578, .T. ) ;
#7206 =( LENGTH_UNIT ( ) NAMED_UNIT ( * ) SI_UNIT ( .MILLI., .METRE. ) );
#7207 = ORIENTED_EDGE ( 'NONE', *, *, #4651, .T. ) ;
#7208 = DIRECTION ( 'NONE',  ( -1.000000000000000000, -0.000000000000000000, -0.000000000000000000 ) ) ;
#7209 = EDGE_LOOP ( 'NONE', ( #8598, #2210, #2846, #482 ) ) ;
#7210 = PRESENTATION_STYLE_ASSIGNMENT (( #8549 ) ) ;
#7211 = CARTESIAN_POINT ( 'NONE',  ( 2.488007675820700371, -2.339157802475679837, 2.772276292613180093 ) ) ;
#7212 = CARTESIAN_POINT ( 'NONE',  ( -3.950000237991428964, -1.626335649230739699, 0.000000000000000000 ) ) ;
#7213 = DIRECTION ( 'NONE',  ( -0.7071067811865474617, 0.000000000000000000, 0.7071067811865474617 ) ) ;
#7214 = VERTEX_POINT ( 'NONE', #3628 ) ;
#7215 = CARTESIAN_POINT ( 'NONE',  ( 3.499999762008580539, -4.226335649230740898, 8.555220410559281063 ) ) ;
#7216 = EDGE_LOOP ( 'NONE', ( #3955, #8894, #8254, #3497, #3161 ) ) ;
#7217 = LINE ( 'NONE', #7261, #5651 ) ;
#7218 = ADVANCED_FACE ( 'NONE', ( #6490 ), #9421, .F. ) ;
#7219 = LINE ( 'NONE', #7308, #8 ) ;
#7220 = CARTESIAN_POINT ( 'NONE',  ( 1.000000000000000000, -3.569272152705960544, 6.865220410559250475 ) ) ;
#7221 = DIRECTION ( 'NONE',  ( 1.000000000000000000, 0.000000000000000000, 0.000000000000000000 ) ) ;
#7222 = CYLINDRICAL_SURFACE ( 'NONE', #3969, 2.940962153935816392 ) ;
#7223 = DIRECTION ( 'NONE',  ( -1.000000000000000000, -0.000000000000000000, -0.000000000000000000 ) ) ;
#7224 = ORIENTED_EDGE ( 'NONE', *, *, #669, .F. ) ;
#7225 = EDGE_CURVE ( 'NONE', #5357, #537, #2631, .T. ) ;
#7226 = CYLINDRICAL_SURFACE ( 'NONE', #3836, 0.09999999999999982514 ) ;
#7227 = CARTESIAN_POINT ( 'NONE',  ( 1.000000000000000000, -1.926335649230776159, 7.205220410559250332 ) ) ;
#7228 = CARTESIAN_POINT ( 'NONE',  ( 2.488006595590522174, 0.05207503001323460917, 8.856534637527341047 ) ) ;
#7229 = CARTESIAN_POINT ( 'NONE',  ( -1.089011791851710820, 0.7000000000000081712, 6.865220410559251363 ) ) ;
#7230 = CARTESIAN_POINT ( 'NONE',  ( 5.499999999999949374, 0.7286418498061505433, -10.27522904001078707 ) ) ;
#7231 = ADVANCED_BREP_SHAPE_REPRESENTATION ( '', ( #398, #464 ), #1843 ) ;
#7232 = CARTESIAN_POINT ( 'NONE',  ( 5.599999999999949907, 0.8170932621786126671, -11.87542427067706896 ) ) ;
#7233 = CARTESIAN_POINT ( 'NONE',  ( -2.041079270776850141, 6.749999999999978684, -304.8000000000000114 ) ) ;
#7234 = ORIENTED_EDGE ( 'NONE', *, *, #6875, .F. ) ;
#7235 = CARTESIAN_POINT ( 'NONE',  ( -4.498173632363127616, -1.383208352360503435, -4.823935552875246557 ) ) ;
#7236 = VERTEX_POINT ( 'NONE', #2193 ) ;
#7237 = EDGE_CURVE ( 'NONE', #8956, #2989, #5114, .T. ) ;
#7238 = CARTESIAN_POINT ( 'NONE',  ( -4.602267622908106759, -1.283860147659377837, -7.008535606553674135 ) ) ;
#7239 = VERTEX_POINT ( 'NONE', #1462 ) ;
#7240 = PLANE ( 'NONE',  #2130 ) ;
#7241 = FILL_AREA_STYLE ('',( #3558 ) ) ;
#7242 = UNCERTAINTY_MEASURE_WITH_UNIT (LENGTH_MEASURE( 1.000000000000000082E-05 ), #376, 'distance_accuracy_value', 'NONE');
#7243 = LINE ( 'NONE', #1568, #4660 ) ;
#7244 = CARTESIAN_POINT ( 'NONE',  ( 1.499999999999939826, 0.4415745526624924033, -10.92728053718713532 ) ) ;
#7245 = DIRECTION ( 'NONE',  ( 0.9999999999999459321, 3.289661030248509000E-07, 0.000000000000000000 ) ) ;
#7246 = CARTESIAN_POINT ( 'NONE',  ( 1.499999999999939826, -0.9040905573164232933, -1.484501801903325147 ) ) ;
#7247 = ORIENTED_EDGE ( 'NONE', *, *, #8260, .T. ) ;
#7248 = ORIENTED_EDGE ( 'NONE', *, *, #8508, .F. ) ;
#7249 = SURFACE_STYLE_USAGE ( .BOTH. , #6434 ) ;
#7250 = ORIENTED_EDGE ( 'NONE', *, *, #5550, .F. ) ;
#7251 = CARTESIAN_POINT ( 'NONE',  ( 5.599999999999949907, 2.184171825948720169, -3.206685749735108004 ) ) ;
#7252 = ORIENTED_EDGE ( 'NONE', *, *, #6729, .T. ) ;
#7253 = CARTESIAN_POINT ( 'NONE',  ( -5.591000000000060588, -6.750000000000033751, -5.059838790869076064 ) ) ;
#7254 = CARTESIAN_POINT ( 'NONE',  ( 4.249999762008569881, -1.726335649230740010, 0.2999999999999999334 ) ) ;
#7255 = CARTESIAN_POINT ( 'NONE',  ( -4.050000234718538650, -1.926335649230739966, 0.2607234077042774878 ) ) ;
#7256 = ADVANCED_FACE ( 'NONE', ( #4389 ), #7306, .T. ) ;
#7257 = EDGE_CURVE ( 'NONE', #1790, #1134, #940, .T. ) ;
#7258 = LINE ( 'NONE', #4478, #713 ) ;
#7259 = EDGE_LOOP ( 'NONE', ( #6221, #5294, #4063, #7010 ) ) ;
#7260 = ORIENTED_EDGE ( 'NONE', *, *, #8881, .T. ) ;
#7261 = CARTESIAN_POINT ( 'NONE',  ( 1.499999999999939826, -5.507928190936763890, -7.116761230117741199 ) ) ;
#7262 = EDGE_CURVE ( 'NONE', #8696, #1536, #838, .T. ) ;
#7263 = CARTESIAN_POINT ( 'NONE',  ( 2.488007430340341219, -1.926335649230790370, 6.879999999999999893 ) ) ;
#7264 = CARTESIAN_POINT ( 'NONE',  ( 5.573446244115220161, 3.198690510816153854, -11.87896016542043220 ) ) ;
#7265 = EDGE_CURVE ( 'NONE', #448, #5947, #3051, .T. ) ;
#7266 = CARTESIAN_POINT ( 'NONE',  ( 1.339999999999969660, 1.308037348756009521, 7.257272818943767412 ) ) ;
#7267 = CARTESIAN_POINT ( 'NONE',  ( -3.000336060072691158, 6.073626543402450118, 5.808574268657101136 ) ) ;
#7268 = DIRECTION ( 'NONE',  ( 0.000000000000000000, -1.000000000000000000, 1.734723475976810250E-14 ) ) ;
#7269 = ORIENTED_EDGE ( 'NONE', *, *, #1997, .T. ) ;
#7270 =( NAMED_UNIT ( * ) PLANE_ANGLE_UNIT ( ) SI_UNIT ( $, .RADIAN. ) );
#7271 = CARTESIAN_POINT ( 'NONE',  ( 8.499999999999948486, 0.8170932621786317629, -10.24999999999996980 ) ) ;
#7272 = CARTESIAN_POINT ( 'NONE',  ( 1.499999999999939826, 4.771167705692607619, -3.101440184145292989 ) ) ;
#7273 = FILL_AREA_STYLE_COLOUR ( '', #5779 ) ;
#7274 = CARTESIAN_POINT ( 'NONE',  ( 8.499999999999948486, 0.8170932621786317629, -10.24999999999996980 ) ) ;
#7275 = CARTESIAN_POINT ( 'NONE',  ( 4.117207084372562775, 3.882125191446054391, -1.994818029325662323 ) ) ;
#7276 = FACE_OUTER_BOUND ( 'NONE', #6038, .T. ) ;
#7277 = ORIENTED_EDGE ( 'NONE', *, *, #3058, .F. ) ;
#7278 = EDGE_CURVE ( 'NONE', #5967, #3131, #6021, .T. ) ;
#7279 = LINE ( 'NONE', #3746, #442 ) ;
#7280 = ORIENTED_EDGE ( 'NONE', *, *, #3817, .T. ) ;
#7281 = CARTESIAN_POINT ( 'NONE',  ( -4.454756949260453958, -1.071764276666104854, -6.820759934706209116 ) ) ;
#7282 = VERTEX_POINT ( 'NONE', #1651 ) ;
#7283 = DIRECTION ( 'NONE',  ( 0.000000000000000000, 0.000000000000000000, 1.000000000000000000 ) ) ;
#7284 = CARTESIAN_POINT ( 'NONE',  ( 5.499999910575265716, 3.266508921012520883, -0.06117789324567981385 ) ) ;
#7285 = SURFACE_STYLE_FILL_AREA ( #6654 ) ;
#7286 = DIRECTION ( 'NONE',  ( -1.000000000000000000, -0.000000000000000000, -0.000000000000000000 ) ) ;
#7287 = CARTESIAN_POINT ( 'NONE',  ( -2.488008791255649221, 1.872510310159681612, 8.856534637527332166 ) ) ;
#7288 = DIRECTION ( 'NONE',  ( -0.000000000000000000, 1.000000000000000000, 0.000000000000000000 ) ) ;
#7289 = ORIENTED_EDGE ( 'NONE', *, *, #8360, .T. ) ;
#7290 = EDGE_CURVE ( 'NONE', #5103, #1263, #3772, .T. ) ;
#7291 = B_SPLINE_CURVE_WITH_KNOTS ( 'NONE', 3,
 ( #4628, #6821, #3107, #1610, #1711, #6679, #4670, #7452, #8944, #3060 ),
 .UNSPECIFIED., .F., .F.,
 ( 4, 2, 2, 2, 4 ),
 ( 0.000000000000000000, 0.0003281893041973269398, 0.0004922839562959891628, 0.0005743312823453195154, 0.0006563786083946497596 ),
 .UNSPECIFIED. ) ;
#7292 = ORIENTED_EDGE ( 'NONE', *, *, #166, .F. ) ;
#7293 =( GEOMETRIC_REPRESENTATION_CONTEXT ( 3 ) GLOBAL_UNCERTAINTY_ASSIGNED_CONTEXT ( ( #4548 ) ) GLOBAL_UNIT_ASSIGNED_CONTEXT ( ( #9450, #5185, #8873 ) ) REPRESENTATION_CONTEXT ( 'NONE', 'WORKASPACE' ) );
#7294 = CARTESIAN_POINT ( 'NONE',  ( 5.599999999999949907, 3.195100562410515543, -0.1245757293229024509 ) ) ;
#7295 = ORIENTED_EDGE ( 'NONE', *, *, #3228, .F. ) ;
#7296 = DIRECTION ( 'NONE',  ( 0.000000000000000000, 0.000000000000000000, -1.000000000000000000 ) ) ;
#7297 = ORIENTED_EDGE ( 'NONE', *, *, #5979, .T. ) ;
#7298 = AXIS2_PLACEMENT_3D ( 'NONE', #4384, #62, #2326 ) ;
#7299 = DIRECTION ( 'NONE',  ( 1.000000000000000000, 0.000000000000000000, 0.000000000000000000 ) ) ;
#7300 = CARTESIAN_POINT ( 'NONE',  ( 8.499879581341883039, 2.257430851154681228, -8.888087823732043091 ) ) ;
#7301 = CARTESIAN_POINT ( 'NONE',  ( -4.249999935211936197, 6.273626240622957262, 0.2333996892919042720 ) ) ;
#7302 = ORIENTED_EDGE ( 'NONE', *, *, #3534, .F. ) ;
#7303 = ORIENTED_EDGE ( 'NONE', *, *, #1883, .T. ) ;
#7304 = AXIS2_PLACEMENT_3D ( 'NONE', #2030, #8490, #3463 ) ;
#7305 = PRESENTATION_LAYER_ASSIGNMENT (  '', '', ( #3793 ) ) ;
#7306 = CYLINDRICAL_SURFACE ( 'NONE', #3062, 0.3000000000000001554 ) ;
#7307 = EDGE_CURVE ( 'NONE', #1210, #830, #6673, .T. ) ;
#7308 = CARTESIAN_POINT ( 'NONE',  ( 1.499999999999939826, 2.791380799352038977, -4.132719577992287618 ) ) ;
#7309 = AXIS2_PLACEMENT_3D ( 'NONE', #1903, #7735, #4107 ) ;
#7310 = CARTESIAN_POINT ( 'NONE',  ( 4.177840592974500389, 6.201467374368376362, 0.08639111434570148629 ) ) ;
#7311 = CARTESIAN_POINT ( 'NONE',  ( 1.340000000000009850, 0.6599969120815453172, 7.510246527350911805 ) ) ;
#7312 = CARTESIAN_POINT ( 'NONE',  ( -3.500000237991430119, -4.226335649230740898, 9.075220410559261097 ) ) ;
#7313 = VECTOR ( 'NONE', #2796, 1000.000000000000000 ) ;
#7314 = CARTESIAN_POINT ( 'NONE',  ( -0.7477005242537100305, 3.119626461413160357, 8.856534637527339271 ) ) ;
#7315 = AXIS2_PLACEMENT_3D ( 'NONE', #8268, #6774, #381 ) ;
#7316 = EDGE_CURVE ( 'NONE', #2659, #4866, #6773, .T. ) ;
#7317 = ADVANCED_FACE ( 'NONE', ( #8986 ), #2422, .T. ) ;
#7318 = VECTOR ( 'NONE', #9004, 1000.000000000000000 ) ;
#7319 = VERTEX_POINT ( 'NONE', #8939 ) ;
#7320 = AXIS2_PLACEMENT_3D ( 'NONE', #2486, #848, #3206 ) ;
#7321 = DIRECTION ( 'NONE',  ( 0.000000000000000000, 1.173967842118904391E-14, 1.000000000000000000 ) ) ;
#7322 = SURFACE_STYLE_FILL_AREA ( #2384 ) ;
#7323 = CARTESIAN_POINT ( 'NONE',  ( 299.2999999999999545, -5.884663887553380768, -0.8320941568348071415 ) ) ;
#7324 =( GEOMETRIC_REPRESENTATION_CONTEXT ( 3 ) GLOBAL_UNCERTAINTY_ASSIGNED_CONTEXT ( ( #1769 ) ) GLOBAL_UNIT_ASSIGNED_CONTEXT ( ( #6834, #4541, #4739 ) ) REPRESENTATION_CONTEXT ( 'NONE', 'WORKASPACE' ) );
#7325 = CARTESIAN_POINT ( 'NONE',  ( 1.000000000000000000, -1.926335649230776159, 7.205220410559250332 ) ) ;
#7326 = LINE ( 'NONE', #8036, #576 ) ;
#7327 = PLANE ( 'NONE',  #6724 ) ;
#7328 = ORIENTED_EDGE ( 'NONE', *, *, #1168, .F. ) ;
#7329 = VECTOR ( 'NONE', #5985, 1000.000000000000000 ) ;
#7330 = CARTESIAN_POINT ( 'NONE',  ( -4.477856274733655439, -1.168195840598957203, -4.790566284294484944 ) ) ;
#7331 = AXIS2_PLACEMENT_3D ( 'NONE', #8210, #6963, #3191 ) ;
#7332 = VERTEX_POINT ( 'NONE', #5345 ) ;
#7333 = CARTESIAN_POINT ( 'NONE',  ( -4.518191754363732215, -1.137024544664035686, -6.889041997196196476 ) ) ;
#7334 = DIRECTION ( 'NONE',  ( 9.053383056682109253E-15, 0.9851904798862961554, 0.1714634606597259803 ) ) ;
#7335 = CIRCLE ( 'NONE', #447, 0.2000000000000000944 ) ;
#7336 = ADVANCED_FACE ( 'NONE', ( #5295 ), #1606, .T. ) ;
#7337 = CARTESIAN_POINT ( 'NONE',  ( 299.2999999999999545, 5.146119801567417440, -6.940161209130924824 ) ) ;
#7338 = CYLINDRICAL_SURFACE ( 'NONE', #1971, 0.09999999999999939493 ) ;
#7339 = AXIS2_PLACEMENT_3D ( 'NONE', #6602, #2156, #2204 ) ;
#7340 = DIRECTION ( 'NONE',  ( 0.000000000000000000, -1.000000000000000000, 0.000000000000000000 ) ) ;
#7341 = CARTESIAN_POINT ( 'NONE',  ( -1.000000000000000000, 0.7000000000000081712, 6.865220410559250475 ) ) ;
#7342 = ORIENTED_EDGE ( 'NONE', *, *, #538, .T. ) ;
#7343 = VERTEX_POINT ( 'NONE', #8267 ) ;
#7344 = DIRECTION ( 'NONE',  ( 0.000000000000000000, 0.000000000000000000, 1.000000000000000000 ) ) ;
#7345 = EDGE_LOOP ( 'NONE', ( #2893, #31, #981, #9238 ) ) ;
#7346 = CARTESIAN_POINT ( 'NONE',  ( 8.491644809372862923, 0.8770779036789616567, -1.706272016725383978 ) ) ;
#7347 = AXIS2_PLACEMENT_3D ( 'NONE', #5658, #4882, #3346 ) ;
#7348 = EDGE_LOOP ( 'NONE', ( #4987, #2741, #8911, #6566 ) ) ;
#7349 = EDGE_CURVE ( 'NONE', #9401, #1198, #7940, .T. ) ;
#7350 = LINE ( 'NONE', #1552, #8812 ) ;
#7351 = DIRECTION ( 'NONE',  ( 0.000000000000000000, 0.000000000000000000, -1.000000000000000000 ) ) ;
#7352 = LINE ( 'NONE', #6588, #886 ) ;
#7353 = DIRECTION ( 'NONE',  ( -1.263363196590860111E-14, -7.781918488440871168E-15, 1.000000000000000000 ) ) ;
#7354 = ORIENTED_EDGE ( 'NONE', *, *, #8952, .F. ) ;
#7355 = ORIENTED_EDGE ( 'NONE', *, *, #4210, .T. ) ;
#7356 = DIRECTION ( 'NONE',  ( -0.000000000000000000, -0.000000000000000000, 1.000000000000000000 ) ) ;
#7357 = ADVANCED_FACE ( 'NONE', ( #1705 ), #2330, .F. ) ;
#7358 = DIRECTION ( 'NONE',  ( 3.295928005683501435E-18, -7.135281644414616449E-18, 1.000000000000000222 ) ) ;
#7359 = CARTESIAN_POINT ( 'NONE',  ( 4.037378473667456724, 6.235762678379110469, 0.1489148333228902943 ) ) ;
#7360 =( BOUNDED_CURVE ( )  B_SPLINE_CURVE ( 3, ( #7363, #803, #5742, #3735 ),
 .UNSPECIFIED., .F., .T. ) 
 B_SPLINE_CURVE_WITH_KNOTS ( ( 4, 4 ),
 ( 1.282761996842195940, 1.570796326794896558 ),
 .UNSPECIFIED. ) 
 CURVE ( )  GEOMETRIC_REPRESENTATION_ITEM ( )  RATIONAL_B_SPLINE_CURVE ( ( 1.000000000000000000, 0.9930982934375081062, 0.9930982934375081062, 1.000000000000000000 ) ) 
 REPRESENTATION_ITEM ( '' )  );
#7361 = DIRECTION ( 'NONE',  ( 1.000000000000000000, 0.000000000000000000, 0.000000000000000000 ) ) ;
#7362 = CARTESIAN_POINT ( 'NONE',  ( 1.000000000000000000, 1.340000000000000080, 18.91092414158229573 ) ) ;
#7363 = CARTESIAN_POINT ( 'NONE',  ( -2.534983887501661037, 6.265387365725998414, 5.665387885177611160 ) ) ;
#7364 = ORIENTED_EDGE ( 'NONE', *, *, #8260, .F. ) ;
#7365 = FACE_OUTER_BOUND ( 'NONE', #8802, .T. ) ;
#7366 = CARTESIAN_POINT ( 'NONE',  ( -3.000336060072691158, 6.073626543402450118, 5.808574268657101136 ) ) ;
#7367 = DIRECTION ( 'NONE',  ( 1.000000000000000000, -0.000000000000000000, -0.000000000000000000 ) ) ;
#7368 = CIRCLE ( 'NONE', #323, 0.1999999999999996503 ) ;
#7369 = CARTESIAN_POINT ( 'NONE',  ( 5.515849777535435372, 0.7723573128980733005, -10.26330773897253579 ) ) ;
#7370 = ADVANCED_FACE ( 'NONE', ( #1507 ), #5884, .F. ) ;
#7371 = EDGE_CURVE ( 'NONE', #6792, #7699, #2999, .T. ) ;
#7372 = DIRECTION ( 'NONE',  ( -1.000000000000000000, -0.000000000000000000, -0.000000000000000000 ) ) ;
#7373 = CARTESIAN_POINT ( 'NONE',  ( 4.249999762008569881, -2.408745645934470492, 0.2999999999999999334 ) ) ;
#7374 = EDGE_LOOP ( 'NONE', ( #4218, #3365, #1855, #6259 ) ) ;
#7375 = ORIENTED_EDGE ( 'NONE', *, *, #2101, .T. ) ;
#7376 = DIRECTION ( 'NONE',  ( 0.1714634606597259248, -0.9851904798862961554, 8.277378794680784115E-15 ) ) ;
#7377 = ORIENTED_EDGE ( 'NONE', *, *, #979, .F. ) ;
#7378 = CARTESIAN_POINT ( 'NONE',  ( -4.537910343095221677, -1.137024544664035686, -6.940253544063685887 ) ) ;
#7379 = ADVANCED_FACE ( 'NONE', ( #2281 ), #5209, .T. ) ;
#7380 = CARTESIAN_POINT ( 'NONE',  ( 4.249999762008568993, -1.843492936756120582, 10.47282817181891623 ) ) ;
#7381 = FILL_AREA_STYLE_COLOUR ( '', #121 ) ;
#7382 = CARTESIAN_POINT ( 'NONE',  ( 299.2999999999999545, 3.348340558649291587, -7.867280422007712382 ) ) ;
#7383 = DIRECTION ( 'NONE',  ( -1.000000000000000000, 0.000000000000000000, -0.000000000000000000 ) ) ;
#7384 = AXIS2_PLACEMENT_3D ( 'NONE', #3434, #3482, #2772 ) ;
#7385 = EDGE_CURVE ( 'NONE', #2417, #5103, #4522, .T. ) ;
#7386 = CARTESIAN_POINT ( 'NONE',  ( 1.499999999999939826, -5.507928190936763890, -7.116761230117741199 ) ) ;
#7387 = CARTESIAN_POINT ( 'NONE',  ( -1.000000000000000000, 0.6600000000000000311, 7.505220410559251043 ) ) ;
#7388 = ORIENTED_EDGE ( 'NONE', *, *, #8458, .F. ) ;
#7389 = VERTEX_POINT ( 'NONE', #6728 ) ;
#7390 = ORIENTED_EDGE ( 'NONE', *, *, #813, .F. ) ;
#7391 = CARTESIAN_POINT ( 'NONE',  ( -4.109651593198427655, -6.362533017275318947, -10.70340746552802536 ) ) ;
#7392 = ORIENTED_EDGE ( 'NONE', *, *, #7771, .F. ) ;
#7393 = CARTESIAN_POINT ( 'NONE',  ( 8.499999999999948486, 3.153679206173205962, -0.1659970855602117823 ) ) ;
#7394 = FACE_OUTER_BOUND ( 'NONE', #4755, .T. ) ;
#7395 = CARTESIAN_POINT ( 'NONE',  ( -3.950000237991428964, 5.973626543402450473, 0.000000000000000000 ) ) ;
#7396 = CARTESIAN_POINT ( 'NONE',  ( 4.249999762008569881, -1.726335649230739788, 0.2999999999999999334 ) ) ;
#7397 = ORIENTED_EDGE ( 'NONE', *, *, #6563, .T. ) ;
#7398 = VERTEX_POINT ( 'NONE', #165 ) ;
#7399 = EDGE_CURVE ( 'NONE', #8582, #714, #3515, .T. ) ;
#7400 = DIRECTION ( 'NONE',  ( -1.000000000000000000, -0.000000000000000000, 0.000000000000000000 ) ) ;
#7401 = FACE_OUTER_BOUND ( 'NONE', #5744, .T. ) ;
#7402 = DIRECTION ( 'NONE',  ( 1.000000000000000000, 0.000000000000000000, 0.000000000000000000 ) ) ;
#7403 = CARTESIAN_POINT ( 'NONE',  ( 5.599877715494956831, 3.195100562410447154, -11.87542427067709561 ) ) ;
#7404 = CARTESIAN_POINT ( 'NONE',  ( -2.041079270776680055, 6.749999999999978684, -3.991289672666785471 ) ) ;
#7405 = DIRECTION ( 'NONE',  ( -1.000000000000000000, 0.000000000000000000, -0.000000000000000000 ) ) ;
#7406 = CIRCLE ( 'NONE', #1599, 2.143247405224330659 ) ;
#7407 = EDGE_CURVE ( 'NONE', #4048, #4102, #1542, .T. ) ;
#7408 = ORIENTED_EDGE ( 'NONE', *, *, #2634, .F. ) ;
#7409 =( BOUNDED_CURVE ( )  B_SPLINE_CURVE ( 3, ( #8877, #2313, #5050, #8147 ),
 .UNSPECIFIED., .F., .F. ) 
 B_SPLINE_CURVE_WITH_KNOTS ( ( 4, 4 ),
 ( 3.141592653589793116, 4.712388980384690562 ),
 .UNSPECIFIED. ) 
 CURVE ( )  GEOMETRIC_REPRESENTATION_ITEM ( )  RATIONAL_B_SPLINE_CURVE ( ( 1.000000000000000000, 0.8047378541243648264, 0.8047378541243648264, 1.000000000000000000 ) ) 
 REPRESENTATION_ITEM ( '' )  );
#7410 = LINE ( 'NONE', #661, #6275 ) ;
#7411 =( NAMED_UNIT ( * ) SI_UNIT ( $, .STERADIAN. ) SOLID_ANGLE_UNIT ( ) );
#7412 = AXIS2_PLACEMENT_3D ( 'NONE', #6265, #5505, #2437 ) ;
#7413 = DIRECTION ( 'NONE',  ( 0.000000000000000000, 0.000000000000000000, 1.000000000000000000 ) ) ;
#7414 = DIRECTION ( 'NONE',  ( -0.000000000000000000, 0.000000000000000000, -1.000000000000000000 ) ) ;
#7415 =( NAMED_UNIT ( * ) SI_UNIT ( $, .STERADIAN. ) SOLID_ANGLE_UNIT ( ) );
#7416 = CYLINDRICAL_SURFACE ( 'NONE', #2142, 0.2000000000000005107 ) ;
#7417 = ORIENTED_EDGE ( 'NONE', *, *, #8314, .F. ) ;
#7418 = SURFACE_STYLE_FILL_AREA ( #4497 ) ;
#7419 = ORIENTED_EDGE ( 'NONE', *, *, #3941, .F. ) ;
#7420 = CARTESIAN_POINT ( 'NONE',  ( -5.500000000000060396, 0.8675451179377196009, -7.069655554617711779 ) ) ;
#7421 = ADVANCED_FACE ( 'NONE', ( #4712 ), #6815, .F. ) ;
#7422 = DIRECTION ( 'NONE',  ( 0.7071067811865486830, 0.000000000000000000, -0.7071067811865464625 ) ) ;
#7423 = DIRECTION ( 'NONE',  ( 0.000000000000000000, 1.000000000000000000, -3.347150608916108721E-16 ) ) ;
#7424 = CARTESIAN_POINT ( 'NONE',  ( -4.050000237991429053, 6.073626543402451006, -3.552713678800499352E-15 ) ) ;
#7425 = UNCERTAINTY_MEASURE_WITH_UNIT (LENGTH_MEASURE( 1.000000000000000082E-05 ), #8871, 'distance_accuracy_value', 'NONE');
#7426 = CARTESIAN_POINT ( 'NONE',  ( -4.250000237991429231, -1.726335649230739788, 10.58998545934429991 ) ) ;
#7427 = CARTESIAN_POINT ( 'NONE',  ( -2.986120869726993643, 6.749999999999978684, -12.00000000000000000 ) ) ;
#7428 = LINE ( 'NONE', #2263, #3353 ) ;
#7429 = VERTEX_POINT ( 'NONE', #2475 ) ;
#7430 = EDGE_CURVE ( 'NONE', #8427, #9419, #4432, .T. ) ;
#7431 = ORIENTED_EDGE ( 'NONE', *, *, #1560, .T. ) ;
#7432 = SURFACE_STYLE_FILL_AREA ( #1592 ) ;
#7433 = VERTEX_POINT ( 'NONE', #4090 ) ;
#7434 = AXIS2_PLACEMENT_3D ( 'NONE', #2550, #3267, #3095 ) ;
#7435 = CARTESIAN_POINT ( 'NONE',  ( 1.499999999999939826, -1.468035014617230072, -0.9929644752390694995 ) ) ;
#7436 = EDGE_CURVE ( 'NONE', #6792, #4698, #9222, .T. ) ;
#7437 = ORIENTED_EDGE ( 'NONE', *, *, #5332, .F. ) ;
#7438 = DIRECTION ( 'NONE',  ( 0.000000000000000000, -1.000000000000000000, 0.000000000000000000 ) ) ;
#7439 = LINE ( 'NONE', #9033, #7550 ) ;
#7440 = DIRECTION ( 'NONE',  ( 0.000000000000000000, 0.000000000000000000, 1.000000000000000000 ) ) ;
#7441 = PRESENTATION_STYLE_ASSIGNMENT (( #1556 ) ) ;
#7442 = ORIENTED_EDGE ( 'NONE', *, *, #4893, .T. ) ;
#7443 = AXIS2_PLACEMENT_3D ( 'NONE', #1980, #9166, #8631 ) ;
#7444 = EDGE_LOOP ( 'NONE', ( #794, #7153, #1595, #7520, #3064 ) ) ;
#7445 = ORIENTED_EDGE ( 'NONE', *, *, #8458, .T. ) ;
#7446 = DIRECTION ( 'NONE',  ( 1.000000000000000000, -0.000000000000000000, -0.000000000000000000 ) ) ;
#7447 = DIRECTION ( 'NONE',  ( 0.000000000000000000, 0.000000000000000000, 1.000000000000000000 ) ) ;
#7448 = DIRECTION ( 'NONE',  ( 8.794714969348332629E-15, -0.9851904798862959334, -0.1714634606597270350 ) ) ;
#7449 = EDGE_CURVE ( 'NONE', #5250, #5849, #9032, .T. ) ;
#7450 = FACE_OUTER_BOUND ( 'NONE', #3720, .T. ) ;
#7451 = VECTOR ( 'NONE', #5494, 1000.000000000000000 ) ;
#7452 = CARTESIAN_POINT ( 'NONE',  ( 4.237808609062377663, 4.418841944078258699, 10.67857217031541417 ) ) ;
#7453 = CIRCLE ( 'NONE', #3950, 11.30078710486259652 ) ;
#7454 = VECTOR ( 'NONE', #2610, 1000.000000000000000 ) ;
#7455 = ORIENTED_EDGE ( 'NONE', *, *, #1905, .F. ) ;
#7456 = DIRECTION ( 'NONE',  ( -0.000000000000000000, -0.000000000000000000, 1.000000000000000000 ) ) ;
#7457 = SURFACE_STYLE_FILL_AREA ( #5895 ) ;
#7458 = AXIS2_PLACEMENT_3D ( 'NONE', #4948, #8633, #1301 ) ;
#7459 = EDGE_CURVE ( 'NONE', #1694, #3422, #2615, .T. ) ;
#7460 = CARTESIAN_POINT ( 'NONE',  ( -4.237809149748041904, 4.418839373073844889, 5.678571997054489451 ) ) ;
#7461 = FACE_OUTER_BOUND ( 'NONE', #6336, .T. ) ;
#7462 = CARTESIAN_POINT ( 'NONE',  ( -1.838618586295336588, 3.914972254309967425, 10.80857426865710202 ) ) ;
#7463 = VECTOR ( 'NONE', #6461, 1000.000000000000000 ) ;
#7464 =( LENGTH_UNIT ( ) NAMED_UNIT ( * ) SI_UNIT ( .MILLI., .METRE. ) );
#7465 = ORIENTED_EDGE ( 'NONE', *, *, #7923, .T. ) ;
#7466 = VECTOR ( 'NONE', #556, 1000.000000000000000 ) ;
#7467 = VECTOR ( 'NONE', #8281, 1000.000000000000000 ) ;
#7468 = CARTESIAN_POINT ( 'NONE',  ( -5.400000000000059863, -1.275702287286611059, -9.312902959842043416 ) ) ;
#7469 = ORIENTED_EDGE ( 'NONE', *, *, #8039, .T. ) ;
#7470 = DIRECTION ( 'NONE',  ( 0.000000000000000000, 1.000000000000000000, 0.000000000000000000 ) ) ;
#7471 = CIRCLE ( 'NONE', #3338, 0.1000000000000002554 ) ;
#7472 = DIRECTION ( 'NONE',  ( 0.000000000000000000, -0.000000000000000000, -1.000000000000000000 ) ) ;
#7473 = CARTESIAN_POINT ( 'NONE',  ( 1.499999999999939826, 2.791380799352038977, -7.867280422007712382 ) ) ;
#7474 = EDGE_CURVE ( 'NONE', #448, #3186, #8094, .T. ) ;
#7475 =( NAMED_UNIT ( * ) PLANE_ANGLE_UNIT ( ) SI_UNIT ( $, .RADIAN. ) );
#7476 = CARTESIAN_POINT ( 'NONE',  ( -4.500000237991419461, -1.926335649230739744, 2.772276292613180093 ) ) ;
#7477 = AXIS2_PLACEMENT_3D ( 'NONE', #1321, #7931, #2199 ) ;
#7478 = CARTESIAN_POINT ( 'NONE',  ( 1.499999999999939826, -0.7632467023735052258, -5.327539278327908079 ) ) ;
#7479 = CARTESIAN_POINT ( 'NONE',  ( -1.000000000000000000, 0.6600000000000000311, 7.505220410559251043 ) ) ;
#7480 = ORIENTED_EDGE ( 'NONE', *, *, #3637, .T. ) ;
#7481 = STYLED_ITEM ( 'NONE', ( #6632 ), #8408 ) ;
#7482 = ORIENTED_EDGE ( 'NONE', *, *, #9130, .F. ) ;
#7483 = VECTOR ( 'NONE', #4458, 1000.000000000000000 ) ;
#7484 =( LENGTH_UNIT ( ) NAMED_UNIT ( * ) SI_UNIT ( .MILLI., .METRE. ) );
#7485 = ORIENTED_EDGE ( 'NONE', *, *, #5979, .F. ) ;
#7486 = CIRCLE ( 'NONE', #7936, 0.7200000000000003064 ) ;
#7487 = CARTESIAN_POINT ( 'NONE',  ( -3.512089370002680067, -4.454638257320263861, -10.00518197067446025 ) ) ;
#7488 = ORIENTED_EDGE ( 'NONE', *, *, #548, .F. ) ;
#7489 = AXIS2_PLACEMENT_3D ( 'NONE', #2396, #3080, #7472 ) ;
#7490 = EDGE_CURVE ( 'NONE', #8588, #4984, #6913, .T. ) ;
#7491 = CARTESIAN_POINT ( 'NONE',  ( -4.500177318474963606, -1.454032873750822352, -7.104484344027637732 ) ) ;
#7492 = AXIS2_PLACEMENT_3D ( 'NONE', #2803, #5727, #7110 ) ;
#7493 = CARTESIAN_POINT ( 'NONE',  ( 4.106596376702572826, -1.678534520795407214, 0.03233254598207395414 ) ) ;
#7494 = CARTESIAN_POINT ( 'NONE',  ( 4.645139837156031959, -5.884663887553380768, -0.8320941568348079187 ) ) ;
#7495 = CARTESIAN_POINT ( 'NONE',  ( 1.000000000000000000, 1.340049406695259959, 7.424802541892311147 ) ) ;
#7496 = ORIENTED_EDGE ( 'NONE', *, *, #5412, .F. ) ;
#7497 = AXIS2_PLACEMENT_3D ( 'NONE', #1361, #8641, #8454 ) ;
#7498 = ADVANCED_FACE ( 'NONE', ( #4811 ), #5545, .F. ) ;
#7499 = EDGE_CURVE ( 'NONE', #3770, #4422, #4118, .T. ) ;
#7500 = ORIENTED_EDGE ( 'NONE', *, *, #2767, .F. ) ;
#7501 = CIRCLE ( 'NONE', #5207, 2.243247405224330748 ) ;
#7502 = AXIS2_PLACEMENT_3D ( 'NONE', #2494, #6084, #2451 ) ;
#7503 = ORIENTED_EDGE ( 'NONE', *, *, #1257, .F. ) ;
#7504 = CARTESIAN_POINT ( 'NONE',  ( 1.838618586295336588, 6.073626543402451006, 5.808574268657101136 ) ) ;
#7505 = CARTESIAN_POINT ( 'NONE',  ( 299.2999999999999545, 5.146119801567417440, -4.990230153326836060 ) ) ;
#7506 = EDGE_CURVE ( 'NONE', #8636, #1081, #3973, .T. ) ;
#7507 = CARTESIAN_POINT ( 'NONE',  ( 2.488006595590550152, 0.05207503001323490754, 0.2999999999999999334 ) ) ;
#7508 = DIRECTION ( 'NONE',  ( 0.000000000000000000, 0.000000000000000000, -1.000000000000000000 ) ) ;
#7509 = VECTOR ( 'NONE', #8607, 1000.000000000000000 ) ;
#7510 = DIRECTION ( 'NONE',  ( 0.000000000000000000, -1.000000000000000000, 0.000000000000000000 ) ) ;
#7511 = AXIS2_PLACEMENT_3D ( 'NONE', #6359, #8719, #619 ) ;
#7512 = ORIENTED_EDGE ( 'NONE', *, *, #4393, .F. ) ;
#7513 = DIRECTION ( 'NONE',  ( 0.000000000000000000, 0.000000000000000000, -1.000000000000000000 ) ) ;
#7514 = DIRECTION ( 'NONE',  ( 1.000000000000000000, -0.000000000000000000, -0.000000000000000000 ) ) ;
#7515 = DIRECTION ( 'NONE',  ( 0.000000000000000000, 0.000000000000000000, -1.000000000000000000 ) ) ;
#7516 = DIRECTION ( 'NONE',  ( -0.000000000000000000, 1.000000000000000000, 0.000000000000000000 ) ) ;
#7517 = LINE ( 'NONE', #3156, #271 ) ;
#7518 = DIRECTION ( 'NONE',  ( -0.000000000000000000, -0.000000000000000000, -1.000000000000000000 ) ) ;
#7519 = CARTESIAN_POINT ( 'NONE',  ( -1.602906781438529604, 3.264331192589055686, 4.000000000000000000 ) ) ;
#7520 = ORIENTED_EDGE ( 'NONE', *, *, #4713, .F. ) ;
#7521 = EDGE_CURVE ( 'NONE', #8152, #6327, #1029, .T. ) ;
#7522 = DIRECTION ( 'NONE',  ( 0.000000000000000000, 0.000000000000000000, -1.000000000000000000 ) ) ;
#7523 = VERTEX_POINT ( 'NONE', #1359 ) ;
#7524 =( NAMED_UNIT ( * ) SI_UNIT ( $, .STERADIAN. ) SOLID_ANGLE_UNIT ( ) );
#7525 =( NAMED_UNIT ( * ) SI_UNIT ( $, .STERADIAN. ) SOLID_ANGLE_UNIT ( ) );
#7526 = CARTESIAN_POINT ( 'NONE',  ( -5.400000000000059863, -1.275702287286611059, -7.069655554617711779 ) ) ;
#7527 = CARTESIAN_POINT ( 'NONE',  ( 8.399999999999948841, 0.8170932621786126671, -11.87542427067706896 ) ) ;
#7528 = CARTESIAN_POINT ( 'NONE',  ( -1.000000000000002665, 1.000000000000002665, 9.475924141582259708 ) ) ;
#7529 = CARTESIAN_POINT ( 'NONE',  ( 8.496973614314432766, 0.8892821505322504594, -10.30252619925364677 ) ) ;
#7530 = EDGE_LOOP ( 'NONE', ( #3853, #7375, #5656, #3189, #2977, #9113, #4079, #6111, #4235, #5078 ) ) ;
#7531 = EDGE_CURVE ( 'NONE', #714, #6759, #344, .T. ) ;
#7532 = CARTESIAN_POINT ( 'NONE',  ( -4.455109239664039045, -1.482445019771716055, -5.173254527743310405 ) ) ;
#7533 = ORIENTED_EDGE ( 'NONE', *, *, #8571, .F. ) ;
#7534 = CARTESIAN_POINT ( 'NONE',  ( 1.000000000000000000, 0.9999999999999014122, 9.475924141582259708 ) ) ;
#7535 = EDGE_LOOP ( 'NONE', ( #6312, #7354, #4067, #5301 ) ) ;
#7536 = CARTESIAN_POINT ( 'NONE',  ( -4.500107522957583761, -1.328555577952650113, -7.200000000068896178 ) ) ;
#7537 = CARTESIAN_POINT ( 'NONE',  ( -4.500362350574479642, -1.380357038036235995, -4.821759458768819506 ) ) ;
#7538 = CARTESIAN_POINT ( 'NONE',  ( 1.499999999999939826, -0.9040905573164232933, -4.317469199095388177 ) ) ;
#7539 = FACE_OUTER_BOUND ( 'NONE', #99, .T. ) ;
#7540 = VERTEX_POINT ( 'NONE', #2080 ) ;
#7541 = ORIENTED_EDGE ( 'NONE', *, *, #1463, .T. ) ;
#7542 = AXIS2_PLACEMENT_3D ( 'NONE', #9085, #6201, #1748 ) ;
#7543 = EDGE_LOOP ( 'NONE', ( #559, #3938, #641, #4296 ) ) ;
#7544 = DIRECTION ( 'NONE',  ( 0.000000000000000000, -0.000000000000000000, -1.000000000000000000 ) ) ;
#7545 = ADVANCED_FACE ( 'NONE', ( #3618 ), #6437, .F. ) ;
#7546 = FACE_OUTER_BOUND ( 'NONE', #321, .T. ) ;
#7547 = EDGE_CURVE ( 'NONE', #1754, #138, #541, .T. ) ;
#7548 = DIRECTION ( 'NONE',  ( -0.000000000000000000, 7.110249149658772963E-16, 1.000000000000000000 ) ) ;
#7549 = CARTESIAN_POINT ( 'NONE',  ( 2.534983887501680133, 6.265387365725998414, 5.665387885177611160 ) ) ;
#7550 = VECTOR ( 'NONE', #5386, 1000.000000000000000 ) ;
#7551 = DIRECTION ( 'NONE',  ( 0.000000000000000000, 0.000000000000000000, -1.000000000000000000 ) ) ;
#7552 = DIRECTION ( 'NONE',  ( -1.000000000000000000, -0.000000000000000000, -0.000000000000000000 ) ) ;
#7553 = EDGE_CURVE ( 'NONE', #6020, #3160, #1063, .T. ) ;
#7554 = ORIENTED_EDGE ( 'NONE', *, *, #4830, .F. ) ;
#7555 = LINE ( 'NONE', #899, #4577 ) ;
#7556 = EDGE_CURVE ( 'NONE', #5602, #1841, #2704, .T. ) ;
#7557 = LINE ( 'NONE', #2383, #6272 ) ;
#7558 = CARTESIAN_POINT ( 'NONE',  ( 1.000000000000000000, 1.000000000000000000, 18.91092414158229928 ) ) ;
#7559 = DIRECTION ( 'NONE',  ( -1.000000000000000000, -0.000000000000000000, -0.000000000000000000 ) ) ;
#7560 = DIRECTION ( 'NONE',  ( 0.1714634606597259248, 0.9851904798862961554, -7.242706445345685509E-15 ) ) ;
#7561 = ORIENTED_EDGE ( 'NONE', *, *, #7839, .T. ) ;
#7562 = FACE_OUTER_BOUND ( 'NONE', #7530, .T. ) ;
#7563 = ORIENTED_EDGE ( 'NONE', *, *, #173, .T. ) ;
#7564 = DIRECTION ( 'NONE',  ( 1.000000000000000000, -0.000000000000000000, -0.000000000000000000 ) ) ;
#7565 = DIRECTION ( 'NONE',  ( 0.000000000000000000, -0.000000000000000000, 1.000000000000000000 ) ) ;
#7566 =( NAMED_UNIT ( * ) SI_UNIT ( $, .STERADIAN. ) SOLID_ANGLE_UNIT ( ) );
#7567 = SURFACE_SIDE_STYLE ('',( #6752 ) ) ;
#7568 = DIRECTION ( 'NONE',  ( 0.000000000000000000, 1.763195089577995143E-15, 1.000000000000000000 ) ) ;
#7569 = EDGE_CURVE ( 'NONE', #8155, #3907, #2908, .T. ) ;
#7570 = FACE_OUTER_BOUND ( 'NONE', #8193, .T. ) ;
#7571 = PLANE ( 'NONE',  #290 ) ;
#7572 = ORIENTED_EDGE ( 'NONE', *, *, #3293, .F. ) ;
#7573 = CARTESIAN_POINT ( 'NONE',  ( -4.502950276396123996, -1.135117085276594828, -5.140149845470045165 ) ) ;
#7574 = VERTEX_POINT ( 'NONE', #4335 ) ;
#7575 = ORIENTED_EDGE ( 'NONE', *, *, #4763, .F. ) ;
#7576 = LINE ( 'NONE', #2464, #4833 ) ;
#7577 = CARTESIAN_POINT ( 'NONE',  ( -0.9999999999999835687, 0.9871419603214095506, 6.922916974652648214 ) ) ;
#7578 = DIRECTION ( 'NONE',  ( 0.000000000000000000, -1.000000000000000000, 5.102127870520020587E-15 ) ) ;
#7579 = EDGE_CURVE ( 'NONE', #2554, #7108, #2183, .T. ) ;
#7580 = DIRECTION ( 'NONE',  ( 0.000000000000000000, 1.000000000000000000, 0.000000000000000000 ) ) ;
#7581 = ORIENTED_EDGE ( 'NONE', *, *, #4270, .T. ) ;
#7582 = VERTEX_POINT ( 'NONE', #7435 ) ;
#7583 = ORIENTED_EDGE ( 'NONE', *, *, #4915, .F. ) ;
#7584 = DIRECTION ( 'NONE',  ( -1.422674480335756442E-14, -0.9851904798862951562, 0.1714634606597318089 ) ) ;
#7585 = LINE ( 'NONE', #1031, #4180 ) ;
#7586 = CARTESIAN_POINT ( 'NONE',  ( 1.499999999999939826, 1.571505490158367824, -1.541375956710549611 ) ) ;
#7587 = CARTESIAN_POINT ( 'NONE',  ( -4.553176055743957562, -6.750000000000033751, -2.552531416684486576 ) ) ;
#7588 = CARTESIAN_POINT ( 'NONE',  ( -5.400000000000059863, -3.518949692510942029, -7.069655554617711779 ) ) ;
#7589 = AXIS2_PLACEMENT_3D ( 'NONE', #1299, #2747, #5677 ) ;
#7590 = ORIENTED_EDGE ( 'NONE', *, *, #1784, .F. ) ;
#7591 = CARTESIAN_POINT ( 'NONE',  ( -2.935098673953480564, 1.932139300074104726, 0.2999999999999999334 ) ) ;
#7592 = AXIS2_PLACEMENT_3D ( 'NONE', #3280, #3149, #253 ) ;
#7593 = LINE ( 'NONE', #1039, #7791 ) ;
#7594 = CARTESIAN_POINT ( 'NONE',  ( -1.000000000000000000, 1.165319909422419808, 7.039903344578360311 ) ) ;
#7595 = ADVANCED_FACE ( 'NONE', ( #3721 ), #1452, .T. ) ;
#7596 = CARTESIAN_POINT ( 'NONE',  ( 4.049999762008570592, -2.339157802475679837, 10.38998545934429885 ) ) ;
#7597 =( GEOMETRIC_REPRESENTATION_CONTEXT ( 3 ) GLOBAL_UNCERTAINTY_ASSIGNED_CONTEXT ( ( #9063 ) ) GLOBAL_UNIT_ASSIGNED_CONTEXT ( ( #3258, #7475, #6840 ) ) REPRESENTATION_CONTEXT ( 'NONE', 'WORKASPACE' ) );
#7598 = CARTESIAN_POINT ( 'NONE',  ( 5.599877715494955055, 3.195100562410515543, -0.1245757293229024509 ) ) ;
#7599 = SURFACE_SIDE_STYLE ('',( #1761 ) ) ;
#7600 = ORIENTED_EDGE ( 'NONE', *, *, #8917, .F. ) ;
#7601 = EDGE_CURVE ( 'NONE', #3422, #9285, #8829, .T. ) ;
#7602 = ADVANCED_FACE ( 'NONE', ( #2364 ), #6052, .T. ) ;
#7603 = VECTOR ( 'NONE', #1772, 1000.000000000000000 ) ;
#7604 = DIRECTION ( 'NONE',  ( -1.000000000000000000, 0.000000000000000000, 0.000000000000000000 ) ) ;
#7605 = ORIENTED_EDGE ( 'NONE', *, *, #695, .F. ) ;
#7606 = TOROIDAL_SURFACE ( 'NONE', #8690, 2.121221927182349809, 0.1000000000000000056 ) ;
#7607 = DIRECTION ( 'NONE',  ( 0.000000000000000000, -1.000000000000000000, 0.000000000000000000 ) ) ;
#7608 = DIRECTION ( 'NONE',  ( 0.000000000000000000, 0.000000000000000000, -1.000000000000000000 ) ) ;
#7609 = DIRECTION ( 'NONE',  ( -0.000000000000000000, -0.000000000000000000, 1.000000000000000000 ) ) ;
#7610 = FACE_OUTER_BOUND ( 'NONE', #8971, .T. ) ;
#7611 = MECHANICAL_DESIGN_GEOMETRIC_PRESENTATION_REPRESENTATION (  '', ( #889 ), #7160 ) ;
#7612 = DIRECTION ( 'NONE',  ( 0.000000000000000000, -0.000000000000000000, -1.000000000000000000 ) ) ;
#7613 = LINE ( 'NONE', #5279, #3325 ) ;
#7614 = CARTESIAN_POINT ( 'NONE',  ( 8.499999999999948486, 0.9165340898036350437, -10.32197045129506918 ) ) ;
#7615 = VERTEX_POINT ( 'NONE', #8885 ) ;
#7616 = VECTOR ( 'NONE', #7440, 1000.000000000000000 ) ;
#7617 = CARTESIAN_POINT ( 'NONE',  ( -4.519227562568176815, -1.168195840598962532, -5.140149845470045165 ) ) ;
#7618 = VERTEX_POINT ( 'NONE', #829 ) ;
#7619 = EDGE_CURVE ( 'NONE', #1604, #6305, #603, .T. ) ;
#7620 = VERTEX_POINT ( 'NONE', #196 ) ;
#7621 = AXIS2_PLACEMENT_3D ( 'NONE', #6751, #5184, #8098 ) ;
#7622 =( NAMED_UNIT ( * ) PLANE_ANGLE_UNIT ( ) SI_UNIT ( $, .RADIAN. ) );
#7623 = AXIS2_PLACEMENT_3D ( 'NONE', #964, #3301, #6799 ) ;
#7624 = CARTESIAN_POINT ( 'NONE',  ( -0.6600000000000111333, -3.569272152702969603, 7.205220410559253885 ) ) ;
#7625 = CARTESIAN_POINT ( 'NONE',  ( -1.025831789523156568, 0.8320346522088563068, 6.879999999999999893 ) ) ;
#7626 = FACE_OUTER_BOUND ( 'NONE', #1065, .T. ) ;
#7627 = CARTESIAN_POINT ( 'NONE',  ( 2.478170270984186185, 6.273626543402450295, 10.60857426865710096 ) ) ;
#7628 = VECTOR ( 'NONE', #6175, 1000.000000000000000 ) ;
#7629 = VERTEX_POINT ( 'NONE', #3093 ) ;
#7630 = ORIENTED_EDGE ( 'NONE', *, *, #77, .F. ) ;
#7631 = VECTOR ( 'NONE', #4060, 1000.000000000000000 ) ;
#7632 = VERTEX_POINT ( 'NONE', #5242 ) ;
#7633 = ADVANCED_FACE ( 'NONE', ( #1549 ), #4472, .F. ) ;
#7634 = DIRECTION ( 'NONE',  ( -1.000000000000000000, -0.000000000000000000, -0.000000000000000000 ) ) ;
#7635 = VECTOR ( 'NONE', #24, 1000.000000000000000 ) ;
#7636 = CARTESIAN_POINT ( 'NONE',  ( 3.949999762008570059, 5.973626543402450473, 0.000000000000000000 ) ) ;
#7638 = DIRECTION ( 'NONE',  ( 2.612289469706220103E-15, -2.612289469706250080E-15, -1.000000000000000000 ) ) ;
#7637 = PRESENTATION_LAYER_ASSIGNMENT (  '', '', ( #9333 ) ) ;
#7639 = FACE_OUTER_BOUND ( 'NONE', #2277, .T. ) ;
#7640 = VECTOR ( 'NONE', #2680, 1000.000000000000000 ) ;
#7641 = STYLED_ITEM ( 'NONE', ( #4785 ), #7858 ) ;
#7642 = EDGE_CURVE ( 'NONE', #5166, #3465, #5104, .T. ) ;
#7643 = ORIENTED_EDGE ( 'NONE', *, *, #4471, .F. ) ;
#7644 = DIRECTION ( 'NONE',  ( -1.000000000000000000, 0.000000000000000000, -0.000000000000000000 ) ) ;
#7645 = AXIS2_PLACEMENT_3D ( 'NONE', #7263, #5158, #5210 ) ;
#7646 = DIRECTION ( 'NONE',  ( 1.000000000000000000, -0.000000000000000000, -0.000000000000000000 ) ) ;
#7647 = DIRECTION ( 'NONE',  ( 0.000000000000000000, -1.000000000000000000, 1.020425574104004117E-14 ) ) ;
#7648 = DIRECTION ( 'NONE',  ( 0.000000000000000000, 0.000000000000000000, 1.000000000000000000 ) ) ;
#7649 = DIRECTION ( 'NONE',  ( -1.000000000000000000, 0.000000000000000000, 0.000000000000000000 ) ) ;
#7650 = DIRECTION ( 'NONE',  ( 0.000000000000000000, -0.000000000000000000, 1.000000000000000000 ) ) ;
#7651 = ORIENTED_EDGE ( 'NONE', *, *, #7965, .T. ) ;
#7652 = EDGE_LOOP ( 'NONE', ( #9456, #628, #1251, #1942, #4653, #2743, #4299, #6125, #4857, #735, #9441, #8326, #9366 ) ) ;
#7653 = CARTESIAN_POINT ( 'NONE',  ( 2.478170270984186185, 6.273626543402450295, 10.60857426865710096 ) ) ;
#7654 = ORIENTED_EDGE ( 'NONE', *, *, #3988, .T. ) ;
#7655 = DIRECTION ( 'NONE',  ( -1.000000000000000000, -0.000000000000000000, -0.000000000000000000 ) ) ;
#7656 = CARTESIAN_POINT ( 'NONE',  ( -2.986120869726938132, 5.146119801567417440, -4.990230153326836060 ) ) ;
#7657 = ADVANCED_FACE ( 'NONE', ( #3134 ), #9489, .T. ) ;
#7658 = CARTESIAN_POINT ( 'NONE',  ( 5.499999999999559464, 3.291695085336193483, -0.07765470511205066484 ) ) ;
#7659 = EDGE_CURVE ( 'NONE', #1790, #5166, #6664, .T. ) ;
#7660 = SHAPE_REPRESENTATION ( 'User Library-D4S20L-40MA5-Z', ( #464 ), #3530 ) ;
#7661 = FACE_OUTER_BOUND ( 'NONE', #3089, .T. ) ;
#7662 = CARTESIAN_POINT ( 'NONE',  ( -4.250000237991429231, 6.073626543402451006, 11.85091001134370003 ) ) ;
#7663 = CARTESIAN_POINT ( 'NONE',  ( 8.399999999999948841, 0.8170932621786317629, -10.24999999999996980 ) ) ;
#7664 = ORIENTED_EDGE ( 'NONE', *, *, #6939, .T. ) ;
#7665 = B_SPLINE_CURVE_WITH_KNOTS ( 'NONE', 3,
 ( #7275, #8768, #5128, #4982, #7946, #2248 ),
 .UNSPECIFIED., .F., .F.,
 ( 4, 2, 4 ),
 ( 3.705370968959021185E-18, 0.0001823744364619568127, 0.0003647488729239098848 ),
 .UNSPECIFIED. ) ;
#7666 = EDGE_CURVE ( 'NONE', #8582, #4912, #4921, .T. ) ;
#7667 = MECHANICAL_DESIGN_GEOMETRIC_PRESENTATION_REPRESENTATION (  '', ( #3090 ), #6898 ) ;
#7668 = CARTESIAN_POINT ( 'NONE',  ( -4.479219303942246988, -1.482445019771715167, -5.107045163196771043 ) ) ;
#7669 = ORIENTED_EDGE ( 'NONE', *, *, #1747, .F. ) ;
#7670 = CARTESIAN_POINT ( 'NONE',  ( -4.521211235107976734, -1.447010295314860251, -6.991465090931176185 ) ) ;
#7671 = EDGE_LOOP ( 'NONE', ( #5638, #7037, #1305, #6691 ) ) ;
#7672 = FILL_AREA_STYLE_COLOUR ( '', #8246 ) ;
#7673 = CARTESIAN_POINT ( 'NONE',  ( 4.645139837156198048, 3.518315668917007866, -11.50807386935497867 ) ) ;
#7674 = ADVANCED_FACE ( 'NONE', ( #787 ), #6116, .T. ) ;
#7675 = DIRECTION ( 'NONE',  ( 0.000000000000000000, -0.8305266086883620336, -0.5569789513622650512 ) ) ;
#7676 = LINE ( 'NONE', #8398, #9147 ) ;
#7677 = DIRECTION ( 'NONE',  ( 0.000000000000000000, 0.000000000000000000, -1.000000000000000000 ) ) ;
#7678 = ORIENTED_EDGE ( 'NONE', *, *, #3639, .F. ) ;
#7679 = VERTEX_POINT ( 'NONE', #56 ) ;
#7680 = EDGE_LOOP ( 'NONE', ( #4317, #5499, #8957 ) ) ;
#7681 = CARTESIAN_POINT ( 'NONE',  ( 5.509670105491132119, 2.196794495565956407, -3.262298451052840331 ) ) ;
#7682 = CARTESIAN_POINT ( 'NONE',  ( 1.499999999999939826, 1.571505490158366936, -9.876809115711813192 ) ) ;
#7683 = LINE ( 'NONE', #6202, #2265 ) ;
#7684 = B_SPLINE_CURVE_WITH_KNOTS ( 'NONE', 3,
 ( #7986, #4356, #3782, #3837, #704, #76, #3012, #7366 ),
 .UNSPECIFIED., .F., .F.,
 ( 4, 2, 2, 4 ),
 ( 0.000000000000000000, 0.0001332780820268732972, 0.0002665561640537465944, 0.0005331123281074953571 ),
 .UNSPECIFIED. ) ;
#7685 = PRESENTATION_STYLE_ASSIGNMENT (( #4769 ) ) ;
#7686 = CARTESIAN_POINT ( 'NONE',  ( 1.499999999999939826, 0.7903099654848935174, -10.64268622057410596 ) ) ;
#7687 = EDGE_CURVE ( 'NONE', #4912, #197, #5475, .T. ) ;
#7688 = AXIS2_PLACEMENT_3D ( 'NONE', #4444, #4395, #6541 ) ;
#7689 = VERTEX_POINT ( 'NONE', #4654 ) ;
#7690 = FACE_OUTER_BOUND ( 'NONE', #4807, .T. ) ;
#7691 = DIRECTION ( 'NONE',  ( -1.000000000000000000, 0.000000000000000000, 0.000000000000000000 ) ) ;
#7692 = PLANE ( 'NONE',  #9068 ) ;
#7693 = CARTESIAN_POINT ( 'NONE',  ( 1.499999999999939826, 2.791380799352038089, -10.45862404328944884 ) ) ;
#7694 = EDGE_CURVE ( 'NONE', #8596, #7332, #3425, .T. ) ;
#7695 = DIRECTION ( 'NONE',  ( -1.000000000000000000, -0.000000000000000000, 0.000000000000000000 ) ) ;
#7696 = ORIENTED_EDGE ( 'NONE', *, *, #5265, .F. ) ;
#7697 = ORIENTED_EDGE ( 'NONE', *, *, #5801, .F. ) ;
#7698 = CARTESIAN_POINT ( 'NONE',  ( 1.499999999999939826, 4.771167705692607619, -3.101440184145292989 ) ) ;
#7699 = VERTEX_POINT ( 'NONE', #8389 ) ;
#7700 = CARTESIAN_POINT ( 'NONE',  ( 4.249999762008569881, -2.408745645934470492, 7.370146519281761677 ) ) ;
#7701 = CARTESIAN_POINT ( 'NONE',  ( 5.502280425271409037, 3.273866516284702044, -0.07121119777219904468 ) ) ;
#7702 = CARTESIAN_POINT ( 'NONE',  ( 0.6599999999999810463, 0.9181187075417439614, 7.287103035880700297 ) ) ;
#7703 = CARTESIAN_POINT ( 'NONE',  ( 2.534983887501680133, 6.265387365725998414, 10.66538788517761027 ) ) ;
#7704 = DIRECTION ( 'NONE',  ( -0.000000000000000000, 1.000000000000000000, -0.000000000000000000 ) ) ;
#7705 = ORIENTED_EDGE ( 'NONE', *, *, #1227, .T. ) ;
#7706 = EDGE_CURVE ( 'NONE', #5726, #2926, #1736, .T. ) ;
#7707 = CARTESIAN_POINT ( 'NONE',  ( -4.557606350550546637, -1.333590018654901455, -4.890674090036783106 ) ) ;
#7708 = ORIENTED_EDGE ( 'NONE', *, *, #5465, .F. ) ;
#7709 = CARTESIAN_POINT ( 'NONE',  ( -0.9999999958049915483, 0.8367118347829809455, 6.880000000000001670 ) ) ;
#7710 = ORIENTED_EDGE ( 'NONE', *, *, #6268, .T. ) ;
#7711 = CARTESIAN_POINT ( 'NONE',  ( 8.499999999999948486, 2.184171825948686418, -8.793314250264877785 ) ) ;
#7712 = CARTESIAN_POINT ( 'NONE',  ( -1.000000000000000000, 1.000000000000000000, 9.475924141582259708 ) ) ;
#7713 = PRODUCT ( 'User Library-D4S20L-40MA5-Z', 'User Library-D4S20L-40MA5-Z', '', ( #5930 ) ) ;
#7714 =( BOUNDED_CURVE ( )  B_SPLINE_CURVE ( 3, ( #7729, #3281, #1123, #6968 ),
 .UNSPECIFIED., .F., .F. ) 
 B_SPLINE_CURVE_WITH_KNOTS ( ( 4, 4 ),
 ( 4.712388980384689674, 6.283185307179586232 ),
 .UNSPECIFIED. ) 
 CURVE ( )  GEOMETRIC_REPRESENTATION_ITEM ( )  RATIONAL_B_SPLINE_CURVE ( ( 1.000000000000000000, 0.8047378541243649375, 0.8047378541243649375, 1.000000000000000000 ) ) 
 REPRESENTATION_ITEM ( '' )  );
#7715 = CYLINDRICAL_SURFACE ( 'NONE', #6819, 0.3400000000000000244 ) ;
#7716 = LINE ( 'NONE', #533, #4499 ) ;
#7717 = DIRECTION ( 'NONE',  ( 0.000000000000000000, 1.038903948375677670E-15, 1.000000000000000000 ) ) ;
#7718 = EDGE_CURVE ( 'NONE', #4075, #6715, #1686, .T. ) ;
#7719 = CARTESIAN_POINT ( 'NONE',  ( 8.499999999999948486, 3.195100562410515543, -0.1245757293229024509 ) ) ;
#7720 = ORIENTED_EDGE ( 'NONE', *, *, #6609, .F. ) ;
#7721 = ORIENTED_EDGE ( 'NONE', *, *, #8548, .F. ) ;
#7722 = ADVANCED_FACE ( 'NONE', ( #6287 ), #3668, .F. ) ;
#7723 = EDGE_CURVE ( 'NONE', #2226, #7138, #8142, .T. ) ;
#7724 = ORIENTED_EDGE ( 'NONE', *, *, #1747, .T. ) ;
#7725 = CARTESIAN_POINT ( 'NONE',  ( 1.499999999999939826, 1.571505490158367824, -1.541375956710549611 ) ) ;
#7726 = FACE_OUTER_BOUND ( 'NONE', #1427, .T. ) ;
#7727 = CARTESIAN_POINT ( 'NONE',  ( 8.499999999999948486, 2.261393882621288487, -3.106685749735108359 ) ) ;
#7728 = CYLINDRICAL_SURFACE ( 'NONE', #8215, 0.2000000000000000944 ) ;
#7729 = CARTESIAN_POINT ( 'NONE',  ( 8.499999999999948486, 3.095100562410448397, -11.77542427067709419 ) ) ;
#7730 = VERTEX_POINT ( 'NONE', #7420 ) ;
#7731 = EDGE_CURVE ( 'NONE', #7138, #8262, #6697, .T. ) ;
#7732 = CIRCLE ( 'NONE', #3162, 0.3638095225290491896 ) ;
#7733 = CARTESIAN_POINT ( 'NONE',  ( 2.935098673953480564, 1.932139300074104726, 0.2999999999999999334 ) ) ;
#7734 = CARTESIAN_POINT ( 'NONE',  ( -4.250000237991429231, -2.408745645934470492, 0.2999999999999999334 ) ) ;
#7735 = DIRECTION ( 'NONE',  ( 0.000000000000000000, 0.000000000000000000, -1.000000000000000000 ) ) ;
#7736 = LINE ( 'NONE', #8423, #5343 ) ;
#7737 = LINE ( 'NONE', #9192, #7466 ) ;
#7738 = EDGE_LOOP ( 'NONE', ( #8388, #3684, #867 ) ) ;
#7739 = STYLED_ITEM ( 'NONE', ( #1312 ), #5352 ) ;
#7740 = ORIENTED_EDGE ( 'NONE', *, *, #3460, .F. ) ;
#7741 = EDGE_CURVE ( 'NONE', #4752, #6813, #914, .T. ) ;
#7742 = CARTESIAN_POINT ( 'NONE',  ( -4.250000237991429231, -1.726335649230739788, 11.85091001134370003 ) ) ;
#7743 = CARTESIAN_POINT ( 'NONE',  ( 0.9582481488713739948, 0.8245882529194196175, 6.879999999999999893 ) ) ;
#7744 = CARTESIAN_POINT ( 'NONE',  ( 5.499999999999949374, 0.7170932621786817451, -12.00000000000000000 ) ) ;
#7745 = DIRECTION ( 'NONE',  ( -0.000000000000000000, -0.000000000000000000, -1.000000000000000000 ) ) ;
#7746 = CARTESIAN_POINT ( 'NONE',  ( 1.000000000000000000, -3.569272152702969159, 7.545220410559257296 ) ) ;
#7747 = CIRCLE ( 'NONE', #6998, 0.5199999999999995737 ) ;
#7748 = PRESENTATION_STYLE_ASSIGNMENT (( #8476 ) ) ;
#7749 = VERTEX_POINT ( 'NONE', #6178 ) ;
#7750 = CARTESIAN_POINT ( 'NONE',  ( -4.517849896329692250, -1.135117085276590609, -4.890674090036787547 ) ) ;
#7751 = ORIENTED_EDGE ( 'NONE', *, *, #3966, .T. ) ;
#7752 = ADVANCED_FACE ( 'NONE', ( #1725 ), #3931, .T. ) ;
#7753 = CARTESIAN_POINT ( 'NONE',  ( -4.563347129113584977, -1.283860147659377837, -6.889041997196197364 ) ) ;
#7755 = ORIENTED_EDGE ( 'NONE', *, *, #4094, .F. ) ;
#7754 = AXIS2_PLACEMENT_3D ( 'NONE', #2149, #2006, #1423 ) ;
#7756 = AXIS2_PLACEMENT_3D ( 'NONE', #5900, #3705, #7990 ) ;
#7757 = DIRECTION ( 'NONE',  ( -0.000000000000000000, -1.700754338016623078E-14, -1.000000000000000000 ) ) ;
#7758 = FACE_OUTER_BOUND ( 'NONE', #2700, .T. ) ;
#7759 = CARTESIAN_POINT ( 'NONE',  ( 2.534983887501680133, 6.265387365725998414, 10.66538788517761027 ) ) ;
#7760 = CARTESIAN_POINT ( 'NONE',  ( -5.400000000000059863, 0.4675451179377199118, -4.930344445382288221 ) ) ;
#7761 = VECTOR ( 'NONE', #3903, 1000.000000000000000 ) ;
#7762 = DIRECTION ( 'NONE',  ( 0.000000000000000000, -1.000000000000000000, 0.000000000000000000 ) ) ;
#7763 = VERTEX_POINT ( 'NONE', #6936 ) ;
#7764 = ORIENTED_EDGE ( 'NONE', *, *, #4528, .T. ) ;
#7765 = CIRCLE ( 'NONE', #2568, 0.09999999999999982514 ) ;
#7766 = SURFACE_STYLE_USAGE ( .BOTH. , #2702 ) ;
#7767 = AXIS2_PLACEMENT_3D ( 'NONE', #1861, #2775, #3540 ) ;
#7768 = ORIENTED_EDGE ( 'NONE', *, *, #2640, .T. ) ;
#7769 = AXIS2_PLACEMENT_3D ( 'NONE', #2342, #8950, #5306 ) ;
#7770 = CARTESIAN_POINT ( 'NONE',  ( 5.558322090486777611, 2.186190317839403097, -3.215092368570531267 ) ) ;
#7771 = EDGE_CURVE ( 'NONE', #7822, #5250, #8431, .T. ) ;
#7772 =( LENGTH_UNIT ( ) NAMED_UNIT ( * ) SI_UNIT ( .MILLI., .METRE. ) );
#7773 = MECHANICAL_DESIGN_GEOMETRIC_PRESENTATION_REPRESENTATION (  '', ( #9003 ), #740 ) ;
#7774 = DIRECTION ( 'NONE',  ( -1.913297951445003973E-15, 1.000000000000000000, 0.000000000000000000 ) ) ;
#7775 = CARTESIAN_POINT ( 'NONE',  ( 1.499999999999945821, 3.348340558649291587, -4.132719577992287618 ) ) ;
#7776 = EDGE_CURVE ( 'NONE', #2009, #5227, #9102, .T. ) ;
#7777 = EDGE_CURVE ( 'NONE', #9210, #1002, #185, .T. ) ;
#7778 = LINE ( 'NONE', #8553, #6678 ) ;
#7779 = AXIS2_PLACEMENT_3D ( 'NONE', #9267, #1994, #2705 ) ;
#7780 = EDGE_LOOP ( 'NONE', ( #4473, #1460, #1732, #182 ) ) ;
#7781 = LINE ( 'NONE', #4327, #4726 ) ;
#7782 = AXIS2_PLACEMENT_3D ( 'NONE', #7963, #6206, #4770 ) ;
#7783 = AXIS2_PLACEMENT_3D ( 'NONE', #2834, #5814, #631 ) ;
#7784 = CIRCLE ( 'NONE', #3501, 2.451402828728284522 ) ;
#7785 = EDGE_CURVE ( 'NONE', #7097, #1147, #8960, .T. ) ;
#7786 = ORIENTED_EDGE ( 'NONE', *, *, #5101, .F. ) ;
#7787 = CIRCLE ( 'NONE', #2599, 4.131008938312695555 ) ;
#7788 = DIRECTION ( 'NONE',  ( 0.000000000000000000, -1.000000000000000000, 0.000000000000000000 ) ) ;
#7789 = CARTESIAN_POINT ( 'NONE',  ( 0.000000000000000000, 0.000000000000000000, 0.000000000000000000 ) ) ;
#7790 = CARTESIAN_POINT ( 'NONE',  ( 1.499999999999939826, 4.771167705692607619, -3.101440184145292989 ) ) ;
#7791 = VECTOR ( 'NONE', #3971, 1000.000000000000000 ) ;
#7792 = CARTESIAN_POINT ( 'NONE',  ( 5.599999999999949907, 0.8170932621786820560, -1.750000000000001554 ) ) ;
#7793 = AXIS2_PLACEMENT_3D ( 'NONE', #1160, #7012, #8495 ) ;
#7794 = DIRECTION ( 'NONE',  ( 0.000000000000000000, -0.000000000000000000, 1.000000000000000000 ) ) ;
#7795 = PLANE ( 'NONE',  #5645 ) ;
#7796 = ORIENTED_EDGE ( 'NONE', *, *, #1813, .F. ) ;
#7797 = AXIS2_PLACEMENT_3D ( 'NONE', #3002, #2238, #8704 ) ;
#7798 = PRESENTATION_LAYER_ASSIGNMENT (  '', '', ( #772 ) ) ;
#7799 = ORIENTED_EDGE ( 'NONE', *, *, #9124, .F. ) ;
#7800 = CARTESIAN_POINT ( 'NONE',  ( -5.591000000000068582, 4.452858754446012313, -1.994818029325622355 ) ) ;
#7801 = PLANE ( 'NONE',  #2148 ) ;
#7802 = FACE_OUTER_BOUND ( 'NONE', #1396, .T. ) ;
#7803 = B_SPLINE_CURVE_WITH_KNOTS ( 'NONE', 3,
 ( #3184, #8350, #1840, #6154, #1072, #7495, #6057 ),
 .UNSPECIFIED., .F., .F.,
 ( 4, 1, 1, 1, 4 ),
 ( 0.06458071119451638809, 0.1130875424394369722, 0.2356190769618989322, 0.3581506114843799882, 0.4712381539237949779 ),
 .UNSPECIFIED. ) ;
#7804 = DIRECTION ( 'NONE',  ( 0.000000000000000000, -1.000000000000000000, 0.000000000000000000 ) ) ;
#7805 = VECTOR ( 'NONE', #1800, 1000.000000000000114 ) ;
#7806 = FACE_OUTER_BOUND ( 'NONE', #6527, .T. ) ;
#7807 = VERTEX_POINT ( 'NONE', #228 ) ;
#7808 = VERTEX_POINT ( 'NONE', #961 ) ;
#7809 = ADVANCED_FACE ( 'NONE', ( #4027 ), #6222, .T. ) ;
#7810 = CARTESIAN_POINT ( 'NONE',  ( -4.586296113567658317, -1.333590018654903897, -5.057255846633124108 ) ) ;
#7811 = ORIENTED_EDGE ( 'NONE', *, *, #3995, .T. ) ;
#7812 = CARTESIAN_POINT ( 'NONE',  ( -4.559086736096670478, -1.381750288486601752, -7.059747014764806039 ) ) ;
#7813 = ORIENTED_EDGE ( 'NONE', *, *, #2243, .F. ) ;
#7814 = CARTESIAN_POINT ( 'NONE',  ( -5.591000000000060588, 2.791380799352039421, -1.541375956710550499 ) ) ;
#7815 = DIRECTION ( 'NONE',  ( -1.000000000000000000, -0.000000000000000000, -0.000000000000000000 ) ) ;
#7816 = DIRECTION ( 'NONE',  ( 0.000000000000000000, 1.769546888240574826E-15, -1.000000000000000000 ) ) ;
#7817 = CARTESIAN_POINT ( 'NONE',  ( -1.097190186867240902, 0.7319855766628422522, 6.880000000000380034 ) ) ;
#7818 = DIRECTION ( 'NONE',  ( -0.000000000000000000, 1.000000000000000000, -0.000000000000000000 ) ) ;
#7819 = DIRECTION ( 'NONE',  ( 0.000000000000000000, -1.000000000000000000, 0.000000000000000000 ) ) ;
#7820 = ORIENTED_EDGE ( 'NONE', *, *, #8700, .F. ) ;
#7821 = EDGE_CURVE ( 'NONE', #8524, #8935, #6137, .T. ) ;
#7822 = VERTEX_POINT ( 'NONE', #2586 ) ;
#7823 = CARTESIAN_POINT ( 'NONE',  ( 1.499999999999939826, 3.243903520801311391, -3.101440184145292989 ) ) ;
#7824 = ORIENTED_EDGE ( 'NONE', *, *, #5839, .F. ) ;
#7825 = CARTESIAN_POINT ( 'NONE',  ( 8.499957535417566490, 2.258797177307200421, -3.110111626594593393 ) ) ;
#7826 = CARTESIAN_POINT ( 'NONE',  ( 4.049999762008570592, -1.926335649230739744, 2.772276292613180093 ) ) ;
#7827 = CARTESIAN_POINT ( 'NONE',  ( -2.788008628878230422, -1.571866509722523730, 0.000000000000000000 ) ) ;
#7828 = CARTESIAN_POINT ( 'NONE',  ( -4.028760188884710658, -1.652588966195179143, 0.000000000000000000 ) ) ;
#7829 = FACE_OUTER_BOUND ( 'NONE', #8020, .T. ) ;
#7830 = ORIENTED_EDGE ( 'NONE', *, *, #3914, .T. ) ;
#7831 = LINE ( 'NONE', #7163, #1036 ) ;
#7832 =( BOUNDED_SURFACE ( )  B_SPLINE_SURFACE ( 3, 2, ( 
 ( #3570, #4192, #7871 ),
 ( #8498, #7158, #7255 ),
 ( #1311, #2848, #5634 ),
 ( #7071, #5775, #8552 ),
 ( #501, #9323, #4917 ),
 ( #1364, #596, #3526 ),
 ( #7828, #9268, #4294 ),
 ( #7212, #544, #646 ) ),
 .UNSPECIFIED., .F., .F., .F. ) 
 B_SPLINE_SURFACE_WITH_KNOTS ( ( 4, 2, 2, 4 ),
 ( 3, 3 ),
 ( 6.283185307179586232, 6.675884388878310816, 7.068583470577034511, 7.853981633974482790 ),
 ( 0.000000000000000000, 1.000000000000000000 ),
 .UNSPECIFIED. ) 
 GEOMETRIC_REPRESENTATION_ITEM ( )  RATIONAL_B_SPLINE_SURFACE ( (
 ( 1.000000000000000000, 0.7071067811865475727, 1.000000000000000000),
 ( 1.000000000000000000, 0.7066739173980355337, 1.000000000000000000),
 ( 1.000000000000000000, 0.7265541883812978163, 1.000000000000000000),
 ( 1.000000000000000000, 0.7876760513159056787, 1.000000000000000000),
 ( 1.000000000000000000, 0.8282394565142122689, 1.000000000000000000),
 ( 1.000000000000000000, 0.9415972983248896977, 1.000000000000000000),
 ( 1.000000000000000000, 1.002677793866169509, 1.000000000000000000),
 ( 1.000000000000000000, 1.000000000000000000, 1.000000000000000000) ) ) 
 REPRESENTATION_ITEM ( '' )  SURFACE ( )  );
#7833 = ADVANCED_FACE ( 'NONE', ( #5313 ), #4686, .T. ) ;
#7834 = LINE ( 'NONE', #2045, #9045 ) ;
#7835 = CARTESIAN_POINT ( 'NONE',  ( 5.599877715494956831, 3.195100562410447154, -11.87542427067709561 ) ) ;
#7836 = LINE ( 'NONE', #1274, #6912 ) ;
#7837 = CARTESIAN_POINT ( 'NONE',  ( 1.000000000000000000, 1.000000000000000000, 18.91092414158229928 ) ) ;
#7838 = CARTESIAN_POINT ( 'NONE',  ( -4.050000237991429053, 6.273626543402450295, 5.608574268657101847 ) ) ;
#7839 = EDGE_CURVE ( 'NONE', #1118, #2336, #2537, .T. ) ;
#7840 = DIRECTION ( 'NONE',  ( 0.000000000000000000, 0.000000000000000000, 1.000000000000000000 ) ) ;
#7841 = ORIENTED_EDGE ( 'NONE', *, *, #3988, .F. ) ;
#7842 = ORIENTED_EDGE ( 'NONE', *, *, #1059, .T. ) ;
#7843 = EDGE_CURVE ( 'NONE', #1677, #9112, #6127, .T. ) ;
#7844 = EDGE_LOOP ( 'NONE', ( #4908, #7408, #4174, #6648 ) ) ;
#7845 = CARTESIAN_POINT ( 'NONE',  ( 5.599999999999949907, 0.8170932621786126671, -11.87542427067706896 ) ) ;
#7846 = DIRECTION ( 'NONE',  ( 1.807003620809173399E-15, 0.000000000000000000, -1.000000000000000000 ) ) ;
#7847 = LINE ( 'NONE', #2157, #5070 ) ;
#7848 = CARTESIAN_POINT ( 'NONE',  ( 5.500937730408018034, 3.281022101941044156, -0.07263428962348315865 ) ) ;
#7849 = CARTESIAN_POINT ( 'NONE',  ( 1.000000000000000000, 0.6600000000000000311, 7.505220410559251043 ) ) ;
#7850 = DIRECTION ( 'NONE',  ( -1.000000000000000000, -0.000000000000000000, -0.000000000000000000 ) ) ;
#7851 = CARTESIAN_POINT ( 'NONE',  ( 299.2999999999999545, 5.337783869614061594, -6.940161209130924824 ) ) ;
#7852 = ORIENTED_EDGE ( 'NONE', *, *, #9169, .F. ) ;
#7853 = CARTESIAN_POINT ( 'NONE',  ( -4.519772191343300882, -1.102038329954224460, -4.990781895779086597 ) ) ;
#7854 = ORIENTED_EDGE ( 'NONE', *, *, #8784, .T. ) ;
#7855 = CARTESIAN_POINT ( 'NONE',  ( -4.516715783358068670, -1.381750288486601530, -7.145099315564573672 ) ) ;
#7856 = ORIENTED_EDGE ( 'NONE', *, *, #4047, .F. ) ;
#7857 = DIRECTION ( 'NONE',  ( 0.000000000000000000, -0.000000000000000000, 1.000000000000000000 ) ) ;
#7858 = ADVANCED_FACE ( 'NONE', ( #8330 ), #6795, .T. ) ;
#7859 = CARTESIAN_POINT ( 'NONE',  ( 2.534983887501680133, 6.265387365725998414, 5.665387885177611160 ) ) ;
#7860 = DIRECTION ( 'NONE',  ( 0.000000000000000000, 0.000000000000000000, -1.000000000000000000 ) ) ;
#7861 = ORIENTED_EDGE ( 'NONE', *, *, #2481, .F. ) ;
#7862 = AXIS2_PLACEMENT_3D ( 'NONE', #4758, #7102, #5619 ) ;
#7863 = ORIENTED_EDGE ( 'NONE', *, *, #2628, .F. ) ;
#7864 = CYLINDRICAL_SURFACE ( 'NONE', #1660, 3.656587036308173833 ) ;
#7865 = EDGE_LOOP ( 'NONE', ( #2630, #7811, #5872, #8888 ) ) ;
#7866 = CARTESIAN_POINT ( 'NONE',  ( 8.419096258078832662, 2.185278437520991712, -3.205281287937220558 ) ) ;
#7867 = CIRCLE ( 'NONE', #5125, 0.1999999999999996503 ) ;
#7868 = EDGE_CURVE ( 'NONE', #9326, #1210, #6874, .T. ) ;
#7869 = CARTESIAN_POINT ( 'NONE',  ( -4.250000237991429231, -1.726335649230739788, 7.370146519281761677 ) ) ;
#7870 = LINE ( 'NONE', #5729, #6776 ) ;
#7871 = CARTESIAN_POINT ( 'NONE',  ( -4.050000237991429053, -1.926335649230739966, 0.2999999999999999334 ) ) ;
#7872 = ORIENTED_EDGE ( 'NONE', *, *, #8720, .T. ) ;
#7873 = DIRECTION ( 'NONE',  ( 0.000000000000000000, -1.000000000000000000, 2.551063935260010294E-15 ) ) ;
#7874 = VERTEX_POINT ( 'NONE', #7800 ) ;
#7875 = DIRECTION ( 'NONE',  ( -1.000000000000000000, -0.000000000000000000, -0.000000000000000000 ) ) ;
#7876 = LINE ( 'NONE', #9380, #5369 ) ;
#7877 = CARTESIAN_POINT ( 'NONE',  ( 1.000000000000000000, 0.9999999999999453770, 13.68857426865710281 ) ) ;
#7878 = CARTESIAN_POINT ( 'NONE',  ( -1.000000000000000000, 0.7000000000000081712, 6.865220410559250475 ) ) ;
#7879 = CARTESIAN_POINT ( 'NONE',  ( 8.499999999999948486, 0.9170932621786821448, -1.750000000000001554 ) ) ;
#7880 = DIRECTION ( 'NONE',  ( 0.000000000000000000, 0.000000000000000000, 1.000000000000000000 ) ) ;
#7881 = CARTESIAN_POINT ( 'NONE',  ( 5.499999999999949374, 0.2193455792998725284, -8.319187790970875795 ) ) ;
#7882 = ORIENTED_EDGE ( 'NONE', *, *, #1933, .T. ) ;
#7883 = DIRECTION ( 'NONE',  ( -1.000000000000000000, -0.000000000000000000, -0.000000000000000000 ) ) ;
#7884 = EDGE_CURVE ( 'NONE', #2362, #2163, #7041, .T. ) ;
#7885 = CARTESIAN_POINT ( 'NONE',  ( 0.9513454262654741367, 0.8192638321357824660, 6.879999999999999893 ) ) ;
#7886 = FILL_AREA_STYLE ('',( #2729 ) ) ;
#7887 = CARTESIAN_POINT ( 'NONE',  ( 1.000000000000000000, 1.340000000000000080, 7.505220410559251043 ) ) ;
#7888 = ADVANCED_FACE ( 'NONE', ( #4163 ), #3490, .F. ) ;
#7889 = EDGE_CURVE ( 'NONE', #1704, #8970, #3398, .T. ) ;
#7890 = CYLINDRICAL_SURFACE ( 'NONE', #9151, 0.3400000000000000244 ) ;
#7891 = CARTESIAN_POINT ( 'NONE',  ( -0.7477007541248223976, 3.119626353836517207, 8.856534637527339271 ) ) ;
#7892 = ORIENTED_EDGE ( 'NONE', *, *, #4822, .T. ) ;
#7893 = CARTESIAN_POINT ( 'NONE',  ( -4.593301845828801078, -1.333590018654903009, -4.990781895779085708 ) ) ;
#7894 = ORIENTED_EDGE ( 'NONE', *, *, #6400, .T. ) ;
#7895 = CARTESIAN_POINT ( 'NONE',  ( -4.464676201203047867, -1.414380291900731779, -6.786618903461214991 ) ) ;
#7896 = EDGE_LOOP ( 'NONE', ( #7095, #7064, #4387, #4437 ) ) ;
#7897 = CARTESIAN_POINT ( 'NONE',  ( 8.499999999999948486, 0.9170932621786309635, -10.32236792151244131 ) ) ;
#7898 = DIRECTION ( 'NONE',  ( 1.000000000000000000, 0.000000000000000000, -1.224646799147353207E-16 ) ) ;
#7899 =( NAMED_UNIT ( * ) PLANE_ANGLE_UNIT ( ) SI_UNIT ( $, .RADIAN. ) );
#7900 = VECTOR ( 'NONE', #7361, 1000.000000000000000 ) ;
#7901 = AXIS2_PLACEMENT_3D ( 'NONE', #4615, #8979, #9077 ) ;
#7902 = CARTESIAN_POINT ( 'NONE',  ( -4.227064758324610594, 4.467532039718417280, 5.702489256572655485 ) ) ;
#7903 = DIRECTION ( 'NONE',  ( 0.000000000000000000, -1.000000000000000000, 0.000000000000000000 ) ) ;
#7904 = CARTESIAN_POINT ( 'NONE',  ( -2.565443598965343242, -1.848900679143627768, 0.09527791342109713513 ) ) ;
#7905 = ORIENTED_EDGE ( 'NONE', *, *, #6979, .F. ) ;
#7906 = ORIENTED_EDGE ( 'NONE', *, *, #6051, .F. ) ;
#7907 = EDGE_CURVE ( 'NONE', #5826, #3130, #2965, .T. ) ;
#7908 = CARTESIAN_POINT ( 'NONE',  ( 2.478170270984186185, 6.273626543402450295, 5.808574268657101136 ) ) ;
#7909 = STYLED_ITEM ( 'NONE', ( #565 ), #6081 ) ;
#7910 = EDGE_LOOP ( 'NONE', ( #2556, #2078, #364, #1786, #8401, #4761, #1461, #4931, #1845, #2557, #8884, #8725, #4941, #9265, #782, #5145 ) ) ;
#7911 = CARTESIAN_POINT ( 'NONE',  ( 5.499999999999949374, 3.026389538271987423, -0.4919261306450205540 ) ) ;
#7912 = CIRCLE ( 'NONE', #1184, 0.2904928862329653194 ) ;
#7913 = CARTESIAN_POINT ( 'NONE',  ( 2.488007338380472167, -1.926335649230834557, 8.856534637527342824 ) ) ;
#7914 = CARTESIAN_POINT ( 'NONE',  ( -2.788008628878230422, -1.590022875301549066, 0.000000000000000000 ) ) ;
#7915 = DIRECTION ( 'NONE',  ( -1.000000000000000000, -0.000000000000000000, -0.000000000000000000 ) ) ;
#7916 = FACE_OUTER_BOUND ( 'NONE', #6423, .T. ) ;
#7917 = CIRCLE ( 'NONE', #6689, 1.843247405224330837 ) ;
#7918 = VERTEX_POINT ( 'NONE', #6357 ) ;
#7919 = CARTESIAN_POINT ( 'NONE',  ( 4.249999762008569881, -1.843492936756120804, 7.487303806807143580 ) ) ;
#7920 = EDGE_LOOP ( 'NONE', ( #6155, #3019, #5813, #5551 ) ) ;
#7921 = CIRCLE ( 'NONE', #3333, 3.656587036308173833 ) ;
#7922 = VECTOR ( 'NONE', #3974, 1000.000000000000000 ) ;
#7923 = EDGE_CURVE ( 'NONE', #6099, #1890, #9286, .T. ) ;
#7924 = DIRECTION ( 'NONE',  ( -0.000000000000000000, 1.221676898501524622E-16, 1.000000000000000000 ) ) ;
#7925 = DIRECTION ( 'NONE',  ( 0.000000000000000000, 1.000000000000000000, -2.027198695514634932E-16 ) ) ;
#7926 =( GEOMETRIC_REPRESENTATION_CONTEXT ( 3 ) GLOBAL_UNCERTAINTY_ASSIGNED_CONTEXT ( ( #5318 ) ) GLOBAL_UNIT_ASSIGNED_CONTEXT ( ( #3027, #45, #1484 ) ) REPRESENTATION_CONTEXT ( 'NONE', 'WORKASPACE' ) );
#7927 = CARTESIAN_POINT ( 'NONE',  ( 1.499999999999939826, 2.791380799352038089, -10.45862404328944884 ) ) ;
#7928 = LINE ( 'NONE', #3537, #6914 ) ;
#7929 = VECTOR ( 'NONE', #8992, 999.9999999999998863 ) ;
#7930 = PLANE ( 'NONE',  #5636 ) ;
#7931 = DIRECTION ( 'NONE',  ( -6.579099405186140077E-16, 1.000000000000000000, -6.579099405186140077E-16 ) ) ;
#7932 = AXIS2_PLACEMENT_3D ( 'NONE', #320, #1817, #1092 ) ;
#7933 = DIRECTION ( 'NONE',  ( 0.000000000000000000, 1.000000000000000000, -1.673575304458053374E-16 ) ) ;
#7934 = ORIENTED_EDGE ( 'NONE', *, *, #2753, .F. ) ;
#7935 = EDGE_CURVE ( 'NONE', #330, #3771, #2626, .T. ) ;
#7936 = AXIS2_PLACEMENT_3D ( 'NONE', #9019, #8337, #4032 ) ;
#7937 = ORIENTED_EDGE ( 'NONE', *, *, #3158, .T. ) ;
#7938 = CARTESIAN_POINT ( 'NONE',  ( 5.599999999999949907, 3.295100562410446798, -11.87542427067709738 ) ) ;
#7939 = AXIS2_PLACEMENT_3D ( 'NONE', #8236, #7283, #2931 ) ;
#7940 = CIRCLE ( 'NONE', #1827, 0.2999999999999999889 ) ;
#7941 = CARTESIAN_POINT ( 'NONE',  ( 1.099154851397560639, 0.7000000000000000666, 6.879999999999999893 ) ) ;
#7942 = CARTESIAN_POINT ( 'NONE',  ( -4.500107266351661472, -1.222856546016350965, -7.199999999931107730 ) ) ;
#7943 = CARTESIAN_POINT ( 'NONE',  ( -0.9999963983606653395, 0.6795958279079256092, 7.524786643391003338 ) ) ;
#7944 = CARTESIAN_POINT ( 'NONE',  ( 5.549944495423223323, 0.8036637332502929443, -10.25410649052564160 ) ) ;
#7945 = AXIS2_PLACEMENT_3D ( 'NONE', #9066, #2499, #3261 ) ;
#7946 = CARTESIAN_POINT ( 'NONE',  ( 4.334959668839962532, 3.677666512429342838, -1.935901964950236032 ) ) ;
#7947 = FACE_OUTER_BOUND ( 'NONE', #5752, .T. ) ;
#7948 = ORIENTED_EDGE ( 'NONE', *, *, #4471, .T. ) ;
#7949 = CIRCLE ( 'NONE', #5059, 0.4919261306450209981 ) ;
#7950 = CARTESIAN_POINT ( 'NONE',  ( -4.513599431093730630, -1.333590018654900344, -4.823935552875248334 ) ) ;
#7951 = ORIENTED_EDGE ( 'NONE', *, *, #8656, .F. ) ;
#7952 = ADVANCED_FACE ( 'NONE', ( #9199 ), #6982, .F. ) ;
#7953 = CARTESIAN_POINT ( 'NONE',  ( -4.491004899701321662, -1.283860147659377837, -7.213381100741846907 ) ) ;
#7954 = EDGE_CURVE ( 'NONE', #9353, #7540, #8574, .T. ) ;
#7955 = EDGE_LOOP ( 'NONE', ( #9082, #6325 ) ) ;
#7956 = CARTESIAN_POINT ( 'NONE',  ( 1.499999999999939826, -1.275702287286611059, -4.930344445382288221 ) ) ;
#7957 = CARTESIAN_POINT ( 'NONE',  ( 5.499999999999949374, 3.334171825948719636, -11.89182037605420561 ) ) ;
#7958 = DIRECTION ( 'NONE',  ( 0.000000000000000000, 0.000000000000000000, 1.000000000000000000 ) ) ;
#7959 = VECTOR ( 'NONE', #1664, 1000.000000000000000 ) ;
#7960 = CARTESIAN_POINT ( 'NONE',  ( -4.242673045270755949, 4.394869919875056041, 5.665854036297795382 ) ) ;
#7961 = CARTESIAN_POINT ( 'NONE',  ( 1.196262859121620004, -4.395153435249019580, 7.205220410559250332 ) ) ;
#7962 = DIRECTION ( 'NONE',  ( 0.000000000000000000, -0.000000000000000000, -1.000000000000000000 ) ) ;
#7963 = CARTESIAN_POINT ( 'NONE',  ( -1.000000000000000000, 1.000000000000000000, 13.68857426865710281 ) ) ;
#7964 = EDGE_LOOP ( 'NONE', ( #882, #5238, #5192, #2021, #4007 ) ) ;
#7965 = EDGE_CURVE ( 'NONE', #7689, #6173, #5745, .T. ) ;
#7966 = ORIENTED_EDGE ( 'NONE', *, *, #8248, .T. ) ;
#7967 = AXIS2_PLACEMENT_3D ( 'NONE', #4120, #2781, #2013 ) ;
#7968 = CYLINDRICAL_SURFACE ( 'NONE', #5029, 1.743247405224331414 ) ;
#7969 = EDGE_LOOP ( 'NONE', ( #4571, #4006, #1578, #1812 ) ) ;
#7970 = CARTESIAN_POINT ( 'NONE',  ( 8.490861642119380548, 2.229504295668367053, -3.148448915227779921 ) ) ;
#7971 = EDGE_CURVE ( 'NONE', #1633, #5284, #8660, .T. ) ;
#7972 = ORIENTED_EDGE ( 'NONE', *, *, #7601, .F. ) ;
#7973 = LINE ( 'NONE', #8691, #1150 ) ;
#7974 = DIRECTION ( 'NONE',  ( -0.000000000000000000, 1.000000000000000000, 0.000000000000000000 ) ) ;
#7975 = ORIENTED_EDGE ( 'NONE', *, *, #3892, .F. ) ;
#7976 = VERTEX_POINT ( 'NONE', #4115 ) ;
#7977 = CARTESIAN_POINT ( 'NONE',  ( 1.499999999999939826, -4.856079225363408192, -5.887857747749970727 ) ) ;
#7978 = DIRECTION ( 'NONE',  ( 0.000000000000000000, 0.000000000000000000, 1.000000000000000000 ) ) ;
#7979 = FACE_OUTER_BOUND ( 'NONE', #8626, .T. ) ;
#7980 = EDGE_CURVE ( 'NONE', #7574, #6173, #4171, .T. ) ;
#7981 = DIRECTION ( 'NONE',  ( 0.000000000000000000, 0.000000000000000000, -1.000000000000000000 ) ) ;
#7982 = FACE_OUTER_BOUND ( 'NONE', #1602, .T. ) ;
#7983 = LINE ( 'NONE', #3696, #917 ) ;
#7984 = ORIENTED_EDGE ( 'NONE', *, *, #4880, .F. ) ;
#7985 =( NAMED_UNIT ( * ) SI_UNIT ( $, .STERADIAN. ) SOLID_ANGLE_UNIT ( ) );
#7986 = CARTESIAN_POINT ( 'NONE',  ( -2.534983887501661037, 6.265387365725998414, 5.665387885177611160 ) ) ;
#7987 = EDGE_CURVE ( 'NONE', #6581, #1118, #2011, .T. ) ;
#7988 = CARTESIAN_POINT ( 'NONE',  ( -1.303357147227336421, 0.7000000000000081712, 7.027744946579735696 ) ) ;
#7989 = CARTESIAN_POINT ( 'NONE',  ( 5.523317883766040381, 0.7812793436129209512, -10.26072546082116688 ) ) ;
#7990 = DIRECTION ( 'NONE',  ( 1.000000000000000000, 0.000000000000000000, 0.000000000000000000 ) ) ;
#7991 = DIRECTION ( 'NONE',  ( 0.000000000000000000, 0.000000000000000000, 1.000000000000000000 ) ) ;
#7992 = ORIENTED_EDGE ( 'NONE', *, *, #6897, .T. ) ;
#7993 = VECTOR ( 'NONE', #3871, 1000.000000000000114 ) ;
#7994 = ORIENTED_EDGE ( 'NONE', *, *, #7785, .F. ) ;
#7995 = LINE ( 'NONE', #6610, #7483 ) ;
#7996 = VERTEX_POINT ( 'NONE', #7845 ) ;
#7997 = CARTESIAN_POINT ( 'NONE',  ( -4.593485692544902577, -1.218599879661447671, -6.991465090931177073 ) ) ;
#7998 = ORIENTED_EDGE ( 'NONE', *, *, #9488, .T. ) ;
#7999 = CARTESIAN_POINT ( 'NONE',  ( 1.499999999999939826, 4.771167705692607619, -4.132719577992287618 ) ) ;
#8000 = CARTESIAN_POINT ( 'NONE',  ( 5.499999999999944045, 3.179930804371468245, -0.1245757293229024648 ) ) ;
#8001 = AXIS2_PLACEMENT_3D ( 'NONE', #9370, #8551, #8497 ) ;
#8002 = UNCERTAINTY_MEASURE_WITH_UNIT (LENGTH_MEASURE( 1.000000000000000082E-05 ), #4301, 'distance_accuracy_value', 'NONE');
#8003 = DIRECTION ( 'NONE',  ( 0.000000000000000000, 0.000000000000000000, -1.000000000000000000 ) ) ;
#8004 = CARTESIAN_POINT ( 'NONE',  ( 3.442354257981283805, 4.452858754446012313, -1.994818029325622355 ) ) ;
#8005 = ORIENTED_EDGE ( 'NONE', *, *, #5266, .T. ) ;
#8006 = ADVANCED_FACE ( 'NONE', ( #1282 ), #4204, .T. ) ;
#8007 = ORIENTED_EDGE ( 'NONE', *, *, #473, .T. ) ;
#8008 = VERTEX_POINT ( 'NONE', #759 ) ;
#8009 = CARTESIAN_POINT ( 'NONE',  ( -4.500000237991419461, -1.926335649230739744, 7.570146519281761854 ) ) ;
#8010 = ORIENTED_EDGE ( 'NONE', *, *, #7316, .F. ) ;
#8011 = EDGE_CURVE ( 'NONE', #6475, #1002, #9383, .T. ) ;
#8012 = CARTESIAN_POINT ( 'NONE',  ( -4.248811634892136091, 4.362749263079701123, 10.63373337938232410 ) ) ;
#8013 = CARTESIAN_POINT ( 'NONE',  ( 8.419096258078832662, 2.185278437520958850, -8.794718712062763899 ) ) ;
#8014 = CARTESIAN_POINT ( 'NONE',  ( 299.2999999999999545, 5.076540080366747532, -4.992236348263475954 ) ) ;
#8015 = VECTOR ( 'NONE', #2385, 1000.000000000000000 ) ;
#8016 = CARTESIAN_POINT ( 'NONE',  ( 4.249999762008569881, -1.726335649230739788, 11.85091001134370003 ) ) ;
#8017 = EDGE_LOOP ( 'NONE', ( #7654, #7295, #2319, #3968 ) ) ;
#8018 = ADVANCED_FACE ( 'NONE', ( #75 ), #7226, .F. ) ;
#8019 = EDGE_CURVE ( 'NONE', #5488, #3517, #7949, .T. ) ;
#8020 = EDGE_LOOP ( 'NONE', ( #8404, #5810, #8343, #7234 ) ) ;
#8021 = CARTESIAN_POINT ( 'NONE',  ( 1.499999999999939826, 3.243903520801311391, -4.132719577992287618 ) ) ;
#8022 = FACE_OUTER_BOUND ( 'NONE', #6433, .T. ) ;
#8023 =( NAMED_UNIT ( * ) PLANE_ANGLE_UNIT ( ) SI_UNIT ( $, .RADIAN. ) );
#8024 = CARTESIAN_POINT ( 'NONE',  ( 5.531302413452253930, 3.221600413229163351, -11.90111523580058517 ) ) ;
#8025 =( BOUNDED_CURVE ( )  B_SPLINE_CURVE ( 3, ( #5534, #9114, #8443, #6999 ),
 .UNSPECIFIED., .F., .T. ) 
 B_SPLINE_CURVE_WITH_KNOTS ( ( 4, 4 ),
 ( 1.381961819825069826, 1.570796326794896558 ),
 .UNSPECIFIED. ) 
 CURVE ( )  GEOMETRIC_REPRESENTATION_ITEM ( )  RATIONAL_B_SPLINE_CURVE ( ( 1.000000000000000000, 0.9970306676036368998, 0.9970306676036368998, 1.000000000000000000 ) ) 
 REPRESENTATION_ITEM ( '' )  );
#8026 = CARTESIAN_POINT ( 'NONE',  ( 1.340000000000000080, 0.8162245206283510468, 7.220202327326830094 ) ) ;
#8027 = DIRECTION ( 'NONE',  ( 0.000000000000000000, 1.044915787882490092E-14, 1.000000000000000000 ) ) ;
#8028 = CYLINDRICAL_SURFACE ( 'NONE', #4563, 1.332191892514950737 ) ;
#8029 = VERTEX_POINT ( 'NONE', #9487 ) ;
#8030 = EDGE_CURVE ( 'NONE', #1237, #4575, #7058, .T. ) ;
#8031 = ORIENTED_EDGE ( 'NONE', *, *, #6355, .F. ) ;
#8032 = CARTESIAN_POINT ( 'NONE',  ( 3.949999762008570059, -1.626335649230739921, 0.000000000000000000 ) ) ;
#8033 = FILL_AREA_STYLE ('',( #2966 ) ) ;
#8034 = CARTESIAN_POINT ( 'NONE',  ( -1.340000000000000080, 0.7000000000000081712, 7.294232202410962707 ) ) ;
#8035 = CARTESIAN_POINT ( 'NONE',  ( -4.250000237991429231, -2.139157802475679659, 10.60857426865710096 ) ) ;
#8036 = CARTESIAN_POINT ( 'NONE',  ( 2.488006595590550152, 0.05207503001323490754, 8.856534637527339271 ) ) ;
#8037 = LINE ( 'NONE', #8810, #3210 ) ;
#8038 = ORIENTED_EDGE ( 'NONE', *, *, #7731, .F. ) ;
#8039 = EDGE_CURVE ( 'NONE', #3263, #6296, #7410, .T. ) ;
#8040 = DIRECTION ( 'NONE',  ( -0.000000000000000000, -0.000000000000000000, -1.000000000000000000 ) ) ;
#8041 = VERTEX_POINT ( 'NONE', #6501 ) ;
#8042 = CARTESIAN_POINT ( 'NONE',  ( -4.585472281927907900, -1.218599879661447671, -6.940253544063686775 ) ) ;
#8043 = FACE_OUTER_BOUND ( 'NONE', #8056, .T. ) ;
#8044 = LINE ( 'NONE', #8963, #1056 ) ;
#8045 = VECTOR ( 'NONE', #4001, 1000.000000000000000 ) ;
#8046 = SURFACE_SIDE_STYLE ('',( #3606 ) ) ;
#8047 = FACE_OUTER_BOUND ( 'NONE', #8623, .T. ) ;
#8048 = CARTESIAN_POINT ( 'NONE',  ( 1.499999999999939826, 1.215951923305367721, -2.438340636726072042 ) ) ;
#8049 = CARTESIAN_POINT ( 'NONE',  ( -1.339999999999969660, 0.6845033972495863095, 7.543222821657024291 ) ) ;
#8050 = ORIENTED_EDGE ( 'NONE', *, *, #4267, .F. ) ;
#8051 = ORIENTED_EDGE ( 'NONE', *, *, #6959, .T. ) ;
#8052 = EDGE_CURVE ( 'NONE', #8852, #1355, #5893, .T. ) ;
#8053 = ORIENTED_EDGE ( 'NONE', *, *, #3305, .T. ) ;
#8054 = CARTESIAN_POINT ( 'NONE',  ( 8.453515827982972297, 0.8326180814712128564, -1.738588188128773027 ) ) ;
#8056 = EDGE_LOOP ( 'NONE', ( #6590, #83 ) ) ;
#8055 = AXIS2_PLACEMENT_3D ( 'NONE', #4526, #8943, #3693 ) ;
#8057 = VECTOR ( 'NONE', #4193, 1000.000000000000000 ) ;
#8058 = DIRECTION ( 'NONE',  ( 0.000000000000000000, -1.000000000000000000, 5.102127870520020587E-15 ) ) ;
#8059 = FACE_OUTER_BOUND ( 'NONE', #7345, .T. ) ;
#8060 = CARTESIAN_POINT ( 'NONE',  ( -4.047397432834798359, 6.265818127932563542, 0.2214751072580560809 ) ) ;
#8061 = PLANE ( 'NONE',  #7298 ) ;
#8062 = ORIENTED_EDGE ( 'NONE', *, *, #2583, .T. ) ;
#8063 = VERTEX_POINT ( 'NONE', #3781 ) ;
#8064 = VECTOR ( 'NONE', #4305, 1000.000000000000000 ) ;
#8065 = AXIS2_PLACEMENT_3D ( 'NONE', #3405, #7804, #9351 ) ;
#8066 = AXIS2_PLACEMENT_3D ( 'NONE', #6870, #5351, #4624 ) ;
#8067 = CARTESIAN_POINT ( 'NONE',  ( 3.235098673953480386, 1.932139300074104726, 0.2999999999999999334 ) ) ;
#8068 = EDGE_CURVE ( 'NONE', #5152, #9389, #2918, .T. ) ;
#8069 = EDGE_CURVE ( 'NONE', #3135, #6059, #8762, .T. ) ;
#8070 = AXIS2_PLACEMENT_3D ( 'NONE', #220, #9054, #180 ) ;
#8071 = APPLICATION_PROTOCOL_DEFINITION ( 'draft international standard', 'automotive_design', 1998, #3366 ) ;
#8072 = CARTESIAN_POINT ( 'NONE',  ( 4.242191346538682239, 6.071023738245820311, 0.2214751072580559976 ) ) ;
#8073 = CARTESIAN_POINT ( 'NONE',  ( 1.339999999999960334, 0.7804188904419419037, 6.865171329269148970 ) ) ;
#8074 = DIRECTION ( 'NONE',  ( 0.000000000000000000, -1.000000000000000000, 1.167177897768564214E-14 ) ) ;
#8075 = AXIS2_PLACEMENT_3D ( 'NONE', #6955, #3313, #9168 ) ;
#8076 = DIRECTION ( 'NONE',  ( -1.000000000000000000, 0.000000000000000000, 0.000000000000000000 ) ) ;
#8077 = EDGE_CURVE ( 'NONE', #4975, #4336, #3065, .T. ) ;
#8078 = CIRCLE ( 'NONE', #6557, 0.5199999999999997957 ) ;
#8079 = VECTOR ( 'NONE', #9428, 1000.000000000000000 ) ;
#8080 = ORIENTED_EDGE ( 'NONE', *, *, #168, .T. ) ;
#8081 =( BOUNDED_CURVE ( )  B_SPLINE_CURVE ( 3, ( #9227, #9271, #1224, #2522 ),
 .UNSPECIFIED., .F., .F. ) 
 B_SPLINE_CURVE_WITH_KNOTS ( ( 4, 4 ),
 ( 4.712388980384689674, 6.283185307179586232 ),
 .UNSPECIFIED. ) 
 CURVE ( )  GEOMETRIC_REPRESENTATION_ITEM ( )  RATIONAL_B_SPLINE_CURVE ( ( 1.000000000000000000, 0.8047378541243649375, 0.8047378541243649375, 1.000000000000000000 ) ) 
 REPRESENTATION_ITEM ( '' )  );
#8082 = VECTOR ( 'NONE', #8177, 1000.000000000000114 ) ;
#8083 = CARTESIAN_POINT ( 'NONE',  ( -2.488008628878230155, -1.267939694885474422, -6.505213034913021674E-16 ) ) ;
#8084 = VECTOR ( 'NONE', #9378, 1000.000000000000000 ) ;
#8085 = CYLINDRICAL_SURFACE ( 'NONE', #5793, 0.3400000000000000244 ) ;
#8086 = LINE ( 'NONE', #5750, #6090 ) ;
#8087 = DIRECTION ( 'NONE',  ( 0.000000000000000000, 0.000000000000000000, 1.000000000000000000 ) ) ;
#8088 = ORIENTED_EDGE ( 'NONE', *, *, #6157, .F. ) ;
#8089 = VECTOR ( 'NONE', #542, 1000.000000000000000 ) ;
#8090 = ORIENTED_EDGE ( 'NONE', *, *, #7889, .F. ) ;
#8091 = VECTOR ( 'NONE', #5354, 1000.000000000000000 ) ;
#8092 = CIRCLE ( 'NONE', #1207, 0.3400000000000000244 ) ;
#8093 = CARTESIAN_POINT ( 'NONE',  ( -5.591000000000068582, 5.337783869614061594, -5.059838790869076064 ) ) ;
#8094 = CIRCLE ( 'NONE', #4280, 0.1000000000000002554 ) ;
#8095 = VERTEX_POINT ( 'NONE', #1524 ) ;
#8096 = CARTESIAN_POINT ( 'NONE',  ( -4.499692350081956782, -1.104394410665070270, -7.110958422975937054 ) ) ;
#8097 = CARTESIAN_POINT ( 'NONE',  ( 1.499999999999945821, 5.076540080366747532, -4.132719577992287618 ) ) ;
#8098 = DIRECTION ( 'NONE',  ( -1.000000000000000000, 0.000000000000000000, 0.000000000000000000 ) ) ;
#8099 = AXIS2_PLACEMENT_3D ( 'NONE', #1968, #6462, #2785 ) ;
#8100 = CARTESIAN_POINT ( 'NONE',  ( -1.000000000000000000, -4.395153435249019580, 7.401483269680889876 ) ) ;
#8101 = LINE ( 'NONE', #822, #1048 ) ;
#8102 = EDGE_CURVE ( 'NONE', #6608, #8959, #8804, .T. ) ;
#8103 = AXIS2_PLACEMENT_3D ( 'NONE', #4028, #370, #3298 ) ;
#8104 = AXIS2_PLACEMENT_3D ( 'NONE', #5023, #515, #8516 ) ;
#8105 = LINE ( 'NONE', #3669, #5046 ) ;
#8106 = ORIENTED_EDGE ( 'NONE', *, *, #586, .F. ) ;
#8107 = VERTEX_POINT ( 'NONE', #2865 ) ;
#8108 =( NAMED_UNIT ( * ) PLANE_ANGLE_UNIT ( ) SI_UNIT ( $, .RADIAN. ) );
#8109 = ORIENTED_EDGE ( 'NONE', *, *, #8952, .T. ) ;
#8110 = CARTESIAN_POINT ( 'NONE',  ( -4.553176055743901607, -6.750000000000033751, -9.447468583315512092 ) ) ;
#8111 = VECTOR ( 'NONE', #8609, 1000.000000000000000 ) ;
#8112 = VECTOR ( 'NONE', #1229, 1000.000000000000000 ) ;
#8113 = VERTEX_POINT ( 'NONE', #5794 ) ;
#8114 = CARTESIAN_POINT ( 'NONE',  ( -5.500000000000060396, -3.118949692510942118, -4.930344445382288221 ) ) ;
#8115 = CARTESIAN_POINT ( 'NONE',  ( -4.050000237991429053, 4.972879159117225889, 10.80857426865710202 ) ) ;
#8116 = DIRECTION ( 'NONE',  ( -1.000000000000000000, -0.000000000000000000, -0.000000000000000000 ) ) ;
#8117 = EDGE_CURVE ( 'NONE', #1548, #8696, #4401, .T. ) ;
#8118 = DIRECTION ( 'NONE',  ( 0.000000000000000000, 1.000000000000000000, 0.000000000000000000 ) ) ;
#8119 = ORIENTED_EDGE ( 'NONE', *, *, #5897, .T. ) ;
#8120 = ORIENTED_EDGE ( 'NONE', *, *, #8361, .T. ) ;
#8121 = CARTESIAN_POINT ( 'NONE',  ( 1.838618586295336588, 6.073626543402451006, 5.608574268657101847 ) ) ;
#8122 = CARTESIAN_POINT ( 'NONE',  ( -4.250000237991429231, -1.726335649230739788, 11.85091001134370003 ) ) ;
#8123 = CARTESIAN_POINT ( 'NONE',  ( 1.000000000000000000, 1.339999999999901492, 9.475924141582256155 ) ) ;
#8124 = DIRECTION ( 'NONE',  ( 0.000000000000000000, -1.000000000000000000, 1.201179063752586100E-14 ) ) ;
#8125 = LINE ( 'NONE', #6163, #7929 ) ;
#8126 = ADVANCED_FACE ( 'NONE', ( #7365 ), #1429, .F. ) ;
#8127 = VECTOR ( 'NONE', #806, 1000.000000000000000 ) ;
#8128 = ORIENTED_EDGE ( 'NONE', *, *, #8480, .T. ) ;
#8129 = CARTESIAN_POINT ( 'NONE',  ( 4.049999762008569704, -1.926335649230739744, 0.1242640687119284659 ) ) ;
#8130 =( NAMED_UNIT ( * ) PLANE_ANGLE_UNIT ( ) SI_UNIT ( $, .RADIAN. ) );
#8131 = DIRECTION ( 'NONE',  ( 0.000000000000000000, -1.000000000000000000, 0.000000000000000000 ) ) ;
#8132 = EDGE_CURVE ( 'NONE', #4110, #8208, #2613, .T. ) ;
#8133 = DIRECTION ( 'NONE',  ( 1.000000000000000000, -0.000000000000000000, -0.000000000000000000 ) ) ;
#8134 = DIRECTION ( 'NONE',  ( 0.000000000000000000, 0.000000000000000000, -1.000000000000000000 ) ) ;
#8135 = DIRECTION ( 'NONE',  ( 0.000000000000000000, 0.000000000000000000, -1.000000000000000000 ) ) ;
#8136 = ORIENTED_EDGE ( 'NONE', *, *, #2787, .T. ) ;
#8137 = ADVANCED_FACE ( 'NONE', ( #8219 ), #8946, .T. ) ;
#8138 =( BOUNDED_CURVE ( )  B_SPLINE_CURVE ( 3, ( #8593, #2749, #9307, #4848 ),
 .UNSPECIFIED., .F., .T. ) 
 B_SPLINE_CURVE_WITH_KNOTS ( ( 4, 4 ),
 ( 0.000000000000000000, 1.570796326794896558 ),
 .UNSPECIFIED. ) 
 CURVE ( )  GEOMETRIC_REPRESENTATION_ITEM ( )  RATIONAL_B_SPLINE_CURVE ( ( 1.000000000000000000, 0.8047378541243649375, 0.8047378541243649375, 1.000000000000000000 ) ) 
 REPRESENTATION_ITEM ( '' )  );
#8139 = VECTOR ( 'NONE', #4198, 1000.000000000000000 ) ;
#8140 = FILL_AREA_STYLE_COLOUR ( '', #5498 ) ;
#8141 = ORIENTED_EDGE ( 'NONE', *, *, #6629, .T. ) ;
#8142 = LINE ( 'NONE', #1579, #2150 ) ;
#8143 = PLANE ( 'NONE',  #3359 ) ;
#8144 =( NAMED_UNIT ( * ) PLANE_ANGLE_UNIT ( ) SI_UNIT ( $, .RADIAN. ) );
#8145 = DIRECTION ( 'NONE',  ( -1.000000000000000000, -0.000000000000000000, -0.000000000000000000 ) ) ;
#8146 = CARTESIAN_POINT ( 'NONE',  ( -2.488008628878240369, -1.926335649230744185, 7.570146519281764519 ) ) ;
#8147 = CARTESIAN_POINT ( 'NONE',  ( -4.250000237991429231, -2.139157802475679659, 2.972276292613179827 ) ) ;
#8148 = CARTESIAN_POINT ( 'NONE',  ( -1.339999999999999414, 1.308037348756060370, 7.257272818943951265 ) ) ;
#8149 = ORIENTED_EDGE ( 'NONE', *, *, #796, .F. ) ;
#8150 = VERTEX_POINT ( 'NONE', #5448 ) ;
#8151 = FILL_AREA_STYLE_COLOUR ( '', #3965 ) ;
#8152 = VERTEX_POINT ( 'NONE', #4016 ) ;
#8153 = EDGE_CURVE ( 'NONE', #5329, #7236, #8996, .T. ) ;
#8154 = CARTESIAN_POINT ( 'NONE',  ( 8.445966390000149815, 0.8278354409243245948, -1.742093430348600869 ) ) ;
#8155 = VERTEX_POINT ( 'NONE', #214 ) ;
#8156 = CARTESIAN_POINT ( 'NONE',  ( 1.000000000000000000, -3.569272152705960544, 7.205220410559250332 ) ) ;
#8157 = CARTESIAN_POINT ( 'NONE',  ( -1.000000000000000000, 1.165319909422419808, 7.039903344578360311 ) ) ;
#8158 = CARTESIAN_POINT ( 'NONE',  ( -5.591000000000060588, -3.242975956555899764, -12.00000000000000000 ) ) ;
#8159 = SURFACE_STYLE_FILL_AREA ( #3768 ) ;
#8160 = VERTEX_POINT ( 'NONE', #9090 ) ;
#8161 = AXIS2_PLACEMENT_3D ( 'NONE', #5246, #645, #2901 ) ;
#8162 = ORIENTED_EDGE ( 'NONE', *, *, #6464, .T. ) ;
#8163 = ORIENTED_EDGE ( 'NONE', *, *, #2253, .T. ) ;
#8164 = EDGE_CURVE ( 'NONE', #8639, #5726, #8277, .T. ) ;
#8165 = DIRECTION ( 'NONE',  ( -0.000000000000000000, -1.000000000000000000, -0.000000000000000000 ) ) ;
#8166 = CYLINDRICAL_SURFACE ( 'NONE', #2898, 0.2999999999999999889 ) ;
#8167 = DIRECTION ( 'NONE',  ( 0.000000000000000000, 0.000000000000000000, -1.000000000000000000 ) ) ;
#8168 = CARTESIAN_POINT ( 'NONE',  ( 4.249999762008569881, 6.073626543402451006, 0.2999999999999999334 ) ) ;
#8169 = CARTESIAN_POINT ( 'NONE',  ( 1.339999999999969660, 0.6619976657027428768, 7.520717135035152268 ) ) ;
#8170 = LINE ( 'NONE', #8274, #1979 ) ;
#8171 = EDGE_CURVE ( 'NONE', #9311, #4048, #3152, .T. ) ;
#8172 = ORIENTED_EDGE ( 'NONE', *, *, #7556, .F. ) ;
#8173 = LINE ( 'NONE', #2433, #5526 ) ;
#8174 = CARTESIAN_POINT ( 'NONE',  ( -2.788008628878230422, -1.267939694885474200, -6.505213034913026604E-16 ) ) ;
#8175 = SURFACE_STYLE_USAGE ( .BOTH. , #8764 ) ;
#8176 = CARTESIAN_POINT ( 'NONE',  ( -4.097854080703048574, 4.872848514402885911, 5.808574268657102913 ) ) ;
#8177 = DIRECTION ( 'NONE',  ( 0.000000000000000000, -0.2918106336920003874, 0.9564761126469772945 ) ) ;
#8178 = DIRECTION ( 'NONE',  ( 1.000000000000000000, 0.000000000000000000, 0.000000000000000000 ) ) ;
#8179 = ORIENTED_EDGE ( 'NONE', *, *, #7407, .F. ) ;
#8180 = EDGE_CURVE ( 'NONE', #2278, #3439, #7555, .T. ) ;
#8181 = LINE ( 'NONE', #6793, #2587 ) ;
#8182 = EDGE_LOOP ( 'NONE', ( #2315, #9396, #2106, #7124 ) ) ;
#8183 = CARTESIAN_POINT ( 'NONE',  ( -4.537910163583664058, -1.137024544664035686, -7.059747014764805151 ) ) ;
#8184 = DIRECTION ( 'NONE',  ( 1.000000000000000000, 0.000000000000000000, -0.000000000000000000 ) ) ;
#8185 = CYLINDRICAL_SURFACE ( 'NONE', #895, 0.1999999999999996503 ) ;
#8186 = EDGE_CURVE ( 'NONE', #5099, #155, #1534, .T. ) ;
#8187 = CARTESIAN_POINT ( 'NONE',  ( -3.235098673953480386, -1.571866509722523730, 0.000000000000000000 ) ) ;
#8188 = UNCERTAINTY_MEASURE_WITH_UNIT (LENGTH_MEASURE( 1.000000000000000082E-05 ), #2662, 'distance_accuracy_value', 'NONE');
#8189 = EDGE_CURVE ( 'NONE', #7106, #6608, #4630, .T. ) ;
#8190 = CARTESIAN_POINT ( 'NONE',  ( -4.050000237991429053, -2.339157802475679837, 2.972276292613179827 ) ) ;
#8191 = CARTESIAN_POINT ( 'NONE',  ( -5.591000000000060588, 1.571505490158367824, -1.541375956710549611 ) ) ;
#8192 = CARTESIAN_POINT ( 'NONE',  ( -1.000000000000000000, 0.6600000000000000311, 7.505220410559251043 ) ) ;
#8193 = EDGE_LOOP ( 'NONE', ( #8354, #4784, #21, #4610 ) ) ;
#8194 = VERTEX_POINT ( 'NONE', #993 ) ;
#8195 = EDGE_CURVE ( 'NONE', #6762, #7807, #5302, .T. ) ;
#8196 = DIRECTION ( 'NONE',  ( -1.000000000000000000, 6.531233887052661747E-12, 0.000000000000000000 ) ) ;
#8197 = ORIENTED_EDGE ( 'NONE', *, *, #3985, .T. ) ;
#8198 = CIRCLE ( 'NONE', #5915, 0.09999999999999999167 ) ;
#8199 = DIRECTION ( 'NONE',  ( 0.000000000000000000, 0.000000000000000000, -1.000000000000000000 ) ) ;
#8200 = ORIENTED_EDGE ( 'NONE', *, *, #9493, .F. ) ;
#8201 = CARTESIAN_POINT ( 'NONE',  ( -4.500192057669263335, -1.380320879380232624, -7.178251862273313577 ) ) ;
#8202 = CARTESIAN_POINT ( 'NONE',  ( -3.562645891095507888, -5.884663887553381656, -304.8000000000000114 ) ) ;
#8203 = DIRECTION ( 'NONE',  ( 1.000000000000000000, -0.000000000000000000, -0.000000000000000000 ) ) ;
#8204 = DIRECTION ( 'NONE',  ( 0.000000000000000000, 0.000000000000000000, 1.000000000000000000 ) ) ;
#8205 = VERTEX_POINT ( 'NONE', #4588 ) ;
#8206 = ADVANCED_FACE ( 'NONE', ( #6072 ), #6166, .T. ) ;
#8207 = MECHANICAL_DESIGN_GEOMETRIC_PRESENTATION_REPRESENTATION (  '', ( #8826 ), #1165 ) ;
#8208 = VERTEX_POINT ( 'NONE', #2570 ) ;
#8209 = ORIENTED_EDGE ( 'NONE', *, *, #8993, .T. ) ;
#8210 = CARTESIAN_POINT ( 'NONE',  ( 8.499999999999948486, 0.2193455792999002840, -3.680812209029087789 ) ) ;
#8211 = LINE ( 'NONE', #3825, #6848 ) ;
#8212 = CARTESIAN_POINT ( 'NONE',  ( -5.591000000000060588, 1.571505490158366714, -10.45862404328944884 ) ) ;
#8213 = CARTESIAN_POINT ( 'NONE',  ( -2.986120869726938132, 5.146119801567417440, -7.009769846673163940 ) ) ;
#8214 = COLOUR_RGB ( '',0.6470588235294117974, 0.6196078431372549211, 0.5882352941176470784 ) ;
#8215 = AXIS2_PLACEMENT_3D ( 'NONE', #9418, #3527, #1895 ) ;
#8216 = LINE ( 'NONE', #842, #133 ) ;
#8217 = ADVANCED_FACE ( 'NONE', ( #6209 ), #9133, .T. ) ;
#8218 = EDGE_LOOP ( 'NONE', ( #616, #6693, #8479, #2656 ) ) ;
#8219 = FACE_OUTER_BOUND ( 'NONE', #7955, .T. ) ;
#8220 = CARTESIAN_POINT ( 'NONE',  ( -5.400000000000059863, -1.275702287286611059, -4.930344445382288221 ) ) ;
#8221 = CARTESIAN_POINT ( 'NONE',  ( -0.6599999999999858202, 1.340049406695269285, 7.424802541892242758 ) ) ;
#8222 = AXIS2_PLACEMENT_3D ( 'NONE', #2837, #5763, #8777 ) ;
#8223 = DIRECTION ( 'NONE',  ( 0.000000000000000000, 0.000000000000000000, -1.000000000000000000 ) ) ;
#8224 = DIRECTION ( 'NONE',  ( 0.000000000000000000, -0.000000000000000000, -1.000000000000000000 ) ) ;
#8225 = ADVANCED_FACE ( 'NONE', ( #5402 ), #949, .T. ) ;
#8226 = DIRECTION ( 'NONE',  ( 0.000000000000000000, 0.000000000000000000, 1.000000000000000000 ) ) ;
#8227 = CIRCLE ( 'NONE', #420, 0.2000000000000005107 ) ;
#8228 = DIRECTION ( 'NONE',  ( 0.000000000000000000, -3.347150608916108721E-16, -1.000000000000000000 ) ) ;
#8229 = EDGE_LOOP ( 'NONE', ( #957, #9208, #9252, #2067 ) ) ;
#8230 = VECTOR ( 'NONE', #6790, 1000.000000000000000 ) ;
#8231 = CIRCLE ( 'NONE', #7320, 2.143247405224331104 ) ;
#8232 = DIRECTION ( 'NONE',  ( -1.000000000000000000, 0.000000000000000000, 0.000000000000000000 ) ) ;
#8233 = ORIENTED_EDGE ( 'NONE', *, *, #461, .F. ) ;
#8234 = SURFACE_SIDE_STYLE ('',( #8289 ) ) ;
#8235 = COLOUR_RGB ( '',0.9019607843137255054, 0.9019607843137255054, 0.9019607843137255054 ) ;
#8236 = CARTESIAN_POINT ( 'NONE',  ( -1.340000000000000080, 0.6600000000000000311, 9.475924141582259708 ) ) ;
#8237 = PRESENTATION_STYLE_ASSIGNMENT (( #5316 ) ) ;
#8238 = DIRECTION ( 'NONE',  ( 0.000000000000000000, 0.000000000000000000, 1.000000000000000000 ) ) ;
#8239 =( GEOMETRIC_REPRESENTATION_CONTEXT ( 3 ) GLOBAL_UNCERTAINTY_ASSIGNED_CONTEXT ( ( #143 ) ) GLOBAL_UNIT_ASSIGNED_CONTEXT ( ( #1767, #6984, #9149 ) ) REPRESENTATION_CONTEXT ( 'NONE', 'WORKASPACE' ) );
#8240 = CARTESIAN_POINT ( 'NONE',  ( 5.600000289371829254, 3.230413190111006916, -11.87542427067709561 ) ) ;
#8241 = AXIS2_PLACEMENT_3D ( 'NONE', #4824, #3337, #3289 ) ;
#8242 = B_SPLINE_CURVE_WITH_KNOTS ( 'NONE', 3,
 ( #1781, #7536, #8201, #7491, #3901, #8396, #4701, #339, #3860, #3137 ),
 .UNSPECIFIED., .F., .F.,
 ( 4, 2, 2, 2, 4 ),
 ( 0.000000000000000000, 0.0001565559268278200928, 0.0003131118536556401857, 0.0004696677804834603056, 0.0006262237073112803714 ),
 .UNSPECIFIED. ) ;
#8243 = DIRECTION ( 'NONE',  ( 1.000000000000000000, 0.000000000000000000, 0.000000000000000000 ) ) ;
#8244 = CARTESIAN_POINT ( 'NONE',  ( 8.468780054873922936, 0.8439422855601773632, -10.26969998109965054 ) ) ;
#8245 = EDGE_LOOP ( 'NONE', ( #8468, #6681, #9462, #939 ) ) ;
#8246 = COLOUR_RGB ( '',0.6470588235294117974, 0.5176470588235293491, 0.000000000000000000 ) ;
#8247 = ORIENTED_EDGE ( 'NONE', *, *, #9465, .F. ) ;
#8248 = EDGE_CURVE ( 'NONE', #1194, #3237, #8173, .T. ) ;
#8249 = EDGE_CURVE ( 'NONE', #8095, #3906, #5358, .T. ) ;
#8250 = CARTESIAN_POINT ( 'NONE',  ( -4.499860190969571683, -1.383208352360509430, -5.173254527743313957 ) ) ;
#8251 = VERTEX_POINT ( 'NONE', #2482 ) ;
#8252 = AXIS2_PLACEMENT_3D ( 'NONE', #9495, #5856, #8087 ) ;
#8253 = CARTESIAN_POINT ( 'NONE',  ( -0.9406712252477476000, 0.8151096824253788453, 6.880000000012935324 ) ) ;
#8254 = ORIENTED_EDGE ( 'NONE', *, *, #9245, .T. ) ;
#8255 = AXIS2_PLACEMENT_3D ( 'NONE', #7271, #2246, #7321 ) ;
#8256 = DIRECTION ( 'NONE',  ( -0.000000000000000000, -1.000000000000000000, -0.000000000000000000 ) ) ;
#8257 = AXIS2_PLACEMENT_3D ( 'NONE', #7911, #7208, #2845 ) ;
#8258 = CARTESIAN_POINT ( 'NONE',  ( 4.146176642300433812, -1.822512529522605229, 0.05900991493612302297 ) ) ;
#8259 = CARTESIAN_POINT ( 'NONE',  ( -5.400000000000059863, -3.018949692510941585, -4.930344445382288221 ) ) ;
#8260 = EDGE_CURVE ( 'NONE', #9156, #2359, #8319, .T. ) ;
#8261 = DIRECTION ( 'NONE',  ( 0.000000000000000000, -1.000000000000000000, 0.000000000000000000 ) ) ;
#8262 = VERTEX_POINT ( 'NONE', #7591 ) ;
#8263 = VERTEX_POINT ( 'NONE', #4057 ) ;
#8264 = EDGE_CURVE ( 'NONE', #1278, #6886, #5067, .T. ) ;
#8265 = MECHANICAL_DESIGN_GEOMETRIC_PRESENTATION_REPRESENTATION (  '', ( #772 ), #3980 ) ;
#8266 = ORIENTED_EDGE ( 'NONE', *, *, #7723, .F. ) ;
#8267 = CARTESIAN_POINT ( 'NONE',  ( 4.372664976581895679, 3.640943135232369343, -7.867280422007794094 ) ) ;
#8268 = CARTESIAN_POINT ( 'NONE',  ( 8.499999999999948486, 3.195100562410482681, -8.793314250264890219 ) ) ;
#8269 = FACE_BOUND ( 'NONE', #8864, .T. ) ;
#8270 = FACE_OUTER_BOUND ( 'NONE', #7910, .T. ) ;
#8271 = B_SPLINE_CURVE_WITH_KNOTS ( 'NONE', 3,
 ( #584, #4849, #6241, #7904, #4279, #3418, #9364, #2751 ),
 .UNSPECIFIED., .F., .F.,
 ( 4, 2, 2, 4 ),
 ( -3.464116049345257075E-06, 0.0002823218342992336307, 0.0004252148094735230810, 0.0005681077846478125313 ),
 .UNSPECIFIED. ) ;
#8272 = CARTESIAN_POINT ( 'NONE',  ( 8.399999999999948841, 3.195100562410482681, -8.793314250264890219 ) ) ;
#8273 = VECTOR ( 'NONE', #4484, 1000.000000000000000 ) ;
#8274 = CARTESIAN_POINT ( 'NONE',  ( 4.049999762008570592, 6.273626543402450295, -3.552713678800499352E-15 ) ) ;
#8275 = VERTEX_POINT ( 'NONE', #4819 ) ;
#8276 = ADVANCED_FACE ( 'NONE', ( #9274 ), #5696, .T. ) ;
#8277 = LINE ( 'NONE', #2382, #6734 ) ;
#8278 = DIRECTION ( 'NONE',  ( 0.000000000000000000, 0.000000000000000000, 1.000000000000000000 ) ) ;
#8279 = LINE ( 'NONE', #6129, #9216 ) ;
#8280 = CARTESIAN_POINT ( 'NONE',  ( -2.488008628878235040, -1.926335649230739744, 4.356534637527348153 ) ) ;
#8281 = DIRECTION ( 'NONE',  ( 1.000000000000000000, 0.000000000000000000, -0.000000000000000000 ) ) ;
#8282 = CARTESIAN_POINT ( 'NONE',  ( 3.499999762008580539, -3.176335649230739744, 9.795220410559281277 ) ) ;
#8283 = DIRECTION ( 'NONE',  ( -0.000000000000000000, -0.000000000000000000, -1.000000000000000000 ) ) ;
#8284 = ORIENTED_EDGE ( 'NONE', *, *, #427, .T. ) ;
#8285 = ORIENTED_EDGE ( 'NONE', *, *, #6609, .T. ) ;
#8286 = CARTESIAN_POINT ( 'NONE',  ( 2.534983887501680133, 6.265387365725998414, 5.808574268657101136 ) ) ;
#8287 = ORIENTED_EDGE ( 'NONE', *, *, #8315, .F. ) ;
#8288 = EDGE_CURVE ( 'NONE', #8815, #6341, #6972, .T. ) ;
#8289 = SURFACE_STYLE_FILL_AREA ( #1094 ) ;
#8290 = CARTESIAN_POINT ( 'NONE',  ( -5.591000000000060588, -6.750000000000033751, -7.867280422007712382 ) ) ;
#8291 = DIRECTION ( 'NONE',  ( 0.000000000000000000, 0.000000000000000000, 1.000000000000000000 ) ) ;
#8292 = UNCERTAINTY_MEASURE_WITH_UNIT (LENGTH_MEASURE( 1.000000000000000082E-05 ), #1096, 'distance_accuracy_value', 'NONE');
#8293 = DIRECTION ( 'NONE',  ( 0.000000000000000000, -0.000000000000000000, -1.000000000000000000 ) ) ;
#8294 = CARTESIAN_POINT ( 'NONE',  ( -4.050000237991429053, -2.339157802475679837, 11.73357426865710273 ) ) ;
#8295 = EDGE_LOOP ( 'NONE', ( #924, #2841, #3033, #7872 ) ) ;
#8296 = VECTOR ( 'NONE', #1127, 1000.000000000000000 ) ;
#8297 = CARTESIAN_POINT ( 'NONE',  ( -4.499791179596722479, -1.449366130634646588, -5.107045163196771931 ) ) ;
#8298 = ORIENTED_EDGE ( 'NONE', *, *, #4663, .F. ) ;
#8299 = DIRECTION ( 'NONE',  ( 0.000000000000000000, 1.044915787882490092E-14, 1.000000000000000000 ) ) ;
#8300 = ORIENTED_EDGE ( 'NONE', *, *, #4734, .T. ) ;
#8301 = AXIS2_PLACEMENT_3D ( 'NONE', #4968, #608, #2092 ) ;
#8302 = DIRECTION ( 'NONE',  ( 0.000000000000000000, 0.000000000000000000, 1.000000000000000000 ) ) ;
#8303 = CARTESIAN_POINT ( 'NONE',  ( -1.008750601495449262, 0.8367118189601010503, 6.879999998270317718 ) ) ;
#8304 = DIRECTION ( 'NONE',  ( 0.000000000000000000, -1.000000000000000000, 0.000000000000000000 ) ) ;
#8305 = ADVANCED_FACE ( 'NONE', ( #7690 ), #1947, .F. ) ;
#8306 = CARTESIAN_POINT ( 'NONE',  ( 3.499999762008579651, -1.926335649230749958, 1.575220410559259321 ) ) ;
#8307 = ORIENTED_EDGE ( 'NONE', *, *, #5573, .T. ) ;
#8308 = ORIENTED_EDGE ( 'NONE', *, *, #4763, .T. ) ;
#8309 = MECHANICAL_DESIGN_GEOMETRIC_PRESENTATION_REPRESENTATION (  '', ( #1729 ), #5257 ) ;
#8310 = ORIENTED_EDGE ( 'NONE', *, *, #8164, .T. ) ;
#8311 = DIRECTION ( 'NONE',  ( -1.000000000000000000, 0.000000000000000000, 0.000000000000000000 ) ) ;
#8312 = EDGE_CURVE ( 'NONE', #2828, #1787, #607, .T. ) ;
#8313 = DIRECTION ( 'NONE',  ( -6.579099405186070066E-16, 1.000000000000000000, -6.579099405186140077E-16 ) ) ;
#8314 = EDGE_CURVE ( 'NONE', #6509, #5958, #7834, .T. ) ;
#8315 = EDGE_CURVE ( 'NONE', #5603, #1677, #7876, .T. ) ;
#8316 = FILL_AREA_STYLE_COLOUR ( '', #8214 ) ;
#8317 = CARTESIAN_POINT ( 'NONE',  ( 1.499999999999939826, -3.018949692510941585, -4.930344445382288221 ) ) ;
#8318 = ORIENTED_EDGE ( 'NONE', *, *, #5074, .F. ) ;
#8319 = LINE ( 'NONE', #310, #6879 ) ;
#8320 = DIRECTION ( 'NONE',  ( 1.000000000000000000, 0.000000000000000000, 0.000000000000000000 ) ) ;
#8321 = FILL_AREA_STYLE ('',( #4633 ) ) ;
#8322 = CARTESIAN_POINT ( 'NONE',  ( -5.591000000000068582, 3.518315668917007866, -1.631008506796572277 ) ) ;
#8323 = FILL_AREA_STYLE ('',( #4682 ) ) ;
#8324 = ORIENTED_EDGE ( 'NONE', *, *, #4528, .F. ) ;
#8325 = EDGE_CURVE ( 'NONE', #6327, #1002, #5597, .T. ) ;
#8326 = ORIENTED_EDGE ( 'NONE', *, *, #3277, .T. ) ;
#8327 = DIRECTION ( 'NONE',  ( -0.000000000000000000, 0.000000000000000000, -1.000000000000000000 ) ) ;
#8328 = ORIENTED_EDGE ( 'NONE', *, *, #3272, .F. ) ;
#8329 = AXIS2_PLACEMENT_3D ( 'NONE', #4592, #7516, #4492 ) ;
#8330 = FACE_OUTER_BOUND ( 'NONE', #1441, .T. ) ;
#8331 = FILL_AREA_STYLE ('',( #1006 ) ) ;
#8332 = CYLINDRICAL_SURFACE ( 'NONE', #2431, 0.2999999999999999889 ) ;
#8333 = LINE ( 'NONE', #3986, #4092 ) ;
#8334 =( BOUNDED_CURVE ( )  B_SPLINE_CURVE ( 2, ( #311, #5450, #1802, #4728, #6923 ),
 .UNSPECIFIED., .F., .T. ) 
 B_SPLINE_CURVE_WITH_KNOTS ( ( 3, 2, 3 ),
 ( 0.0006544647079337014613, 0.001979013084991921440, 0.005139239553798279243 ),
 .UNSPECIFIED. ) 
 CURVE ( )  GEOMETRIC_REPRESENTATION_ITEM ( )  RATIONAL_B_SPLINE_CURVE ( ( 1.000000000000000000, 1.000000000000000000, 1.000000000000000000, 0.8063874865749950382, 1.000000000000000000 ) ) 
 REPRESENTATION_ITEM ( '' )  );
#8335 = DIRECTION ( 'NONE',  ( 0.000000000000000000, 0.000000000000000000, -1.000000000000000000 ) ) ;
#8336 = CYLINDRICAL_SURFACE ( 'NONE', #1181, 11.30078710486259652 ) ;
#8337 = DIRECTION ( 'NONE',  ( -0.000000000000000000, 1.000000000000000000, -0.000000000000000000 ) ) ;
#8338 = EDGE_LOOP ( 'NONE', ( #8669, #9359, #7377, #4439 ) ) ;
#8339 = ADVANCED_FACE ( 'NONE', ( #1273 ), #5214, .T. ) ;
#8340 = CLOSED_SHELL ( 'NONE', ( #314, #5273, #1702, #460, #6413, #8816 ) ) ;
#8341 = VERTEX_POINT ( 'NONE', #1125 ) ;
#8342 = CARTESIAN_POINT ( 'NONE',  ( -4.486016802062226638, -1.102038329954226903, -5.140149845470045165 ) ) ;
#8343 = ORIENTED_EDGE ( 'NONE', *, *, #5465, .T. ) ;
#8344 = PRESENTATION_STYLE_ASSIGNMENT (( #6902 ) ) ;
#8345 = ORIENTED_EDGE ( 'NONE', *, *, #3817, .F. ) ;
#8346 = CYLINDRICAL_SURFACE ( 'NONE', #6264, 0.1999999999999996503 ) ;
#8347 = CARTESIAN_POINT ( 'NONE',  ( 1.499999999999939826, 0.9675451179377200228, -4.930344445382288221 ) ) ;
#8348 = CARTESIAN_POINT ( 'NONE',  ( 4.028759712901852197, -1.652588966195179143, 0.000000000000000000 ) ) ;
#8349 = LINE ( 'NONE', #243, #118 ) ;
#8350 = CARTESIAN_POINT ( 'NONE',  ( 0.9999999999999765743, 0.8704113764599840097, 6.887367755314816264 ) ) ;
#8351 = ORIENTED_EDGE ( 'NONE', *, *, #30, .F. ) ;
#8352 = EDGE_CURVE ( 'NONE', #3130, #2659, #3479, .T. ) ;
#8353 = EDGE_LOOP ( 'NONE', ( #2511, #6523, #7036, #5460 ) ) ;
#8354 = ORIENTED_EDGE ( 'NONE', *, *, #5332, .T. ) ;
#8355 = CARTESIAN_POINT ( 'NONE',  ( 5.580242045213512192, 2.184646471775651300, -3.208657064021909644 ) ) ;
#8356 = DIRECTION ( 'NONE',  ( -0.000000000000000000, -0.000000000000000000, 1.000000000000000000 ) ) ;
#8357 = DIRECTION ( 'NONE',  ( 0.000000000000000000, 0.000000000000000000, 1.000000000000000000 ) ) ;
#8358 = CYLINDRICAL_SURFACE ( 'NONE', #4539, 0.7199999999999997513 ) ;
#8359 = CARTESIAN_POINT ( 'NONE',  ( -2.986120869726938132, 5.337783869614061594, -6.940161209130924824 ) ) ;
#8360 = EDGE_CURVE ( 'NONE', #2928, #8275, #4196, .T. ) ;
#8361 = EDGE_CURVE ( 'NONE', #3846, #1194, #8417, .T. ) ;
#8362 = ORIENTED_EDGE ( 'NONE', *, *, #4681, .F. ) ;
#8363 = DIRECTION ( 'NONE',  ( 0.000000000000000000, 0.000000000000000000, -1.000000000000000000 ) ) ;
#8364 = AXIS2_PLACEMENT_3D ( 'NONE', #1645, #1699, #8204 ) ;
#8365 = CARTESIAN_POINT ( 'NONE',  ( -5.591000000000068582, 5.146119801567417440, -4.990230153326836060 ) ) ;
#8366 = CARTESIAN_POINT ( 'NONE',  ( -0.6599999999999734968, 0.6845033972496160635, 7.543222821657024291 ) ) ;
#8367 = CYLINDRICAL_SURFACE ( 'NONE', #65, 0.2000000000000000944 ) ;
#8368 = CYLINDRICAL_SURFACE ( 'NONE', #6104, 0.1999999999999996503 ) ;
#8369 = VECTOR ( 'NONE', #5798, 1000.000000000000000 ) ;
#8370 = ADVANCED_FACE ( 'NONE', ( #7118 ), #1900, .T. ) ;
#8371 = CARTESIAN_POINT ( 'NONE',  ( -5.591000000000060588, 1.571505490158366047, -12.00000000000000355 ) ) ;
#8372 = ORIENTED_EDGE ( 'NONE', *, *, #6637, .T. ) ;
#8373 = AXIS2_PLACEMENT_3D ( 'NONE', #2357, #9107, #4692 ) ;
#8374 = EDGE_CURVE ( 'NONE', #8815, #4752, #1171, .T. ) ;
#8375 = FACE_OUTER_BOUND ( 'NONE', #4870, .T. ) ;
#8376 = ORIENTED_EDGE ( 'NONE', *, *, #8315, .T. ) ;
#8377 = FACE_OUTER_BOUND ( 'NONE', #9330, .T. ) ;
#8378 = SURFACE_STYLE_USAGE ( .BOTH. , #7567 ) ;
#8379 = UNCERTAINTY_MEASURE_WITH_UNIT (LENGTH_MEASURE( 1.000000000000000082E-05 ), #946, 'distance_accuracy_value', 'NONE');
#8380 = AXIS2_PLACEMENT_3D ( 'NONE', #850, #1760, #3883 ) ;
#8381 = CARTESIAN_POINT ( 'NONE',  ( -2.488008628878229711, 0.04785745751902400341, 8.856534637527326836 ) ) ;
#8382 = CARTESIAN_POINT ( 'NONE',  ( -5.591000000000060588, -6.750000000000033751, -4.132719577992287618 ) ) ;
#8383 = CARTESIAN_POINT ( 'NONE',  ( 8.453515827982972297, 0.8326180814711624523, -10.26141181187119855 ) ) ;
#8384 = VECTOR ( 'NONE', #2962, 1000.000000000000000 ) ;
#8385 = ORIENTED_EDGE ( 'NONE', *, *, #6864, .F. ) ;
#8386 = CARTESIAN_POINT ( 'NONE',  ( -4.515932996613011952, -1.333590018654905895, -5.173254527743314846 ) ) ;
#8387 = CIRCLE ( 'NONE', #3046, 0.7199999999999997513 ) ;
#8388 = ORIENTED_EDGE ( 'NONE', *, *, #8352, .T. ) ;
#8389 = CARTESIAN_POINT ( 'NONE',  ( 1.499999999999939826, 0.7903099654848935174, -9.847109111472885701 ) ) ;
#8390 = VERTEX_POINT ( 'NONE', #2770 ) ;
#8391 = MECHANICAL_DESIGN_GEOMETRIC_PRESENTATION_REPRESENTATION (  '', ( #6702 ), #7170 ) ;
#8392 = DIRECTION ( 'NONE',  ( 0.000000000000000000, 0.000000000000000000, -1.000000000000000000 ) ) ;
#8393 =( BOUNDED_SURFACE ( )  B_SPLINE_SURFACE ( 3, 2, ( 
 ( #3766, #103, #7254 ),
 ( #3042, #8890, #2323 ),
 ( #9416, #5832, #8790 ),
 ( #4433, #2847, #5774 ),
 ( #687, #8258, #2551 ),
 ( #932, #3861, #7493 ),
 ( #6766, #2465, #8348 ),
 ( #242, #5337, #877 ) ),
 .UNSPECIFIED., .F., .F., .F. ) 
 B_SPLINE_SURFACE_WITH_KNOTS ( ( 4, 2, 2, 4 ),
 ( 3, 3 ),
 ( 6.283185307179586232, 6.675884388878310816, 7.068583470577034511, 7.853981633974482790 ),
 ( 0.000000000000000000, 1.000000000000000000 ),
 .UNSPECIFIED. ) 
 GEOMETRIC_REPRESENTATION_ITEM ( )  RATIONAL_B_SPLINE_SURFACE ( (
 ( 1.000000000000000000, 0.7071067811865475727, 1.000000000000000000),
 ( 1.000000000000000000, 0.7066739173980355337, 1.000000000000000000),
 ( 1.000000000000000000, 0.7265541883812978163, 1.000000000000000000),
 ( 1.000000000000000000, 0.7876760513159056787, 1.000000000000000000),
 ( 1.000000000000000000, 0.8282394565142122689, 1.000000000000000000),
 ( 1.000000000000000000, 0.9415972983248896977, 1.000000000000000000),
 ( 1.000000000000000000, 1.002677793866169509, 1.000000000000000000),
 ( 1.000000000000000000, 1.000000000000000000, 1.000000000000000000) ) ) 
 REPRESENTATION_ITEM ( '' )  SURFACE ( )  );
#8394 = CIRCLE ( 'NONE', #2280, 0.4919261306450205540 ) ;
#8395 = EDGE_CURVE ( 'NONE', #7808, #8390, #615, .T. ) ;
#8396 = CARTESIAN_POINT ( 'NONE',  ( -4.500148262010900346, -1.475713235484944041, -6.947805358806380838 ) ) ;
#8397 = DIRECTION ( 'NONE',  ( -0.000000000000000000, 1.000000000000000000, -0.000000000000000000 ) ) ;
#8398 = CARTESIAN_POINT ( 'NONE',  ( -4.502012233507579175, -1.926335649230739744, 0.2999999999999999334 ) ) ;
#8399 = CARTESIAN_POINT ( 'NONE',  ( -4.050000237991429053, 3.914972254309967425, 5.608574268657101847 ) ) ;
#8400 = VECTOR ( 'NONE', #9443, 1000.000000000000000 ) ;
#8401 = ORIENTED_EDGE ( 'NONE', *, *, #8153, .F. ) ;
#8402 = VERTEX_POINT ( 'NONE', #5644 ) ;
#8403 = VECTOR ( 'NONE', #3913, 1000.000000000000000 ) ;
#8404 = ORIENTED_EDGE ( 'NONE', *, *, #558, .T. ) ;
#8405 = CARTESIAN_POINT ( 'NONE',  ( 5.502002345020141405, 2.201212768588828972, -3.283747465581744684 ) ) ;
#8406 = AXIS2_PLACEMENT_3D ( 'NONE', #7999, #2691, #7857 ) ;
#8407 = AXIS2_PLACEMENT_3D ( 'NONE', #390, #8311, #1028 ) ;
#8408 = ADVANCED_FACE ( 'NONE', ( #8562 ), #8504, .T. ) ;
#8409 = DIRECTION ( 'NONE',  ( -0.000000000000000000, 0.000000000000000000, -1.000000000000000000 ) ) ;
#8411 = CARTESIAN_POINT ( 'NONE',  ( 299.2999999999999545, 4.296441359891090883, -7.505426300442365140 ) ) ;
#8410 = AXIS2_PLACEMENT_3D ( 'NONE', #235, #3174, #6845 ) ;
#8412 = CARTESIAN_POINT ( 'NONE',  ( 1.499999999999939826, 1.571505490158367824, -2.123190884288185920 ) ) ;
#8413 = LINE ( 'NONE', #1404, #6869 ) ;
#8414 = AXIS2_PLACEMENT_3D ( 'NONE', #9287, #2728, #1912 ) ;
#8415 = COLOUR_RGB ( '',0.6470588235294117974, 0.6196078431372549211, 0.5882352941176470784 ) ;
#8416 = ORIENTED_EDGE ( 'NONE', *, *, #2995, .F. ) ;
#8417 = LINE ( 'NONE', #9185, #2769 ) ;
#8418 = AXIS2_PLACEMENT_3D ( 'NONE', #7877, #2091, #9187 ) ;
#8419 = VECTOR ( 'NONE', #8715, 1000.000000000000000 ) ;
#8420 = CARTESIAN_POINT ( 'NONE',  ( 299.2999999999999545, 3.026389538271987423, -11.50807386935497867 ) ) ;
#8421 = CARTESIAN_POINT ( 'NONE',  ( -0.6599999999999858202, 0.6599969120815496471, 7.510246527350911805 ) ) ;
#8422 = LINE ( 'NONE', #5556, #6195 ) ;
#8423 = CARTESIAN_POINT ( 'NONE',  ( 1.499999999999939826, -4.817379405507075774, -7.116761230117741199 ) ) ;
#8424 = EDGE_CURVE ( 'NONE', #727, #5120, #5013, .T. ) ;
#8425 = DIRECTION ( 'NONE',  ( 0.000000000000000000, 0.000000000000000000, 1.000000000000000000 ) ) ;
#8426 = ORIENTED_EDGE ( 'NONE', *, *, #3914, .F. ) ;
#8427 = VERTEX_POINT ( 'NONE', #3773 ) ;
#8428 = EDGE_LOOP ( 'NONE', ( #8602, #6050, #1888, #4952, #6174 ) ) ;
#8429 = LINE ( 'NONE', #2145, #5809 ) ;
#8430 = VERTEX_POINT ( 'NONE', #1510 ) ;
#8431 = LINE ( 'NONE', #3982, #1378 ) ;
#8432 = EDGE_CURVE ( 'NONE', #8251, #2359, #4392, .T. ) ;
#8433 = LINE ( 'NONE', #7700, #2758 ) ;
#8434 = CARTESIAN_POINT ( 'NONE',  ( 1.000000000000000000, 1.340049406695259959, 7.424802541892311147 ) ) ;
#8435 = EDGE_CURVE ( 'NONE', #2271, #7389, #7219, .T. ) ;
#8436 = DIRECTION ( 'NONE',  ( 0.000000000000000000, 0.000000000000000000, -1.000000000000000000 ) ) ;
#8437 = CARTESIAN_POINT ( 'NONE',  ( -5.591000000000060588, 2.791380799352037201, -12.00000000000000178 ) ) ;
#8438 = ORIENTED_EDGE ( 'NONE', *, *, #9280, .T. ) ;
#8439 = ORIENTED_EDGE ( 'NONE', *, *, #1228, .T. ) ;
#8440 = ORIENTED_EDGE ( 'NONE', *, *, #2684, .F. ) ;
#8441 = CARTESIAN_POINT ( 'NONE',  ( -4.453112755776791332, -1.447010295314860251, -6.786618903461214991 ) ) ;
#8442 = ORIENTED_EDGE ( 'NONE', *, *, #8424, .F. ) ;
#8443 = CARTESIAN_POINT ( 'NONE',  ( 4.249999762008569881, 4.350200350601320487, 5.621181976293484261 ) ) ;
#8444 = CARTESIAN_POINT ( 'NONE',  ( -4.050000237991429053, -1.926335649230739744, 7.570146519281761854 ) ) ;
#8445 = CARTESIAN_POINT ( 'NONE',  ( -1.196262859121639988, -4.395153435249019580, 7.205220410559250332 ) ) ;
#8446 = PLANE ( 'NONE',  #7862 ) ;
#8447 = DIRECTION ( 'NONE',  ( -0.000000000000000000, 1.173967842118904391E-14, 1.000000000000000000 ) ) ;
#8448 = CARTESIAN_POINT ( 'NONE',  ( -1.268131429560817924, -3.569272152702968270, 7.277088980998430046 ) ) ;
#8449 = VERTEX_POINT ( 'NONE', #2814 ) ;
#8450 = ORIENTED_EDGE ( 'NONE', *, *, #461, .T. ) ;
#8451 = EDGE_CURVE ( 'NONE', #6978, #2185, #1231, .T. ) ;
#8452 = ORIENTED_EDGE ( 'NONE', *, *, #8171, .F. ) ;
#8453 = CARTESIAN_POINT ( 'NONE',  ( -4.202021667889795253, 4.567949747111334169, 10.74045764952613169 ) ) ;
#8454 = DIRECTION ( 'NONE',  ( 0.000000000000000000, 0.000000000000000000, 1.000000000000000000 ) ) ;
#8455 = DIRECTION ( 'NONE',  ( -0.000000000000000000, -0.000000000000000000, -1.000000000000000000 ) ) ;
#8456 = CARTESIAN_POINT ( 'NONE',  ( 1.602906781438529604, 1.932139300074104726, 0.2999999999999999334 ) ) ;
#8457 = LINE ( 'NONE', #2564, #3063 ) ;
#8458 = EDGE_CURVE ( 'NONE', #1604, #5427, #5422, .T. ) ;
#8459 = ORIENTED_EDGE ( 'NONE', *, *, #6925, .T. ) ;
#8460 = VECTOR ( 'NONE', #2762, 1000.000000000000000 ) ;
#8461 = DIRECTION ( 'NONE',  ( -1.000000000000000000, 0.000000000000000000, -0.000000000000000000 ) ) ;
#8462 = DIRECTION ( 'NONE',  ( -1.000000000000000000, 0.000000000000000000, 0.000000000000000000 ) ) ;
#8463 = CARTESIAN_POINT ( 'NONE',  ( -5.591000000000060588, 4.771167705692607619, -8.898559815854707011 ) ) ;
#8464 = SURFACE_STYLE_USAGE ( .BOTH. , #9052 ) ;
#8465 = DIRECTION ( 'NONE',  ( -0.000000000000000000, -0.000000000000000000, 1.000000000000000000 ) ) ;
#8466 = CARTESIAN_POINT ( 'NONE',  ( 4.049999762008569704, 4.972880154081113169, 5.808574268657101136 ) ) ;
#8467 = EDGE_CURVE ( 'NONE', #3177, #5250, #9423, .T. ) ;
#8468 = ORIENTED_EDGE ( 'NONE', *, *, #470, .F. ) ;
#8469 = DIRECTION ( 'NONE',  ( -0.7071067811865486830, -0.000000000000000000, -0.7071067811865464625 ) ) ;
#8470 = DIRECTION ( 'NONE',  ( 0.000000000000000000, 0.000000000000000000, 1.000000000000000000 ) ) ;
#8471 = SURFACE_STYLE_FILL_AREA ( #9104 ) ;
#8472 =( NAMED_UNIT ( * ) PLANE_ANGLE_UNIT ( ) SI_UNIT ( $, .RADIAN. ) );
#8473 = UNCERTAINTY_MEASURE_WITH_UNIT (LENGTH_MEASURE( 1.000000000000000082E-05 ), #6853, 'distance_accuracy_value', 'NONE');
#8474 = CARTESIAN_POINT ( 'NONE',  ( -2.566149105956548215, 6.256153942816520264, 10.69655310362888834 ) ) ;
#8475 = DIRECTION ( 'NONE',  ( -0.000000000000000000, 1.000000000000000000, -0.000000000000000000 ) ) ;
#8476 = SURFACE_STYLE_USAGE ( .BOTH. , #9248 ) ;
#8477 = ORIENTED_EDGE ( 'NONE', *, *, #6721, .T. ) ;
#8478 = CARTESIAN_POINT ( 'NONE',  ( -4.592609691510768144, -1.283971684949298586, -4.940727992907937960 ) ) ;
#8479 = ORIENTED_EDGE ( 'NONE', *, *, #5216, .T. ) ;
#8480 = EDGE_CURVE ( 'NONE', #8155, #5329, #1421, .T. ) ;
#8481 = CARTESIAN_POINT ( 'NONE',  ( -4.515941763522656416, -1.283860147659377615, -6.820759934706209116 ) ) ;
#8482 = ADVANCED_FACE ( 'NONE', ( #7401 ), #2910, .T. ) ;
#8483 = ORIENTED_EDGE ( 'NONE', *, *, #9334, .F. ) ;
#8484 = DIRECTION ( 'NONE',  ( 0.000000000000000000, 0.000000000000000000, 1.000000000000000000 ) ) ;
#8485 = DIRECTION ( 'NONE',  ( -0.000000000000000000, -0.000000000000000000, -1.000000000000000000 ) ) ;
#8486 = B_SPLINE_SURFACE_WITH_KNOTS ( 'NONE', 5, 5, ( 
 ( #5240, #6049, #5473, #6097, #1877, #333, #926, #6187, #2407, #9023, #5327, #3996 ),
 ( #194, #1775, #4696, #1012, #9111, #9158, #6899, #8386, #8250, #969, #2546, #7532 ),
 ( #2460, #8342, #7573, #7617, #1690, #3856, #2501, #1734, #3132, #4607, #6232, #6946 ),
 ( #5529, #5381, #6761, #2597, #1828, #3898, #6803, #4652, #3176, #288, #8297, #7668 ),
 ( #3939, #3224, #6145, #5426, #1064, #4751, #8526, #7810, #1972, #1919, #428, #4940 ),
 ( #4838, #8625, #5669, #4894, #6326, #2064, #4264, #1248, #1197, #7096, #9251, #8671 ),
 ( #4173, #7853, #526, #4986, #1144, #7191, #627, #7893, #1293, #570, #1340, #3550 ),
 ( #6364, #9298, #9398, #6994, #7137, #3452, #8478, #6285, #4076, #3409, #2739, #8584 ),
 ( #2020, #4215, #7750, #3361, #3500, #2110, #9207, #7707, #6465, #2830, #6420, #7051 ),
 ( #5754, #5612, #9355, #2788, #2645, #5711, #5574, #4128, #484, #2685, #2927, #814 ),
 ( #5088, #715, #2212, #5808, #1480, #5859, #8772, #7950, #7235, #3021, #3791, #4318 ),
 ( #4365, #8728, #9496, #7330, #5228, #1437, #8913, #5131, #4412, #5903, #41, #1393 ) ),
 .UNSPECIFIED., .F., .F., .F.,
 ( 6, 3, 3, 6 ),
 ( 6, 3, 3, 6 ),
 ( -0.1968353929899004928, -0.03131198162355269821, 0.05211118982836485114, 0.2189575327321999498 ),
 ( -0.2067427126547543570, -0.04134893604291625668, 0.04134828679975616206, 0.2067427324851008885 ),
 .UNSPECIFIED. ) ;
#8487 =( NAMED_UNIT ( * ) SI_UNIT ( $, .STERADIAN. ) SOLID_ANGLE_UNIT ( ) );
#8488 = CARTESIAN_POINT ( 'NONE',  ( 1.499999999999939826, 1.571505490158366936, -9.876809115711813192 ) ) ;
#8489 = LINE ( 'NONE', #9406, #7313 ) ;
#8490 = DIRECTION ( 'NONE',  ( -3.183272527090204206E-15, -1.000000000000000000, 0.000000000000000000 ) ) ;
#8491 = EDGE_LOOP ( 'NONE', ( #9471, #5142, #462, #2612 ) ) ;
#8492 = ADVANCED_FACE ( 'NONE', ( #8022 ), #6594, .F. ) ;
#8493 = EDGE_LOOP ( 'NONE', ( #1337, #6812, #2220, #6896 ) ) ;
#8494 = ORIENTED_EDGE ( 'NONE', *, *, #682, .F. ) ;
#8495 = DIRECTION ( 'NONE',  ( 0.000000000000000000, 0.000000000000000000, -1.000000000000000000 ) ) ;
#8496 = FILL_AREA_STYLE_COLOUR ( '', #4416 ) ;
#8497 = DIRECTION ( 'NONE',  ( -1.000000000000000000, 0.000000000000000000, 0.000000000000000000 ) ) ;
#8498 = CARTESIAN_POINT ( 'NONE',  ( -4.250000237991429231, -1.726335645957850939, 0.2607234077042788756 ) ) ;
#8499 = DIRECTION ( 'NONE',  ( 0.000000000000000000, 0.000000000000000000, -1.000000000000000000 ) ) ;
#8500 = ORIENTED_EDGE ( 'NONE', *, *, #4671, .T. ) ;
#8501 = CARTESIAN_POINT ( 'NONE',  ( -4.500000237991429231, -2.339157802475679837, 10.38998545934429885 ) ) ;
#8502 = ORIENTED_EDGE ( 'NONE', *, *, #9430, .F. ) ;
#8503 = AXIS2_PLACEMENT_3D ( 'NONE', #198, #6105, #2412 ) ;
#8504 = PLANE ( 'NONE',  #3532 ) ;
#8505 = B_SPLINE_CURVE_WITH_KNOTS ( 'NONE', 3,
 ( #7759, #4041, #9306, #3416, #5679, #2028, #6333, #4083 ),
 .UNSPECIFIED., .F., .F.,
 ( 4, 2, 2, 4 ),
 ( 0.000000000000000000, 0.0001332780820268715625, 0.0002665561640537431249, 0.0005331123281074872256 ),
 .UNSPECIFIED. ) ;
#8506 = CARTESIAN_POINT ( 'NONE',  ( 5.499999999999949374, -6.750000000000033751, -0.02457572932290305601 ) ) ;
#8507 = DIRECTION ( 'NONE',  ( 0.000000000000000000, 0.000000000000000000, 1.000000000000000000 ) ) ;
#8508 = EDGE_CURVE ( 'NONE', #3439, #6791, #4443, .T. ) ;
#8509 = CARTESIAN_POINT ( 'NONE',  ( 1.339999999999990088, 1.339999999999999414, 7.505220410559250155 ) ) ;
#8510 = CARTESIAN_POINT ( 'NONE',  ( 4.343749762008579651, -1.926335649230739744, 9.918970410559298401 ) ) ;
#8511 = FACE_OUTER_BOUND ( 'NONE', #1591, .T. ) ;
#8512 = VERTEX_POINT ( 'NONE', #839 ) ;
#8513 = COLOUR_RGB ( '',0.9019607843137255054, 0.9019607843137255054, 0.9019607843137255054 ) ;
#8514 = VECTOR ( 'NONE', #5635, 1000.000000000000000 ) ;
#8515 = ORIENTED_EDGE ( 'NONE', *, *, #4419, .F. ) ;
#8516 = DIRECTION ( 'NONE',  ( 0.000000000000000000, -0.000000000000000000, -1.000000000000000000 ) ) ;
#8517 = DIRECTION ( 'NONE',  ( 0.000000000000000000, 1.044915787882490092E-14, 1.000000000000000000 ) ) ;
#8518 = DIRECTION ( 'NONE',  ( -1.000000000000000000, -0.000000000000000000, -0.000000000000000000 ) ) ;
#8519 = EDGE_CURVE ( 'NONE', #4912, #8815, #113, .T. ) ;
#8520 = CARTESIAN_POINT ( 'NONE',  ( 5.518594994349715677, 3.236405030053004062, -0.08632076316036337016 ) ) ;
#8521 = CARTESIAN_POINT ( 'NONE',  ( 0.6599999999999890399, 0.6599999999999975886, 7.505220410559250155 ) ) ;
#8522 = CARTESIAN_POINT ( 'NONE',  ( -4.502012233507579175, -1.626335649230739921, 0.2999999999999999334 ) ) ;
#8523 = CIRCLE ( 'NONE', #1486, 0.7200000000000001954 ) ;
#8524 = VERTEX_POINT ( 'NONE', #6149 ) ;
#8525 = ORIENTED_EDGE ( 'NONE', *, *, #669, .T. ) ;
#8526 = CARTESIAN_POINT ( 'NONE',  ( -4.593996989776787387, -1.283971684949300585, -5.057255846633124108 ) ) ;
#8527 = ORIENTED_EDGE ( 'NONE', *, *, #2467, .T. ) ;
#8528 = CARTESIAN_POINT ( 'NONE',  ( -4.563347156091380974, -1.267545080659895573, -6.889041997196197364 ) ) ;
#8529 = EDGE_LOOP ( 'NONE', ( #733, #3722, #1047, #8782 ) ) ;
#8530 = AXIS2_PLACEMENT_3D ( 'NONE', #767, #7372, #2208 ) ;
#8531 = CARTESIAN_POINT ( 'NONE',  ( -0.8824830448282301454, 6.538603833290573597, -3.371425378136403861 ) ) ;
#8532 = CARTESIAN_POINT ( 'NONE',  ( 5.597458479919875884, 3.285280677383884740, -0.1245757293229024509 ) ) ;
#8533 = CARTESIAN_POINT ( 'NONE',  ( 5.499999999999949374, -3.834801901544083957, -2.940962153935815060 ) ) ;
#8534 = DIRECTION ( 'NONE',  ( 0.000000000000000000, 0.000000000000000000, -1.000000000000000000 ) ) ;
#8535 = CYLINDRICAL_SURFACE ( 'NONE', #1650, 2.451402828728284522 ) ;
#8536 = VECTOR ( 'NONE', #832, 1000.000000000000000 ) ;
#8537 = DIRECTION ( 'NONE',  ( 0.000000000000000000, 1.000000000000000000, 0.000000000000000000 ) ) ;
#8538 = PRODUCT_RELATED_PRODUCT_CATEGORY ( 'part', '', ( #9257 ) ) ;
#8539 = ORIENTED_EDGE ( 'NONE', *, *, #2577, .T. ) ;
#8540 = EDGE_CURVE ( 'NONE', #6813, #6314, #285, .T. ) ;
#8541 = VERTEX_POINT ( 'NONE', #3266 ) ;
#8542 = CIRCLE ( 'NONE', #5491, 2.832967397192063697 ) ;
#8543 = CARTESIAN_POINT ( 'NONE',  ( 8.399999999999948841, 0.8170932621786820560, -0.1245757293229024509 ) ) ;
#8544 = AXIS2_PLACEMENT_3D ( 'NONE', #1938, #5002, #9320 ) ;
#8545 = ORIENTED_EDGE ( 'NONE', *, *, #8435, .F. ) ;
#8546 = AXIS2_PLACEMENT_3D ( 'NONE', #5419, #6941, #7612 ) ;
#8547 = DIRECTION ( 'NONE',  ( -1.000000000000000000, -0.000000000000000000, -0.000000000000000000 ) ) ;
#8548 = EDGE_CURVE ( 'NONE', #5826, #8639, #8025, .T. ) ;
#8549 = SURFACE_STYLE_USAGE ( .BOTH. , #4292 ) ;
#8550 = PRESENTATION_LAYER_ASSIGNMENT (  '', '', ( #4265 ) ) ;
#8551 = DIRECTION ( 'NONE',  ( 0.000000000000000000, 0.000000000000000000, -1.000000000000000000 ) ) ;
#8552 = CARTESIAN_POINT ( 'NONE',  ( -4.037378949650316073, -1.888471784207399029, 0.1489148333228887955 ) ) ;
#8553 = CARTESIAN_POINT ( 'NONE',  ( -5.591000000000060588, 3.243903520801310947, -12.00000000000000000 ) ) ;
#8554 = COLOUR_RGB ( '',0.9019607843137255054, 0.9019607843137255054, 0.9019607843137255054 ) ;
#8555 = VERTEX_POINT ( 'NONE', #2331 ) ;
#8556 = AXIS2_PLACEMENT_3D ( 'NONE', #6927, #6267, #2774 ) ;
#8557 = DIRECTION ( 'NONE',  ( -1.000000000000000000, -0.000000000000000000, -0.000000000000000000 ) ) ;
#8558 = EDGE_CURVE ( 'NONE', #6070, #7239, #1834, .T. ) ;
#8559 =( GEOMETRIC_REPRESENTATION_CONTEXT ( 3 ) GLOBAL_UNCERTAINTY_ASSIGNED_CONTEXT ( ( #8663 ) ) GLOBAL_UNIT_ASSIGNED_CONTEXT ( ( #274, #9060, #4687 ) ) REPRESENTATION_CONTEXT ( 'NONE', 'WORKASPACE' ) );
#8560 = AXIS2_PLACEMENT_3D ( 'NONE', #797, #4619, #7544 ) ;
#8561 = VECTOR ( 'NONE', #3595, 1000.000000000000000 ) ;
#8562 = FACE_OUTER_BOUND ( 'NONE', #2010, .T. ) ;
#8563 = CARTESIAN_POINT ( 'NONE',  ( 5.599962694209312808, 3.190044526193722252, -11.87542427067709561 ) ) ;
#8564 = CARTESIAN_POINT ( 'NONE',  ( -0.6600000000000000311, 0.7000000000000081712, 7.205220410559250332 ) ) ;
#8565 = VECTOR ( 'NONE', #7691, 1000.000000000000000 ) ;
#8566 = FACE_OUTER_BOUND ( 'NONE', #1270, .T. ) ;
#8567 = DIRECTION ( 'NONE',  ( 0.000000000000000000, -0.000000000000000000, -1.000000000000000000 ) ) ;
#8568 = CARTESIAN_POINT ( 'NONE',  ( 1.499999999999939826, -1.275702287286611059, -7.069655554617711779 ) ) ;
#8569 = ORIENTED_EDGE ( 'NONE', *, *, #7718, .T. ) ;
#8570 = PRODUCT_DEFINITION_SHAPE ( 'NONE', 'NONE',  #5860 ) ;
#8571 = EDGE_CURVE ( 'NONE', #6298, #5976, #504, .T. ) ;
#8572 =( GEOMETRIC_REPRESENTATION_CONTEXT ( 3 ) GLOBAL_UNCERTAINTY_ASSIGNED_CONTEXT ( ( #3592 ) ) GLOBAL_UNIT_ASSIGNED_CONTEXT ( ( #4348, #3691, #697 ) ) REPRESENTATION_CONTEXT ( 'NONE', 'WORKASPACE' ) );
#8573 = ORIENTED_EDGE ( 'NONE', *, *, #6637, .F. ) ;
#8574 = LINE ( 'NONE', #4828, #5517 ) ;
#8575 = LINE ( 'NONE', #7089, #1068 ) ;
#8576 = LINE ( 'NONE', #9436, #162 ) ;
#8577 =( LENGTH_UNIT ( ) NAMED_UNIT ( * ) SI_UNIT ( .MILLI., .METRE. ) );
#8578 = CARTESIAN_POINT ( 'NONE',  ( 8.499999999999948486, 0.2193455792998321996, -11.77542427067706221 ) ) ;
#8579 = CARTESIAN_POINT ( 'NONE',  ( -3.500000237991430119, -1.926335649230739744, 9.075220410559261097 ) ) ;
#8580 = CARTESIAN_POINT ( 'NONE',  ( -4.250000237991429231, 6.073626543402451006, 0.2999999999999999334 ) ) ;
#8581 = ORIENTED_EDGE ( 'NONE', *, *, #968, .T. ) ;
#8582 = VERTEX_POINT ( 'NONE', #434 ) ;
#8583 = ADVANCED_FACE ( 'NONE', ( #2505 ), #8166, .T. ) ;
#8584 = CARTESIAN_POINT ( 'NONE',  ( -4.492062253560276552, -1.482445019771711170, -4.940727992907929078 ) ) ;
#8585 = ORIENTED_EDGE ( 'NONE', *, *, #1540, .F. ) ;
#8586 = CARTESIAN_POINT ( 'NONE',  ( -4.487629332040001806, -1.218599879661447449, -7.213381100741846907 ) ) ;
#8587 = CIRCLE ( 'NONE', #7511, 0.2999999999999999889 ) ;
#8588 = VERTEX_POINT ( 'NONE', #4080 ) ;
#8589 = LINE ( 'NONE', #4272, #5968 ) ;
#8590 = CARTESIAN_POINT ( 'NONE',  ( 5.574701931632918495, 3.332005751192827159, -0.1245757293229024509 ) ) ;
#8591 = CARTESIAN_POINT ( 'NONE',  ( 8.399999999999948841, 3.095100562410515455, -3.680812209029087789 ) ) ;
#8592 = LINE ( 'NONE', #8488, #2668 ) ;
#8593 = CARTESIAN_POINT ( 'NONE',  ( -4.050000237991429053, -1.926335649230739744, 7.570146519281761854 ) ) ;
#8594 = DIRECTION ( 'NONE',  ( 0.000000000000000000, -1.000000000000000000, 0.000000000000000000 ) ) ;
#8595 = ORIENTED_EDGE ( 'NONE', *, *, #8842, .F. ) ;
#8596 = VERTEX_POINT ( 'NONE', #1738 ) ;
#8597 = CARTESIAN_POINT ( 'NONE',  ( 2.488007246420603558, -1.926335649230886959, 0.2999999999999964362 ) ) ;
#8598 = ORIENTED_EDGE ( 'NONE', *, *, #7659, .F. ) ;
#8599 = PRESENTATION_STYLE_ASSIGNMENT (( #642 ) ) ;
#8600 =( NAMED_UNIT ( * ) SI_UNIT ( $, .STERADIAN. ) SOLID_ANGLE_UNIT ( ) );
#8601 = DIRECTION ( 'NONE',  ( 0.000000000000000000, 0.000000000000000000, -1.000000000000000000 ) ) ;
#8602 = ORIENTED_EDGE ( 'NONE', *, *, #9099, .F. ) ;
#8603 = PLANE ( 'NONE',  #7008 ) ;
#8604 = ORIENTED_EDGE ( 'NONE', *, *, #394, .T. ) ;
#8605 = DIRECTION ( 'NONE',  ( 0.000000000000000000, 0.7483469392281398846, -0.6633075143158524423 ) ) ;
#8606 = EDGE_CURVE ( 'NONE', #8649, #1418, #1780, .T. ) ;
#8607 = DIRECTION ( 'NONE',  ( 0.000000000000000000, -1.000000000000000000, 0.000000000000000000 ) ) ;
#8608 = ADVANCED_FACE ( 'NONE', ( #4000 ), #8346, .T. ) ;
#8609 = DIRECTION ( 'NONE',  ( -1.000000000000000000, -0.000000000000000000, -0.000000000000000000 ) ) ;
#8610 = LINE ( 'NONE', #4927, #4172 ) ;
#8611 = CARTESIAN_POINT ( 'NONE',  ( 5.499999999996322941, 0.7257020651610170958, -1.724024002747562401 ) ) ;
#8612 = CARTESIAN_POINT ( 'NONE',  ( 2.488007230840694195, -1.271866509722523686, 0.2999999999999999334 ) ) ;
#8613 = CARTESIAN_POINT ( 'NONE',  ( 299.2999999999999545, 3.640943135231430539, -1.903384321513847732 ) ) ;
#8614 = ORIENTED_EDGE ( 'NONE', *, *, #6218, .F. ) ;
#8615 = VERTEX_POINT ( 'NONE', #2602 ) ;
#8616 = CARTESIAN_POINT ( 'NONE',  ( -4.250000237991429231, -1.726335649230739788, 2.972276292613179827 ) ) ;
#8617 = DIRECTION ( 'NONE',  ( 0.000000000000000000, -1.000000000000000000, -0.000000000000000000 ) ) ;
#8618 = CARTESIAN_POINT ( 'NONE',  ( -3.500000237991430119, -3.176335649230749514, 1.575220410559260209 ) ) ;
#8619 = CARTESIAN_POINT ( 'NONE',  ( 1.340000000000000080, 0.6999999999999998446, 7.205220410559250332 ) ) ;
#8620 = ADVANCED_FACE ( 'NONE', ( #8897 ), #9211, .T. ) ;
#8621 = CARTESIAN_POINT ( 'NONE',  ( 4.372664976581895679, 3.640943135232369343, -304.8000000000000114 ) ) ;
#8622 = CARTESIAN_POINT ( 'NONE',  ( -3.950000237991428964, 5.973626543402450473, 0.000000000000000000 ) ) ;
#8623 = EDGE_LOOP ( 'NONE', ( #8362, #6909, #7583, #1811 ) ) ;
#8624 = ORIENTED_EDGE ( 'NONE', *, *, #6143, .F. ) ;
#8625 = CARTESIAN_POINT ( 'NONE',  ( -4.519855385395227465, -1.102038329954225349, -5.007466530069471844 ) ) ;
#8626 = EDGE_LOOP ( 'NONE', ( #8179, #152, #5393 ) ) ;
#8627 = CARTESIAN_POINT ( 'NONE',  ( -4.543382052971320917, -1.414380291900731779, -6.991465090931176185 ) ) ;
#8628 = ORIENTED_EDGE ( 'NONE', *, *, #4620, .F. ) ;
#8629 = LINE ( 'NONE', #4898, #1517 ) ;
#8630 = CARTESIAN_POINT ( 'NONE',  ( 5.538767608661307129, 2.189106853608516978, -8.772374950052771680 ) ) ;
#8631 = DIRECTION ( 'NONE',  ( -1.000000000000000000, 0.000000000000000000, 0.000000000000000000 ) ) ;
#8632 = CARTESIAN_POINT ( 'NONE',  ( -5.591000000000060588, 6.749999999999978684, -12.00000000000000000 ) ) ;
#8633 = DIRECTION ( 'NONE',  ( 1.000000000000000000, 0.000000000000000000, -1.224646799147353207E-16 ) ) ;
#8634 = ADVANCED_FACE ( 'NONE', ( #4843 ), #1202, .F. ) ;
#8635 = FACE_OUTER_BOUND ( 'NONE', #3429, .T. ) ;
#8636 = VERTEX_POINT ( 'NONE', #2025 ) ;
#8637 = ORIENTED_EDGE ( 'NONE', *, *, #5483, .F. ) ;
#8638 = DIRECTION ( 'NONE',  ( 0.000000000000000000, 0.000000000000000000, 1.000000000000000000 ) ) ;
#8639 = VERTEX_POINT ( 'NONE', #8733 ) ;
#8640 = DIRECTION ( 'NONE',  ( -1.000000000000000000, 3.183272527090203812E-15, 0.000000000000000000 ) ) ;
#8641 = DIRECTION ( 'NONE',  ( 0.000000000000000000, 1.000000000000000000, 0.000000000000000000 ) ) ;
#8642 = DIRECTION ( 'NONE',  ( 0.000000000000000000, 0.000000000000000000, 1.000000000000000000 ) ) ;
#8643 = DIRECTION ( 'NONE',  ( 0.000000000000000000, 0.000000000000000000, -1.000000000000000000 ) ) ;
#8644 = EDGE_CURVE ( 'NONE', #1493, #4048, #3440, .T. ) ;
#8645 = ORIENTED_EDGE ( 'NONE', *, *, #120, .T. ) ;
#8646 =( BOUNDED_CURVE ( )  B_SPLINE_CURVE ( 3, ( #4137, #4847, #1152, #5582 ),
 .UNSPECIFIED., .F., .F. ) 
 B_SPLINE_CURVE_WITH_KNOTS ( ( 4, 4 ),
 ( 5.483599626858140397, 6.150722195350325272 ),
 .UNSPECIFIED. ) 
 CURVE ( )  GEOMETRIC_REPRESENTATION_ITEM ( )  RATIONAL_B_SPLINE_CURVE ( ( 1.000000000000000000, 0.9632548916232350766, 0.9632548916232350766, 1.000000000000000000 ) ) 
 REPRESENTATION_ITEM ( '' )  );
#8647 = DIRECTION ( 'NONE',  ( 0.000000000000000000, 0.000000000000000000, -1.000000000000000000 ) ) ;
#8648 = ORIENTED_EDGE ( 'NONE', *, *, #3597, .F. ) ;
#8649 = VERTEX_POINT ( 'NONE', #9402 ) ;
#8650 = CARTESIAN_POINT ( 'NONE',  ( 1.499999999999939826, -1.468035014617230072, -0.9929644752390694995 ) ) ;
#8651 = DIRECTION ( 'NONE',  ( 0.000000000000000000, 2.027198695514634932E-16, 1.000000000000000000 ) ) ;
#8652 = DIRECTION ( 'NONE',  ( 0.000000000000000000, 0.000000000000000000, 1.000000000000000000 ) ) ;
#8653 = DIRECTION ( 'NONE',  ( 0.000000000000000000, -1.000000000000000000, 0.000000000000000000 ) ) ;
#8654 = PLANE ( 'NONE',  #731 ) ;
#8655 = DIRECTION ( 'NONE',  ( 0.000000000000000000, -1.000000000000000000, 0.000000000000000000 ) ) ;
#8656 = EDGE_CURVE ( 'NONE', #2336, #830, #5819, .T. ) ;
#8657 = EDGE_CURVE ( 'NONE', #6581, #1438, #2750, .T. ) ;
#8658 = VECTOR ( 'NONE', #1696, 1000.000000000000000 ) ;
#8659 = ORIENTED_EDGE ( 'NONE', *, *, #7741, .F. ) ;
#8660 = LINE ( 'NONE', #1185, #5360 ) ;
#8661 = DIRECTION ( 'NONE',  ( -1.000000000000000000, 0.000000000000000000, 0.000000000000000000 ) ) ;
#8662 = CARTESIAN_POINT ( 'NONE',  ( -5.591000000000060588, 1.571505490158367824, -12.00000000000000000 ) ) ;
#8663 = UNCERTAINTY_MEASURE_WITH_UNIT (LENGTH_MEASURE( 1.000000000000000082E-05 ), #274, 'distance_accuracy_value', 'NONE');
#8664 = EDGE_CURVE ( 'NONE', #3465, #5152, #6515, .T. ) ;
#8665 = CARTESIAN_POINT ( 'NONE',  ( 5.539841151896156113, 0.7978219265476272914, -10.25587063374727670 ) ) ;
#8666 = STYLED_ITEM ( 'NONE', ( #7 ), #446 ) ;
#8667 = LINE ( 'NONE', #6507, #4408 ) ;
#8668 = CARTESIAN_POINT ( 'NONE',  ( -4.509000241898469596, -2.339157802475679837, 10.38998545934429885 ) ) ;
#8669 = ORIENTED_EDGE ( 'NONE', *, *, #4880, .T. ) ;
#8670 = EDGE_CURVE ( 'NONE', #830, #7108, #5758, .T. ) ;
#8671 = CARTESIAN_POINT ( 'NONE',  ( -4.495976627514936652, -1.482445019771712502, -5.007466530069463850 ) ) ;
#8672 = VERTEX_POINT ( 'NONE', #4944 ) ;
#8673 = SHAPE_DEFINITION_REPRESENTATION ( #8570, #6676 ) ;
#8674 = CARTESIAN_POINT ( 'NONE',  ( -4.539747510223512528, -1.283860147659377615, -7.145099315564573672 ) ) ;
#8675 = EDGE_LOOP ( 'NONE', ( #2580, #7289, #3502, #3864, #3541, #2450 ) ) ;
#8676 = CARTESIAN_POINT ( 'NONE',  ( 3.231992527927886716, 4.617096675739447598, -2.005094900798208180 ) ) ;
#8677 = CARTESIAN_POINT ( 'NONE',  ( 5.502952501182452494, 2.200945361049301052, -8.717434427985367051 ) ) ;
#8678 = CARTESIAN_POINT ( 'NONE',  ( -4.187244529684218008, 4.619385600054272345, 5.755517133272030073 ) ) ;
#8679 = CARTESIAN_POINT ( 'NONE',  ( -3.000336060065406762, 6.073626543406370537, 10.80857426865710202 ) ) ;
#8680 = ORIENTED_EDGE ( 'NONE', *, *, #5363, .T. ) ;
#8681 = VECTOR ( 'NONE', #5276, 1000.000000000000000 ) ;
#8682 = ORIENTED_EDGE ( 'NONE', *, *, #6445, .F. ) ;
#8683 = LINE ( 'NONE', #4143, #7015 ) ;
#8684 = CIRCLE ( 'NONE', #5783, 0.1999999999999996503 ) ;
#8685 = VECTOR ( 'NONE', #864, 1000.000000000000000 ) ;
#8686 = EDGE_LOOP ( 'NONE', ( #6443, #8307, #7277, #8648 ) ) ;
#8687 = EDGE_CURVE ( 'NONE', #8596, #1223, #8092, .T. ) ;
#8688 = CARTESIAN_POINT ( 'NONE',  ( 8.486657381377364473, 2.222464442852960520, -3.157595875962473375 ) ) ;
#8689 = ORIENTED_EDGE ( 'NONE', *, *, #1122, .T. ) ;
#8690 = AXIS2_PLACEMENT_3D ( 'NONE', #4863, #3427, #6302 ) ;
#8691 = CARTESIAN_POINT ( 'NONE',  ( 2.935098673953480564, -1.271866509722523686, 0.2999999999999999334 ) ) ;
#8692 = DIRECTION ( 'NONE',  ( 0.000000000000000000, -1.000000000000000000, 0.000000000000000000 ) ) ;
#8693 = CARTESIAN_POINT ( 'NONE',  ( -5.500000000000060396, -1.275702287286611059, -2.787097040157957117 ) ) ;
#8694 = CYLINDRICAL_SURFACE ( 'NONE', #4236, 2.243247405224330748 ) ;
#8695 = VECTOR ( 'NONE', #4195, 1000.000000000000000 ) ;
#8696 = VERTEX_POINT ( 'NONE', #9303 ) ;
#8697 = ORIENTED_EDGE ( 'NONE', *, *, #5330, .T. ) ;
#8698 = AXIS2_PLACEMENT_3D ( 'NONE', #8801, #701, #1381 ) ;
#8699 = VECTOR ( 'NONE', #4647, 1000.000000000000000 ) ;
#8700 = EDGE_CURVE ( 'NONE', #2549, #5103, #7125, .T. ) ;
#8701 = CARTESIAN_POINT ( 'NONE',  ( 2.478170270984186185, 6.273626543402450295, 5.608574268657101847 ) ) ;
#8702 = DIRECTION ( 'NONE',  ( 0.000000000000000000, 0.000000000000000000, -1.000000000000000000 ) ) ;
#8703 = CIRCLE ( 'NONE', #9325, 0.2000000000000005107 ) ;
#8704 = DIRECTION ( 'NONE',  ( 1.000000000000000000, 0.000000000000000000, 0.000000000000000000 ) ) ;
#8705 = PLANE ( 'NONE',  #8771 ) ;
#8706 =( BOUNDED_CURVE ( )  B_SPLINE_CURVE ( 3, ( #5268, #3923, #6215, #1672 ),
 .UNSPECIFIED., .F., .T. ) 
 B_SPLINE_CURVE_WITH_KNOTS ( ( 4, 4 ),
 ( 1.282761996842198382, 1.570796326794896558 ),
 .UNSPECIFIED. ) 
 CURVE ( )  GEOMETRIC_REPRESENTATION_ITEM ( )  RATIONAL_B_SPLINE_CURVE ( ( 1.000000000000000000, 0.9930982934375081062, 0.9930982934375081062, 1.000000000000000000 ) ) 
 REPRESENTATION_ITEM ( '' )  );
#8707 = VECTOR ( 'NONE', #1943, 1000.000000000000000 ) ;
#8708 = CARTESIAN_POINT ( 'NONE',  ( -4.500107396240891511, -1.275702287286594627, -6.799999999999972289 ) ) ;
#8709 = CYLINDRICAL_SURFACE ( 'NONE', #599, 0.2999999999999999334 ) ;
#8710 = AXIS2_PLACEMENT_3D ( 'NONE', #260, #3877, #6782 ) ;
#8711 = VECTOR ( 'NONE', #4966, 1000.000000000000000 ) ;
#8712 = CARTESIAN_POINT ( 'NONE',  ( -0.6600000000000000311, 0.7000000000000083933, 7.205220410559250332 ) ) ;
#8713 = CIRCLE ( 'NONE', #4887, 0.2000000000000005107 ) ;
#8714 = ORIENTED_EDGE ( 'NONE', *, *, #6477, .F. ) ;
#8715 = DIRECTION ( 'NONE',  ( 0.000000000000000000, 0.000000000000000000, -1.000000000000000000 ) ) ;
#8716 = VECTOR ( 'NONE', #3456, 1000.000000000000000 ) ;
#8717 = AXIS2_PLACEMENT_3D ( 'NONE', #6249, #349, #4666 ) ;
#8718 = CARTESIAN_POINT ( 'NONE',  ( 1.499999999999939826, -1.047072641928745718, -10.45862404328944884 ) ) ;
#8719 = DIRECTION ( 'NONE',  ( 1.000000000000000000, 0.000000000000000000, 0.000000000000000000 ) ) ;
#8720 = EDGE_CURVE ( 'NONE', #9285, #192, #488, .T. ) ;
#8721 = FACE_OUTER_BOUND ( 'NONE', #590, .T. ) ;
#8722 = LINE ( 'NONE', #4315, #6548 ) ;
#8723 = CARTESIAN_POINT ( 'NONE',  ( 8.499999999999948486, 0.9170932621786138661, -11.77542427067707109 ) ) ;
#8724 = EDGE_LOOP ( 'NONE', ( #6481, #6535, #1392, #5195, #4345, #5198, #938, #8972 ) ) ;
#8725 = ORIENTED_EDGE ( 'NONE', *, *, #1227, .F. ) ;
#8726 = MECHANICAL_DESIGN_GEOMETRIC_PRESENTATION_REPRESENTATION (  '', ( #610 ), #1835 ) ;
#8727 = EDGE_CURVE ( 'NONE', #9419, #2336, #8629, .T. ) ;
#8728 = CARTESIAN_POINT ( 'NONE',  ( -4.455035412031600472, -1.102038329954221130, -4.790566284294484944 ) ) ;
#8729 = ORIENTED_EDGE ( 'NONE', *, *, #3116, .T. ) ;
#8730 = APPLICATION_PROTOCOL_DEFINITION ( 'draft international standard', 'automotive_design', 1998, #853 ) ;
#8731 = CARTESIAN_POINT ( 'NONE',  ( -4.511771410373984104, -1.218599879661447449, -6.820759934706209116 ) ) ;
#8732 = ORIENTED_EDGE ( 'NONE', *, *, #4068, .F. ) ;
#8733 = CARTESIAN_POINT ( 'NONE',  ( 4.249999762008569881, 4.337592642964938960, 5.608574268657101847 ) ) ;
#8734 = CARTESIAN_POINT ( 'NONE',  ( -5.400000000000059863, -1.275702287286611059, -3.087097040157957384 ) ) ;
#8735 = EDGE_CURVE ( 'NONE', #1503, #2989, #1397, .T. ) ;
#8736 = AXIS2_PLACEMENT_3D ( 'NONE', #5159, #7978, #68 ) ;
#8737 = SURFACE_STYLE_USAGE ( .BOTH. , #8046 ) ;
#8738 = EDGE_CURVE ( 'NONE', #1291, #410, #9255, .T. ) ;
#8739 = AXIS2_PLACEMENT_3D ( 'NONE', #506, #3432, #6348 ) ;
#8740 = CARTESIAN_POINT ( 'NONE',  ( 1.499999999999939826, -4.856079225363408192, -5.887857747749970727 ) ) ;
#8741 = FACE_OUTER_BOUND ( 'NONE', #2017, .T. ) ;
#8742 = VERTEX_POINT ( 'NONE', #7814 ) ;
#8743 = VERTEX_POINT ( 'NONE', #7897 ) ;
#8744 = CARTESIAN_POINT ( 'NONE',  ( 5.499999999999949374, 3.026389538271987423, -0.4919261306450205540 ) ) ;
#8745 = ORIENTED_EDGE ( 'NONE', *, *, #6291, .F. ) ;
#8746 = ORIENTED_EDGE ( 'NONE', *, *, #5161, .T. ) ;
#8747 = DIRECTION ( 'NONE',  ( 0.000000000000000000, 1.000000000000000000, 0.000000000000000000 ) ) ;
#8748 = CARTESIAN_POINT ( 'NONE',  ( 8.399999999999948841, 2.184171825948686418, -8.793314250264877785 ) ) ;
#8749 = CARTESIAN_POINT ( 'NONE',  ( -4.250000237991429231, 6.073626543402451006, 0.2999999999999999334 ) ) ;
#8750 = ORIENTED_EDGE ( 'NONE', *, *, #7706, .T. ) ;
#8751 = EDGE_CURVE ( 'NONE', #6079, #4469, #1345, .T. ) ;
#8752 = ORIENTED_EDGE ( 'NONE', *, *, #2961, .T. ) ;
#8753 = DIRECTION ( 'NONE',  ( -1.000000000000000000, 0.000000000000000000, 0.000000000000000000 ) ) ;
#8754 = DIRECTION ( 'NONE',  ( -0.000000000000000000, 1.000000000000000000, -0.000000000000000000 ) ) ;
#8755 = CARTESIAN_POINT ( 'NONE',  ( 4.047396956851939898, 6.265818127932563542, 0.2214751072580560809 ) ) ;
#8756 = CARTESIAN_POINT ( 'NONE',  ( 1.000000000000000000, 0.6600000000000000311, 7.505220410559251043 ) ) ;
#8757 = CARTESIAN_POINT ( 'NONE',  ( -5.400000000000059863, 0.8675451179377198230, -4.930344445382288221 ) ) ;
#8758 = EDGE_CURVE ( 'NONE', #2768, #8041, #8589, .T. ) ;
#8759 = DIRECTION ( 'NONE',  ( -0.9999999999999459321, -3.289661030248509000E-07, -0.000000000000000000 ) ) ;
#8760 = ORIENTED_EDGE ( 'NONE', *, *, #6829, .F. ) ;
#8761 = CIRCLE ( 'NONE', #8912, 0.7200000000000001954 ) ;
#8762 = LINE ( 'NONE', #2203, #4144 ) ;
#8763 = CARTESIAN_POINT ( 'NONE',  ( -2.788008628878182904, -1.488713944594956207, -6.505213034913026604E-16 ) ) ;
#8764 = SURFACE_SIDE_STYLE ('',( #7457 ) ) ;
#8765 = FACE_OUTER_BOUND ( 'NONE', #9078, .T. ) ;
#8766 = FACE_OUTER_BOUND ( 'NONE', #6007, .T. ) ;
#8767 = ADVANCED_FACE ( 'NONE', ( #7195 ), #3604, .T. ) ;
#8768 = CARTESIAN_POINT ( 'NONE',  ( 4.162696278099224934, 3.840496261161050473, -1.994818029325635900 ) ) ;
#8769 = CARTESIAN_POINT ( 'NONE',  ( -2.500063071306742213, -1.283920952151035744, 0.2051196282358476453 ) ) ;
#8770 = ORIENTED_EDGE ( 'NONE', *, *, #6367, .F. ) ;
#8771 = AXIS2_PLACEMENT_3D ( 'NONE', #2239, #114, #3056 ) ;
#8772 = CARTESIAN_POINT ( 'NONE',  ( -4.517895357526887423, -1.283971684949297032, -4.823935552875249222 ) ) ;
#8773 = ORIENTED_EDGE ( 'NONE', *, *, #2777, .T. ) ;
#8774 = CARTESIAN_POINT ( 'NONE',  ( -4.496690915178543690, -1.169654678662999991, -7.179240208153211178 ) ) ;
#8775 = PLANE ( 'NONE',  #3830 ) ;
#8776 = UNCERTAINTY_MEASURE_WITH_UNIT (LENGTH_MEASURE( 1.000000000000000082E-05 ), #7144, 'distance_accuracy_value', 'NONE');
#8777 = DIRECTION ( 'NONE',  ( 1.000000000000000000, 0.000000000000000000, -0.000000000000000000 ) ) ;
#8778 = LINE ( 'NONE', #2218, #4699 ) ;
#8779 = CARTESIAN_POINT ( 'NONE',  ( 8.499999999999948486, 3.195100562410482681, -8.793314250264890219 ) ) ;
#8780 = ORIENTED_EDGE ( 'NONE', *, *, #8068, .F. ) ;
#8781 = EDGE_LOOP ( 'NONE', ( #3745, #5087, #7854, #4203, #3528, #1104, #7141 ) ) ;
#8782 = ORIENTED_EDGE ( 'NONE', *, *, #5074, .T. ) ;
#8783 = EDGE_CURVE ( 'NONE', #6305, #2928, #2002, .T. ) ;
#8784 = EDGE_CURVE ( 'NONE', #5035, #3747, #8865, .T. ) ;
#8785 = DIRECTION ( 'NONE',  ( 1.000000000000000000, -0.000000000000000000, -0.000000000000000000 ) ) ;
#8786 = EDGE_LOOP ( 'NONE', ( #3477, #3342, #9464, #5613, #2601, #7724 ) ) ;
#8787 = CARTESIAN_POINT ( 'NONE',  ( -3.562645891095561623, -5.884663887553380768, -11.16790584316519208 ) ) ;
#8788 = EDGE_LOOP ( 'NONE', ( #2725, #668, #7297, #3151 ) ) ;
#8789 = FACE_OUTER_BOUND ( 'NONE', #4354, .T. ) ;
#8790 = CARTESIAN_POINT ( 'NONE',  ( 4.242191346538682239, -1.723732844074111759, 0.2214751072580559976 ) ) ;
#8791 = CARTESIAN_POINT ( 'NONE',  ( -4.001834001702142096, 6.025460307113163161, -1.145131339618700517E-08 ) ) ;
#8792 = ADVANCED_FACE ( 'NONE', ( #6699 ), #8143, .F. ) ;
#8793 = DIRECTION ( 'NONE',  ( 1.000000000000000000, -0.000000000000000000, -0.000000000000000000 ) ) ;
#8794 = ORIENTED_EDGE ( 'NONE', *, *, #6925, .F. ) ;
#8795 = ORIENTED_EDGE ( 'NONE', *, *, #5760, .T. ) ;
#8796 = CARTESIAN_POINT ( 'NONE',  ( 1.499999999999939826, 4.771167705692607619, -8.898559815854707011 ) ) ;
#8797 =( NAMED_UNIT ( * ) PLANE_ANGLE_UNIT ( ) SI_UNIT ( $, .RADIAN. ) );
#8798 = CARTESIAN_POINT ( 'NONE',  ( 5.500574254139193542, 3.284399111105493319, -11.92594795697911714 ) ) ;
#8799 = CARTESIAN_POINT ( 'NONE',  ( -3.950000237991428964, -1.626335649230739921, 0.000000000000000000 ) ) ;
#8800 = CARTESIAN_POINT ( 'NONE',  ( 4.049999762008569704, -1.926335649230739744, 7.570146519281769848 ) ) ;
#8801 = CARTESIAN_POINT ( 'NONE',  ( -5.591000000000068582, 3.026389538271987423, -0.4919261306450205540 ) ) ;
#8802 = EDGE_LOOP ( 'NONE', ( #3385, #6247, #1022, #1354 ) ) ;
#8803 = EDGE_CURVE ( 'NONE', #2251, #5996, #140, .T. ) ;
#8804 = LINE ( 'NONE', #5261, #1382 ) ;
#8805 = LINE ( 'NONE', #1470, #4288 ) ;
#8806 = FILL_AREA_STYLE_COLOUR ( '', #315 ) ;
#8807 = PRESENTATION_STYLE_ASSIGNMENT (( #5898 ) ) ;
#8808 = CARTESIAN_POINT ( 'NONE',  ( -1.000000000000002665, 0.6600000000000025846, 9.475924141582261484 ) ) ;
#8809 = DIRECTION ( 'NONE',  ( -0.000000000000000000, -0.000000000000000000, 1.000000000000000000 ) ) ;
#8810 = CARTESIAN_POINT ( 'NONE',  ( 4.249999762008569881, -2.408745645934470492, 2.972276292613179827 ) ) ;
#8811 = ORIENTED_EDGE ( 'NONE', *, *, #8288, .F. ) ;
#8812 = VECTOR ( 'NONE', #831, 1000.000000000000000 ) ;
#8813 =( BOUNDED_SURFACE ( )  B_SPLINE_SURFACE ( 3, 2, ( 
 ( #61, #4516, #8749 ),
 ( #8933, #7301, #2950 ),
 ( #8060, #2274, #791 ),
 ( #1554, #2368, #6626 ),
 ( #158, #19, #104 ),
 ( #3097, #5879, #2994 ),
 ( #5920, #8791, #5971 ),
 ( #4477, #7395, #1643 ) ),
 .UNSPECIFIED., .F., .F., .T. ) 
 B_SPLINE_SURFACE_WITH_KNOTS ( ( 4, 2, 2, 4 ),
 ( 3, 3 ),
 ( 6.283185307179586232, 6.675884388878310816, 7.068583470577034511, 7.853981633974482790 ),
 ( 0.000000000000000000, 1.000000000000000000 ),
 .UNSPECIFIED. ) 
 GEOMETRIC_REPRESENTATION_ITEM ( )  RATIONAL_B_SPLINE_SURFACE ( (
 ( 1.000000000000000000, 0.7071067811865475727, 1.000000000000000000),
 ( 1.000000000000000000, 0.7066739173980239874, 1.000000000000000000),
 ( 1.000000000000000000, 0.7265541883813099178, 1.000000000000000000),
 ( 1.000000000000000000, 0.7876760513158960197, 1.000000000000000000),
 ( 1.000000000000000000, 0.8282394565142119358, 1.000000000000000000),
 ( 1.000000000000000000, 0.9415972983248893646, 1.000000000000000000),
 ( 1.000000000000000000, 1.002677793866170175, 1.000000000000000000),
 ( 1.000000000000000000, 1.000000000000000000, 1.000000000000000000) ) ) 
 REPRESENTATION_ITEM ( '' )  SURFACE ( )  );
#8814 = CARTESIAN_POINT ( 'NONE',  ( -4.500000237991419461, 6.273626543402450295, -3.552713678800499352E-15 ) ) ;
#8815 = VERTEX_POINT ( 'NONE', #8916 ) ;
#8816 = ADVANCED_FACE ( 'NONE', ( #1538 ), #8775, .T. ) ;
#8817 = CARTESIAN_POINT ( 'NONE',  ( -4.469795573231627905, -1.104394410665070270, -7.179240208153211178 ) ) ;
#8818 = CARTESIAN_POINT ( 'NONE',  ( -0.8037371408783759996, -4.395153435249019580, 7.205220410559250332 ) ) ;
#8819 = DIRECTION ( 'NONE',  ( 0.000000000000000000, -1.000000000000000000, 0.000000000000000000 ) ) ;
#8820 = AXIS2_PLACEMENT_3D ( 'NONE', #8445, #4946, #5580 ) ;
#8821 = FACE_OUTER_BOUND ( 'NONE', #1159, .T. ) ;
#8822 = CARTESIAN_POINT ( 'NONE',  ( 8.499999999999948486, 3.095100562410481260, -8.893314250264888088 ) ) ;
#8823 = CARTESIAN_POINT ( 'NONE',  ( 1.499999999999939826, -1.468035014617239398, -1.541199953753204177 ) ) ;
#8824 = ORIENTED_EDGE ( 'NONE', *, *, #8657, .F. ) ;
#8825 = ORIENTED_EDGE ( 'NONE', *, *, #6901, .T. ) ;
#8826 = STYLED_ITEM ( 'NONE', ( #2027 ), #368 ) ;
#8827 = DIRECTION ( 'NONE',  ( -1.000000000000000000, -0.000000000000000000, -0.000000000000000000 ) ) ;
#8828 = VERTEX_POINT ( 'NONE', #817 ) ;
#8829 = LINE ( 'NONE', #6583, #4732 ) ;
#8830 = ORIENTED_EDGE ( 'NONE', *, *, #8961, .T. ) ;
#8831 = AXIS2_PLACEMENT_3D ( 'NONE', #4517, #8836, #689 ) ;
#8832 = CARTESIAN_POINT ( 'NONE',  ( 8.499999999999948486, 3.095100562410515455, -0.2245757293229022900 ) ) ;
#8833 = CARTESIAN_POINT ( 'NONE',  ( 2.612271140713042783, -1.396130578434452207, 1.341569199737611375E-16 ) ) ;
#8834 = CARTESIAN_POINT ( 'NONE',  ( -5.591000000000060588, 3.243903520801310947, -12.00000000000000000 ) ) ;
#8835 = EDGE_CURVE ( 'NONE', #4110, #5603, #5954, .T. ) ;
#8836 = DIRECTION ( 'NONE',  ( 0.000000000000000000, 0.000000000000000000, 1.000000000000000000 ) ) ;
#8837 = ORIENTED_EDGE ( 'NONE', *, *, #6901, .F. ) ;
#8838 = ORIENTED_EDGE ( 'NONE', *, *, #201, .F. ) ;
#8839 = AXIS2_PLACEMENT_3D ( 'NONE', #8399, #7580, #3951 ) ;
#8840 = PRESENTATION_LAYER_ASSIGNMENT (  '', '', ( #6992 ) ) ;
#8841 = DIRECTION ( 'NONE',  ( 0.000000000000000000, -0.8305266086883620336, -0.5569789513622650512 ) ) ;
#8842 = EDGE_CURVE ( 'NONE', #5089, #1131, #1581, .T. ) ;
#8843 = CARTESIAN_POINT ( 'NONE',  ( -1.112746112245467156, 6.591086743234503054, -8.517536703188373082 ) ) ;
#8844 = AXIS2_PLACEMENT_3D ( 'NONE', #4962, #1808, #4297 ) ;
#8845 = DIRECTION ( 'NONE',  ( 0.000000000000000000, 0.000000000000000000, 1.000000000000000000 ) ) ;
#8846 = CARTESIAN_POINT ( 'NONE',  ( 5.505211703451609040, 3.263238691193209640, -11.92815809292398477 ) ) ;
#8847 = ADVANCED_FACE ( 'NONE', ( #6042 ), #859, .F. ) ;
#8848 = CARTESIAN_POINT ( 'NONE',  ( 8.399999999999948841, 0.2193455792998656451, -8.893314250264852561 ) ) ;
#8849 = AXIS2_PLACEMENT_3D ( 'NONE', #4159, #9236, #4778 ) ;
#8850 = CYLINDRICAL_SURFACE ( 'NONE', #7477, 0.7200000000000001954 ) ;
#8851 =( GEOMETRIC_REPRESENTATION_CONTEXT ( 3 ) GLOBAL_UNCERTAINTY_ASSIGNED_CONTEXT ( ( #3607 ) ) GLOBAL_UNIT_ASSIGNED_CONTEXT ( ( #7484, #8108, #827 ) ) REPRESENTATION_CONTEXT ( 'NONE', 'WORKASPACE' ) );
#8852 = VERTEX_POINT ( 'NONE', #915 ) ;
#8853 = AXIS2_PLACEMENT_3D ( 'NONE', #6655, #9453, #2175 ) ;
#8854 = LINE ( 'NONE', #177, #1247 ) ;
#8855 = PRODUCT_DEFINITION_CONTEXT ( 'detailed design', #3366, 'design' ) ;
#8856 = DIRECTION ( 'NONE',  ( 0.000000000000000000, 0.000000000000000000, 1.000000000000000000 ) ) ;
#8857 = VECTOR ( 'NONE', #1133, 1000.000000000000000 ) ;
#8858 = DIRECTION ( 'NONE',  ( 0.000000000000000000, 1.000000000000000000, 0.000000000000000000 ) ) ;
#8859 = CARTESIAN_POINT ( 'NONE',  ( 8.458578643762640681, 0.8170932621786125560, -11.87542427067707074 ) ) ;
#8860 = PRESENTATION_LAYER_ASSIGNMENT (  '', '', ( #3055 ) ) ;
#8861 = EDGE_LOOP ( 'NONE', ( #8007, #5917, #6047, #8038 ) ) ;
#8862 = VECTOR ( 'NONE', #396, 1000.000000000000000 ) ;
#8863 = EDGE_CURVE ( 'NONE', #2251, #9285, #3026, .T. ) ;
#8864 = EDGE_LOOP ( 'NONE', ( #2097, #4695, #6486, #3994, #3757 ) ) ;
#8865 = CIRCLE ( 'NONE', #753, 2.488011465802470124 ) ;
#8866 = CARTESIAN_POINT ( 'NONE',  ( 5.599999999999949907, 3.195100562410482681, -8.793314250264890219 ) ) ;
#8867 = VECTOR ( 'NONE', #2375, 1000.000000000000000 ) ;
#8868 = ORIENTED_EDGE ( 'NONE', *, *, #1846, .T. ) ;
#8869 = CARTESIAN_POINT ( 'NONE',  ( -4.440355770562902649, -1.071764276666104854, -6.786618903461214103 ) ) ;
#8870 = CARTESIAN_POINT ( 'NONE',  ( 4.207329577728789793, 3.799650592850619013, -10.00518197067435011 ) ) ;
#8871 =( LENGTH_UNIT ( ) NAMED_UNIT ( * ) SI_UNIT ( .MILLI., .METRE. ) );
#8872 = AXIS2_PLACEMENT_3D ( 'NONE', #5189, #7288, #4374 ) ;
#8873 =( NAMED_UNIT ( * ) SI_UNIT ( $, .STERADIAN. ) SOLID_ANGLE_UNIT ( ) );
#8874 = UNCERTAINTY_MEASURE_WITH_UNIT (LENGTH_MEASURE( 1.000000000000000082E-05 ), #2735, 'distance_accuracy_value', 'NONE');
#8875 = CARTESIAN_POINT ( 'NONE',  ( 4.049999762008570592, -2.339157802475679837, 2.972276292613179827 ) ) ;
#8876 = CIRCLE ( 'NONE', #3211, 0.3400000000000000244 ) ;
#8877 = CARTESIAN_POINT ( 'NONE',  ( -4.050000237991429053, -2.339157802475679837, 2.772276292613180093 ) ) ;
#8878 = AXIS2_PLACEMENT_3D ( 'NONE', #2990, #5331, #9070 ) ;
#8879 = CARTESIAN_POINT ( 'NONE',  ( -1.340000000000020730, 0.6709175056610549026, 7.534302727183002091 ) ) ;
#8880 = VERTEX_POINT ( 'NONE', #89 ) ;
#8881 = EDGE_CURVE ( 'NONE', #2828, #3658, #2829, .T. ) ;
#8882 = ORIENTED_EDGE ( 'NONE', *, *, #4398, .F. ) ;
#8883 =( NAMED_UNIT ( * ) SI_UNIT ( $, .STERADIAN. ) SOLID_ANGLE_UNIT ( ) );
#8884 = ORIENTED_EDGE ( 'NONE', *, *, #4808, .F. ) ;
#8885 = CARTESIAN_POINT ( 'NONE',  ( 3.499999762008580539, -4.226335649230749780, 2.295220410559261293 ) ) ;
#8886 = AXIS2_PLACEMENT_3D ( 'NONE', #4394, #2286, #7358 ) ;
#8887 = AXIS2_PLACEMENT_3D ( 'NONE', #4355, #1613, #4727 ) ;
#8888 = ORIENTED_EDGE ( 'NONE', *, *, #1571, .T. ) ;
#8889 = CARTESIAN_POINT ( 'NONE',  ( -4.250000237991429231, 4.337590152354478867, 10.60857426865710096 ) ) ;
#8890 = CARTESIAN_POINT ( 'NONE',  ( 4.249999459229076848, -1.926335346451233166, 0.2333996892919084631 ) ) ;
#8891 = CARTESIAN_POINT ( 'NONE',  ( -4.500000237991419461, 6.273626543402450295, 5.608574268657101847 ) ) ;
#8892 = DIRECTION ( 'NONE',  ( 0.000000000000000000, 0.000000000000000000, 1.000000000000000000 ) ) ;
#8893 = ORIENTED_EDGE ( 'NONE', *, *, #3844, .F. ) ;
#8894 = ORIENTED_EDGE ( 'NONE', *, *, #9084, .T. ) ;
#8895 = ORIENTED_EDGE ( 'NONE', *, *, #2520, .F. ) ;
#8896 = DIRECTION ( 'NONE',  ( -0.9999999999999458211, -3.289661042125041709E-07, 0.000000000000000000 ) ) ;
#8897 = FACE_OUTER_BOUND ( 'NONE', #2963, .T. ) ;
#8898 = PLANE ( 'NONE',  #7688 ) ;
#8899 = CARTESIAN_POINT ( 'NONE',  ( 1.339999999999990088, 0.6709175056610505727, 7.534302727183002091 ) ) ;
#8900 = DIRECTION ( 'NONE',  ( 0.000000000000000000, 0.000000000000000000, -1.000000000000000000 ) ) ;
#8901 = EDGE_CURVE ( 'NONE', #6164, #8251, #8962, .T. ) ;
#8902 = ADVANCED_FACE ( 'NONE', ( #8043 ), #4462, .T. ) ;
#8903 = ADVANCED_FACE ( 'NONE', ( #5864 ), #9177, .T. ) ;
#8904 = ORIENTED_EDGE ( 'NONE', *, *, #4502, .F. ) ;
#8905 = DIRECTION ( 'NONE',  ( 0.000000000000000000, 2.027198695514634932E-16, 1.000000000000000000 ) ) ;
#8906 = CARTESIAN_POINT ( 'NONE',  ( -5.500000000000060396, -1.275702287286611059, -7.069655554617711779 ) ) ;
#8907 = DIRECTION ( 'NONE',  ( -1.000000000000000000, 0.000000000000000000, 0.000000000000000000 ) ) ;
#8908 = CYLINDRICAL_SURFACE ( 'NONE', #5589, 0.2999999999999999889 ) ;
#8909 = CARTESIAN_POINT ( 'NONE',  ( -5.591000000000060588, -5.507928190936763890, -12.00000000000000000 ) ) ;
#8910 = CARTESIAN_POINT ( 'NONE',  ( 4.249999762008569881, -1.726335649230739788, 10.58998545934429991 ) ) ;
#8911 = ORIENTED_EDGE ( 'NONE', *, *, #644, .T. ) ;
#8912 = AXIS2_PLACEMENT_3D ( 'NONE', #7078, #1950, #6450 ) ;
#8913 = CARTESIAN_POINT ( 'NONE',  ( -4.494067372858803644, -1.283971684949295700, -4.790566284294484056 ) ) ;
#8914 = ORIENTED_EDGE ( 'NONE', *, *, #8863, .F. ) ;
#8915 = CARTESIAN_POINT ( 'NONE',  ( -4.543382234294938371, -1.137024544664035686, -6.991465090931176185 ) ) ;
#8916 = CARTESIAN_POINT ( 'NONE',  ( 8.399999999999948841, 0.8170932621786820560, -0.1245757293229024509 ) ) ;
#8917 = EDGE_CURVE ( 'NONE', #3234, #2941, #4782, .T. ) ;
#8918 = CYLINDRICAL_SURFACE ( 'NONE', #4543, 0.2000000000000000944 ) ;
#8919 = FACE_OUTER_BOUND ( 'NONE', #7920, .T. ) ;
#8920 = AXIS2_PLACEMENT_3D ( 'NONE', #3278, #8356, #3105 ) ;
#8921 = CYLINDRICAL_SURFACE ( 'NONE', #8373, 0.1000000000000000056 ) ;
#8922 = CARTESIAN_POINT ( 'NONE',  ( -1.340000000000020064, 0.7376963548946730009, 7.205197403704520553 ) ) ;
#8923 = ORIENTED_EDGE ( 'NONE', *, *, #5625, .T. ) ;
#8924 = ORIENTED_EDGE ( 'NONE', *, *, #4179, .T. ) ;
#8925 = ORIENTED_EDGE ( 'NONE', *, *, #5483, .T. ) ;
#8926 = ORIENTED_EDGE ( 'NONE', *, *, #1722, .F. ) ;
#8927 = AXIS2_PLACEMENT_3D ( 'NONE', #6965, #5633, #7774 ) ;
#8928 = DIRECTION ( 'NONE',  ( 0.000000000000000000, 0.000000000000000000, 1.000000000000000000 ) ) ;
#8929 = ORIENTED_EDGE ( 'NONE', *, *, #8835, .T. ) ;
#8930 = ADVANCED_FACE ( 'NONE', ( #3713 ), #962, .T. ) ;
#8931 = DIRECTION ( 'NONE',  ( 0.000000000000000000, 1.000000000000000000, 0.000000000000000000 ) ) ;
#8932 = CARTESIAN_POINT ( 'NONE',  ( -1.058248991545980511, 0.8118631700320297906, 6.880000000000001670 ) ) ;
#8933 = CARTESIAN_POINT ( 'NONE',  ( -4.050000234718538650, 6.273626543402450295, 0.2607234077042786535 ) ) ;
#8934 = LINE ( 'NONE', #977, #5468 ) ;
#8935 = VERTEX_POINT ( 'NONE', #417 ) ;
#8936 = VERTEX_POINT ( 'NONE', #6085 ) ;
#8937 = PRODUCT_DEFINITION_SHAPE ( 'NONE', 'NONE',  #5978 ) ;
#8938 = ORIENTED_EDGE ( 'NONE', *, *, #8164, .F. ) ;
#8939 = CARTESIAN_POINT ( 'NONE',  ( -3.500000237991430119, -1.926335649230739744, 8.355220410559260458 ) ) ;
#8940 = EDGE_CURVE ( 'NONE', #980, #1015, #4643, .T. ) ;
#8941 = CYLINDRICAL_SURFACE ( 'NONE', #6698, 0.1999999999999996503 ) ;
#8942 = CARTESIAN_POINT ( 'NONE',  ( 4.049999762008569704, 4.619626543402450380, 10.80857426865710202 ) ) ;
#8943 = DIRECTION ( 'NONE',  ( -1.000000000000000000, 0.000000000000000000, 0.000000000000000000 ) ) ;
#8944 = CARTESIAN_POINT ( 'NONE',  ( 4.242672514691047780, 4.394872575602513542, 10.66585420141477591 ) ) ;
#8945 = ORIENTED_EDGE ( 'NONE', *, *, #57, .T. ) ;
#8946 = PLANE ( 'NONE',  #301 ) ;
#8947 = PLANE ( 'NONE',  #293 ) ;
#8948 = STYLED_ITEM ( 'NONE', ( #6212 ), #4923 ) ;
#8949 = LINE ( 'NONE', #2836, #8015 ) ;
#8950 = DIRECTION ( 'NONE',  ( 1.000000000000000000, 0.000000000000000000, 0.000000000000000000 ) ) ;
#8951 = ADVANCED_FACE ( 'NONE', ( #1766 ), #5373, .T. ) ;
#8952 = EDGE_CURVE ( 'NONE', #2009, #8959, #2538, .T. ) ;
#8953 = DIRECTION ( 'NONE',  ( 0.000000000000000000, 1.000000000000000000, 0.000000000000000000 ) ) ;
#8954 = DIRECTION ( 'NONE',  ( -0.000000000000000000, -0.000000000000000000, -1.000000000000000000 ) ) ;
#8955 = ORIENTED_EDGE ( 'NONE', *, *, #9422, .T. ) ;
#8956 = VERTEX_POINT ( 'NONE', #3349 ) ;
#8957 = ORIENTED_EDGE ( 'NONE', *, *, #3087, .T. ) ;
#8958 = CARTESIAN_POINT ( 'NONE',  ( -3.500000237991430119, -3.176335649230739744, 9.075220410559261097 ) ) ;
#8959 = VERTEX_POINT ( 'NONE', #5415 ) ;
#8960 = LINE ( 'NONE', #322, #4441 ) ;
#8961 = EDGE_CURVE ( 'NONE', #7699, #1957, #4743, .T. ) ;
#8962 = LINE ( 'NONE', #8097, #7022 ) ;
#8963 = CARTESIAN_POINT ( 'NONE',  ( -5.500000000000060396, 6.749999999999978684, -4.132719577992327586 ) ) ;
#8964 = UNCERTAINTY_MEASURE_WITH_UNIT (LENGTH_MEASURE( 1.000000000000000082E-05 ), #6035, 'distance_accuracy_value', 'NONE');
#8965 = CARTESIAN_POINT ( 'NONE',  ( -2.488008628878229711, -0.9392390958558579639, 8.856534637527326836 ) ) ;
#8966 = VECTOR ( 'NONE', #5877, 1000.000000000000000 ) ;
#8967 = EDGE_CURVE ( 'NONE', #6619, #330, #3983, .T. ) ;
#8968 = DIRECTION ( 'NONE',  ( 0.000000000000000000, 0.000000000000000000, 1.000000000000000000 ) ) ;
#8969 = CARTESIAN_POINT ( 'NONE',  ( 8.499767714943557095, 0.9024091331009902461, -10.31192741373018684 ) ) ;
#8970 = VERTEX_POINT ( 'NONE', #6890 ) ;
#8971 = EDGE_LOOP ( 'NONE', ( #5926, #4228, #109, #5944 ) ) ;
#8972 = ORIENTED_EDGE ( 'NONE', *, *, #4568, .F. ) ;
#8973 = ORIENTED_EDGE ( 'NONE', *, *, #2813, .T. ) ;
#8974 = DIRECTION ( 'NONE',  ( -1.000000000000000000, -0.000000000000000000, -0.000000000000000000 ) ) ;
#8975 = ORIENTED_EDGE ( 'NONE', *, *, #4043, .T. ) ;
#8976 = FACE_OUTER_BOUND ( 'NONE', #9119, .T. ) ;
#8977 = CARTESIAN_POINT ( 'NONE',  ( -5.500000000000060396, -3.018949692510942029, -7.069655554617711779 ) ) ;
#8978 = CARTESIAN_POINT ( 'NONE',  ( 3.499999762008580539, -4.226335649230740898, 9.075220410559280637 ) ) ;
#8979 = DIRECTION ( 'NONE',  ( -6.579099405186140077E-16, 1.000000000000000000, -6.579099405186140077E-16 ) ) ;
#8980 = ORIENTED_EDGE ( 'NONE', *, *, #250, .F. ) ;
#8981 = AXIS2_PLACEMENT_3D ( 'NONE', #8591, #4803, #2794 ) ;
#8982 = ORIENTED_EDGE ( 'NONE', *, *, #5689, .F. ) ;
#8983 = EDGE_CURVE ( 'NONE', #5721, #1639, #6278, .T. ) ;
#8984 = PRESENTATION_LAYER_ASSIGNMENT (  '', '', ( #3635 ) ) ;
#8985 = ORIENTED_EDGE ( 'NONE', *, *, #8249, .T. ) ;
#8986 = FACE_OUTER_BOUND ( 'NONE', #9354, .T. ) ;
#8987 = DIRECTION ( 'NONE',  ( -0.000000000000000000, 1.173967842118904391E-14, 1.000000000000000000 ) ) ;
#8988 = LINE ( 'NONE', #6161, #6921 ) ;
#8989 = CARTESIAN_POINT ( 'NONE',  ( 2.921553583577954250, 6.116024707867163457, 5.808574268657102024 ) ) ;
#8990 = DIRECTION ( 'NONE',  ( 1.000000000000000000, 0.000000000000000000, 0.000000000000000000 ) ) ;
#8991 = VECTOR ( 'NONE', #4224, 999.9999999999998863 ) ;
#8992 = DIRECTION ( 'NONE',  ( -0.7071067811865486830, -0.000000000000000000, 0.7071067811865464625 ) ) ;
#8993 = EDGE_CURVE ( 'NONE', #7236, #9389, #3978, .T. ) ;
#8994 = VECTOR ( 'NONE', #5739, 1000.000000000000000 ) ;
#8995 = ORIENTED_EDGE ( 'NONE', *, *, #644, .F. ) ;
#8996 = LINE ( 'NONE', #6738, #5984 ) ;
#8997 = CARTESIAN_POINT ( 'NONE',  ( 1.000000000000000000, -4.395153435249019580, 7.401483269680889876 ) ) ;
#8998 = CARTESIAN_POINT ( 'NONE',  ( -0.9999999999999800160, 0.9479456440070940237, 6.897181832996751361 ) ) ;
#8999 = AXIS2_PLACEMENT_3D ( 'NONE', #6441, #7915, #4148 ) ;
#9000 = CARTESIAN_POINT ( 'NONE',  ( -2.656250237991419905, -1.926335649230749958, 2.418970410559260209 ) ) ;
#9001 = CARTESIAN_POINT ( 'NONE',  ( -5.591000000000068582, 3.882125191446057944, -1.994818029325622355 ) ) ;
#9002 = DIRECTION ( 'NONE',  ( 0.000000000000000000, -1.000000000000000000, 0.000000000000000000 ) ) ;
#9003 = STYLED_ITEM ( 'NONE', ( #2181 ), #6817 ) ;
#9004 = DIRECTION ( 'NONE',  ( 0.000000000000000000, -1.000000000000000000, 0.000000000000000000 ) ) ;
#9005 = EDGE_LOOP ( 'NONE', ( #2389, #3074, #795, #4114 ) ) ;
#9006 = PRESENTATION_LAYER_ASSIGNMENT (  '', '', ( #1969 ) ) ;
#9007 = VECTOR ( 'NONE', #7286, 1000.000000000000000 ) ;
#9008 = DIRECTION ( 'NONE',  ( 0.000000000000000000, -1.000000000000000000, 0.000000000000000000 ) ) ;
#9009 = ORIENTED_EDGE ( 'NONE', *, *, #5839, .T. ) ;
#9010 = FILL_AREA_STYLE_COLOUR ( '', #4136 ) ;
#9011 = EDGE_CURVE ( 'NONE', #5849, #150, #145, .T. ) ;
#9012 = VECTOR ( 'NONE', #984, 1000.000000000000000 ) ;
#9013 = FACE_OUTER_BOUND ( 'NONE', #1358, .T. ) ;
#9014 = MECHANICAL_DESIGN_GEOMETRIC_PRESENTATION_REPRESENTATION (  '', ( #6862 ), #7926 ) ;
#9015 =( BOUNDED_CURVE ( )  B_SPLINE_CURVE ( 3, ( #2807, #4096, #1941, #4149 ),
 .UNSPECIFIED., .F., .T. ) 
 B_SPLINE_CURVE_WITH_KNOTS ( ( 4, 4 ),
 ( 1.570796326794896780, 3.141592653589793116 ),
 .UNSPECIFIED. ) 
 CURVE ( )  GEOMETRIC_REPRESENTATION_ITEM ( )  RATIONAL_B_SPLINE_CURVE ( ( 1.000000000000000000, 0.8047378541243650485, 0.8047378541243650485, 1.000000000000000000 ) ) 
 REPRESENTATION_ITEM ( '' )  );
#9016 = FACE_OUTER_BOUND ( 'NONE', #5066, .T. ) ;
#9017 = CIRCLE ( 'NONE', #9480, 0.5199999999999995737 ) ;
#9018 = CARTESIAN_POINT ( 'NONE',  ( 4.645139837156087026, 3.334171825948719636, -0.1081796239457945702 ) ) ;
#9019 = CARTESIAN_POINT ( 'NONE',  ( 3.499999762008581428, -4.226335649230749780, 1.575220410559260875 ) ) ;
#9020 = ORIENTED_EDGE ( 'NONE', *, *, #4959, .T. ) ;
#9021 = VECTOR ( 'NONE', #4990, 1000.000000000000000 ) ;
#9022 = CIRCLE ( 'NONE', #4883, 0.1999999999999996503 ) ;
#9023 = CARTESIAN_POINT ( 'NONE',  ( -4.467451328855042370, -1.416287241497578675, -5.206359210016582750 ) ) ;
#9024 = ORIENTED_EDGE ( 'NONE', *, *, #2953, .F. ) ;
#9025 = CIRCLE ( 'NONE', #2905, 1.332191892514950737 ) ;
#9026 = ADVANCED_FACE ( 'NONE', ( #8377 ), #5355, .T. ) ;
#9027 = CARTESIAN_POINT ( 'NONE',  ( -4.453112743239648452, -1.447010295314860251, -7.213381100741846907 ) ) ;
#9028 = EDGE_CURVE ( 'NONE', #2864, #4008, #6726, .T. ) ;
#9029 = ORIENTED_EDGE ( 'NONE', *, *, #7987, .T. ) ;
#9030 = COLOUR_RGB ( '',0.6470588235294117974, 0.6196078431372549211, 0.5882352941176470784 ) ;
#9031 = CARTESIAN_POINT ( 'NONE',  ( -1.000000000000000000, 1.340000000000000080, 8.490572276070759372 ) ) ;
#9032 = CIRCLE ( 'NONE', #8407, 2.832967397192063697 ) ;
#9033 = CARTESIAN_POINT ( 'NONE',  ( 1.499999999999939826, 3.243903520801311391, -4.132719577992287618 ) ) ;
#9034 = CYLINDRICAL_SURFACE ( 'NONE', #2726, 0.3400000000000000244 ) ;
#9035 = DIRECTION ( 'NONE',  ( 0.9999999999999459321, 3.289660986949698807E-07, -3.947459643111446599E-16 ) ) ;
#9036 = EDGE_LOOP ( 'NONE', ( #6229, #4618, #1589, #5100, #7951 ) ) ;
#9037 = ORIENTED_EDGE ( 'NONE', *, *, #9427, .T. ) ;
#9038 = AXIS2_PLACEMENT_3D ( 'NONE', #2771, #8462, #5697 ) ;
#9039 = VECTOR ( 'NONE', #1678, 1000.000000000000000 ) ;
#9040 = ORIENTED_EDGE ( 'NONE', *, *, #7547, .F. ) ;
#9041 = DIRECTION ( 'NONE',  ( 0.000000000000000000, 0.000000000000000000, 1.000000000000000000 ) ) ;
#9042 = DIRECTION ( 'NONE',  ( 0.000000000000000000, -1.000000000000000000, 0.000000000000000000 ) ) ;
#9043 = CARTESIAN_POINT ( 'NONE',  ( -2.788008628878230866, -1.626335649230739921, 0.000000000000000000 ) ) ;
#9044 = EDGE_CURVE ( 'NONE', #4826, #2202, #8433, .T. ) ;
#9045 = VECTOR ( 'NONE', #400, 1000.000000000000000 ) ;
#9046 = CARTESIAN_POINT ( 'NONE',  ( 0.6599999999999999201, 0.7000000000000001776, 7.294232202410962707 ) ) ;
#9047 = ORIENTED_EDGE ( 'NONE', *, *, #2363, .F. ) ;
#9048 = CARTESIAN_POINT ( 'NONE',  ( 2.488007246420603558, -1.926335649230886959, 8.856534637527349929 ) ) ;
#9049 = CARTESIAN_POINT ( 'NONE',  ( -0.8037371408783690052, -4.395153435249019580, 7.205220410559252109 ) ) ;
#9050 = CARTESIAN_POINT ( 'NONE',  ( -0.6599999999999734968, 0.9479456440071130086, 6.897181832996738038 ) ) ;
#9051 = ADVANCED_FACE ( 'NONE', ( #662 ), #7801, .F. ) ;
#9052 = SURFACE_SIDE_STYLE ('',( #3155 ) ) ;
#9053 = DIRECTION ( 'NONE',  ( -0.000000000000000000, -0.000000000000000000, -1.000000000000000000 ) ) ;
#9054 = DIRECTION ( 'NONE',  ( 0.000000000000000000, 0.000000000000000000, -1.000000000000000000 ) ) ;
#9055 = DIRECTION ( 'NONE',  ( 0.000000000000000000, 0.000000000000000000, 1.000000000000000000 ) ) ;
#9056 = ORIENTED_EDGE ( 'NONE', *, *, #4270, .F. ) ;
#9057 = CARTESIAN_POINT ( 'NONE',  ( 4.645139837156087026, 3.882125191446057944, -10.36899149320342772 ) ) ;
#9058 = EDGE_LOOP ( 'NONE', ( #3562, #527, #9264, #1073 ) ) ;
#9059 = DIRECTION ( 'NONE',  ( -0.000000000000000000, 0.000000000000000000, 1.000000000000000000 ) ) ;
#9060 =( NAMED_UNIT ( * ) PLANE_ANGLE_UNIT ( ) SI_UNIT ( $, .RADIAN. ) );
#9061 = ADVANCED_FACE ( 'NONE', ( #2055 ), #3522, .T. ) ;
#9062 = CARTESIAN_POINT ( 'NONE',  ( -3.562645891095561623, -5.884663887553380768, -0.8320941568348071415 ) ) ;
#9063 = UNCERTAINTY_MEASURE_WITH_UNIT (LENGTH_MEASURE( 1.000000000000000082E-05 ), #3258, 'distance_accuracy_value', 'NONE');
#9064 = CARTESIAN_POINT ( 'NONE',  ( -2.488008791255649221, 1.872510310159681834, 8.856534637527309073 ) ) ;
#9065 = LINE ( 'NONE', #5420, #7603 ) ;
#9066 = CARTESIAN_POINT ( 'NONE',  ( 1.838618586295336588, 3.914972254309967425, 10.80857426865710202 ) ) ;
#9067 = ORIENTED_EDGE ( 'NONE', *, *, #944, .F. ) ;
#9068 = AXIS2_PLACEMENT_3D ( 'NONE', #4678, #9137, #3880 ) ;
#9069 = ORIENTED_EDGE ( 'NONE', *, *, #2684, .T. ) ;
#9070 = DIRECTION ( 'NONE',  ( 0.000000000000000000, 0.000000000000000000, -1.000000000000000000 ) ) ;
#9071 = EDGE_LOOP ( 'NONE', ( #5323, #8945, #6417, #810 ) ) ;
#9072 = CARTESIAN_POINT ( 'NONE',  ( 3.235098673953480386, -1.571866509722523730, 0.000000000000000000 ) ) ;
#9073 = VECTOR ( 'NONE', #5554, 1000.000000000000000 ) ;
#9074 = CARTESIAN_POINT ( 'NONE',  ( 1.000000000000000000, -1.863163407847409969, 6.865220410559250475 ) ) ;
#9075 = LINE ( 'NONE', #8977, #2809 ) ;
#9076 = CARTESIAN_POINT ( 'NONE',  ( 1.499999999999939826, 3.243903520801311391, -3.101440184145292989 ) ) ;
#9077 = DIRECTION ( 'NONE',  ( 0.000000000000000000, 6.023345402697244993E-16, 1.000000000000000000 ) ) ;
#9078 = EDGE_LOOP ( 'NONE', ( #6476, #2840, #6199, #6421 ) ) ;
#9079 = EDGE_CURVE ( 'NONE', #7615, #2890, #2296, .T. ) ;
#9080 = EDGE_CURVE ( 'NONE', #8113, #8743, #9338, .T. ) ;
#9081 = ORIENTED_EDGE ( 'NONE', *, *, #6379, .T. ) ;
#9082 = ORIENTED_EDGE ( 'NONE', *, *, #6563, .F. ) ;
#9083 = DIRECTION ( 'NONE',  ( -1.000000000000000000, -0.000000000000000000, -0.000000000000000000 ) ) ;
#9084 = EDGE_CURVE ( 'NONE', #4629, #3037, #7501, .T. ) ;
#9085 = CARTESIAN_POINT ( 'NONE',  ( 8.399999999999948841, 0.9170932621786545003, -8.319187790970884677 ) ) ;
#9086 = LINE ( 'NONE', #5398, #5467 ) ;
#9087 = PLANE ( 'NONE',  #4274 ) ;
#9088 = EDGE_CURVE ( 'NONE', #4426, #5008, #4834, .T. ) ;
#9089 = VERTEX_POINT ( 'NONE', #5661 ) ;
#9090 = CARTESIAN_POINT ( 'NONE',  ( 4.372664976581841501, 3.640943135231430539, -1.903384321513847732 ) ) ;
#9091 = CARTESIAN_POINT ( 'NONE',  ( 4.049999762008570592, 6.073626543402451006, 0.2999999999999999334 ) ) ;
#9092 = CARTESIAN_POINT ( 'NONE',  ( -0.7477007541248243960, 3.119626353836517207, 4.000000000000000888 ) ) ;
#9093 = LINE ( 'NONE', #8280, #837 ) ;
#9094 = DIRECTION ( 'NONE',  ( 0.1714634606597192079, -0.9851904798862973767, 2.069344698670200367E-15 ) ) ;
#9095 = CARTESIAN_POINT ( 'NONE',  ( -4.500000237991429231, -1.926335649230739744, 10.38998545934429885 ) ) ;
#9096 = CARTESIAN_POINT ( 'NONE',  ( -5.400000000000059863, -1.275702287286611059, -2.687097040157957029 ) ) ;
#9097 = ORIENTED_EDGE ( 'NONE', *, *, #1030, .F. ) ;
#9098 = ORIENTED_EDGE ( 'NONE', *, *, #6321, .F. ) ;
#9099 = EDGE_CURVE ( 'NONE', #5008, #5514, #6100, .T. ) ;
#9100 = DIRECTION ( 'NONE',  ( 0.000000000000000000, 1.192054748813160983E-15, 1.000000000000000000 ) ) ;
#9101 = ORIENTED_EDGE ( 'NONE', *, *, #4482, .T. ) ;
#9102 = LINE ( 'NONE', #3297, #9039 ) ;
#9103 = DIRECTION ( 'NONE',  ( -1.000000000000000000, 0.000000000000000000, 0.000000000000000000 ) ) ;
#9104 = FILL_AREA_STYLE ('',( #5565 ) ) ;
#9105 = DIRECTION ( 'NONE',  ( 0.000000000000000000, 0.000000000000000000, 1.000000000000000000 ) ) ;
#9106 = CARTESIAN_POINT ( 'NONE',  ( 5.599999999999949907, 3.179930804364789587, -11.87542427067709561 ) ) ;
#9107 = DIRECTION ( 'NONE',  ( 0.000000000000000000, -1.000000000000000000, 0.000000000000000000 ) ) ;
#9108 = CARTESIAN_POINT ( 'NONE',  ( 8.499985929349222147, 0.9154157842570671555, -10.32117553872685356 ) ) ;
#9109 = ORIENTED_EDGE ( 'NONE', *, *, #7777, .F. ) ;
#9110 = EDGE_CURVE ( 'NONE', #4741, #3563, #8575, .T. ) ;
#9111 = CARTESIAN_POINT ( 'NONE',  ( -4.515933032131262514, -1.217814040489865635, -5.173254527743315734 ) ) ;
#9112 = VERTEX_POINT ( 'NONE', #2866 ) ;
#9113 = ORIENTED_EDGE ( 'NONE', *, *, #2347, .T. ) ;
#9114 = CARTESIAN_POINT ( 'NONE',  ( 4.248811144730698430, 4.362751903525609265, 5.633733529217772151 ) ) ;
#9115 = CYLINDRICAL_SURFACE ( 'NONE', #8503, 0.1000000000000000472 ) ;
#9116 = CARTESIAN_POINT ( 'NONE',  ( -1.048654573734517204, 0.8192638321357896825, 6.880000000000001670 ) ) ;
#9117 = LINE ( 'NONE', #1839, #6095 ) ;
#9118 = DIRECTION ( 'NONE',  ( -0.000000000000000000, 1.000000000000000000, -1.201179063752586100E-14 ) ) ;
#9119 = EDGE_LOOP ( 'NONE', ( #4026, #5623, #4796, #9446, #227, #496, #4064, #4333 ) ) ;
#9120 = VERTEX_POINT ( 'NONE', #9391 ) ;
#9121 = CIRCLE ( 'NONE', #1620, 0.3400000000000000244 ) ;
#9122 = ORIENTED_EDGE ( 'NONE', *, *, #7225, .F. ) ;
#9123 = CARTESIAN_POINT ( 'NONE',  ( -4.050000237991429053, 4.972879159117225889, 10.80857426865710202 ) ) ;
#9124 = EDGE_CURVE ( 'NONE', #9249, #6018, #6316, .T. ) ;
#9125 = CARTESIAN_POINT ( 'NONE',  ( 299.2999999999999545, 5.076540080366747532, -7.007763651736524046 ) ) ;
#9126 = DIRECTION ( 'NONE',  ( 0.000000000000000000, 0.000000000000000000, 1.000000000000000000 ) ) ;
#9127 = PRESENTATION_LAYER_ASSIGNMENT (  '', '', ( #8826 ) ) ;
#9128 = CARTESIAN_POINT ( 'NONE',  ( -5.591000000000060588, -6.750000000000033751, -7.116761230117741199 ) ) ;
#9129 = DIRECTION ( 'NONE',  ( -1.000000000000000000, -0.000000000000000000, -0.000000000000000000 ) ) ;
#9130 = EDGE_CURVE ( 'NONE', #2554, #7282, #1684, .T. ) ;
#9131 = AXIS2_PLACEMENT_3D ( 'NONE', #7526, #3890, #8238 ) ;
#9132 = ORIENTED_EDGE ( 'NONE', *, *, #4734, .F. ) ;
#9133 = CYLINDRICAL_SURFACE ( 'NONE', #9186, 0.2000000000000005107 ) ;
#9134 = EDGE_CURVE ( 'NONE', #6995, #1977, #1385, .T. ) ;
#9135 = VECTOR ( 'NONE', #8261, 1000.000000000000000 ) ;
#9136 = DIRECTION ( 'NONE',  ( 0.000000000000000000, 0.000000000000000000, 1.000000000000000000 ) ) ;
#9137 = DIRECTION ( 'NONE',  ( 0.000000000000000000, 0.000000000000000000, 1.000000000000000000 ) ) ;
#9138 = DIRECTION ( 'NONE',  ( 0.000000000000000000, -0.000000000000000000, 1.000000000000000000 ) ) ;
#9139 = DIRECTION ( 'NONE',  ( 1.000000000000000000, 0.000000000000000000, 0.000000000000000000 ) ) ;
#9140 = DIRECTION ( 'NONE',  ( -0.000000000000000000, 0.000000000000000000, 1.000000000000000000 ) ) ;
#9141 = ORIENTED_EDGE ( 'NONE', *, *, #5265, .T. ) ;
#9142 = EDGE_LOOP ( 'NONE', ( #6832, #9162, #6446, #9486 ) ) ;
#9143 = AXIS2_PLACEMENT_3D ( 'NONE', #3031, #6617, #4373 ) ;
#9144 = ORIENTED_EDGE ( 'NONE', *, *, #3044, .F. ) ;
#9145 = CARTESIAN_POINT ( 'NONE',  ( 4.246444498374326137, 4.375135492539635962, 10.64611711823179618 ) ) ;
#9146 = EDGE_LOOP ( 'NONE', ( #2946, #174, #3504, #1532, #4655, #4750 ) ) ;
#9147 = VECTOR ( 'NONE', #1885, 1000.000000000000000 ) ;
#9148 = CARTESIAN_POINT ( 'NONE',  ( 8.499999999999948486, 3.195100562410515543, -3.206685749735108004 ) ) ;
#9149 =( NAMED_UNIT ( * ) SI_UNIT ( $, .STERADIAN. ) SOLID_ANGLE_UNIT ( ) );
#9150 = CARTESIAN_POINT ( 'NONE',  ( -5.400000000000059863, -1.275702287286611059, -7.069655554617711779 ) ) ;
#9151 = AXIS2_PLACEMENT_3D ( 'NONE', #9494, #2924, #4360 ) ;
#9152 = CARTESIAN_POINT ( 'NONE',  ( -4.246445016640411296, 4.375132780679524380, 5.646116896982150024 ) ) ;
#9153 = EDGE_CURVE ( 'NONE', #5973, #9399, #2907, .T. ) ;
#9154 = CARTESIAN_POINT ( 'NONE',  ( -3.500000237991430119, -4.226335649230740898, 8.555220410559261524 ) ) ;
#9155 = AXIS2_PLACEMENT_3D ( 'NONE', #221, #8283, #5652 ) ;
#9156 = VERTEX_POINT ( 'NONE', #9435 ) ;
#9157 = CIRCLE ( 'NONE', #5648, 0.7200000000000001954 ) ;
#9158 = CARTESIAN_POINT ( 'NONE',  ( -4.520383727528693996, -1.267432240380767849, -5.173254527743315734 ) ) ;
#9159 = COLOUR_RGB ( '',0.6470588235294117974, 0.6196078431372549211, 0.5882352941176470784 ) ;
#9160 = ORIENTED_EDGE ( 'NONE', *, *, #7666, .F. ) ;
#9161 = CARTESIAN_POINT ( 'NONE',  ( -4.467853635778692656, -1.479640298728989389, -7.145099315564573672 ) ) ;
#9162 = ORIENTED_EDGE ( 'NONE', *, *, #7547, .T. ) ;
#9163 = CARTESIAN_POINT ( 'NONE',  ( -4.500000000000060396, -1.275702287286611281, -7.000000000000000000 ) ) ;
#9164 = CARTESIAN_POINT ( 'NONE',  ( 1.602906781438529604, 3.264331192589055686, 4.000000000000000000 ) ) ;
#9165 = VECTOR ( 'NONE', #3611, 1000.000000000000000 ) ;
#9166 = DIRECTION ( 'NONE',  ( 0.000000000000000000, 0.000000000000000000, -1.000000000000000000 ) ) ;
#9167 = CARTESIAN_POINT ( 'NONE',  ( -1.088877719877661132, 0.7632456313063137321, 6.880000000000380034 ) ) ;
#9168 = DIRECTION ( 'NONE',  ( 0.000000000000000000, 0.000000000000000000, 1.000000000000000000 ) ) ;
#9169 = EDGE_CURVE ( 'NONE', #6715, #4075, #8876, .T. ) ;
#9170 = DIRECTION ( 'NONE',  ( 0.000000000000000000, 1.000000000000000000, 0.000000000000000000 ) ) ;
#9171 = AXIS2_PLACEMENT_3D ( 'NONE', #7698, #9197, #2853 ) ;
#9172 = EDGE_LOOP ( 'NONE', ( #2523, #8794, #2166, #1024 ) ) ;
#9173 = ORIENTED_EDGE ( 'NONE', *, *, #6506, .F. ) ;
#9174 = AXIS2_PLACEMENT_3D ( 'NONE', #2016, #6362, #5708 ) ;
#9175 = ORIENTED_EDGE ( 'NONE', *, *, #6369, .F. ) ;
#9176 = CARTESIAN_POINT ( 'NONE',  ( 1.499999999999939826, 1.215951923305366833, -9.561659363273927070 ) ) ;
#9177 = TOROIDAL_SURFACE ( 'NONE', #6409, 2.121221927182349809, 0.1000000000000000056 ) ;
#9178 = CYLINDRICAL_SURFACE ( 'NONE', #3886, 0.2999999999999999889 ) ;
#9179 = ADVANCED_FACE ( 'NONE', ( #762 ), #5401, .T. ) ;
#9180 = FACE_OUTER_BOUND ( 'NONE', #4556, .T. ) ;
#9181 = DIRECTION ( 'NONE',  ( -1.000000000000000000, -0.000000000000000000, -0.000000000000000000 ) ) ;
#9182 = AXIS2_PLACEMENT_3D ( 'NONE', #8365, #3245, #4590 ) ;
#9183 =( GEOMETRIC_REPRESENTATION_CONTEXT ( 3 ) GLOBAL_UNCERTAINTY_ASSIGNED_CONTEXT ( ( #9451 ) ) GLOBAL_UNIT_ASSIGNED_CONTEXT ( ( #2155, #7270, #7985 ) ) REPRESENTATION_CONTEXT ( 'NONE', 'WORKASPACE' ) );
#9184 = ORIENTED_EDGE ( 'NONE', *, *, #4519, .F. ) ;
#9185 = CARTESIAN_POINT ( 'NONE',  ( -4.250000237991429231, -2.408745645934470492, 10.60857426865710096 ) ) ;
#9186 = AXIS2_PLACEMENT_3D ( 'NONE', #1755, #3244, #7513 ) ;
#9187 = DIRECTION ( 'NONE',  ( 1.000000000000000000, 0.000000000000000000, 0.000000000000000000 ) ) ;
#9188 = CARTESIAN_POINT ( 'NONE',  ( -1.000000000000000000, 0.6600000000000000311, 7.505220410559251043 ) ) ;
#9189 = ADVANCED_FACE ( 'NONE', ( #6553 ), #4532, .F. ) ;
#9190 = CARTESIAN_POINT ( 'NONE',  ( 0.9999999999999986677, -4.395153435249019580, 7.008957551437635658 ) ) ;
#9191 = LINE ( 'NONE', #8612, #9328 ) ;
#9192 = CARTESIAN_POINT ( 'NONE',  ( 1.499999999999939826, 1.571505490158367824, -1.541375956710549611 ) ) ;
#9193 = VERTEX_POINT ( 'NONE', #8718 ) ;
#9194 = EDGE_CURVE ( 'NONE', #7918, #3770, #8805, .T. ) ;
#9195 = ADVANCED_FACE ( 'NONE', ( #9490 ), #2919, .F. ) ;
#9196 = STYLED_ITEM ( 'NONE', ( #7685 ), #5217 ) ;
#9197 = DIRECTION ( 'NONE',  ( -0.000000000000000000, 0.000000000000000000, 1.000000000000000000 ) ) ;
#9198 = ORIENTED_EDGE ( 'NONE', *, *, #8030, .T. ) ;
#9199 = FACE_OUTER_BOUND ( 'NONE', #729, .T. ) ;
#9200 = DIRECTION ( 'NONE',  ( 0.000000000000000000, 0.000000000000000000, -1.000000000000000000 ) ) ;
#9201 = SURFACE_STYLE_FILL_AREA ( #4070 ) ;
#9202 = FACE_OUTER_BOUND ( 'NONE', #5282, .T. ) ;
#9203 = ADVANCED_FACE ( 'NONE', ( #1526 ), #4452, .T. ) ;
#9204 = PLANE ( 'NONE',  #6694 ) ;
#9205 = FILL_AREA_STYLE ('',( #1245 ) ) ;
#9206 = ORIENTED_EDGE ( 'NONE', *, *, #3373, .T. ) ;
#9207 = CARTESIAN_POINT ( 'NONE',  ( -4.563558543447109983, -1.283971684949297476, -4.890674090036784882 ) ) ;
#9208 = ORIENTED_EDGE ( 'NONE', *, *, #4625, .F. ) ;
#9209 = SURFACE_SIDE_STYLE ('',( #3998 ) ) ;
#9210 = VERTEX_POINT ( 'NONE', #1430 ) ;
#9211 = PLANE ( 'NONE',  #9483 ) ;
#9212 = LINE ( 'NONE', #4844, #2276 ) ;
#9213 = CARTESIAN_POINT ( 'NONE',  ( -4.500000237991429231, -1.926335649230739744, 7.570146519281761854 ) ) ;
#9214 = CARTESIAN_POINT ( 'NONE',  ( 4.049999762008570592, -1.926335649230739744, 0.2999999999999999334 ) ) ;
#9215 = CARTESIAN_POINT ( 'NONE',  ( -0.7477005242537100305, 3.119626461413160357, 8.856534637527339271 ) ) ;
#9216 = VECTOR ( 'NONE', #4018, 1000.000000000000000 ) ;
#9217 = LINE ( 'NONE', #1208, #3029 ) ;
#9218 = ORIENTED_EDGE ( 'NONE', *, *, #490, .T. ) ;
#9219 = ORIENTED_EDGE ( 'NONE', *, *, #843, .T. ) ;
#9220 = ORIENTED_EDGE ( 'NONE', *, *, #5191, .T. ) ;
#9221 = EDGE_CURVE ( 'NONE', #8063, #2131, #7684, .T. ) ;
#9222 = LINE ( 'NONE', #9176, #7183 ) ;
#9223 = CARTESIAN_POINT ( 'NONE',  ( -0.6600000000000001421, 0.7000000000000085043, 7.294232202410960930 ) ) ;
#9224 = CARTESIAN_POINT ( 'NONE',  ( 4.249999762008569881, -2.139157802475679659, 11.85091001134370003 ) ) ;
#9225 = CARTESIAN_POINT ( 'NONE',  ( 0.8037371408783672289, -4.395153435249020468, 7.205220410559252109 ) ) ;
#9226 = ORIENTED_EDGE ( 'NONE', *, *, #3763, .F. ) ;
#9227 = CARTESIAN_POINT ( 'NONE',  ( -3.950000237991428964, 5.973626543402450473, 0.000000000000000000 ) ) ;
#9228 = VECTOR ( 'NONE', #9424, 1000.000000000000000 ) ;
#9229 = ADVANCED_FACE ( 'NONE', ( #6739 ), #5990, .T. ) ;
#9230 = EDGE_LOOP ( 'NONE', ( #4086, #5593, #2255, #1476 ) ) ;
#9231 = CARTESIAN_POINT ( 'NONE',  ( 1.499999999999939826, 1.571505490158366714, -10.45862404328944884 ) ) ;
#9232 = LINE ( 'NONE', #5737, #4298 ) ;
#9233 = DIRECTION ( 'NONE',  ( -0.000000000000000000, 1.000000000000000000, -0.000000000000000000 ) ) ;
#9234 = DIRECTION ( 'NONE',  ( -1.000000000000000000, -0.000000000000000000, -0.000000000000000000 ) ) ;
#9235 = CARTESIAN_POINT ( 'NONE',  ( 2.488007430340341219, -1.926335649230790370, 6.879999999999999893 ) ) ;
#9236 = DIRECTION ( 'NONE',  ( 0.000000000000000000, 1.000000000000000000, -1.167177897768564214E-14 ) ) ;
#9237 = ORIENTED_EDGE ( 'NONE', *, *, #1522, .F. ) ;
#9238 = ORIENTED_EDGE ( 'NONE', *, *, #8374, .F. ) ;
#9239 = DIRECTION ( 'NONE',  ( 0.000000000000000000, 2.027198695514634932E-16, 1.000000000000000000 ) ) ;
#9240 = PRODUCT_DEFINITION ( 'UNKNOWN', '', #2306, #8855 ) ;
#9241 = CARTESIAN_POINT ( 'NONE',  ( 0.9334914467399155757, 0.8025563992773860900, 6.880000000000014104 ) ) ;
#9242 = DIRECTION ( 'NONE',  ( -0.7018122366944850032, -0.1221440495962380357, -0.7018122366944850032 ) ) ;
#9243 = EDGE_CURVE ( 'NONE', #6995, #9299, #3835, .T. ) ;
#9244 = PRESENTATION_STYLE_ASSIGNMENT (( #2731 ) ) ;
#9245 = EDGE_CURVE ( 'NONE', #3037, #8402, #7190, .T. ) ;
#9246 = CARTESIAN_POINT ( 'NONE',  ( 0.6599999999999958122, 1.340049406695259515, 7.424802541892242758 ) ) ;
#9247 = DIRECTION ( 'NONE',  ( 0.000000000000000000, 0.000000000000000000, -1.000000000000000000 ) ) ;
#9248 = SURFACE_SIDE_STYLE ('',( #7134 ) ) ;
#9249 = VERTEX_POINT ( 'NONE', #1665 ) ;
#9250 = EDGE_CURVE ( 'NONE', #7629, #3625, #3112, .T. ) ;
#9251 = CARTESIAN_POINT ( 'NONE',  ( -4.519855521696242384, -1.449366130634644145, -5.007466530069465627 ) ) ;
#9252 = ORIENTED_EDGE ( 'NONE', *, *, #3305, .F. ) ;
#9253 = CARTESIAN_POINT ( 'NONE',  ( -4.491004921599155431, -1.283860147659377837, -6.786618903461214991 ) ) ;
#9254 = ORIENTED_EDGE ( 'NONE', *, *, #4700, .T. ) ;
#9255 = LINE ( 'NONE', #2068, #9021 ) ;
#9256 = FILL_AREA_STYLE_COLOUR ( '', #4111 ) ;
#9257 = PRODUCT ( 'amr', 'amr', '', ( #5040 ) ) ;
#9258 = CARTESIAN_POINT ( 'NONE',  ( 4.049999762008570592, 4.337592642964938960, 5.808574268657101136 ) ) ;
#9259 = ADVANCED_FACE ( 'NONE', ( #1714 ), #8947, .F. ) ;
#9260 = FACE_OUTER_BOUND ( 'NONE', #769, .T. ) ;
#9261 = CARTESIAN_POINT ( 'NONE',  ( 5.599999999999949907, 0.8170932621786820560, -0.1245757293229024509 ) ) ;
#9262 = CARTESIAN_POINT ( 'NONE',  ( -4.050000237991429053, -2.339157802475679837, 10.38998545934429885 ) ) ;
#9263 = ORIENTED_EDGE ( 'NONE', *, *, #3395, .T. ) ;
#9264 = ORIENTED_EDGE ( 'NONE', *, *, #9297, .F. ) ;
#9265 = ORIENTED_EDGE ( 'NONE', *, *, #108, .T. ) ;
#9266 = CARTESIAN_POINT ( 'NONE',  ( 3.499999762008579651, -1.926335649230749958, 1.575220410559259321 ) ) ;
#9267 = CARTESIAN_POINT ( 'NONE',  ( -4.500000000000060396, -1.275702287286611281, -7.000000000000000000 ) ) ;
#9268 = CARTESIAN_POINT ( 'NONE',  ( -4.001834001702119892, -1.678169412941477701, -1.145131339618203877E-08 ) ) ;
#9269 = PLANE ( 'NONE',  #100 ) ;
#9270 = EDGE_LOOP ( 'NONE', ( #2833, #3805, #3865, #658 ) ) ;
#9271 = CARTESIAN_POINT ( 'NONE',  ( -4.008578881754119472, 6.149362474690521552, 2.192794176220785158E-17 ) ) ;
#9272 = EDGE_CURVE ( 'NONE', #1015, #8449, #6574, .T. ) ;
#9273 = VECTOR ( 'NONE', #1882, 999.9999999999998863 ) ;
#9274 = FACE_OUTER_BOUND ( 'NONE', #804, .T. ) ;
#9275 = CARTESIAN_POINT ( 'NONE',  ( 299.2999999999999545, -5.585694816515836436, -0.5779910599136061089 ) ) ;
#9276 = CARTESIAN_POINT ( 'NONE',  ( -1.000000000000000000, 0.6600000000000000311, 7.505220410559251043 ) ) ;
#9277 = CARTESIAN_POINT ( 'NONE',  ( -5.591000000000068582, 3.882125191446057944, -10.00518197067437853 ) ) ;
#9278 = SHAPE_DEFINITION_REPRESENTATION ( #8937, #7660 ) ;
#9279 = CARTESIAN_POINT ( 'NONE',  ( 5.599999999999949907, 0.8170932621786126671, -11.87542427067706896 ) ) ;
#9280 = EDGE_CURVE ( 'NONE', #6018, #5488, #7557, .T. ) ;
#9281 = DIRECTION ( 'NONE',  ( 0.000000000000000000, 0.000000000000000000, 1.000000000000000000 ) ) ;
#9282 = VERTEX_POINT ( 'NONE', #6167 ) ;
#9283 = AXIS2_PLACEMENT_3D ( 'NONE', #8100, #5865, #7197 ) ;
#9284 = VECTOR ( 'NONE', #6908, 999.9999999999998863 ) ;
#9285 = VERTEX_POINT ( 'NONE', #9049 ) ;
#9286 = LINE ( 'NONE', #6456, #2456 ) ;
#9287 = CARTESIAN_POINT ( 'NONE',  ( 8.499999999999948486, 0.2193455792998725284, -8.319187790970875795 ) ) ;
#9288 = CARTESIAN_POINT ( 'NONE',  ( 5.499999999999949374, 0.2193455792999002840, -3.680812209029087789 ) ) ;
#9289 = CARTESIAN_POINT ( 'NONE',  ( 5.540043409055756207, 3.214198681187865780, -0.1059646243078208594 ) ) ;
#9290 = CARTESIAN_POINT ( 'NONE',  ( 1.000000000000000000, 1.165319909422410261, 7.039903344578360311 ) ) ;
#9291 = DIRECTION ( 'NONE',  ( 0.000000000000000000, -1.000000000000000000, -0.000000000000000000 ) ) ;
#9292 = VECTOR ( 'NONE', #328, 999.9999999999998863 ) ;
#9293 = DIRECTION ( 'NONE',  ( 0.000000000000000000, 0.000000000000000000, -1.000000000000000000 ) ) ;
#9294 = ORIENTED_EDGE ( 'NONE', *, *, #6069, .T. ) ;
#9295 = ORIENTED_EDGE ( 'NONE', *, *, #4056, .F. ) ;
#9296 = AXIS2_PLACEMENT_3D ( 'NONE', #5547, #6252, #6065 ) ;
#9297 = EDGE_CURVE ( 'NONE', #410, #5823, #3879, .T. ) ;
#9298 = CARTESIAN_POINT ( 'NONE',  ( -4.515070626747819560, -1.102038329954223794, -4.940727992907939736 ) ) ;
#9299 = VERTEX_POINT ( 'NONE', #3917 ) ;
#9300 = CARTESIAN_POINT ( 'NONE',  ( -4.501211746825375393, -1.414380291900731779, -6.854900965951202352 ) ) ;
#9301 = VERTEX_POINT ( 'NONE', #1857 ) ;
#9302 = VECTOR ( 'NONE', #8557, 1000.000000000000000 ) ;
#9303 = CARTESIAN_POINT ( 'NONE',  ( 1.499999999999939826, 4.771167705692607619, -8.898559815854707011 ) ) ;
#9304 = DIRECTION ( 'NONE',  ( 0.000000000000000000, 1.000000000000000000, 0.000000000000000000 ) ) ;
#9305 = DIRECTION ( 'NONE',  ( 1.000000000000000000, 0.000000000000000000, 0.000000000000000000 ) ) ;
#9306 = CARTESIAN_POINT ( 'NONE',  ( 2.605360963066523983, 6.243742306249765228, 10.71596080624235015 ) ) ;
#9307 = CARTESIAN_POINT ( 'NONE',  ( -4.250000237991429231, -1.843492936756120582, 7.487303806807142692 ) ) ;
#9308 = TOROIDAL_SURFACE ( 'NONE', #6544, 0.5200000000000002398, 0.2000000000000000111 ) ;
#9309 = EDGE_CURVE ( 'NONE', #8615, #7106, #357, .T. ) ;
#9310 = CARTESIAN_POINT ( 'NONE',  ( 8.499999999999948486, 3.095100562410515455, -0.1245757293229024509 ) ) ;
#9311 = VERTEX_POINT ( 'NONE', #6973 ) ;
#9312 = EDGE_LOOP ( 'NONE', ( #6176, #5146, #7820, #6216, #1050, #6849 ) ) ;
#9313 = STYLED_ITEM ( 'NONE', ( #683 ), #6711 ) ;
#9314 = EDGE_CURVE ( 'NONE', #2131, #84, #4774, .T. ) ;
#9315 = EDGE_CURVE ( 'NONE', #4102, #1493, #5828, .T. ) ;
#9316 = CARTESIAN_POINT ( 'NONE',  ( 8.499999999999948486, 0.8170932621786820560, -0.2245757293229022900 ) ) ;
#9317 = CIRCLE ( 'NONE', #8698, 0.4919261306450205540 ) ;
#9318 = ORIENTED_EDGE ( 'NONE', *, *, #3868, .T. ) ;
#9319 = AXIS2_PLACEMENT_3D ( 'NONE', #8190, #4550, #1008 ) ;
#9320 = DIRECTION ( 'NONE',  ( 0.000000000000000000, 0.000000000000000000, -1.000000000000000000 ) ) ;
#9321 = VECTOR ( 'NONE', #8040, 1000.000000000000000 ) ;
#9322 = DIRECTION ( 'NONE',  ( -0.7530955863570416575, -0.6579111169523916836, 0.000000000000000000 ) ) ;
#9323 = CARTESIAN_POINT ( 'NONE',  ( -4.146177118283294050, -1.822512529522605229, 0.05900991493612325889 ) ) ;
#9324 = FILL_AREA_STYLE ('',( #7018 ) ) ;
#9325 = AXIS2_PLACEMENT_3D ( 'NONE', #2793, #7898, #4273 ) ;
#9326 = VERTEX_POINT ( 'NONE', #5403 ) ;
#9327 =( BOUNDED_CURVE ( )  B_SPLINE_CURVE ( 3, ( #403, #1374, #1949, #6449 ),
 .UNSPECIFIED., .F., .T. ) 
 B_SPLINE_CURVE_WITH_KNOTS ( ( 4, 4 ),
 ( 0.000000000000000000, 1.570796326794896558 ),
 .UNSPECIFIED. ) 
 CURVE ( )  GEOMETRIC_REPRESENTATION_ITEM ( )  RATIONAL_B_SPLINE_CURVE ( ( 1.000000000000000000, 0.8047378541243649375, 0.8047378541243649375, 1.000000000000000000 ) ) 
 REPRESENTATION_ITEM ( '' )  );
#9328 = VECTOR ( 'NONE', #7649, 1000.000000000000000 ) ;
#9329 = DIRECTION ( 'NONE',  ( 0.000000000000000000, -0.000000000000000000, 1.000000000000000000 ) ) ;
#9330 = EDGE_LOOP ( 'NONE', ( #2304, #5757, #5205, #1703 ) ) ;
#9331 = VECTOR ( 'NONE', #6371, 1000.000000000000000 ) ;
#9332 = MECHANICAL_DESIGN_GEOMETRIC_PRESENTATION_REPRESENTATION (  '', ( #1518 ), #451 ) ;
#9333 = STYLED_ITEM ( 'NONE', ( #7748 ), #2718 ) ;
#9334 = EDGE_CURVE ( 'NONE', #8263, #2768, #1525, .T. ) ;
#9335 = DIRECTION ( 'NONE',  ( -2.612289469706220103E-15, 2.612289469706250080E-15, 1.000000000000000000 ) ) ;
#9336 = DIRECTION ( 'NONE',  ( -0.7071067811865469066, 0.000000000000000000, 0.7071067811865482389 ) ) ;
#9337 = DIRECTION ( 'NONE',  ( -1.000000000000000000, -0.000000000000000000, -0.000000000000000000 ) ) ;
#9338 = CIRCLE ( 'NONE', #8414, 2.121221927182349365 ) ;
#9339 = DIRECTION ( 'NONE',  ( 0.000000000000000000, 1.000000000000000000, 0.000000000000000000 ) ) ;
#9340 = AXIS2_PLACEMENT_3D ( 'NONE', #7938, #4976, #2821 ) ;
#9341 = LINE ( 'NONE', #9235, #6562 ) ;
#9342 = CARTESIAN_POINT ( 'NONE',  ( -4.500169433514014550, -1.075689230389941464, -5.052169284189360177 ) ) ;
#9343 = CIRCLE ( 'NONE', #4746, 0.4919261306450209981 ) ;
#9344 = ORIENTED_EDGE ( 'NONE', *, *, #4312, .F. ) ;
#9345 = ADVANCED_FACE ( 'NONE', ( #6073 ), #2525, .T. ) ;
#9346 = CARTESIAN_POINT ( 'NONE',  ( 4.138248965773499322, 4.770805325682319520, 5.792726717669479441 ) ) ;
#9347 = DIRECTION ( 'NONE',  ( 0.000000000000000000, 0.000000000000000000, 1.000000000000000000 ) ) ;
#9348 = CARTESIAN_POINT ( 'NONE',  ( 4.645139837156087026, 3.334171825948719636, -11.89182037605420561 ) ) ;
#9349 = CARTESIAN_POINT ( 'NONE',  ( 5.499999999999949374, 3.295100562410516076, -0.07987552268793382537 ) ) ;
#9350 = CARTESIAN_POINT ( 'NONE',  ( 0.6599999999999602851, 0.7804188904419461226, 6.865171329269148970 ) ) ;
#9351 = DIRECTION ( 'NONE',  ( 0.000000000000000000, 0.000000000000000000, -1.000000000000000000 ) ) ;
#9352 =( NAMED_UNIT ( * ) SI_UNIT ( $, .STERADIAN. ) SOLID_ANGLE_UNIT ( ) );
#9353 = VERTEX_POINT ( 'NONE', #4017 ) ;
#9354 = EDGE_LOOP ( 'NONE', ( #3048, #409, #2752, #4366 ) ) ;
#9355 = CARTESIAN_POINT ( 'NONE',  ( -4.501642686295289408, -1.135117085276590387, -4.857304821456018828 ) ) ;
#9356 = ORIENTED_EDGE ( 'NONE', *, *, #7506, .F. ) ;
#9357 = EDGE_CURVE ( 'NONE', #783, #5998, #7593, .T. ) ;
#9358 = CARTESIAN_POINT ( 'NONE',  ( -4.585472006797043143, -1.218599879661447671, -7.059747014764806039 ) ) ;
#9359 = ORIENTED_EDGE ( 'NONE', *, *, #1876, .F. ) ;
#9360 = DIRECTION ( 'NONE',  ( 0.000000000000000000, 0.000000000000000000, 1.000000000000000000 ) ) ;
#9361 = CARTESIAN_POINT ( 'NONE',  ( 5.557206583275927869, 2.186315671068828959, -8.784354477010293039 ) ) ;
#9362 = FILL_AREA_STYLE_COLOUR ( '', #1023 ) ;
#9363 = CARTESIAN_POINT ( 'NONE',  ( -3.500000237991430119, -1.926335649230749958, 0.8552204105592594585 ) ) ;
#9364 = CARTESIAN_POINT ( 'NONE',  ( -2.488008628878230155, -1.926335649230742630, 0.2515974232527783405 ) ) ;
#9365 = ORIENTED_EDGE ( 'NONE', *, *, #2374, .F. ) ;
#9366 = ORIENTED_EDGE ( 'NONE', *, *, #238, .F. ) ;
#9367 = FILL_AREA_STYLE_COLOUR ( '', #267 ) ;
#9368 = ORIENTED_EDGE ( 'NONE', *, *, #9221, .T. ) ;
#9369 = DIRECTION ( 'NONE',  ( -1.000000000000000000, 0.000000000000000000, 0.000000000000000000 ) ) ;
#9370 = CARTESIAN_POINT ( 'NONE',  ( -5.400000000000059863, 0.8675451179377196009, -7.069655554617711779 ) ) ;
#9371 = PLANE ( 'NONE',  #3652 ) ;
#9372 = EDGE_CURVE ( 'NONE', #8107, #8095, #8334, .T. ) ;
#9373 = EDGE_CURVE ( 'NONE', #39, #6070, #3687, .T. ) ;
#9374 = CARTESIAN_POINT ( 'NONE',  ( -5.400000000000059863, -1.275702287286611059, -4.930344445382288221 ) ) ;
#9375 = ORIENTED_EDGE ( 'NONE', *, *, #1416, .T. ) ;
#9376 = CARTESIAN_POINT ( 'NONE',  ( -1.000000000000000000, -4.395153435249019580, 7.008957551437619671 ) ) ;
#9377 = ORIENTED_EDGE ( 'NONE', *, *, #7987, .F. ) ;
#9378 = DIRECTION ( 'NONE',  ( 0.000000000000000000, 1.044915787882490092E-14, 1.000000000000000000 ) ) ;
#9379 = ADVANCED_FACE ( 'NONE', ( #2572 ), #5502, .T. ) ;
#9380 = CARTESIAN_POINT ( 'NONE',  ( -1.000000000000000000, 0.6600000000000000311, 8.490572276070762925 ) ) ;
#9381 = DIRECTION ( 'NONE',  ( -1.000000000000000000, -0.000000000000000000, -0.000000000000000000 ) ) ;
#9382 = CARTESIAN_POINT ( 'NONE',  ( -2.986120869726938132, 5.146119801567417440, -5.059838790869076064 ) ) ;
#9383 =( BOUNDED_CURVE ( )  B_SPLINE_CURVE ( 3, ( #2245, #3699, #6640, #2295 ),
 .UNSPECIFIED., .F., .T. ) 
 B_SPLINE_CURVE_WITH_KNOTS ( ( 4, 4 ),
 ( 4.712388980384689674, 6.283185307179586232 ),
 .UNSPECIFIED. ) 
 CURVE ( )  GEOMETRIC_REPRESENTATION_ITEM ( )  RATIONAL_B_SPLINE_CURVE ( ( 1.000000000000000000, 0.8047378541243649375, 0.8047378541243649375, 1.000000000000000000 ) ) 
 REPRESENTATION_ITEM ( '' )  );
#9384 = VECTOR ( 'NONE', #698, 1000.000000000000000 ) ;
#9385 = ADVANCED_FACE ( 'NONE', ( #4104 ), #3536, .F. ) ;
#9386 = CARTESIAN_POINT ( 'NONE',  ( 5.567953890461826205, 0.8118194299649416079, -1.748375194479617312 ) ) ;
#9387 = CARTESIAN_POINT ( 'NONE',  ( 8.499999999999948486, 0.8170932621786126671, -11.87542427067706896 ) ) ;
#9388 = CARTESIAN_POINT ( 'NONE',  ( 1.499999999999939826, 4.771167705692607619, -8.898559815854707011 ) ) ;
#9389 = VERTEX_POINT ( 'NONE', #6262 ) ;
#9390 = CARTESIAN_POINT ( 'NONE',  ( 4.242656222012732847, 4.394957827806257100, 5.665939453498418210 ) ) ;
#9391 = CARTESIAN_POINT ( 'NONE',  ( 1.602906781438529604, 3.564331192589055508, 0.000000000000000000 ) ) ;
#9392 = DIRECTION ( 'NONE',  ( -1.000000000000000000, -0.000000000000000000, -0.000000000000000000 ) ) ;
#9393 = FACE_OUTER_BOUND ( 'NONE', #5053, .T. ) ;
#9394 = CARTESIAN_POINT ( 'NONE',  ( 0.7477005080132707038, 2.420857937811557559, 4.000000000000000000 ) ) ;
#9395 = CARTESIAN_POINT ( 'NONE',  ( -2.788008628878230422, -1.571866509722523730, 0.000000000000000000 ) ) ;
#9396 = ORIENTED_EDGE ( 'NONE', *, *, #659, .T. ) ;
#9397 = EDGE_CURVE ( 'NONE', #9210, #94, #9327, .T. ) ;
#9398 = CARTESIAN_POINT ( 'NONE',  ( -4.536908523590109432, -1.135117085276591720, -4.940727992907939736 ) ) ;
#9399 = VERTEX_POINT ( 'NONE', #2716 ) ;
#9400 = CARTESIAN_POINT ( 'NONE',  ( -4.496690964487080500, -1.381750288486601530, -7.179240208153211178 ) ) ;
#9401 = VERTEX_POINT ( 'NONE', #7733 ) ;
#9402 = CARTESIAN_POINT ( 'NONE',  ( -0.7477005242537160257, 2.420857981308560447, 8.856534637527339271 ) ) ;
#9403 = FILL_AREA_STYLE ('',( #9256 ) ) ;
#9404 = FILL_AREA_STYLE_COLOUR ( '', #3307 ) ;
#9405 = DIRECTION ( 'NONE',  ( 1.000000000000000000, 0.000000000000000000, 0.000000000000000000 ) ) ;
#9406 = CARTESIAN_POINT ( 'NONE',  ( -4.500000237991419461, 6.273626543402450295, 0.2999999999999999889 ) ) ;
#9407 = CARTESIAN_POINT ( 'NONE',  ( -2.488008628878230155, -3.664498079445910328, -0.1434653624726539844 ) ) ;
#9408 = ORIENTED_EDGE ( 'NONE', *, *, #4626, .F. ) ;
#9409 = CIRCLE ( 'NONE', #2369, 0.2000000000000005107 ) ;
#9410 = EDGE_CURVE ( 'NONE', #502, #4456, #5359, .T. ) ;
#9411 = EDGE_LOOP ( 'NONE', ( #3654, #3884, #7437, #4683 ) ) ;
#9412 = CYLINDRICAL_SURFACE ( 'NONE', #1965, 2.451402828728279637 ) ;
#9413 = ORIENTED_EDGE ( 'NONE', *, *, #2285, .F. ) ;
#9414 = ORIENTED_EDGE ( 'NONE', *, *, #2459, .F. ) ;
#9415 = CARTESIAN_POINT ( 'NONE',  ( -1.000000000000000000, -3.569272152702969603, 7.545220410559260849 ) ) ;
#9416 = CARTESIAN_POINT ( 'NONE',  ( 4.047396956851939898, -1.918527233760852990, 0.2214751072580580793 ) ) ;
#9417 = DIRECTION ( 'NONE',  ( 0.000000000000000000, 0.000000000000000000, -1.000000000000000000 ) ) ;
#9418 = CARTESIAN_POINT ( 'NONE',  ( -4.050000237991429053, -2.139157802475679659, 11.85091001134370003 ) ) ;
#9419 = VERTEX_POINT ( 'NONE', #2004 ) ;
#9420 = VERTEX_POINT ( 'NONE', #6397 ) ;
#9421 = PLANE ( 'NONE',  #9171 ) ;
#9422 = EDGE_CURVE ( 'NONE', #2031, #3907, #4154, .T. ) ;
#9423 = LINE ( 'NONE', #2146, #3347 ) ;
#9424 = DIRECTION ( 'NONE',  ( -1.000000000000000000, -0.000000000000000000, -0.000000000000000000 ) ) ;
#9425 = LINE ( 'NONE', #7033, #8064 ) ;
#9426 = DIRECTION ( 'NONE',  ( 0.000000000000000000, -1.000000000000000000, 0.000000000000000000 ) ) ;
#9427 = EDGE_CURVE ( 'NONE', #6198, #5721, #6349, .T. ) ;
#9428 = DIRECTION ( 'NONE',  ( -1.000000000000000000, -0.000000000000000000, -0.000000000000000000 ) ) ;
#9429 = VECTOR ( 'NONE', #4757, 1000.000000000000000 ) ;
#9430 = EDGE_CURVE ( 'NONE', #3185, #3801, #9232, .T. ) ;
#9431 = B_SPLINE_CURVE_WITH_KNOTS ( 'NONE', 3,
 ( #3902, #6193, #7577, #8157, #3182, #1597, #6106 ),
 .UNSPECIFIED., .F., .F.,
 ( 4, 1, 1, 1, 4 ),
 ( 0.06458071119451615216, 0.1130875424394369722, 0.2356190769618989322, 0.3581506114843799882, 0.4712381539237950334 ),
 .UNSPECIFIED. ) ;
#9432 = ORIENTED_EDGE ( 'NONE', *, *, #8019, .T. ) ;
#9433 =( BOUNDED_CURVE ( )  B_SPLINE_CURVE ( 3, ( #3765, #2272, #7393, #8832 ),
 .UNSPECIFIED., .F., .T. ) 
 B_SPLINE_CURVE_WITH_KNOTS ( ( 4, 4 ),
 ( 3.141592653589793116, 4.712388980384689674 ),
 .UNSPECIFIED. ) 
 CURVE ( )  GEOMETRIC_REPRESENTATION_ITEM ( )  RATIONAL_B_SPLINE_CURVE ( ( 1.000000000000000000, 0.8047378541243649375, 0.8047378541243649375, 1.000000000000000000 ) ) 
 REPRESENTATION_ITEM ( '' )  );
#9434 = CARTESIAN_POINT ( 'NONE',  ( -2.488008628878240813, -1.926335649230739744, 7.570146519281761854 ) ) ;
#9435 = CARTESIAN_POINT ( 'NONE',  ( -5.591000000000060588, 4.771167705692607619, -3.101440184145292989 ) ) ;
#9436 = CARTESIAN_POINT ( 'NONE',  ( 0.9008451486024394717, -1.863163407847409969, 6.879999999999999893 ) ) ;
#9437 = CARTESIAN_POINT ( 'NONE',  ( -2.488007230840694195, -1.271866509722523686, 4.000000000000000000 ) ) ;
#9438 = DIRECTION ( 'NONE',  ( 1.000000000000000000, 0.000000000000000000, -0.000000000000000000 ) ) ;
#9439 = CARTESIAN_POINT ( 'NONE',  ( -5.591000000000068582, 5.076540080366747532, -7.007763651736524046 ) ) ;
#9440 = CARTESIAN_POINT ( 'NONE',  ( 299.2999999999999545, 3.518315668917007866, 0.000000000000000000 ) ) ;
#9441 = ORIENTED_EDGE ( 'NONE', *, *, #8758, .T. ) ;
#9442 = TOROIDAL_SURFACE ( 'NONE', #3478, 1.843247405224331059, 0.1000000000000000056 ) ;
#9443 = DIRECTION ( 'NONE',  ( 0.000000000000000000, -1.000000000000000000, 1.201179063752586100E-14 ) ) ;
#9444 = ORIENTED_EDGE ( 'NONE', *, *, #5694, .T. ) ;
#9445 = CARTESIAN_POINT ( 'NONE',  ( 8.499999999999948486, 3.195100562410515543, -0.1245757293229024509 ) ) ;
#9446 = ORIENTED_EDGE ( 'NONE', *, *, #4868, .F. ) ;
#9447 = DIRECTION ( 'NONE',  ( -1.000000000000000000, 0.000000000000000000, 0.000000000000000000 ) ) ;
#9448 = CARTESIAN_POINT ( 'NONE',  ( 2.935098673953480564, -1.571866509722523730, 0.000000000000000000 ) ) ;
#9449 = EDGE_CURVE ( 'NONE', #5602, #1294, #7077, .T. ) ;
#9450 =( LENGTH_UNIT ( ) NAMED_UNIT ( * ) SI_UNIT ( .MILLI., .METRE. ) );
#9451 = UNCERTAINTY_MEASURE_WITH_UNIT (LENGTH_MEASURE( 1.000000000000000082E-05 ), #2155, 'distance_accuracy_value', 'NONE');
#9452 = AXIS2_PLACEMENT_3D ( 'NONE', #3098, #7677, #5388 ) ;
#9453 = DIRECTION ( 'NONE',  ( 0.000000000000000000, -1.000000000000000000, 0.000000000000000000 ) ) ;
#9454 = CARTESIAN_POINT ( 'NONE',  ( 8.399999999999948841, 3.195100562410482681, -8.793314250264890219 ) ) ;
#9455 = CARTESIAN_POINT ( 'NONE',  ( -1.340000000000000302, 0.6599969120815496471, 7.510246527350932233 ) ) ;
#9456 = ORIENTED_EDGE ( 'NONE', *, *, #1540, .T. ) ;
#9457 = CIRCLE ( 'NONE', #3645, 2.451402828728279193 ) ;
#9458 = ORIENTED_EDGE ( 'NONE', *, *, #516, .F. ) ;
#9459 = CARTESIAN_POINT ( 'NONE',  ( 299.2999999999999545, 3.518315668917007866, -11.50807386935497867 ) ) ;
#9460 = AXIS2_PLACEMENT_3D ( 'NONE', #3288, #6975, #405 ) ;
#9461 = VECTOR ( 'NONE', #6140, 1000.000000000000000 ) ;
#9462 = ORIENTED_EDGE ( 'NONE', *, *, #8664, .T. ) ;
#9463 = CARTESIAN_POINT ( 'NONE',  ( 8.499999999999948486, 2.260983478623241449, -3.107227288485244099 ) ) ;
#9464 = ORIENTED_EDGE ( 'NONE', *, *, #8558, .T. ) ;
#9465 = EDGE_CURVE ( 'NONE', #537, #5284, #5015, .T. ) ;
#9466 = CYLINDRICAL_SURFACE ( 'NONE', #1932, 0.2999999999999999334 ) ;
#9467 = LINE ( 'NONE', #7211, #3575 ) ;
#9468 = LINE ( 'NONE', #2902, #2421 ) ;
#9469 = FACE_OUTER_BOUND ( 'NONE', #1955, .T. ) ;
#9470 = ORIENTED_EDGE ( 'NONE', *, *, #8180, .T. ) ;
#9471 = ORIENTED_EDGE ( 'NONE', *, *, #7474, .T. ) ;
#9472 = VECTOR ( 'NONE', #362, 1000.000000000000000 ) ;
#9473 = CIRCLE ( 'NONE', #3964, 0.5199999999999995737 ) ;
#9474 = CARTESIAN_POINT ( 'NONE',  ( -4.250000237991429231, -2.408745645934470492, 2.972276292613179827 ) ) ;
#9475 = AXIS2_PLACEMENT_3D ( 'NONE', #6331, #5255, #2332 ) ;
#9476 = ADVANCED_FACE ( 'NONE', ( #2671 ), #507, .T. ) ;
#9477 = CARTESIAN_POINT ( 'NONE',  ( 1.681421079138902375, 5.595487677992942999, -9.665753611994775341 ) ) ;
#9478 = MECHANICAL_DESIGN_GEOMETRIC_PRESENTATION_REPRESENTATION (  '', ( #749 ), #6560 ) ;
#9479 = CARTESIAN_POINT ( 'NONE',  ( 4.249999459229076848, 6.273626240622957262, 0.2333996892919042720 ) ) ;
#9480 = AXIS2_PLACEMENT_3D ( 'NONE', #5787, #8655, #7174 ) ;
#9481 = CARTESIAN_POINT ( 'NONE',  ( 1.000000000000000000, 0.6999999999999999556, 6.865220410559250475 ) ) ;
#9482 = LINE ( 'NONE', #7362, #1663 ) ;
#9483 = AXIS2_PLACEMENT_3D ( 'NONE', #5578, #8484, #1923 ) ;
#9484 = CARTESIAN_POINT ( 'NONE',  ( 4.249999762008569881, -2.139157802475679659, 2.972276292613179827 ) ) ;
#9485 = VECTOR ( 'NONE', #3851, 1000.000000000000000 ) ;
#9486 = ORIENTED_EDGE ( 'NONE', *, *, #3166, .T. ) ;
#9487 = CARTESIAN_POINT ( 'NONE',  ( -5.591000000000068582, 3.026389538271987423, -12.00000000000000000 ) ) ;
#9488 = EDGE_CURVE ( 'NONE', #7540, #2163, #1901, .T. ) ;
#9489 = TOROIDAL_SURFACE ( 'NONE', #5356, 0.5199999999999997957, 0.2000000000000000111 ) ;
#9490 = FACE_OUTER_BOUND ( 'NONE', #643, .T. ) ;
#9491 = DIRECTION ( 'NONE',  ( 1.000000000000000000, 0.000000000000000000, 0.000000000000000000 ) ) ;
#9492 = EDGE_CURVE ( 'NONE', #2676, #5488, #9343, .T. ) ;
#9493 = EDGE_CURVE ( 'NONE', #55, #6569, #4717, .T. ) ;
#9494 = CARTESIAN_POINT ( 'NONE',  ( 1.000000000000000000, 1.000000000000000000, 8.490572276070761149 ) ) ;
#9495 = CARTESIAN_POINT ( 'NONE',  ( -4.050000237991429053, 6.073626543402451006, 5.608574268657101847 ) ) ;
#9496 = CARTESIAN_POINT ( 'NONE',  ( -4.466941207562953764, -1.135117085276589055, -4.790566284294484944 ) ) ;
#9497 = NEXT_ASSEMBLY_USAGE_OCCURRENCE ( 'NAUO1', ' ', ' ', #9240, #5860, $ ) ;
#9498 = NEXT_ASSEMBLY_USAGE_OCCURRENCE ( 'NAUO2', ' ', ' ', #9240, #5978, $ ) ;
ENDSEC;
END-ISO-10303-21;
