ISO-10303-21;
HEADER;
FILE_DESCRIPTION (( 'STEP AP203' ),
    '1' );
FILE_NAME ('ACT45L Block model(typ size).STEP',
    '2018-06-28T23:55:42',
    ( 'TDK' ),
    ( 'TDK' ),
    'SwSTEP 2.0',
    'SolidWorks 2016',
    '' );
FILE_SCHEMA (( 'CONFIG_CONTROL_DESIGN' ));
ENDSEC;

DATA;
#1 = MECHANICAL_CONTEXT ( 'NONE', #389, 'mechanical' ) ;
#2 = PERSON_AND_ORGANIZATION ( #15, #598 ) ;
#3 = DIRECTION ( 'NONE',  ( -1.742467777208846300E-015, -1.000000000000000000, 3.097720492815726700E-015 ) ) ;
#4 = VERTEX_POINT ( 'NONE', #1081 ) ;
#5 = CARTESIAN_POINT ( 'NONE',  ( 0.6999999999999999600, 0.0000000000000000000, -0.005000000000000000100 ) ) ;
#6 = AXIS2_PLACEMENT_3D ( 'NONE', #299, #1362, #151 ) ;
#7 = ADVANCED_FACE ( 'NONE', ( #472 ), #1738, .T. ) ;
#8 = ORIENTED_EDGE ( 'NONE', *, *, #653, .T. ) ;
#9 = CC_DESIGN_DATE_AND_TIME_ASSIGNMENT ( #996, #800, ( #1582 ) ) ;
#10 = CARTESIAN_POINT ( 'NONE',  ( -2.666926150128479000E-016, 0.04999999999999820600, -0.5050000000000001200 ) ) ;
#11 = VERTEX_POINT ( 'NONE', #1379 ) ;
#12 = FACE_OUTER_BOUND ( 'NONE', #699, .T. ) ;
#13 = AXIS2_PLACEMENT_3D ( 'NONE', #1096, #14, #932 ) ;
#14 = DIRECTION ( 'NONE',  ( 1.000000000000000000, 0.0000000000000000000, 0.0000000000000000000 ) ) ;
#15 = PERSON ( 'UNSPECIFIED', 'UNSPECIFIED', 'UNSPECIFIED', ('UNSPECIFIED'), ('UNSPECIFIED'), ('UNSPECIFIED') ) ;
#16 = VECTOR ( 'NONE', #659, 1000.000000000000000 ) ;
#17 = ORIENTED_EDGE ( 'NONE', *, *, #446, .T. ) ;
#18 = ORIENTED_EDGE ( 'NONE', *, *, #771, .F. ) ;
#19 = VECTOR ( 'NONE', #28, 1000.000000000000000 ) ;
#20 = CC_DESIGN_SECURITY_CLASSIFICATION ( #1490, ( #998 ) ) ;
#21 = EDGE_CURVE ( 'NONE', #577, #1824, #295, .T. ) ;
#22 = ORIENTED_EDGE ( 'NONE', *, *, #975, .F. ) ;
#23 = COORDINATED_UNIVERSAL_TIME_OFFSET ( 9, 0, .AHEAD. ) ;
#24 = PLANE ( 'NONE',  #956 ) ;
#25 = CARTESIAN_POINT ( 'NONE',  ( -2.199999999999999700, -2.981555974335136700E-016, 2.750000000000000000 ) ) ;
#26 = CARTESIAN_POINT ( 'NONE',  ( -2.250000000000000000, -1.550000000000000000, 0.05000000000000012800 ) ) ;
#27 = CARTESIAN_POINT ( 'NONE',  ( 2.199999999999998800, -1.549999999999999800, 2.799999999999999800 ) ) ;
#28 = DIRECTION ( 'NONE',  ( -0.0000000000000000000, 0.0000000000000000000, -1.000000000000000000 ) ) ;
#29 = CALENDAR_DATE ( 2018, 29, 6 ) ;
#30 = CARTESIAN_POINT ( 'NONE',  ( 2.795208725939191100E-017, -1.745740669421556900E-017, 5.341446330136474400E-032 ) ) ;
#31 = APPROVAL_STATUS ( 'not_yet_approved' ) ;
#32 = EDGE_CURVE ( 'NONE', #76, #268, #1839, .T. ) ;
#33 = EDGE_CURVE ( 'NONE', #751, #1239, #95, .T. ) ;
#34 = VERTEX_POINT ( 'NONE', #247 ) ;
#35 = DIRECTION ( 'NONE',  ( 0.0000000000000000000, 0.0000000000000000000, -1.000000000000000000 ) ) ;
#36 = VERTEX_POINT ( 'NONE', #277 ) ;
#37 = CARTESIAN_POINT ( 'NONE',  ( 2.199999999999999300, -1.599999999999999900, 2.799999999999999800 ) ) ;
#38 = VECTOR ( 'NONE', #452, 1000.000000000000000 ) ;
#39 = DIRECTION ( 'NONE',  ( 3.499016102112311300E-015, -1.000000000000000000, 3.433306879537429300E-015 ) ) ;
#40 = FACE_OUTER_BOUND ( 'NONE', #1649, .T. ) ;
#41 = VERTEX_POINT ( 'NONE', #1356 ) ;
#42 = LINE ( 'NONE', #1581, #1459 ) ;
#43 = AXIS2_PLACEMENT_3D ( 'NONE', #1585, #522, #1446 ) ;
#44 = VECTOR ( 'NONE', #1837, 1000.000000000000000 ) ;
#45 = DIRECTION ( 'NONE',  ( 3.491481338843134500E-015, -1.000000000000000000, 3.162256336416055100E-015 ) ) ;
#46 = EDGE_CURVE ( 'NONE', #606, #268, #1346, .T. ) ;
#47 = EDGE_CURVE ( 'NONE', #934, #790, #840, .T. ) ;
#48 = ORIENTED_EDGE ( 'NONE', *, *, #1811, .T. ) ;
#49 = CARTESIAN_POINT ( 'NONE',  ( 0.7000000000000000700, 0.03499999999999964300, -0.5049999999999998900 ) ) ;
#50 = APPROVAL_ROLE ( '' ) ;
#51 = VECTOR ( 'NONE', #1001, 1000.000000000000000 ) ;
#52 = PERSON_AND_ORGANIZATION_ROLE ( 'creator' ) ;
#53 = CARTESIAN_POINT ( 'NONE',  ( 0.0000000000000000000, 1.550000000000000500, 2.750000000000000000 ) ) ;
#54 = PLANE ( 'NONE',  #909 ) ;
#55 = DIRECTION ( 'NONE',  ( 0.0000000000000000000, 0.0000000000000000000, 1.000000000000000000 ) ) ;
#56 = CC_DESIGN_APPROVAL ( #1934, ( #970 ) ) ;
#57 = APPROVAL_DATE_TIME ( #459, #568 ) ;
#58 = CARTESIAN_POINT ( 'NONE',  ( 2.199999999999998800, -1.550000000000000000, 2.750000000000000000 ) ) ;
#59 = DIRECTION ( 'NONE',  ( 0.0000000000000000000, -1.000000000000000000, 3.484935554417692700E-015 ) ) ;
#60 = ORIENTED_EDGE ( 'NONE', *, *, #1493, .F. ) ;
#61 = DIRECTION ( 'NONE',  ( 3.491481338843134100E-015, -1.000000000000000000, 3.433306879537430800E-015 ) ) ;
#62 = LOCAL_TIME ( 8, 55, 42.00000000000000000, #462 ) ;
#63 = CARTESIAN_POINT ( 'NONE',  ( -2.199999999999999700, -1.550000000000000000, 2.750000000000000000 ) ) ;
#64 = COORDINATED_UNIVERSAL_TIME_OFFSET ( 9, 0, .AHEAD. ) ;
#65 = SHAPE_REPRESENTATION ( 'ACT45LコアBlock typ', ( #1340 ), #1232 ) ;
#66 = VERTEX_POINT ( 'NONE', #1054 ) ;
#67 = DIRECTION ( 'NONE',  ( 0.0000000000000000000, 1.000000000000000000, 8.470329472543002400E-016 ) ) ;
#68 = DIRECTION ( 'NONE',  ( 1.000000000000000000, 0.0000000000000000000, 0.0000000000000000000 ) ) ;
#69 = CIRCLE ( 'NONE', #549, 0.03499999999999998300 ) ;
#70 = EDGE_LOOP ( 'NONE', ( #1959, #132, #1282, #546 ) ) ;
#71 = DIRECTION ( 'NONE',  ( -3.491481338843133400E-015, 1.000000000000000000, 0.0000000000000000000 ) ) ;
#72 = PLANE ( 'NONE',  #1195 ) ;
#73 = VERTEX_POINT ( 'NONE', #1665 ) ;
#74 = CARTESIAN_POINT ( 'NONE',  ( 2.199999999999998800, -1.550000000000000000, 0.05000000000000000300 ) ) ;
#75 = LINE ( 'NONE', #478, #429 ) ;
#76 = VERTEX_POINT ( 'NONE', #1206 ) ;
#77 = FACE_OUTER_BOUND ( 'NONE', #743, .T. ) ;
#78 = DIRECTION ( 'NONE',  ( 0.0000000000000000000, 2.710505431213763100E-016, 1.000000000000000000 ) ) ;
#79 = EDGE_CURVE ( 'NONE', #751, #1584, #1384, .T. ) ;
#80 = CARTESIAN_POINT ( 'NONE',  ( -2.168404344971008900E-016, 1.500000000000000000, 0.0000000000000000000 ) ) ;
#81 = CARTESIAN_POINT ( 'NONE',  ( -6.241295400821142100E-018, 0.05499999999999980600, -0.05499999999999999300 ) ) ;
#82 = EDGE_CURVE ( 'NONE', #1569, #1650, #608, .T. ) ;
#83 = CARTESIAN_POINT ( 'NONE',  ( 0.7000000000000000700, 0.04499999999999981100, -0.05499999999999978500 ) ) ;
#84 = APPLICATION_PROTOCOL_DEFINITION ( 'international standard', 'config_control_design', 1994, #1157 ) ;
#85 = PERSON_AND_ORGANIZATION ( #15, #598 ) ;
#86 = CARTESIAN_POINT ( 'NONE',  ( 0.6999999999999999600, 0.0000000000000000000, -0.005000000000000000100 ) ) ;
#87 = DIRECTION ( 'NONE',  ( -1.000000000000000000, -1.355252715606877100E-016, 0.0000000000000000000 ) ) ;
#88 = EDGE_LOOP ( 'NONE', ( #18, #1635, #154, #1517 ) ) ;
#89 = CARTESIAN_POINT ( 'NONE',  ( 0.6650000000000001500, 0.03499999999999974000, -0.5049999999999998900 ) ) ;
#90 = PERSON_AND_ORGANIZATION_ROLE ( 'classification_officer' ) ;
#91 = EDGE_LOOP ( 'NONE', ( #1762, #1299, #1740, #572 ) ) ;
#92 = VECTOR ( 'NONE', #302, 1000.000000000000000 ) ;
#93 = VECTOR ( 'NONE', #1214, 1000.000000000000000 ) ;
#94 = ORIENTED_EDGE ( 'NONE', *, *, #835, .F. ) ;
#95 = LINE ( 'NONE', #126, #737 ) ;
#96 = CARTESIAN_POINT ( 'NONE',  ( 0.004999999999999733800, 0.04999999999999822600, -0.5050000000000001200 ) ) ;
#97 = LINE ( 'NONE', #953, #44 ) ;
#98 = DIRECTION ( 'NONE',  ( 1.000000000000000000, 0.0000000000000000000, 0.0000000000000000000 ) ) ;
#99 = EDGE_LOOP ( 'NONE', ( #1220, #1191, #977, #22 ) ) ;
#100 = CARTESIAN_POINT ( 'NONE',  ( -0.4950000000000001100, 0.04999999999999786600, -0.1049999999999998400 ) ) ;
#101 = AXIS2_PLACEMENT_3D ( 'NONE', #1286, #937, #1086 ) ;
#102 = AXIS2_PLACEMENT_3D ( 'NONE', #493, #1421, #1268 ) ;
#103 = DIRECTION ( 'NONE',  ( 0.0000000000000000000, -0.0000000000000000000, 1.000000000000000000 ) ) ;
#104 = DIRECTION ( 'NONE',  ( 3.491481338843134500E-015, -1.000000000000000000, 3.162256336416055500E-015 ) ) ;
#105 = ORIENTED_EDGE ( 'NONE', *, *, #869, .F. ) ;
#106 = CALENDAR_DATE ( 2018, 29, 6 ) ;
#107 = DIRECTION ( 'NONE',  ( 1.000000000000000000, 3.491481338843133700E-015, -2.409338161079018500E-016 ) ) ;
#108 = CC_DESIGN_PERSON_AND_ORGANIZATION_ASSIGNMENT ( #1583, #859, ( #1668 ) ) ;
#109 = LOCAL_TIME ( 8, 55, 42.00000000000000000, #510 ) ;
#110 = VERTEX_POINT ( 'NONE', #1048 ) ;
#111 = ORIENTED_EDGE ( 'NONE', *, *, #1784, .F. ) ;
#112 = EDGE_CURVE ( 'NONE', #1078, #292, #1943, .T. ) ;
#113 = EDGE_CURVE ( 'NONE', #36, #827, #1787, .T. ) ;
#114 = DIRECTION ( 'NONE',  ( -3.491481338843133700E-015, 1.000000000000000000, 0.0000000000000000000 ) ) ;
#115 = ORIENTED_EDGE ( 'NONE', *, *, #1923, .T. ) ;
#116 = SHAPE_DEFINITION_REPRESENTATION ( #1271, #1422 ) ;
#117 = VECTOR ( 'NONE', #242, 1000.000000000000000 ) ;
#118 = AXIS2_PLACEMENT_3D ( 'NONE', #1059, #1519, #607 ) ;
#119 = FACE_OUTER_BOUND ( 'NONE', #1625, .T. ) ;
#120 = SPHERICAL_SURFACE ( 'NONE', #1560, 0.05000000000000000300 ) ;
#121 = CC_DESIGN_PERSON_AND_ORGANIZATION_ASSIGNMENT ( #125, #316, ( #1582 ) ) ;
#122 = VERTEX_POINT ( 'NONE', #714 ) ;
#123 = AXIS2_PLACEMENT_3D ( 'NONE', #348, #955, #1853 ) ;
#124 = ADVANCED_FACE ( 'NONE', ( #1223 ), #469, .T. ) ;
#125 = PERSON_AND_ORGANIZATION ( #1771, #532 ) ;
#126 = CARTESIAN_POINT ( 'NONE',  ( 0.0000000000000000000, 1.550000000000000500, 0.0000000000000000000 ) ) ;
#127 = PRODUCT_RELATED_PRODUCT_CATEGORY ( 'detail', '', ( #1926 ) ) ;
#128 = DIRECTION ( 'NONE',  ( 1.000000000000000000, 1.742467777208852000E-015, -1.936075308009835600E-016 ) ) ;
#129 = EDGE_CURVE ( 'NONE', #751, #627, #1036, .T. ) ;
#130 = COORDINATED_UNIVERSAL_TIME_OFFSET ( 9, 0, .AHEAD. ) ;
#131 = ADVANCED_BREP_SHAPE_REPRESENTATION ( '', ( #1208, #1340 ), #1232 ) ;
#132 = ORIENTED_EDGE ( 'NONE', *, *, #869, .T. ) ;
#133 = ADVANCED_FACE ( 'NONE', ( #206 ), #704, .T. ) ;
#134 = EDGE_LOOP ( 'NONE', ( #1101, #1269, #1153, #1328 ) ) ;
#135 = AXIS2_PLACEMENT_3D ( 'NONE', #1875, #488, #1160 ) ;
#136 = VECTOR ( 'NONE', #1966, 1000.000000000000000 ) ;
#137 = AXIS2_PLACEMENT_3D ( 'NONE', #702, #1334, #706 ) ;
#138 = VECTOR ( 'NONE', #591, 1000.000000000000000 ) ;
#139 = EDGE_CURVE ( 'NONE', #1512, #11, #323, .T. ) ;
#140 = EDGE_CURVE ( 'NONE', #1747, #1956, #1897, .T. ) ;
#141 = PRODUCT_DEFINITION_SHAPE ( 'NONE', 'NONE',  #922 ) ;
#142 = LINE ( 'NONE', #1550, #1967 ) ;
#143 = ADVANCED_FACE ( 'NONE', ( #275 ), #718, .T. ) ;
#144 = AXIS2_PLACEMENT_3D ( 'NONE', #1741, #687, #993 ) ;
#145 = EDGE_CURVE ( 'NONE', #1163, #1820, #1102, .T. ) ;
#146 = EDGE_CURVE ( 'NONE', #1584, #627, #158, .T. ) ;
#147 = ORIENTED_EDGE ( 'NONE', *, *, #1791, .T. ) ;
#148 = CARTESIAN_POINT ( 'NONE',  ( 0.6999999999999999600, 0.05499999999999985500, -0.05499999999999999300 ) ) ;
#149 = PERSON_AND_ORGANIZATION ( #15, #598 ) ;
#150 = ADVANCED_FACE ( 'NONE', ( #1533 ), #565, .F. ) ;
#151 = DIRECTION ( 'NONE',  ( 0.0000000000000000000, 0.0000000000000000000, -1.000000000000000000 ) ) ;
#152 = CC_DESIGN_DATE_AND_TIME_ASSIGNMENT ( #1939, #1835, ( #970 ) ) ;
#153 = CALENDAR_DATE ( 2018, 29, 6 ) ;
#154 = ORIENTED_EDGE ( 'NONE', *, *, #79, .F. ) ;
#155 = ORIENTED_EDGE ( 'NONE', *, *, #1402, .T. ) ;
#156 = PLANE ( 'NONE',  #1256 ) ;
#157 = ORIENTED_EDGE ( 'NONE', *, *, #344, .T. ) ;
#158 = CIRCLE ( 'NONE', #842, 0.05000000000000012800 ) ;
#159 = PLANE ( 'NONE',  #1032 ) ;
#160 = LINE ( 'NONE', #1254, #1639 ) ;
#161 = APPROVAL_ROLE ( '' ) ;
#162 = ADVANCED_FACE ( 'NONE', ( #695 ), #72, .F. ) ;
#163 = DIRECTION ( 'NONE',  ( 0.0000000000000000000, 0.0000000000000000000, 1.000000000000000000 ) ) ;
#164 = DIRECTION ( 'NONE',  ( 1.776356839400255600E-015, -1.000000000000000000, 0.0000000000000000000 ) ) ;
#165 = PERSON_AND_ORGANIZATION_ROLE ( 'design_supplier' ) ;
#166 = DIRECTION ( 'NONE',  ( 0.0000000000000000000, 0.0000000000000000000, -1.000000000000000000 ) ) ;
#167 = DIRECTION ( 'NONE',  ( -1.000000000000000000, -0.0000000000000000000, -0.0000000000000000000 ) ) ;
#168 = LOCAL_TIME ( 8, 55, 42.00000000000000000, #578 ) ;
#169 = EDGE_CURVE ( 'NONE', #1468, #1770, #42, .T. ) ;
#170 = ORIENTED_EDGE ( 'NONE', *, *, #1912, .T. ) ;
#171 = LOCAL_TIME ( 8, 55, 42.00000000000000000, #581 ) ;
#172 = ORIENTED_EDGE ( 'NONE', *, *, #1504, .T. ) ;
#173 = DIRECTION ( 'NONE',  ( -1.000000000000000000, -6.776263578034400200E-017, 0.0000000000000000000 ) ) ;
#174 = SECURITY_CLASSIFICATION_LEVEL ( 'unclassified' ) ;
#175 = ORIENTED_EDGE ( 'NONE', *, *, #1075, .F. ) ;
#176 = CARTESIAN_POINT ( 'NONE',  ( -0.4950000000000001100, 0.04999999999999784500, -0.1049999999999998400 ) ) ;
#177 = AXIS2_PLACEMENT_3D ( 'NONE', #372, #986, #67 ) ;
#178 = DIRECTION ( 'NONE',  ( 0.0000000000000000000, 1.000000000000000000, 0.0000000000000000000 ) ) ;
#179 = DIRECTION ( 'NONE',  ( 1.000000000000000000, 0.0000000000000000000, 2.103039807092401000E-031 ) ) ;
#180 = LINE ( 'NONE', #1005, #1761 ) ;
#181 = CARTESIAN_POINT ( 'NONE',  ( -2.250000000000000400, 1.600000000000000300, 2.799999999999999800 ) ) ;
#182 = CARTESIAN_POINT ( 'NONE',  ( -2.250000000000000400, 1.550000000000000500, 2.750000000000000000 ) ) ;
#183 = APPROVAL_STATUS ( 'not_yet_approved' ) ;
#184 = ORIENTED_EDGE ( 'NONE', *, *, #551, .F. ) ;
#185 = CIRCLE ( 'NONE', #1662, 0.05000000000000012800 ) ;
#186 = CARTESIAN_POINT ( 'NONE',  ( 3.726944967918921500E-018, -2.236166980751352900E-016, -0.05499999999999979900 ) ) ;
#187 = CARTESIAN_POINT ( 'NONE',  ( 0.6950000000000000600, 0.03499999999999965600, -0.5049999999999998900 ) ) ;
#188 = PERSON_AND_ORGANIZATION_ROLE ( 'creator' ) ;
#189 = CARTESIAN_POINT ( 'NONE',  ( 2.199999999999999300, 1.550000000000000500, 2.750000000000000000 ) ) ;
#190 = DIRECTION ( 'NONE',  ( 1.355252715606880500E-016, -1.000000000000000000, 0.0000000000000000000 ) ) ;
#191 = DIRECTION ( 'NONE',  ( 0.0000000000000000000, -1.000000000000000000, 3.484935554417692700E-015 ) ) ;
#192 = AXIS2_PLACEMENT_3D ( 'NONE', #1690, #500, #810 ) ;
#193 = ORIENTED_EDGE ( 'NONE', *, *, #358, .F. ) ;
#194 = AXIS2_PLACEMENT_3D ( 'NONE', #1884, #39, #961 ) ;
#195 = COORDINATED_UNIVERSAL_TIME_OFFSET ( 9, 0, .AHEAD. ) ;
#196 = DATE_TIME_ROLE ( 'classification_date' ) ;
#197 = PERSON_AND_ORGANIZATION ( #15, #598 ) ;
#198 = EDGE_LOOP ( 'NONE', ( #1364, #812, #431, #94 ) ) ;
#199 = DIRECTION ( 'NONE',  ( 1.000000000000000000, 3.523657060577887800E-015, 0.0000000000000000000 ) ) ;
#200 = CARTESIAN_POINT ( 'NONE',  ( 0.03499999999999978800, 0.03499999999999826200, -0.5050000000000000000 ) ) ;
#201 = CARTESIAN_POINT ( 'NONE',  ( 2.199999999999998800, -1.599999999999999900, 0.05000000000000012800 ) ) ;
#202 = VERTEX_POINT ( 'NONE', #684 ) ;
#203 = DIRECTION ( 'NONE',  ( 1.355252715606880500E-016, 1.000000000000000000, 0.0000000000000000000 ) ) ;
#204 = ORIENTED_EDGE ( 'NONE', *, *, #1719, .F. ) ;
#205 = FACE_OUTER_BOUND ( 'NONE', #832, .T. ) ;
#206 = FACE_OUTER_BOUND ( 'NONE', #465, .T. ) ;
#207 = SECURITY_CLASSIFICATION ( '', '', #703 ) ;
#208 = FACE_OUTER_BOUND ( 'NONE', #1439, .T. ) ;
#209 = EDGE_CURVE ( 'NONE', #1184, #66, #901, .T. ) ;
#210 = EDGE_CURVE ( 'NONE', #1727, #783, #1147, .T. ) ;
#211 = DIRECTION ( 'NONE',  ( 5.253581259620326900E-030, -3.391901413832836800E-015, -1.000000000000000000 ) ) ;
#212 = DIRECTION ( 'NONE',  ( 1.000000000000000000, 0.0000000000000000000, 0.0000000000000000000 ) ) ;
#213 = VECTOR ( 'NONE', #492, 1000.000000000000000 ) ;
#214 = AXIS2_PLACEMENT_3D ( 'NONE', #1335, #1817, #773 ) ;
#215 = CARTESIAN_POINT ( 'NONE',  ( -3.184843881676169300E-016, 9.999999999999998200, -0.5050000000000348700 ) ) ;
#216 = SECURITY_CLASSIFICATION ( '', '', #962 ) ;
#217 = ORIENTED_EDGE ( 'NONE', *, *, #1944, .T. ) ;
#218 = COORDINATED_UNIVERSAL_TIME_OFFSET ( 9, 0, .AHEAD. ) ;
#219 = DIRECTION ( 'NONE',  ( -7.632783294297959800E-017, -1.000000000000000000, -2.775557561562915400E-017 ) ) ;
#220 = ORIENTED_EDGE ( 'NONE', *, *, #516, .F. ) ;
#221 = LOCAL_TIME ( 8, 55, 42.00000000000000000, #630 ) ;
#222 = CARTESIAN_POINT ( 'NONE',  ( 0.6999999999999999600, 0.05499999999999985500, -0.05499999999999999300 ) ) ;
#223 = CALENDAR_DATE ( 2018, 29, 6 ) ;
#224 = DIRECTION ( 'NONE',  ( 0.0000000000000000000, -0.0000000000000000000, 1.000000000000000000 ) ) ;
#225 = ORIENTED_EDGE ( 'NONE', *, *, #209, .F. ) ;
#226 = DIRECTION ( 'NONE',  ( 0.0000000000000000000, -1.000000000000000000, -9.757819552369533600E-015 ) ) ;
#227 = PRODUCT_DEFINITION ( 'UNKNOWN', '', #745, #654 ) ;
#228 = VERTEX_POINT ( 'NONE', #1308 ) ;
#229 = EDGE_CURVE ( 'NONE', #1636, #1512, #405, .T. ) ;
#230 = VECTOR ( 'NONE', #1699, 1000.000000000000000 ) ;
#231 = PLANE ( 'NONE',  #238 ) ;
#232 = DATE_TIME_ROLE ( 'creation_date' ) ;
#233 = CIRCLE ( 'NONE', #1277, 0.05000000000000003100 ) ;
#234 = CARTESIAN_POINT ( 'NONE',  ( 0.004999999999999908200, -1.763198076115783100E-015, -0.5049999999999998900 ) ) ;
#235 = DIRECTION ( 'NONE',  ( -1.000000000000000000, 0.0000000000000000000, 0.0000000000000000000 ) ) ;
#236 = AXIS2_PLACEMENT_3D ( 'NONE', #784, #315, #1395 ) ;
#237 = AXIS2_PLACEMENT_3D ( 'NONE', #944, #1332, #199 ) ;
#238 = AXIS2_PLACEMENT_3D ( 'NONE', #1462, #398, #1601 ) ;
#239 = DIRECTION ( 'NONE',  ( 0.0000000000000000000, -1.000000000000000000, 3.614007241618347600E-015 ) ) ;
#240 = EDGE_CURVE ( 'NONE', #827, #1727, #496, .T. ) ;
#241 = EDGE_CURVE ( 'NONE', #1434, #1106, #449, .T. ) ;
#242 = DIRECTION ( 'NONE',  ( 1.000000000000000000, 3.499016102112310500E-015, -9.856383386231860100E-017 ) ) ;
#243 = CARTESIAN_POINT ( 'NONE',  ( 0.7000000000000000700, 0.04499999999999981100, -0.05499999999999978500 ) ) ;
#244 = DIRECTION ( 'NONE',  ( -2.710505431213760300E-015, -1.000000000000000000, 0.0000000000000000000 ) ) ;
#245 = ORIENTED_EDGE ( 'NONE', *, *, #305, .F. ) ;
#246 = AXIS2_PLACEMENT_3D ( 'NONE', #1889, #1310, #219 ) ;
#247 = CARTESIAN_POINT ( 'NONE',  ( -2.666926150128478600E-016, 0.04999999999999820600, -0.5050000000000000000 ) ) ;
#248 = LOCAL_TIME ( 8, 55, 42.00000000000000000, #658 ) ;
#249 = EDGE_CURVE ( 'NONE', #1078, #1569, #1821, .T. ) ;
#250 = CARTESIAN_POINT ( 'NONE',  ( -2.853163611803941900E-018, -1.742157775499836800E-016, -0.05499999999999980600 ) ) ;
#251 = EDGE_CURVE ( 'NONE', #1239, #448, #675, .T. ) ;
#252 = PERSON ( 'NAUO-PER3', 'UNSPECIFIED', 'UNSPECIFIED', ('UNSPECIFIED'), ('UNSPECIFIED'), ('UNSPECIFIED') ) ;
#253 = ORIENTED_EDGE ( 'NONE', *, *, #1801, .T. ) ;
#254 = ORIENTED_EDGE ( 'NONE', *, *, #1944, .F. ) ;
#255 = VECTOR ( 'NONE', #167, 1000.000000000000000 ) ;
#256 = CARTESIAN_POINT ( 'NONE',  ( -2.250000000000000400, 1.550000000000000500, 2.799999999999999800 ) ) ;
#257 = LINE ( 'NONE', #1104, #1819 ) ;
#258 = ORIENTED_EDGE ( 'NONE', *, *, #1576, .T. ) ;
#259 = CC_DESIGN_PERSON_AND_ORGANIZATION_ASSIGNMENT ( #1092, #1396, ( #970 ) ) ;
#260 = FACE_OUTER_BOUND ( 'NONE', #1631, .T. ) ;
#261 = DIRECTION ( 'NONE',  ( 0.0000000000000000000, 0.0000000000000000000, 1.000000000000000000 ) ) ;
#262 = ORIENTED_EDGE ( 'NONE', *, *, #1075, .T. ) ;
#263 = VECTOR ( 'NONE', #692, 1000.000000000000000 ) ;
#264 = CARTESIAN_POINT ( 'NONE',  ( 0.6950000000000000600, 0.04499999999999983200, -0.05499999999999978500 ) ) ;
#265 = ORIENTED_EDGE ( 'NONE', *, *, #359, .T. ) ;
#266 = APPROVAL_PERSON_ORGANIZATION ( #685, #1192, #485 ) ;
#267 = DIRECTION ( 'NONE',  ( 6.776263578034400200E-017, -1.000000000000000000, 0.0000000000000000000 ) ) ;
#268 = VERTEX_POINT ( 'NONE', #201 ) ;
#269 = CONTEXT_DEPENDENT_SHAPE_REPRESENTATION ( #328, #1501 ) ;
#270 = PERSON_AND_ORGANIZATION ( #15, #598 ) ;
#271 = ADVANCED_FACE ( 'NONE', ( #1476 ), #655, .F. ) ;
#272 = EDGE_LOOP ( 'NONE', ( #661, #1539, #742, #1218, #262, #1323, #1128, #172, #1134, #439, #381 ) ) ;
#273 = EDGE_CURVE ( 'NONE', #1437, #309, #1565, .T. ) ;
#274 = ORIENTED_EDGE ( 'NONE', *, *, #616, .T. ) ;
#275 = FACE_OUTER_BOUND ( 'NONE', #424, .T. ) ;
#276 = SPHERICAL_SURFACE ( 'NONE', #893, 0.05000000000000000300 ) ;
#277 = CARTESIAN_POINT ( 'NONE',  ( 0.6830277563773201600, 0.004999999999999826600, -0.05499999999999982000 ) ) ;
#278 = FACE_OUTER_BOUND ( 'NONE', #91, .T. ) ;
#279 = ORIENTED_EDGE ( 'NONE', *, *, #1578, .T. ) ;
#280 = DIRECTION ( 'NONE',  ( 0.0000000000000000000, 0.0000000000000000000, -1.000000000000000000 ) ) ;
#281 = ADVANCED_FACE ( 'NONE', ( #1276 ), #505, .F. ) ;
#282 = FACE_OUTER_BOUND ( 'NONE', #349, .T. ) ;
#283 = DIRECTION ( 'NONE',  ( 1.000000000000000000, 1.742467777208852000E-015, -1.936075308009835600E-016 ) ) ;
#284 = ADVANCED_FACE ( 'NONE', ( #1931 ), #1513, .T. ) ;
#285 = ORIENTED_EDGE ( 'NONE', *, *, #240, .F. ) ;
#286 = CALENDAR_DATE ( 2018, 29, 6 ) ;
#287 = ORIENTED_EDGE ( 'NONE', *, *, #445, .T. ) ;
#288 = CARTESIAN_POINT ( 'NONE',  ( -6.241295400821142900E-018, 0.05499999999999982000, -0.004999999999999965400 ) ) ;
#289 = AXIS2_PLACEMENT_3D ( 'NONE', #1263, #35, #1827 ) ;
#290 = AXIS2_PLACEMENT_3D ( 'NONE', #333, #173, #1561 ) ;
#291 = ADVANCED_FACE ( 'NONE', ( #868 ), #337, .F. ) ;
#292 = VERTEX_POINT ( 'NONE', #490 ) ;
#293 = LINE ( 'NONE', #634, #1035 ) ;
#294 = ORIENTED_EDGE ( 'NONE', *, *, #1793, .F. ) ;
#295 = CIRCLE ( 'NONE', #6, 0.05000000000000012800 ) ;
#296 = DIRECTION ( 'NONE',  ( -8.673617379884013400E-015, 0.0000000000000000000, -1.000000000000000000 ) ) ;
#297 = SPHERICAL_SURFACE ( 'NONE', #1964, 0.05000000000000000300 ) ;
#298 = CYLINDRICAL_SURFACE ( 'NONE', #649, 0.02999999999999997100 ) ;
#299 = CARTESIAN_POINT ( 'NONE',  ( 2.199999999999998800, -1.550000000000000000, 2.750000000000000000 ) ) ;
#300 = ORIENTED_EDGE ( 'NONE', *, *, #1670, .T. ) ;
#301 = CC_DESIGN_PERSON_AND_ORGANIZATION_ASSIGNMENT ( #1194, #90, ( #207 ) ) ;
#302 = DIRECTION ( 'NONE',  ( 0.0000000000000000000, 0.0000000000000000000, 1.000000000000000000 ) ) ;
#303 = ADVANCED_FACE ( 'NONE', ( #12 ), #1681, .T. ) ;
#304 = EDGE_CURVE ( 'NONE', #1163, #517, #427, .T. ) ;
#305 = EDGE_CURVE ( 'NONE', #122, #309, #519, .T. ) ;
#306 = CALENDAR_DATE ( 2018, 29, 6 ) ;
#307 = CARTESIAN_POINT ( 'NONE',  ( 0.7000000000000000700, 0.03499999999999964300, -0.05499999999999979200 ) ) ;
#308 = APPROVAL_ROLE ( '' ) ;
#309 = VERTEX_POINT ( 'NONE', #1257 ) ;
#310 = CARTESIAN_POINT ( 'NONE',  ( 0.004999999999999785900, 0.03499999999999658200, -0.5050000000000000000 ) ) ;
#311 = PLANE ( 'NONE',  #1047 ) ;
#312 = DATE_AND_TIME ( #730, #1137 ) ;
#313 = CC_DESIGN_SECURITY_CLASSIFICATION ( #216, ( #1974 ) ) ;
#314 = COORDINATED_UNIVERSAL_TIME_OFFSET ( 9, 0, .AHEAD. ) ;
#315 = DIRECTION ( 'NONE',  ( -2.377636343169975000E-016, -3.162256336416055900E-015, -1.000000000000000000 ) ) ;
#316 = PERSON_AND_ORGANIZATION_ROLE ( 'classification_officer' ) ;
#317 = ORIENTED_EDGE ( 'NONE', *, *, #1575, .T. ) ;
#318 = CARTESIAN_POINT ( 'NONE',  ( 2.199999999999998800, -1.550000000000000000, 0.0000000000000000000 ) ) ;
#319 = AXIS2_PLACEMENT_3D ( 'NONE', #648, #1708, #1424 ) ;
#320 = CARTESIAN_POINT ( 'NONE',  ( -2.199999999999999700, -1.550000000000000000, 2.750000000000000000 ) ) ;
#321 = PRODUCT ( 'ACT45L Block model(typ size)', 'ACT45L Block model(typ size)', '', ( #851 ) ) ;
#322 = ORIENTED_EDGE ( 'NONE', *, *, #210, .F. ) ;
#323 = LINE ( 'NONE', #1029, #610 ) ;
#324 = FACE_OUTER_BOUND ( 'NONE', #426, .T. ) ;
#325 = CARTESIAN_POINT ( 'NONE',  ( 2.199999999999998800, 1.600000000000000300, 2.750000000000000000 ) ) ;
#326 = VECTOR ( 'NONE', #853, 1000.000000000000000 ) ;
#327 = ORIENTED_EDGE ( 'NONE', *, *, #418, .T. ) ;
#328 =( REPRESENTATION_RELATIONSHIP ('NONE','NONE', #1422, #65 ) REPRESENTATION_RELATIONSHIP_WITH_TRANSFORMATION ( #417 )SHAPE_REPRESENTATION_RELATIONSHIP( ) );
#329 = DIRECTION ( 'NONE',  ( 1.000000000000000000, -1.355252715606877100E-016, 0.0000000000000000000 ) ) ;
#330 = ORIENTED_EDGE ( 'NONE', *, *, #1380, .T. ) ;
#331 = APPROVAL ( #31, 'UNSPECIFIED' ) ;
#332 = EDGE_CURVE ( 'NONE', #36, #1244, #1759, .T. ) ;
#333 = CARTESIAN_POINT ( 'NONE',  ( -6.241295400821142100E-018, 0.05499999999999980600, -0.05499999999999999300 ) ) ;
#334 = APPROVAL_ROLE ( '' ) ;
#335 = CARTESIAN_POINT ( 'NONE',  ( -2.199999999999999700, -1.550000000000000000, 2.750000000000000000 ) ) ;
#336 = CARTESIAN_POINT ( 'NONE',  ( 0.6650000000000001500, 0.03499999999999974000, -0.5049999999999998900 ) ) ;
#337 = PLANE ( 'NONE',  #432 ) ;
#338 = AXIS2_PLACEMENT_3D ( 'NONE', #628, #473, #927 ) ;
#339 = AXIS2_PLACEMENT_3D ( 'NONE', #25, #515, #87 ) ;
#340 = DIRECTION ( 'NONE',  ( 0.0000000000000000000, -0.0000000000000000000, -1.000000000000000000 ) ) ;
#341 = AXIS2_PLACEMENT_3D ( 'NONE', #507, #521, #1112 ) ;
#342 = PERSON_AND_ORGANIZATION_ROLE ( 'design_owner' ) ;
#343 = ORIENTED_EDGE ( 'NONE', *, *, #645, .T. ) ;
#344 = EDGE_CURVE ( 'NONE', #712, #1727, #1050, .T. ) ;
#345 = EDGE_CURVE ( 'NONE', #606, #1896, #671, .T. ) ;
#346 = PERSON_AND_ORGANIZATION ( #15, #598 ) ;
#347 = DIRECTION ( 'NONE',  ( 2.710505431213760700E-015, 1.000000000000000000, -7.778769097326428900E-062 ) ) ;
#348 = CARTESIAN_POINT ( 'NONE',  ( 0.03499999999999988500, 0.03499999999999984400, -0.05499999999999993100 ) ) ;
#349 = EDGE_LOOP ( 'NONE', ( #775, #674, #403, #1732 ) ) ;
#350 = PERSON_AND_ORGANIZATION_ROLE ( 'design_owner' ) ;
#351 = AXIS2_PLACEMENT_3D ( 'NONE', #1142, #1760, #529 ) ;
#352 = LINE ( 'NONE', #1686, #230 ) ;
#353 = CARTESIAN_POINT ( 'NONE',  ( -2.199999999999999700, -1.599999999999999900, 2.750000000000000000 ) ) ;
#354 = CARTESIAN_POINT ( 'NONE',  ( 0.03499999999999988500, 0.03499999999999984400, -0.05499999999999993100 ) ) ;
#355 = EDGE_LOOP ( 'NONE', ( #1388, #1619, #1553, #147 ) ) ;
#356 = CYLINDRICAL_SURFACE ( 'NONE', #289, 0.05000000000000012800 ) ;
#357 = ORIENTED_EDGE ( 'NONE', *, *, #1449, .F. ) ;
#358 = EDGE_CURVE ( 'NONE', #11, #110, #1559, .T. ) ;
#359 = EDGE_CURVE ( 'NONE', #66, #1434, #1344, .T. ) ;
#360 = CARTESIAN_POINT ( 'NONE',  ( -2.168404344971008900E-016, 1.500000000000000000, -0.005000000000000000100 ) ) ;
#361 =( NAMED_UNIT ( * ) PLANE_ANGLE_UNIT ( ) SI_UNIT ( $, .RADIAN. ) );
#362 = FACE_OUTER_BOUND ( 'NONE', #198, .T. ) ;
#363 = ORIENTED_EDGE ( 'NONE', *, *, #668, .F. ) ;
#364 = VECTOR ( 'NONE', #884, 1000.000000000000000 ) ;
#365 = SECURITY_CLASSIFICATION ( '', '', #968 ) ;
#366 = DIRECTION ( 'NONE',  ( -1.000000000000000000, 0.0000000000000000000, 0.0000000000000000000 ) ) ;
#367 = CARTESIAN_POINT ( 'NONE',  ( 0.03499999999999988500, 0.03499999999999984400, -0.05499999999999993100 ) ) ;
#368 = LOCAL_TIME ( 8, 55, 42.00000000000000000, #776 ) ;
#369 = DIRECTION ( 'NONE',  ( 0.0000000000000000000, 0.0000000000000000000, 1.000000000000000000 ) ) ;
#370 = DIRECTION ( 'NONE',  ( 1.632631042808466500E-031, -9.795786256852393600E-030, -1.000000000000000000 ) ) ;
#371 = ORIENTED_EDGE ( 'NONE', *, *, #1449, .T. ) ;
#372 = CARTESIAN_POINT ( 'NONE',  ( 0.6999999999999999600, 0.004999999999999805800, -0.05499999999999982000 ) ) ;
#373 = CARTESIAN_POINT ( 'NONE',  ( -0.3129528626860931800, 0.3032488979516732000, 3.099999999999999600 ) ) ;
#374 = CALENDAR_DATE ( 2018, 29, 6 ) ;
#375 = LOCAL_TIME ( 8, 55, 42.00000000000000000, #782 ) ;
#376 = ORIENTED_EDGE ( 'NONE', *, *, #1576, .F. ) ;
#377 = VECTOR ( 'NONE', #166, 1000.000000000000000 ) ;
#378 = DIRECTION ( 'NONE',  ( -2.710505431213760300E-015, -1.000000000000000000, 0.0000000000000000000 ) ) ;
#379 = DIRECTION ( 'NONE',  ( 2.258754526011467700E-016, 3.501069515317774900E-015, 1.000000000000000000 ) ) ;
#380 =( NAMED_UNIT ( * ) PLANE_ANGLE_UNIT ( ) SI_UNIT ( $, .RADIAN. ) );
#381 = ORIENTED_EDGE ( 'NONE', *, *, #229, .T. ) ;
#382 = CIRCLE ( 'NONE', #237, 0.05000000000000002400 ) ;
#383 = LINE ( 'NONE', #1908, #728 ) ;
#384 = DIRECTION ( 'NONE',  ( -1.000000000000000000, -3.491481338843134500E-015, 2.377636343170085500E-016 ) ) ;
#385 = LINE ( 'NONE', #1358, #1052 ) ;
#386 = ORIENTED_EDGE ( 'NONE', *, *, #516, .T. ) ;
#387 = ORIENTED_EDGE ( 'NONE', *, *, #1671, .F. ) ;
#388 = CARTESIAN_POINT ( 'NONE',  ( 0.6650000000000001500, 0.004999999999999825800, -0.05499999999999982700 ) ) ;
#389 = APPLICATION_CONTEXT ( 'configuration controlled 3d designs of mechanical parts and assemblies' ) ;
#390 = LINE ( 'NONE', #415, #364 ) ;
#391 = CARTESIAN_POINT ( 'NONE',  ( -1.089706294001599200E-033, 0.05499999999999982000, -0.004999999999999965400 ) ) ;
#392 = ORIENTED_EDGE ( 'NONE', *, *, #1788, .F. ) ;
#393 = APPROVAL_DATE_TIME ( #804, #428 ) ;
#394 = CARTESIAN_POINT ( 'NONE',  ( 0.03499999999999988500, 0.03499999999999984400, -0.05499999999999993100 ) ) ;
#395 = APPROVAL_ROLE ( '' ) ;
#396 = ORIENTED_EDGE ( 'NONE', *, *, #455, .F. ) ;
#397 = COORDINATED_UNIVERSAL_TIME_OFFSET ( 9, 0, .AHEAD. ) ;
#398 = DIRECTION ( 'NONE',  ( 1.000000000000000000, 1.355252715606880500E-016, -0.0000000000000000000 ) ) ;
#399 = DESIGN_CONTEXT ( 'detailed design', #1157, 'design' ) ;
#400 = CARTESIAN_POINT ( 'NONE',  ( 0.6999999999999999600, 0.05499999999999985500, -0.05499999999999999300 ) ) ;
#401 = EDGE_LOOP ( 'NONE', ( #1667, #1942, #1865, #48 ) ) ;
#402 = VECTOR ( 'NONE', #1720, 1000.000000000000000 ) ;
#403 = ORIENTED_EDGE ( 'NONE', *, *, #1504, .F. ) ;
#404 = LINE ( 'NONE', #1419, #1563 ) ;
#405 = LINE ( 'NONE', #678, #791 ) ;
#406 = DIRECTION ( 'NONE',  ( -1.000000000000000000, 0.0000000000000000000, 0.0000000000000000000 ) ) ;
#407 = VECTOR ( 'NONE', #1830, 1000.000000000000000 ) ;
#408 = CARTESIAN_POINT ( 'NONE',  ( 0.0000000000000000000, 0.05499999999999980600, -0.05499999999999999300 ) ) ;
#409 = AXIS2_PLACEMENT_3D ( 'NONE', #320, #1707, #1554 ) ;
#410 = PERSON ( 'NAUO-PER2', 'UNSPECIFIED', 'UNSPECIFIED', ('UNSPECIFIED'), ('UNSPECIFIED'), ('UNSPECIFIED') ) ;
#411 = ORIENTED_EDGE ( 'NONE', *, *, #963, .T. ) ;
#412 = LINE ( 'NONE', #697, #51 ) ;
#413 = PLANE ( 'NONE',  #1659 ) ;
#414 = CONTEXT_DEPENDENT_SHAPE_REPRESENTATION ( #651, #1850 ) ;
#415 = CARTESIAN_POINT ( 'NONE',  ( 0.6999999999999999600, -1.744887871343858700E-016, -0.05499999999999980600 ) ) ;
#416 = CC_DESIGN_DATE_AND_TIME_ASSIGNMENT ( #1527, #1017, ( #207 ) ) ;
#417 = ITEM_DEFINED_TRANSFORMATION ( 'NONE', 'NONE', #1920,  #1340 ) ;
#418 = EDGE_CURVE ( 'NONE', #1437, #36, #1782, .T. ) ;
#419 = EDGE_CURVE ( 'NONE', #73, #1049, #352, .T. ) ;
#420 = APPROVAL_DATE_TIME ( #831, #1781 ) ;
#421 = ORIENTED_EDGE ( 'NONE', *, *, #645, .F. ) ;
#422 = FACE_OUTER_BOUND ( 'NONE', #1024, .T. ) ;
#423 = CARTESIAN_POINT ( 'NONE',  ( 1.487508737195709400E-017, -1.913815051970980200E-016, -0.05499999999999980600 ) ) ;
#424 = EDGE_LOOP ( 'NONE', ( #1011, #1121, #807, #1473 ) ) ;
#425 = AXIS2_PLACEMENT_3D ( 'NONE', #1783, #1013, #1907 ) ;
#426 = EDGE_LOOP ( 'NONE', ( #411, #1007, #1680, #396 ) ) ;
#427 = LINE ( 'NONE', #482, #1180 ) ;
#428 = APPROVAL ( #183, 'UNKNOWN' ) ;
#429 = VECTOR ( 'NONE', #1695, 1000.000000000000000 ) ;
#430 = ORIENTED_EDGE ( 'NONE', *, *, #924, .F. ) ;
#431 = ORIENTED_EDGE ( 'NONE', *, *, #1370, .F. ) ;
#432 = AXIS2_PLACEMENT_3D ( 'NONE', #1548, #1273, #179 ) ;
#433 = EDGE_LOOP ( 'NONE', ( #217, #540, #1930, #1067 ) ) ;
#434 = ADVANCED_FACE ( 'NONE', ( #898 ), #311, .T. ) ;
#435 = DATE_AND_TIME ( #850, #1258 ) ;
#436 = CC_DESIGN_APPROVAL ( #331, ( #227 ) ) ;
#437 = DIRECTION ( 'NONE',  ( 2.377636343169975000E-016, 3.162256336416055900E-015, 1.000000000000000000 ) ) ;
#438 = EDGE_CURVE ( 'NONE', #11, #1437, #544, .T. ) ;
#439 = ORIENTED_EDGE ( 'NONE', *, *, #770, .F. ) ;
#440 = LOCAL_TIME ( 8, 55, 42.00000000000000000, #857 ) ;
#441 = AXIS2_PLACEMENT_3D ( 'NONE', #1858, #862, #1255 ) ;
#442 = VERTEX_POINT ( 'NONE', #1236 ) ;
#443 = ADVANCED_FACE ( 'NONE', ( #604 ), #156, .F. ) ;
#444 = ORIENTED_EDGE ( 'NONE', *, *, #1187, .F. ) ;
#445 = EDGE_CURVE ( 'NONE', #1595, #764, #1148, .T. ) ;
#446 = EDGE_CURVE ( 'NONE', #1532, #1770, #1411, .T. ) ;
#447 = VECTOR ( 'NONE', #1852, 1000.000000000000000 ) ;
#448 = VERTEX_POINT ( 'NONE', #1231 ) ;
#449 = CIRCLE ( 'NONE', #1392, 0.05000000000000012800 ) ;
#450 = LINE ( 'NONE', #1407, #407 ) ;
#451 =( GEOMETRIC_REPRESENTATION_CONTEXT ( 3 ) GLOBAL_UNCERTAINTY_ASSIGNED_CONTEXT ( ( #1057 ) ) GLOBAL_UNIT_ASSIGNED_CONTEXT ( ( #1452, #380, #1746 ) ) REPRESENTATION_CONTEXT ( 'NONE', 'WORKASPACE' ) );
#452 = DIRECTION ( 'NONE',  ( 1.000000000000000000, -0.0000000000000000000, -0.0000000000000000000 ) ) ;
#453 = VECTOR ( 'NONE', #570, 1000.000000000000000 ) ;
#454 = ADVANCED_FACE ( 'NONE', ( #1125 ), #1071, .T. ) ;
#455 = EDGE_CURVE ( 'NONE', #1106, #1595, #1033, .T. ) ;
#456 = EDGE_CURVE ( 'NONE', #34, #292, #1103, .T. ) ;
#457 = ORIENTED_EDGE ( 'NONE', *, *, #1321, .T. ) ;
#458 = CARTESIAN_POINT ( 'NONE',  ( 2.199999999999998800, 1.550000000000000500, 2.750000000000000000 ) ) ;
#459 = DATE_AND_TIME ( #879, #580 ) ;
#460 = CC_DESIGN_SECURITY_CLASSIFICATION ( #365, ( #1971 ) ) ;
#461 = ORIENTED_EDGE ( 'NONE', *, *, #82, .T. ) ;
#462 = COORDINATED_UNIVERSAL_TIME_OFFSET ( 9, 0, .AHEAD. ) ;
#463 = ADVANCED_FACE ( 'NONE', ( #1219 ), #1224, .T. ) ;
#464 = APPROVAL_PERSON_ORGANIZATION ( #882, #1781, #542 ) ;
#465 = EDGE_LOOP ( 'NONE', ( #584, #461, #1562, #1779 ) ) ;
#466 = ORIENTED_EDGE ( 'NONE', *, *, #344, .F. ) ;
#467 = DIRECTION ( 'NONE',  ( -1.000000000000000000, 0.0000000000000000000, -0.0000000000000000000 ) ) ;
#468 = EDGE_LOOP ( 'NONE', ( #1475, #204, #711, #1063, #1785 ) ) ;
#469 = CYLINDRICAL_SURFACE ( 'NONE', #525, 0.04999999999999999600 ) ;
#470 = DIRECTION ( 'NONE',  ( 1.000000000000000000, -0.0000000000000000000, 0.0000000000000000000 ) ) ;
#471 = VECTOR ( 'NONE', #637, 1000.000000000000000 ) ;
#472 = FACE_OUTER_BOUND ( 'NONE', #1349, .T. ) ;
#473 = DIRECTION ( 'NONE',  ( 0.0000000000000000000, 1.000000000000000000, 0.0000000000000000000 ) ) ;
#474 = APPLICATION_CONTEXT ( 'configuration controlled 3d designs of mechanical parts and assemblies' ) ;
#475 = FACE_OUTER_BOUND ( 'NONE', #1000, .T. ) ;
#476 = CARTESIAN_POINT ( 'NONE',  ( -2.250000000000000000, -1.549999999999999800, 2.799999999999999800 ) ) ;
#477 = ORIENTED_EDGE ( 'NONE', *, *, #1064, .T. ) ;
#478 = CARTESIAN_POINT ( 'NONE',  ( -2.250000000000000000, -1.599999999999999900, 2.750000000000000000 ) ) ;
#479 =( REPRESENTATION_RELATIONSHIP ('NONE','NONE', #1422, #754 ) REPRESENTATION_RELATIONSHIP_WITH_TRANSFORMATION ( #891 )SHAPE_REPRESENTATION_RELATIONSHIP( ) );
#480 = CARTESIAN_POINT ( 'NONE',  ( 2.199999999999999300, 1.550000000000000500, 2.750000000000000000 ) ) ;
#481 = CARTESIAN_POINT ( 'NONE',  ( 0.7000000000000000700, 0.04499999999999981100, -0.05499999999999978500 ) ) ;
#482 = CARTESIAN_POINT ( 'NONE',  ( 0.004999999999999840500, 0.04999999999999977400, -0.05499999999999998600 ) ) ;
#483 = UNCERTAINTY_MEASURE_WITH_UNIT (LENGTH_MEASURE( 1.000000000000000100E-005 ), #1288, 'distance_accuracy_value', 'NONE');
#484 = APPROVAL_DATE_TIME ( #894, #1097 ) ;
#485 = APPROVAL_ROLE ( '' ) ;
#486 = ORIENTED_EDGE ( 'NONE', *, *, #616, .F. ) ;
#487 = PRODUCT_DEFINITION_SHAPE ( 'NONE', 'NONE',  #1974 ) ;
#488 = DIRECTION ( 'NONE',  ( 0.0000000000000000000, 1.000000000000000000, 0.0000000000000000000 ) ) ;
#489 = CARTESIAN_POINT ( 'NONE',  ( -2.250000000000000000, -1.599999999999999900, 2.799999999999999800 ) ) ;
#490 = CARTESIAN_POINT ( 'NONE',  ( -3.184843881676169300E-016, 0.03499999999999683900, -0.5050000000000000000 ) ) ;
#491 = ORIENTED_EDGE ( 'NONE', *, *, #1744, .T. ) ;
#492 = DIRECTION ( 'NONE',  ( -0.0000000000000000000, -0.0000000000000000000, 1.000000000000000000 ) ) ;
#493 = CARTESIAN_POINT ( 'NONE',  ( -2.199999999999999700, -1.550000000000000000, 0.05000000000000012800 ) ) ;
#494 = FACE_OUTER_BOUND ( 'NONE', #1556, .T. ) ;
#495 = ORIENTED_EDGE ( 'NONE', *, *, #1600, .T. ) ;
#496 = CIRCLE ( 'NONE', #1304, 0.02999999999999997100 ) ;
#497 = APPLICATION_PROTOCOL_DEFINITION ( 'international standard', 'config_control_design', 1994, #1316 ) ;
#498 = CYLINDRICAL_SURFACE ( 'NONE', #1169, 0.05000000000000012800 ) ;
#499 = CYLINDRICAL_SURFACE ( 'NONE', #755, 0.004999999999999999200 ) ;
#500 = DIRECTION ( 'NONE',  ( 0.0000000000000000000, -1.000000000000000000, -4.336808689942005900E-015 ) ) ;
#501 = DIRECTION ( 'NONE',  ( -1.355252715606880500E-016, -1.000000000000000000, 0.0000000000000000000 ) ) ;
#502 = ORIENTED_EDGE ( 'NONE', *, *, #1479, .T. ) ;
#503 = CARTESIAN_POINT ( 'NONE',  ( 2.199999999999998800, -1.550000000000000000, 2.799999999999999800 ) ) ;
#504 = PLANE ( 'NONE',  #1773 ) ;
#505 = PLANE ( 'NONE',  #123 ) ;
#506 = AXIS2_PLACEMENT_3D ( 'NONE', #1674, #611, #777 ) ;
#507 = CARTESIAN_POINT ( 'NONE',  ( 2.199999999999998800, -1.550000000000000000, 0.05000000000000000300 ) ) ;
#508 = LOCAL_TIME ( 8, 55, 42.00000000000000000, #912 ) ;
#509 = DIRECTION ( 'NONE',  ( 1.000000000000000000, 0.0000000000000000000, 0.0000000000000000000 ) ) ;
#510 = COORDINATED_UNIVERSAL_TIME_OFFSET ( 9, 0, .AHEAD. ) ;
#511 = ORIENTED_EDGE ( 'NONE', *, *, #140, .F. ) ;
#512 = DIRECTION ( 'NONE',  ( 0.0000000000000000000, 1.000000000000000000, -3.391901413832836800E-015 ) ) ;
#513 =( NAMED_UNIT ( * ) SI_UNIT ( $, .STERADIAN. ) SOLID_ANGLE_UNIT ( ) );
#514 = APPROVAL ( #1911, 'UNSPECIFIED' ) ;
#515 = DIRECTION ( 'NONE',  ( -1.355252715606880500E-016, 1.000000000000000000, 0.0000000000000000000 ) ) ;
#516 = EDGE_CURVE ( 'NONE', #715, #1425, #763, .T. ) ;
#517 = VERTEX_POINT ( 'NONE', #1663 ) ;
#518 = VECTOR ( 'NONE', #817, 1000.000000000000000 ) ;
#519 = LINE ( 'NONE', #803, #1492 ) ;
#520 = EDGE_CURVE ( 'NONE', #1143, #1710, #1867, .T. ) ;
#521 = DIRECTION ( 'NONE',  ( -4.336808689942006700E-015, 1.000000000000000000, -0.0000000000000000000 ) ) ;
#522 = DIRECTION ( 'NONE',  ( -1.000000000000000000, -2.775557561562889900E-016, 3.493390421277774500E-015 ) ) ;
#523 = FACE_OUTER_BOUND ( 'NONE', #589, .T. ) ;
#524 = ORIENTED_EDGE ( 'NONE', *, *, #1283, .F. ) ;
#525 = AXIS2_PLACEMENT_3D ( 'NONE', #1626, #708, #1510 ) ;
#526 = DIRECTION ( 'NONE',  ( -1.000000000000000000, 0.0000000000000000000, 0.0000000000000000000 ) ) ;
#527 = CC_DESIGN_APPROVAL ( #428, ( #216 ) ) ;
#528 = DIRECTION ( 'NONE',  ( -0.0000000000000000000, -0.0000000000000000000, -1.000000000000000000 ) ) ;
#529 = DIRECTION ( 'NONE',  ( -7.632783294297959800E-017, -1.000000000000000000, -2.775557561562915400E-017 ) ) ;
#530 = CARTESIAN_POINT ( 'NONE',  ( 0.6999999999999999600, 0.05499999999999986800, 0.0000000000000000000 ) ) ;
#531 = AXIS2_PLACEMENT_3D ( 'NONE', #1691, #635, #1536 ) ;
#532 = ORGANIZATION ( 'NAUO-ORG4', 'UNSPECIFIED', 'UNSPECIFIED' ) ;
#533 = DIRECTION ( 'NONE',  ( 0.0000000000000000000, 0.0000000000000000000, 1.000000000000000000 ) ) ;
#534 = APPLICATION_CONTEXT ( 'configuration controlled 3d designs of mechanical parts and assemblies' ) ;
#535 = APPROVAL_PERSON_ORGANIZATION ( #939, #1097, #334 ) ;
#536 = CARTESIAN_POINT ( 'NONE',  ( 0.004999999999999892600, 0.03499999999999974000, -0.05499999999999992400 ) ) ;
#537 = DIRECTION ( 'NONE',  ( -2.272942548044347800E-032, -1.000000000000000000, 3.391901413832837600E-015 ) ) ;
#538 = CC_DESIGN_PERSON_AND_ORGANIZATION_ASSIGNMENT ( #1066, #1696, ( #227 ) ) ;
#539 = CIRCLE ( 'NONE', #1368, 0.05000000000000002400 ) ;
#540 = ORIENTED_EDGE ( 'NONE', *, *, #1878, .F. ) ;
#541 = EDGE_CURVE ( 'NONE', #1775, #309, #1174, .T. ) ;
#542 = APPROVAL_ROLE ( '' ) ;
#543 = ORIENTED_EDGE ( 'NONE', *, *, #1705, .F. ) ;
#544 = LINE ( 'NONE', #1385, #92 ) ;
#545 = LINE ( 'NONE', #1603, #1363 ) ;
#546 = ORIENTED_EDGE ( 'NONE', *, *, #1903, .F. ) ;
#547 = DIRECTION ( 'NONE',  ( 0.0000000000000000000, 1.000000000000000000, 0.0000000000000000000 ) ) ;
#548 = AXIS2_PLACEMENT_3D ( 'NONE', #1186, #1915, #1647 ) ;
#549 = AXIS2_PLACEMENT_3D ( 'NONE', #872, #1167, #235 ) ;
#550 = DIRECTION ( 'NONE',  ( 1.000000000000000000, 6.776263578034400200E-017, -0.0000000000000000000 ) ) ;
#551 = EDGE_CURVE ( 'NONE', #448, #73, #738, .T. ) ;
#552 = FACE_OUTER_BOUND ( 'NONE', #134, .T. ) ;
#553 = EDGE_CURVE ( 'NONE', #715, #567, #1012, .T. ) ;
#554 = FACE_OUTER_BOUND ( 'NONE', #564, .T. ) ;
#555 = CARTESIAN_POINT ( 'NONE',  ( 0.6999999999999999600, 0.0000000000000000000, 0.0000000000000000000 ) ) ;
#556 = DIRECTION ( 'NONE',  ( -2.377636343169963200E-016, -3.508598697071146500E-015, -1.000000000000000000 ) ) ;
#557 = EDGE_CURVE ( 'NONE', #1425, #861, #569, .T. ) ;
#558 = CARTESIAN_POINT ( 'NONE',  ( 0.6650000000000001500, 0.03499999999999974000, -0.5049999999999998900 ) ) ;
#559 = EDGE_CURVE ( 'NONE', #783, #643, #948, .T. ) ;
#560 = PERSON ( 'NAUO-PER1', 'UNSPECIFIED', 'UNSPECIFIED', ('UNSPECIFIED'), ('UNSPECIFIED'), ('UNSPECIFIED') ) ;
#561 = APPROVAL_DATE_TIME ( #972, #855 ) ;
#562 = CARTESIAN_POINT ( 'NONE',  ( -3.711289004228681100E-034, 0.05499999999999981300, 3.388131789017201400E-017 ) ) ;
#563 = LOCAL_TIME ( 8, 55, 42.00000000000000000, #976 ) ;
#564 = EDGE_LOOP ( 'NONE', ( #1458, #1140, #778, #736, #317, #989, #1248, #1378 ) ) ;
#565 = PLANE ( 'NONE',  #1144 ) ;
#566 = CARTESIAN_POINT ( 'NONE',  ( 0.0000000000000000000, 0.0000000000000000000, 0.0000000000000000000 ) ) ;
#567 = VERTEX_POINT ( 'NONE', #1711 ) ;
#568 = APPROVAL ( #1100, 'UNKNOWN' ) ;
#569 = LINE ( 'NONE', #360, #696 ) ;
#570 = DIRECTION ( 'NONE',  ( -2.710505431213760700E-015, -1.000000000000000000, -8.470329472543002400E-016 ) ) ;
#571 = FACE_OUTER_BOUND ( 'NONE', #1089, .T. ) ;
#572 = ORIENTED_EDGE ( 'NONE', *, *, #1314, .T. ) ;
#573 = CIRCLE ( 'NONE', #441, 0.04999999999999999600 ) ;
#574 = CYLINDRICAL_SURFACE ( 'NONE', #599, 0.03000000000000000600 ) ;
#575 = ORIENTED_EDGE ( 'NONE', *, *, #758, .T. ) ;
#576 = APPROVAL ( #1849, 'UNSPECIFIED' ) ;
#577 = VERTEX_POINT ( 'NONE', #503 ) ;
#578 = COORDINATED_UNIVERSAL_TIME_OFFSET ( 9, 0, .AHEAD. ) ;
#579 = ORIENTED_EDGE ( 'NONE', *, *, #541, .F. ) ;
#580 = LOCAL_TIME ( 8, 55, 42.00000000000000000, #1003 ) ;
#581 = COORDINATED_UNIVERSAL_TIME_OFFSET ( 9, 0, .AHEAD. ) ;
#582 = ADVANCED_FACE ( 'NONE', ( #639 ), #967, .F. ) ;
#583 = LINE ( 'NONE', #1261, #377 ) ;
#584 = ORIENTED_EDGE ( 'NONE', *, *, #1676, .T. ) ;
#585 = CARTESIAN_POINT ( 'NONE',  ( 0.0000000000000000000, 0.005000000000000018300, -6.095220969744921100E-032 ) ) ;
#586 = ORIENTED_EDGE ( 'NONE', *, *, #1575, .F. ) ;
#587 = LINE ( 'NONE', #1879, #1284 ) ;
#588 = VECTOR ( 'NONE', #1228, 1000.000000000000000 ) ;
#589 = EDGE_LOOP ( 'NONE', ( #1660, #1275, #1375, #1084, #1843, #1410, #253 ) ) ;
#590 = ADVANCED_FACE ( 'NONE', ( #1270 ), #681, .T. ) ;
#591 = DIRECTION ( 'NONE',  ( 1.000000000000000000, 6.776263578034400200E-017, -0.0000000000000000000 ) ) ;
#592 = DIRECTION ( 'NONE',  ( -1.000000000000000000, -6.776263578034400200E-017, 0.0000000000000000000 ) ) ;
#593 = ADVANCED_FACE ( 'NONE', ( #1615 ), #276, .T. ) ;
#594 = EDGE_LOOP ( 'NONE', ( #1887, #457, #860 ) ) ;
#595 = CARTESIAN_POINT ( 'NONE',  ( -1.749508051056153500E-016, 0.04999999999999994000, -1.716653439768712600E-016 ) ) ;
#596 = APPROVAL_PERSON_ORGANIZATION ( #1025, #855, #1083 ) ;
#597 = AXIS2_PLACEMENT_3D ( 'NONE', #954, #178, #1432 ) ;
#598 = ORGANIZATION ( 'UNSPECIFIED', 'UNSPECIFIED', '' ) ;
#599 = AXIS2_PLACEMENT_3D ( 'NONE', #1413, #949, #1848 ) ;
#600 = ORIENTED_EDGE ( 'NONE', *, *, #1679, .F. ) ;
#601 = LINE ( 'NONE', #1117, #1675 ) ;
#602 = ORIENTED_EDGE ( 'NONE', *, *, #146, .T. ) ;
#603 = CARTESIAN_POINT ( 'NONE',  ( 0.6999999999999999600, -1.914811208543847800E-015, 1.153356929001574300E-031 ) ) ;
#604 = FACE_OUTER_BOUND ( 'NONE', #694, .T. ) ;
#605 = ADVANCED_FACE ( 'NONE', ( #1471 ), #1735, .T. ) ;
#606 = VERTEX_POINT ( 'NONE', #978 ) ;
#607 = DIRECTION ( 'NONE',  ( 0.0000000000000000000, 0.0000000000000000000, 1.000000000000000000 ) ) ;
#608 = CIRCLE ( 'NONE', #1031, 0.03500000000000000300 ) ;
#609 = ORIENTED_EDGE ( 'NONE', *, *, #438, .T. ) ;
#610 = VECTOR ( 'NONE', #1932, 1000.000000000000000 ) ;
#611 = DIRECTION ( 'NONE',  ( -0.0000000000000000000, 0.0000000000000000000, -1.000000000000000000 ) ) ;
#612 = CIRCLE ( 'NONE', #506, 0.05000000000000012800 ) ;
#613 = CC_DESIGN_APPROVAL ( #514, ( #207 ) ) ;
#614 = CARTESIAN_POINT ( 'NONE',  ( -6.241295400821142100E-018, 0.05499999999999980600, -0.05499999999999999300 ) ) ;
#615 = LINE ( 'NONE', #1750, #1185 ) ;
#616 = EDGE_CURVE ( 'NONE', #1184, #577, #587, .T. ) ;
#617 = CARTESIAN_POINT ( 'NONE',  ( 0.7000000000000000700, 0.04499999999999981100, -2.710505431213749100E-018 ) ) ;
#618 = EDGE_CURVE ( 'NONE', #1864, #606, #1039, .T. ) ;
#619 = CARTESIAN_POINT ( 'NONE',  ( 0.6650000000000001500, 0.004999999999999769400, -0.5049999999999998900 ) ) ;
#620 = APPROVAL_STATUS ( 'not_yet_approved' ) ;
#621 = ADVANCED_FACE ( 'NONE', ( #1333 ), #669, .F. ) ;
#622 = DIRECTION ( 'NONE',  ( 1.000000000000000000, 0.0000000000000000000, 0.0000000000000000000 ) ) ;
#623 = ORIENTED_EDGE ( 'NONE', *, *, #359, .F. ) ;
#624 = DIRECTION ( 'NONE',  ( -1.355252715606880500E-016, 1.000000000000000000, -0.0000000000000000000 ) ) ;
#625 = ITEM_DEFINED_TRANSFORMATION ( 'NONE', 'NONE', #144,  #1340 ) ;
#626 = CC_DESIGN_DATE_AND_TIME_ASSIGNMENT ( #435, #1390, ( #216 ) ) ;
#627 = VERTEX_POINT ( 'NONE', #1267 ) ;
#628 = CARTESIAN_POINT ( 'NONE',  ( -2.199999999999999700, -1.550000000000000000, 0.05000000000000000300 ) ) ;
#629 = APPROVAL_STATUS ( 'not_yet_approved' ) ;
#630 = COORDINATED_UNIVERSAL_TIME_OFFSET ( 9, 0, .AHEAD. ) ;
#631 = DIRECTION ( 'NONE',  ( -1.000000000000000000, -3.484935554417692700E-015, 1.936075308009829200E-016 ) ) ;
#632 = LOCAL_TIME ( 8, 55, 42.00000000000000000, #1045 ) ;
#633 = AXIS2_PLACEMENT_3D ( 'NONE', #27, #1847, #1111 ) ;
#634 = CARTESIAN_POINT ( 'NONE',  ( 0.0000000000000000000, 0.0000000000000000000, 0.0000000000000000000 ) ) ;
#635 = DIRECTION ( 'NONE',  ( 0.0000000000000000000, 0.0000000000000000000, 1.000000000000000000 ) ) ;
#636 = ORIENTED_EDGE ( 'NONE', *, *, #112, .F. ) ;
#637 = DIRECTION ( 'NONE',  ( -1.632631042808466500E-031, 9.795786256852393600E-030, 1.000000000000000000 ) ) ;
#638 = ORIENTED_EDGE ( 'NONE', *, *, #47, .T. ) ;
#639 = FACE_OUTER_BOUND ( 'NONE', #1947, .T. ) ;
#640 = DIRECTION ( 'NONE',  ( 1.000000000000000000, 0.0000000000000000000, -0.0000000000000000000 ) ) ;
#641 = CARTESIAN_POINT ( 'NONE',  ( -2.200000000000000200, 1.600000000000000300, 0.05000000000000012800 ) ) ;
#642 = CIRCLE ( 'NONE', #1060, 0.05000000000000003100 ) ;
#643 = VERTEX_POINT ( 'NONE', #49 ) ;
#644 = CC_DESIGN_DATE_AND_TIME_ASSIGNMENT ( #1431, #952, ( #227 ) ) ;
#645 = EDGE_CURVE ( 'NONE', #1956, #34, #1496, .T. ) ;
#646 = APPLICATION_CONTEXT ( 'configuration controlled 3d designs of mechanical parts and assemblies' ) ;
#647 = CARTESIAN_POINT ( 'NONE',  ( -2.200000000000000200, 1.550000000000000500, 2.799999999999999800 ) ) ;
#648 = CARTESIAN_POINT ( 'NONE',  ( -2.199999999999999700, -1.550000000000000000, 2.799999999999999800 ) ) ;
#649 = AXIS2_PLACEMENT_3D ( 'NONE', #89, #528, #1456 ) ;
#650 = DIRECTION ( 'NONE',  ( -2.258754526011467700E-016, -3.501069515317774900E-015, -1.000000000000000000 ) ) ;
#651 =( REPRESENTATION_RELATIONSHIP ('NONE','NONE', #1422, #754 ) REPRESENTATION_RELATIONSHIP_WITH_TRANSFORMATION ( #1831 )SHAPE_REPRESENTATION_RELATIONSHIP( ) );
#652 = EDGE_CURVE ( 'NONE', #627, #1106, #142, .T. ) ;
#653 = EDGE_CURVE ( 'NONE', #1239, #1266, #1661, .T. ) ;
#654 = DESIGN_CONTEXT ( 'detailed design', #474, 'design' ) ;
#655 = PLANE ( 'NONE',  #1892 ) ;
#656 = ORIENTED_EDGE ( 'NONE', *, *, #1913, .T. ) ;
#657 = CARTESIAN_POINT ( 'NONE',  ( 2.199999999999998800, 1.550000000000000500, 0.05000000000000012800 ) ) ;
#658 = COORDINATED_UNIVERSAL_TIME_OFFSET ( 9, 0, .AHEAD. ) ;
#659 = DIRECTION ( 'NONE',  ( 1.000000000000000000, -0.0000000000000000000, -0.0000000000000000000 ) ) ;
#660 = AXIS2_PLACEMENT_3D ( 'NONE', #1591, #1002, #847 ) ;
#661 = ORIENTED_EDGE ( 'NONE', *, *, #139, .T. ) ;
#662 = VECTOR ( 'NONE', #550, 1000.000000000000000 ) ;
#663 = CARTESIAN_POINT ( 'NONE',  ( 2.199999999999999300, 1.550000000000000500, 0.0000000000000000000 ) ) ;
#664 = DIRECTION ( 'NONE',  ( 1.000000000000000000, 0.0000000000000000000, 0.0000000000000000000 ) ) ;
#665 = DIRECTION ( 'NONE',  ( -0.0000000000000000000, 0.0000000000000000000, -1.000000000000000000 ) ) ;
#666 = ORIENTED_EDGE ( 'NONE', *, *, #1283, .T. ) ;
#667 = EDGE_CURVE ( 'NONE', #268, #1824, #990, .T. ) ;
#668 = EDGE_CURVE ( 'NONE', #41, #712, #1596, .T. ) ;
#669 = PLANE ( 'NONE',  #1209 ) ;
#670 = CARTESIAN_POINT ( 'NONE',  ( 0.0000000000000000000, 0.0000000000000000000, 0.0000000000000000000 ) ) ;
#671 = CIRCLE ( 'NONE', #13, 0.05000000000000000300 ) ;
#672 = EDGE_LOOP ( 'NONE', ( #1617, #1673, #254 ) ) ;
#673 = VECTOR ( 'NONE', #347, 1000.000000000000000 ) ;
#674 = ORIENTED_EDGE ( 'NONE', *, *, #304, .F. ) ;
#675 = CIRCLE ( 'NONE', #1587, 0.04999999999999991300 ) ;
#676 = FACE_OUTER_BOUND ( 'NONE', #994, .T. ) ;
#677 = CARTESIAN_POINT ( 'NONE',  ( -2.199999999999999700, -1.550000000000000000, 2.750000000000000000 ) ) ;
#678 = CARTESIAN_POINT ( 'NONE',  ( 0.0000000000000000000, 0.004999999999998255000, -0.5049999999999998900 ) ) ;
#679 = CC_DESIGN_APPROVAL ( #568, ( #365 ) ) ;
#680 = ORIENTED_EDGE ( 'NONE', *, *, #1788, .T. ) ;
#681 = PLANE ( 'NONE',  #799 ) ;
#682 =( LENGTH_UNIT ( ) NAMED_UNIT ( * ) SI_UNIT ( .MILLI., .METRE. ) );
#683 = FACE_OUTER_BOUND ( 'NONE', #1098, .T. ) ;
#684 = CARTESIAN_POINT ( 'NONE',  ( -2.853163611803940000E-018, 0.004999999999999776300, -0.05499999999999982000 ) ) ;
#685 = PERSON_AND_ORGANIZATION ( #252, #1088 ) ;
#686 = DIRECTION ( 'NONE',  ( -0.0000000000000000000, 0.0000000000000000000, 1.000000000000000000 ) ) ;
#687 = DIRECTION ( 'NONE',  ( -1.000000000000000000, -2.775557561562889900E-016, 3.493390421277774500E-015 ) ) ;
#688 = CC_DESIGN_APPROVAL ( #576, ( #922 ) ) ;
#689 = APPROVAL_PERSON_ORGANIZATION ( #1092, #1934, #161 ) ;
#690 = CARTESIAN_POINT ( 'NONE',  ( -2.200000000000000200, 1.550000000000000500, 0.05000000000000012800 ) ) ;
#691 = APPROVAL_DATE_TIME ( #1094, #514 ) ;
#692 = DIRECTION ( 'NONE',  ( 2.710505431213760700E-015, 1.000000000000000000, -7.778769097326428900E-062 ) ) ;
#693 = ORIENTED_EDGE ( 'NONE', *, *, #1609, .T. ) ;
#694 = EDGE_LOOP ( 'NONE', ( #543, #1815, #502, #844 ) ) ;
#695 = FACE_OUTER_BOUND ( 'NONE', #272, .T. ) ;
#696 = VECTOR ( 'NONE', #1558, 1000.000000000000000 ) ;
#697 = CARTESIAN_POINT ( 'NONE',  ( 0.6999999999999999600, 0.004999999999999825800, -0.05499999999999982700 ) ) ;
#698 = LINE ( 'NONE', #1454, #1842 ) ;
#699 = EDGE_LOOP ( 'NONE', ( #477, #1613, #815, #387 ) ) ;
#700 = DIRECTION ( 'NONE',  ( 1.000000000000000000, 0.0000000000000000000, 0.0000000000000000000 ) ) ;
#701 = CIRCLE ( 'NONE', #341, 0.05000000000000012800 ) ;
#702 = CARTESIAN_POINT ( 'NONE',  ( 0.0000000000000000000, 0.05499999999999980600, -0.05499999999999999300 ) ) ;
#703 = SECURITY_CLASSIFICATION_LEVEL ( 'unclassified' ) ;
#704 = PLANE ( 'NONE',  #733 ) ;
#705 = CARTESIAN_POINT ( 'NONE',  ( 2.249999999999999600, 1.550000000000000500, 2.750000000000000000 ) ) ;
#706 = DIRECTION ( 'NONE',  ( 6.776263578034400200E-017, -1.000000000000000000, 3.523657060577887400E-015 ) ) ;
#707 = CLOSED_SHELL ( 'NONE', ( #271, #621, #781, #1958, #903, #1654, #1068, #1051, #1080, #284, #7, #1226, #1205, #1823, #1809, #1523, #593, #1354, #1377, #1953, #303, #760, #124, #908, #1948, #605 ) ) ;
#708 = DIRECTION ( 'NONE',  ( -1.000000000000000000, 0.0000000000000000000, 0.0000000000000000000 ) ) ;
#709 = LOCAL_TIME ( 8, 55, 42.00000000000000000, #1118 ) ;
#710 = DIRECTION ( 'NONE',  ( 1.000000000000000000, 0.0000000000000000000, 0.0000000000000000000 ) ) ;
#711 = ORIENTED_EDGE ( 'NONE', *, *, #82, .F. ) ;
#712 = VERTEX_POINT ( 'NONE', #264 ) ;
#713 = FACE_OUTER_BOUND ( 'NONE', #1381, .T. ) ;
#714 = CARTESIAN_POINT ( 'NONE',  ( 0.6999999999999999600, 0.004999999999999823200, -0.05499999999999982000 ) ) ;
#715 = VERTEX_POINT ( 'NONE', #1348 ) ;
#716 = VECTOR ( 'NONE', #945, 1000.000000000000000 ) ;
#717 = VERTEX_POINT ( 'NONE', #1938 ) ;
#718 = CYLINDRICAL_SURFACE ( 'NONE', #933, 0.05000000000000002400 ) ;
#719 = CARTESIAN_POINT ( 'NONE',  ( -1.070323357724400800E-016, 0.03499999999999971900, -0.05499999999999992400 ) ) ;
#720 = PRODUCT ( 'ACT45LコアBlock typ', 'ACT45LコアBlock typ', '', ( #1688 ) ) ;
#721 = LINE ( 'NONE', #971, #1515 ) ;
#722 = DIRECTION ( 'NONE',  ( 0.0000000000000000000, 1.000000000000000000, -0.0000000000000000000 ) ) ;
#723 = ORIENTED_EDGE ( 'NONE', *, *, #1042, .F. ) ;
#724 = DIRECTION ( 'NONE',  ( -0.0000000000000000000, 6.023345402697245500E-017, 1.000000000000000000 ) ) ;
#725 = CC_DESIGN_SECURITY_CLASSIFICATION ( #207, ( #1668 ) ) ;
#726 = ORIENTED_EDGE ( 'NONE', *, *, #1042, .T. ) ;
#727 = LOCAL_TIME ( 8, 55, 42.00000000000000000, #1135 ) ;
#728 = VECTOR ( 'NONE', #537, 1000.000000000000000 ) ;
#729 = EDGE_CURVE ( 'NONE', #1126, #1650, #390, .T. ) ;
#730 = CALENDAR_DATE ( 2018, 29, 6 ) ;
#731 = CARTESIAN_POINT ( 'NONE',  ( 0.7000000000000000700, 0.04499999999999978300, -0.5049999999999998900 ) ) ;
#732 = APPROVAL_PERSON_ORGANIZATION ( #1139, #514, #50 ) ;
#733 = AXIS2_PLACEMENT_3D ( 'NONE', #1754, #1776, #1021 ) ;
#734 = ORIENTED_EDGE ( 'NONE', *, *, #925, .F. ) ;
#735 = CC_DESIGN_PERSON_AND_ORGANIZATION_ASSIGNMENT ( #1545, #785, ( #216 ) ) ;
#736 = ORIENTED_EDGE ( 'NONE', *, *, #113, .T. ) ;
#737 = VECTOR ( 'NONE', #1658, 1000.000000000000000 ) ;
#738 = CIRCLE ( 'NONE', #1845, 0.05000000000000012800 ) ;
#739 = AXIS2_PLACEMENT_3D ( 'NONE', #1243, #163, #1087 ) ;
#740 = ADVANCED_FACE ( 'NONE', ( #683 ), #1189, .F. ) ;
#741 = LINE ( 'NONE', #1030, #326 ) ;
#742 = ORIENTED_EDGE ( 'NONE', *, *, #1812, .T. ) ;
#743 = EDGE_LOOP ( 'NONE', ( #856, #1838, #1217, #1608 ) ) ;
#744 = VECTOR ( 'NONE', #1435, 1000.000000000000000 ) ;
#745 = PRODUCT_DEFINITION_FORMATION_WITH_SPECIFIED_SOURCE ( 'ANY', '', #720, .NOT_KNOWN. ) ;
#746 = EDGE_CURVE ( 'NONE', #790, #1244, #1350, .T. ) ;
#747 = ADVANCED_FACE ( 'NONE', ( #1155 ), #1633, .T. ) ;
#748 = CONTEXT_DEPENDENT_SHAPE_REPRESENTATION ( #479, #487 ) ;
#749 = PRODUCT_DEFINITION_SHAPE ( 'NONE', 'NONE',  #1972 ) ;
#750 = AXIS2_PLACEMENT_3D ( 'NONE', #566, #1317, #700 ) ;
#751 = VERTEX_POINT ( 'NONE', #1780 ) ;
#752 = CARTESIAN_POINT ( 'NONE',  ( 0.03499999999999978800, 0.004999999999998258400, -0.5049999999999998900 ) ) ;
#753 = AXIS2_PLACEMENT_3D ( 'NONE', #480, #1612, #1605 ) ;
#754 = SHAPE_REPRESENTATION ( 'Plating', ( #1340 ), #1233 ) ;
#755 = AXIS2_PLACEMENT_3D ( 'NONE', #1888, #837, #1445 ) ;
#756 = APPROVAL_DATE_TIME ( #1164, #1799 ) ;
#757 = SHAPE_REPRESENTATION_RELATIONSHIP ( 'NONE' , 'NONE' ,  #754, #1418 ) ;
#758 = EDGE_CURVE ( 'NONE', #1078, #1956, #1230, .T. ) ;
#759 = ORIENTED_EDGE ( 'NONE', *, *, #1321, .F. ) ;
#760 = ADVANCED_FACE ( 'NONE', ( #1204 ), #959, .T. ) ;
#761 = ORIENTED_EDGE ( 'NONE', *, *, #1352, .T. ) ;
#762 = CARTESIAN_POINT ( 'NONE',  ( -2.250000000000000000, -1.599999999999999900, 0.05000000000000012800 ) ) ;
#763 = LINE ( 'NONE', #999, #1508 ) ;
#764 = VERTEX_POINT ( 'NONE', #866 ) ;
#765 = LINE ( 'NONE', #1408, #1929 ) ;
#766 = VECTOR ( 'NONE', #1115, 1000.000000000000000 ) ;
#767 = CC_DESIGN_PERSON_AND_ORGANIZATION_ASSIGNMENT ( #270, #350, ( #1926 ) ) ;
#768 = CARTESIAN_POINT ( 'NONE',  ( -3.184843881676169300E-016, 9.999999999999998200, -0.5050000000000348700 ) ) ;
#769 = CIRCLE ( 'NONE', #102, 0.05000000000000012800 ) ;
#770 = EDGE_CURVE ( 'NONE', #1636, #1820, #1572, .T. ) ;
#771 = EDGE_CURVE ( 'NONE', #4, #1896, #1742, .T. ) ;
#772 = ADVANCED_FACE ( 'NONE', ( #554 ), #928, .F. ) ;
#773 = DIRECTION ( 'NONE',  ( 0.0000000000000000000, 0.0000000000000000000, 1.000000000000000000 ) ) ;
#774 = CC_DESIGN_DATE_AND_TIME_ASSIGNMENT ( #1401, #1129, ( #365 ) ) ;
#775 = ORIENTED_EDGE ( 'NONE', *, *, #1801, .F. ) ;
#776 = COORDINATED_UNIVERSAL_TIME_OFFSET ( 9, 0, .AHEAD. ) ;
#777 = DIRECTION ( 'NONE',  ( 1.000000000000000000, 0.0000000000000000000, 0.0000000000000000000 ) ) ;
#778 = ORIENTED_EDGE ( 'NONE', *, *, #836, .T. ) ;
#779 = DIRECTION ( 'NONE',  ( 1.000000000000000000, 1.445602896647339400E-016, -0.0000000000000000000 ) ) ;
#780 = LOCAL_TIME ( 8, 55, 42.00000000000000000, #1193 ) ;
#781 = ADVANCED_FACE ( 'NONE', ( #1906 ), #231, .F. ) ;
#782 = COORDINATED_UNIVERSAL_TIME_OFFSET ( 9, 0, .AHEAD. ) ;
#783 = VERTEX_POINT ( 'NONE', #1904 ) ;
#784 = CARTESIAN_POINT ( 'NONE',  ( -1.600892270310627600E-016, 0.04999999999999975300, -0.05499999999999995900 ) ) ;
#785 = PERSON_AND_ORGANIZATION_ROLE ( 'classification_officer' ) ;
#786 = LINE ( 'NONE', #1181, #1056 ) ;
#787 = DIRECTION ( 'NONE',  ( -1.355252715606880500E-016, 1.000000000000000000, -0.0000000000000000000 ) ) ;
#788 = CARTESIAN_POINT ( 'NONE',  ( -2.250000000000000400, 1.600000000000000300, 2.750000000000000000 ) ) ;
#789 = CC_DESIGN_PERSON_AND_ORGANIZATION_ASSIGNMENT ( #1004, #188, ( #922 ) ) ;
#790 = VERTEX_POINT ( 'NONE', #83 ) ;
#791 = VECTOR ( 'NONE', #509, 1000.000000000000000 ) ;
#792 = CARTESIAN_POINT ( 'NONE',  ( 0.6650000000000001500, 0.004999999999999769400, -0.5049999999999998900 ) ) ;
#793 = LINE ( 'NONE', #555, #1151 ) ;
#794 = ORIENTED_EDGE ( 'NONE', *, *, #21, .T. ) ;
#795 = CARTESIAN_POINT ( 'NONE',  ( -0.5450000000000002600, 0.04999999999999630400, -0.5050000000000000000 ) ) ;
#796 = ORIENTED_EDGE ( 'NONE', *, *, #305, .T. ) ;
#797 = DIRECTION ( 'NONE',  ( -1.000000000000000000, -0.0000000000000000000, -0.0000000000000000000 ) ) ;
#798 = DIRECTION ( 'NONE',  ( -2.710505431213760700E-015, -1.000000000000000000, -8.470329472543002400E-016 ) ) ;
#799 = AXIS2_PLACEMENT_3D ( 'NONE', #828, #211, #512 ) ;
#800 = DATE_TIME_ROLE ( 'classification_date' ) ;
#801 = DIRECTION ( 'NONE',  ( 1.000000000000000000, 0.0000000000000000000, 0.0000000000000000000 ) ) ;
#802 = DIRECTION ( 'NONE',  ( 0.0000000000000000000, 0.0000000000000000000, -1.000000000000000000 ) ) ;
#803 = CARTESIAN_POINT ( 'NONE',  ( 0.6999999999999999600, -1.695950706916413000E-016, -0.05499999999999980600 ) ) ;
#804 = DATE_AND_TIME ( #1211, #1604 ) ;
#805 = CARTESIAN_POINT ( 'NONE',  ( -1.466219796827646600E-016, 0.04999999999999994000, -1.716653439768713300E-016 ) ) ;
#806 = DIRECTION ( 'NONE',  ( 2.409338161078898200E-016, 3.433306879537430100E-015, 1.000000000000000000 ) ) ;
#807 = ORIENTED_EDGE ( 'NONE', *, *, #1041, .F. ) ;
#808 = DIRECTION ( 'NONE',  ( -1.355252715606880500E-016, -1.000000000000000000, 0.0000000000000000000 ) ) ;
#809 = APPROVAL_PERSON_ORGANIZATION ( #1215, #1799, #1704 ) ;
#810 = DIRECTION ( 'NONE',  ( 0.0000000000000000000, 4.336808689942006700E-015, -1.000000000000000000 ) ) ;
#811 = ORIENTED_EDGE ( 'NONE', *, *, #1499, .T. ) ;
#812 = ORIENTED_EDGE ( 'NONE', *, *, #304, .T. ) ;
#813 = APPLICATION_PROTOCOL_DEFINITION ( 'international standard', 'config_control_design', 1994, #646 ) ;
#814 = CYLINDRICAL_SURFACE ( 'NONE', #1862, 0.05000000000000012800 ) ;
#815 = ORIENTED_EDGE ( 'NONE', *, *, #32, .F. ) ;
#816 = DIRECTION ( 'NONE',  ( -1.000000000000000000, 0.0000000000000000000, 0.0000000000000000000 ) ) ;
#817 = DIRECTION ( 'NONE',  ( -1.000000000000000000, -3.499016102112309300E-015, 3.942553354492743000E-016 ) ) ;
#818 = CIRCLE ( 'NONE', #1367, 0.05000000000000012800 ) ;
#819 = PERSON_AND_ORGANIZATION_ROLE ( 'design_supplier' ) ;
#820 = CYLINDRICAL_SURFACE ( 'NONE', #1061, 0.03500000000000000300 ) ;
#821 = DIRECTION ( 'NONE',  ( -1.000000000000000000, -6.776263578034400200E-017, 0.0000000000000000000 ) ) ;
#822 = DIRECTION ( 'NONE',  ( 1.355252715606880500E-016, -1.000000000000000000, 0.0000000000000000000 ) ) ;
#823 = CARTESIAN_POINT ( 'NONE',  ( 2.249999999999999600, 1.600000000000000300, 2.799999999999999800 ) ) ;
#824 = AXIS2_PLACEMENT_3D ( 'NONE', #26, #470, #802 ) ;
#825 = AXIS2_PLACEMENT_3D ( 'NONE', #30, #1825, #915 ) ;
#826 = APPROVAL_PERSON_ORGANIZATION ( #1234, #568, #917 ) ;
#827 = VERTEX_POINT ( 'NONE', #388 ) ;
#828 = CARTESIAN_POINT ( 'NONE',  ( 0.6650000000000001500, 0.004999999999999769400, -0.05499999999999982000 ) ) ;
#829 = APPROVAL_DATE_TIME ( #1237, #1549 ) ;
#830 = PRODUCT_RELATED_PRODUCT_CATEGORY ( 'detail', '', ( #321 ) ) ;
#831 = DATE_AND_TIME ( #1238, #1634 ) ;
#832 = EDGE_LOOP ( 'NONE', ( #1383, #1251, #444 ) ) ;
#833 = DIRECTION ( 'NONE',  ( 1.355252715606880500E-016, 1.000000000000000000, 0.0000000000000000000 ) ) ;
#834 = ORIENTED_EDGE ( 'NONE', *, *, #273, .F. ) ;
#835 = EDGE_CURVE ( 'NONE', #1820, #442, #615, .T. ) ;
#836 = EDGE_CURVE ( 'NONE', #122, #36, #412, .T. ) ;
#837 = DIRECTION ( 'NONE',  ( 2.377636343169965600E-016, 3.433306879537430100E-015, 1.000000000000000000 ) ) ;
#838 = DIRECTION ( 'NONE',  ( 0.0000000000000000000, 0.0000000000000000000, -1.000000000000000000 ) ) ;
#839 = ORIENTED_EDGE ( 'NONE', *, *, #169, .T. ) ;
#840 = LINE ( 'NONE', #617, #1303 ) ;
#841 = PLANE ( 'NONE',  #1168 ) ;
#842 = AXIS2_PLACEMENT_3D ( 'NONE', #690, #1588, #526 ) ;
#843 = LINE ( 'NONE', #1767, #1945 ) ;
#844 = ORIENTED_EDGE ( 'NONE', *, *, #520, .F. ) ;
#845 = ORIENTED_EDGE ( 'NONE', *, *, #557, .F. ) ;
#846 = DIRECTION ( 'NONE',  ( 0.0000000000000000000, -1.000000000000000000, 3.614007241618347600E-015 ) ) ;
#847 = DIRECTION ( 'NONE',  ( 1.000000000000000000, 0.0000000000000000000, 0.0000000000000000000 ) ) ;
#848 = FACE_OUTER_BOUND ( 'NONE', #594, .T. ) ;
#849 = DIRECTION ( 'NONE',  ( 6.776263578034399000E-017, -1.000000000000000000, 3.449734185181148700E-015 ) ) ;
#850 = CALENDAR_DATE ( 2018, 29, 6 ) ;
#851 = MECHANICAL_CONTEXT ( 'NONE', #534, 'mechanical' ) ;
#852 = MANIFOLD_SOLID_BREP ( 'ﾌｨﾚｯﾄ4', #1210 ) ;
#853 = DIRECTION ( 'NONE',  ( -1.000000000000000000, 0.0000000000000000000, 0.0000000000000000000 ) ) ;
#854 = DIRECTION ( 'NONE',  ( 0.0000000000000000000, 0.0000000000000000000, -1.000000000000000000 ) ) ;
#855 = APPROVAL ( #620, 'UNSPECIFIED' ) ;
#856 = ORIENTED_EDGE ( 'NONE', *, *, #1529, .T. ) ;
#857 = COORDINATED_UNIVERSAL_TIME_OFFSET ( 9, 0, .AHEAD. ) ;
#858 = DIRECTION ( 'NONE',  ( 0.0000000000000000000, 0.0000000000000000000, -1.000000000000000000 ) ) ;
#859 = PERSON_AND_ORGANIZATION_ROLE ( 'design_supplier' ) ;
#860 = ORIENTED_EDGE ( 'NONE', *, *, #878, .F. ) ;
#861 = VERTEX_POINT ( 'NONE', #80 ) ;
#862 = DIRECTION ( 'NONE',  ( 0.0000000000000000000, -1.000000000000000000, -0.0000000000000000000 ) ) ;
#863 = AXIS2_PLACEMENT_3D ( 'NONE', #53, #710, #854 ) ;
#864 = VECTOR ( 'NONE', #1521, 1000.000000000000000 ) ;
#865 = AXIS2_PLACEMENT_3D ( 'NONE', #992, #686, #1149 ) ;
#866 = CARTESIAN_POINT ( 'NONE',  ( 2.199999999999999300, 1.550000000000000500, 2.799999999999999800 ) ) ;
#867 = LINE ( 'NONE', #1272, #447 ) ;
#868 = FACE_OUTER_BOUND ( 'NONE', #70, .T. ) ;
#869 = EDGE_CURVE ( 'NONE', #783, #41, #1715, .T. ) ;
#870 = LINE ( 'NONE', #1250, #1225 ) ;
#871 = CARTESIAN_POINT ( 'NONE',  ( 2.199999999999998800, 1.600000000000000300, 2.799999999999999800 ) ) ;
#872 = CARTESIAN_POINT ( 'NONE',  ( 0.6650000000000001500, 0.03499999999999974000, -0.5049999999999998900 ) ) ;
#873 = ORIENTED_EDGE ( 'NONE', *, *, #553, .F. ) ;
#874 = DIRECTION ( 'NONE',  ( -1.000000000000000000, -0.0000000000000000000, -0.0000000000000000000 ) ) ;
#875 = CC_DESIGN_PERSON_AND_ORGANIZATION_ASSIGNMENT ( #346, #342, ( #720 ) ) ;
#876 = DIRECTION ( 'NONE',  ( 8.881784197001252300E-015, 1.000000000000000000, -2.710505431213761500E-015 ) ) ;
#877 = EDGE_CURVE ( 'NONE', #442, #1642, #1389, .T. ) ;
#878 = EDGE_CURVE ( 'NONE', #76, #1266, #701, .T. ) ;
#879 = CALENDAR_DATE ( 2018, 29, 6 ) ;
#880 = APPROVAL_PERSON_ORGANIZATION ( #1295, #1549, #1120 ) ;
#881 = CC_DESIGN_PERSON_AND_ORGANIZATION_ASSIGNMENT ( #1234, #1113, ( #365 ) ) ;
#882 = PERSON_AND_ORGANIZATION ( #15, #598 ) ;
#883 = ORIENTED_EDGE ( 'NONE', *, *, #974, .T. ) ;
#884 = DIRECTION ( 'NONE',  ( 1.000000000000000000, -0.0000000000000000000, -0.0000000000000000000 ) ) ;
#885 = VERTEX_POINT ( 'NONE', #1451 ) ;
#886 = ORIENTED_EDGE ( 'NONE', *, *, #345, .F. ) ;
#887 = VECTOR ( 'NONE', #1687, 1000.000000000000000 ) ;
#888 = CARTESIAN_POINT ( 'NONE',  ( 2.199999999999998800, -2.981555974335135700E-016, 0.0000000000000000000 ) ) ;
#889 = CC_DESIGN_DATE_AND_TIME_ASSIGNMENT ( #1355, #1856, ( #922 ) ) ;
#890 = ADVANCED_FACE ( 'NONE', ( #77 ), #298, .F. ) ;
#891 = ITEM_DEFINED_TRANSFORMATION ( 'NONE', 'NONE', #351,  #1340 ) ;
#892 = CARTESIAN_POINT ( 'NONE',  ( -6.241295400821143600E-018, 0.05499999999999982700, 3.388131789017201400E-017 ) ) ;
#893 = AXIS2_PLACEMENT_3D ( 'NONE', #58, #1733, #1294 ) ;
#894 = DATE_AND_TIME ( #1318, #1698 ) ;
#895 = ADVANCED_FACE ( 'NONE', ( #282 ), #499, .T. ) ;
#896 = EDGE_LOOP ( 'NONE', ( #1922, #1593, #184, #600 ) ) ;
#897 = ORIENTED_EDGE ( 'NONE', *, *, #557, .T. ) ;
#898 = FACE_OUTER_BOUND ( 'NONE', #1201, .T. ) ;
#899 = VECTOR ( 'NONE', #384, 1000.000000000000000 ) ;
#900 = ORIENTED_EDGE ( 'NONE', *, *, #963, .F. ) ;
#901 = CIRCLE ( 'NONE', #1085, 0.05000000000000012800 ) ;
#902 = VECTOR ( 'NONE', #78, 1000.000000000000000 ) ;
#903 = ADVANCED_FACE ( 'NONE', ( #1108 ), #1141, .T. ) ;
#904 = ORIENTED_EDGE ( 'NONE', *, *, #1479, .F. ) ;
#905 = DIRECTION ( 'NONE',  ( -1.000000000000000000, -0.0000000000000000000, -0.0000000000000000000 ) ) ;
#906 = CARTESIAN_POINT ( 'NONE',  ( 2.199999999999998800, -1.549999999999999800, 0.05000000000000012800 ) ) ;
#907 = DIRECTION ( 'NONE',  ( 1.000000000000000000, 6.776263578034400200E-017, -0.0000000000000000000 ) ) ;
#908 = ADVANCED_FACE ( 'NONE', ( #848 ), #1712, .T. ) ;
#909 = AXIS2_PLACEMENT_3D ( 'NONE', #489, #1895, #224 ) ;
#910 = EDGE_LOOP ( 'NONE', ( #919, #8, #883, #1509 ) ) ;
#911 = AXIS2_PLACEMENT_3D ( 'NONE', #10, #1090, #164 ) ;
#912 = COORDINATED_UNIVERSAL_TIME_OFFSET ( 9, 0, .AHEAD. ) ;
#913 = PERSON_AND_ORGANIZATION ( #15, #598 ) ;
#914 = VERTEX_POINT ( 'NONE', #1590 ) ;
#915 = DIRECTION ( 'NONE',  ( -3.491481338843133400E-015, 1.000000000000000000, 0.0000000000000000000 ) ) ;
#916 = VECTOR ( 'NONE', #533, 1000.000000000000000 ) ;
#917 = APPROVAL_ROLE ( '' ) ;
#918 = ADVANCED_FACE ( 'NONE', ( #422 ), #1774, .T. ) ;
#919 = ORIENTED_EDGE ( 'NONE', *, *, #33, .T. ) ;
#920 = FACE_OUTER_BOUND ( 'NONE', #1874, .T. ) ;
#921 = VECTOR ( 'NONE', #1936, 1000.000000000000000 ) ;
#922 = PRODUCT_DEFINITION ( 'UNKNOWN', '', #998, #1766 ) ;
#923 = CIRCLE ( 'NONE', #911, 0.004999999999999999200 ) ;
#924 = EDGE_CURVE ( 'NONE', #1434, #1954, #1307, .T. ) ;
#925 = EDGE_CURVE ( 'NONE', #1710, #1775, #1077, .T. ) ;
#926 = ORIENTED_EDGE ( 'NONE', *, *, #975, .T. ) ;
#927 = DIRECTION ( 'NONE',  ( 1.000000000000000000, 0.0000000000000000000, 0.0000000000000000000 ) ) ;
#928 = CYLINDRICAL_SURFACE ( 'NONE', #137, 0.05000000000000003100 ) ;
#929 = APPROVAL_ROLE ( '' ) ;
#930 = CARTESIAN_POINT ( 'NONE',  ( 0.6999999999999999600, 0.05499999999999986800, -0.005000000000000000100 ) ) ;
#931 = DIRECTION ( 'NONE',  ( 0.0000000000000000000, -3.491481338843134100E-015, -1.000000000000000000 ) ) ;
#932 = DIRECTION ( 'NONE',  ( 0.0000000000000000000, 0.0000000000000000000, 1.000000000000000000 ) ) ;
#933 = AXIS2_PLACEMENT_3D ( 'NONE', #100, #104, #1338 ) ;
#934 = VERTEX_POINT ( 'NONE', #731 ) ;
#935 = APPROVAL_DATE_TIME ( #1353, #1794 ) ;
#936 = PLANE ( 'NONE',  #1278 ) ;
#937 = DIRECTION ( 'NONE',  ( -1.000000000000000000, -1.445602896647339400E-016, 0.0000000000000000000 ) ) ;
#938 = CARTESIAN_POINT ( 'NONE',  ( 0.6949999999999999500, 0.004999999999999818800, -0.05499999999999982000 ) ) ;
#939 = PERSON_AND_ORGANIZATION ( #15, #598 ) ;
#940 = CARTESIAN_POINT ( 'NONE',  ( 0.6650000000000001500, -2.303929616531696900E-016, -0.05499999999999982000 ) ) ;
#941 = DATE_TIME_ROLE ( 'classification_date' ) ;
#942 = SPHERICAL_SURFACE ( 'NONE', #135, 0.05000000000000000300 ) ;
#943 = ORIENTED_EDGE ( 'NONE', *, *, #1913, .F. ) ;
#944 = CARTESIAN_POINT ( 'NONE',  ( -0.4950000000000001100, 0.05499999999999784900, -0.1049999999999998600 ) ) ;
#945 = DIRECTION ( 'NONE',  ( 0.0000000000000000000, -0.0000000000000000000, 1.000000000000000000 ) ) ;
#946 = CC_DESIGN_APPROVAL ( #855, ( #745 ) ) ;
#947 = ORIENTED_EDGE ( 'NONE', *, *, #1811, .F. ) ;
#948 = LINE ( 'NONE', #187, #402 ) ;
#949 = DIRECTION ( 'NONE',  ( 2.258754526011467700E-016, 3.501069515317774900E-015, 1.000000000000000000 ) ) ;
#950 = LINE ( 'NONE', #391, #138 ) ;
#951 = EDGE_LOOP ( 'NONE', ( #1868, #602, #982 ) ) ;
#952 = DATE_TIME_ROLE ( 'creation_date' ) ;
#953 = CARTESIAN_POINT ( 'NONE',  ( -2.250000000000000400, 1.600000000000000300, 0.05000000000000012800 ) ) ;
#954 = CARTESIAN_POINT ( 'NONE',  ( 2.199999999999999300, 1.550000000000000500, 0.05000000000000000300 ) ) ;
#955 = DIRECTION ( 'NONE',  ( -2.258754526011467700E-016, -3.501069515317774900E-015, -1.000000000000000000 ) ) ;
#956 = AXIS2_PLACEMENT_3D ( 'NONE', #585, #1514, #1951 ) ;
#957 = AXIS2_PLACEMENT_3D ( 'NONE', #1901, #1748, #1006 ) ;
#958 = EDGE_LOOP ( 'NONE', ( #1637, #1213, #1700, #1758 ) ) ;
#959 = CYLINDRICAL_SURFACE ( 'NONE', #1806, 0.05000000000000012800 ) ;
#960 = AXIS2_PLACEMENT_3D ( 'NONE', #74, #1309, #98 ) ;
#961 = DIRECTION ( 'NONE',  ( 1.000000000000000000, 3.499016102112311300E-015, 0.0000000000000000000 ) ) ;
#962 = SECURITY_CLASSIFICATION_LEVEL ( 'unclassified' ) ;
#963 = EDGE_CURVE ( 'NONE', #1106, #1954, #1495, .T. ) ;
#964 = CARTESIAN_POINT ( 'NONE',  ( 0.005000000000000028700, 9.249780680383480300E-032, -1.188818171584989400E-018 ) ) ;
#965 = CARTESIAN_POINT ( 'NONE',  ( 2.199999999999999300, 1.550000000000000500, 0.05000000000000000300 ) ) ;
#966 = ORIENTED_EDGE ( 'NONE', *, *, #1719, .T. ) ;
#967 = PLANE ( 'NONE',  #177 ) ;
#968 = SECURITY_CLASSIFICATION_LEVEL ( 'unclassified' ) ;
#969 = ORIENTED_EDGE ( 'NONE', *, *, #1903, .T. ) ;
#970 = SECURITY_CLASSIFICATION ( '', '', #174 ) ;
#971 = CARTESIAN_POINT ( 'NONE',  ( 0.004999999999999841400, 0.04999999999999977400, -0.05499999999999995900 ) ) ;
#972 = DATE_AND_TIME ( #1372, #1777 ) ;
#973 = DIRECTION ( 'NONE',  ( -1.000000000000000000, -9.035018104045878800E-016, 0.0000000000000000000 ) ) ;
#974 = EDGE_CURVE ( 'NONE', #1266, #1896, #601, .T. ) ;
#975 = EDGE_CURVE ( 'NONE', #1434, #1584, #583, .T. ) ;
#976 = COORDINATED_UNIVERSAL_TIME_OFFSET ( 9, 0, .AHEAD. ) ;
#977 = ORIENTED_EDGE ( 'NONE', *, *, #146, .F. ) ;
#978 = CARTESIAN_POINT ( 'NONE',  ( -2.199999999999999700, -1.599999999999999900, 0.05000000000000012800 ) ) ;
#979 = APPLICATION_PROTOCOL_DEFINITION ( 'international standard', 'config_control_design', 1994, #389 ) ;
#980 = CARTESIAN_POINT ( 'NONE',  ( -2.200000000000000200, 1.550000000000000500, 0.05000000000000000300 ) ) ;
#981 = DIRECTION ( 'NONE',  ( 0.0000000000000000000, -1.000000000000000000, 0.0000000000000000000 ) ) ;
#982 = ORIENTED_EDGE ( 'NONE', *, *, #129, .F. ) ;
#983 = FACE_OUTER_BOUND ( 'NONE', #1946, .T. ) ;
#984 = ORIENTED_EDGE ( 'NONE', *, *, #771, .T. ) ;
#985 = SECURITY_CLASSIFICATION ( '', '', #1552 ) ;
#986 = DIRECTION ( 'NONE',  ( 3.167703709432930200E-030, 8.470329472543002400E-016, -1.000000000000000000 ) ) ;
#987 = DIRECTION ( 'NONE',  ( -1.000000000000000000, 0.0000000000000000000, -0.0000000000000000000 ) ) ;
#988 = VECTOR ( 'NONE', #1240, 1000.000000000000000 ) ;
#989 = ORIENTED_EDGE ( 'NONE', *, *, #1620, .F. ) ;
#990 = LINE ( 'NONE', #37, #213 ) ;
#991 = DIRECTION ( 'NONE',  ( -0.0000000000000000000, 3.491481338843134100E-015, 1.000000000000000000 ) ) ;
#992 = CARTESIAN_POINT ( 'NONE',  ( 0.0000000000000000000, 0.0000000000000000000, 2.799999999999999800 ) ) ;
#993 = DIRECTION ( 'NONE',  ( -2.775557561562890900E-016, 1.000000000000000000, -2.775557561562890700E-017 ) ) ;
#994 = EDGE_LOOP ( 'NONE', ( #343, #1345, #636, #575 ) ) ;
#995 = CARTESIAN_POINT ( 'NONE',  ( 0.03499999999999976700, -1.744887871343858700E-016, -0.05499999999999980600 ) ) ;
#996 = DATE_AND_TIME ( #1394, #1796 ) ;
#997 = CARTESIAN_POINT ( 'NONE',  ( 0.004999999999999841400, 0.04999999999999822600, -0.5050000000000002300 ) ) ;
#998 = PRODUCT_DEFINITION_FORMATION_WITH_SPECIFIED_SOURCE ( 'ANY', '', #1926, .NOT_KNOWN. ) ;
#999 = CARTESIAN_POINT ( 'NONE',  ( -2.168404344971008900E-016, 1.500000000000000000, -0.005000000000000000100 ) ) ;
#1000 = EDGE_LOOP ( 'NONE', ( #225, #1242, #430, #623 ) ) ;
#1001 = DIRECTION ( 'NONE',  ( -1.000000000000000000, 0.0000000000000000000, 0.0000000000000000000 ) ) ;
#1002 = DIRECTION ( 'NONE',  ( 0.0000000000000000000, 0.0000000000000000000, 1.000000000000000000 ) ) ;
#1003 = COORDINATED_UNIVERSAL_TIME_OFFSET ( 9, 0, .AHEAD. ) ;
#1004 = PERSON_AND_ORGANIZATION ( #15, #598 ) ;
#1005 = CARTESIAN_POINT ( 'NONE',  ( 0.03499999999999989200, -1.626303258728256700E-016, -0.05499999999999980600 ) ) ;
#1006 = DIRECTION ( 'NONE',  ( 0.0000000000000000000, 0.0000000000000000000, -1.000000000000000000 ) ) ;
#1007 = ORIENTED_EDGE ( 'NONE', *, *, #1744, .F. ) ;
#1008 = FACE_OUTER_BOUND ( 'NONE', #468, .T. ) ;
#1009 = DIRECTION ( 'NONE',  ( 2.377636343169963200E-016, 3.508598697071146500E-015, 1.000000000000000000 ) ) ;
#1010 = APPROVAL_STATUS ( 'not_yet_approved' ) ;
#1011 = ORIENTED_EDGE ( 'NONE', *, *, #1173, .F. ) ;
#1012 = LINE ( 'NONE', #1743, #916 ) ;
#1013 = DIRECTION ( 'NONE',  ( 1.000000000000000000, -0.0000000000000000000, -0.0000000000000000000 ) ) ;
#1014 = DIRECTION ( 'NONE',  ( 0.0000000000000000000, 0.0000000000000000000, -1.000000000000000000 ) ) ;
#1015 = CIRCLE ( 'NONE', #1366, 0.004999999999999999200 ) ;
#1016 = ORIENTED_EDGE ( 'NONE', *, *, #974, .F. ) ;
#1017 = DATE_TIME_ROLE ( 'classification_date' ) ;
#1018 = FACE_OUTER_BOUND ( 'NONE', #672, .T. ) ;
#1019 = EDGE_LOOP ( 'NONE', ( #1900, #1480, #1455, #1736 ) ) ;
#1020 = PRODUCT_DEFINITION_SHAPE ( 'NONE', 'NONE',  #227 ) ;
#1021 = DIRECTION ( 'NONE',  ( 0.0000000000000000000, 1.000000000000000000, -3.391901413832836800E-015 ) ) ;
#1022 = DIRECTION ( 'NONE',  ( 0.0000000000000000000, 0.0000000000000000000, -1.000000000000000000 ) ) ;
#1023 = CARTESIAN_POINT ( 'NONE',  ( 0.03499999999999988500, 0.004999999999999837000, -0.05499999999999982700 ) ) ;
#1024 = EDGE_LOOP ( 'NONE', ( #943, #873, #386, #897 ) ) ;
#1025 = PERSON_AND_ORGANIZATION ( #15, #598 ) ;
#1026 = DIRECTION ( 'NONE',  ( 0.0000000000000000000, 1.000000000000000000, 0.0000000000000000000 ) ) ;
#1027 = SHAPE_DEFINITION_REPRESENTATION ( #1020, #65 ) ;
#1028 = ORIENTED_EDGE ( 'NONE', *, *, #418, .F. ) ;
#1029 = CARTESIAN_POINT ( 'NONE',  ( 0.6650000000000001500, 0.004999999999999769400, -0.5049999999999998900 ) ) ;
#1030 = CARTESIAN_POINT ( 'NONE',  ( -2.250000000000000400, 1.600000000000000300, 0.05000000000000012800 ) ) ;
#1031 = AXIS2_PLACEMENT_3D ( 'NONE', #367, #1436, #59 ) ;
#1032 = AXIS2_PLACEMENT_3D ( 'NONE', #1721, #1524, #467 ) ;
#1033 = LINE ( 'NONE', #1507, #38 ) ;
#1034 = CARTESIAN_POINT ( 'NONE',  ( 0.6949999999999999500, -1.897353801849632400E-015, 1.142841729966112200E-031 ) ) ;
#1035 = VECTOR ( 'NONE', #1535, 1000.000000000000000 ) ;
#1036 = CIRCLE ( 'NONE', #425, 0.04999999999999999600 ) ;
#1037 = CIRCLE ( 'NONE', #290, 0.05500000000000002800 ) ;
#1038 = ORIENTED_EDGE ( 'NONE', *, *, #241, .F. ) ;
#1039 = LINE ( 'NONE', #1728, #19 ) ;
#1040 = CARTESIAN_POINT ( 'NONE',  ( -0.5450000000000002600, 0.05499999999999630200, -0.5050000000000000000 ) ) ;
#1041 = EDGE_CURVE ( 'NONE', #1747, #1468, #539, .T. ) ;
#1042 = EDGE_CURVE ( 'NONE', #577, #764, #786, .T. ) ;
#1043 = ORIENTED_EDGE ( 'NONE', *, *, #1064, .F. ) ;
#1044 = DIRECTION ( 'NONE',  ( -6.776263578034400200E-017, 1.000000000000000000, 0.0000000000000000000 ) ) ;
#1045 = COORDINATED_UNIVERSAL_TIME_OFFSET ( 9, 0, .AHEAD. ) ;
#1046 = EDGE_LOOP ( 'NONE', ( #17, #1753, #1229, #495, #1731 ) ) ;
#1047 = AXIS2_PLACEMENT_3D ( 'NONE', #5, #779, #1678 ) ;
#1048 = CARTESIAN_POINT ( 'NONE',  ( 0.03499999999999974000, -1.763198076115782300E-015, -0.5049999999999998900 ) ) ;
#1049 = VERTEX_POINT ( 'NONE', #705 ) ;
#1050 = LINE ( 'NONE', #938, #1653 ) ;
#1051 = ADVANCED_FACE ( 'NONE', ( #1018 ), #120, .T. ) ;
#1052 = VECTOR ( 'NONE', #283, 1000.000000000000000 ) ;
#1053 = EDGE_LOOP ( 'NONE', ( #287, #1528, #60 ) ) ;
#1054 = CARTESIAN_POINT ( 'NONE',  ( -2.250000000000000000, -1.550000000000000000, 2.750000000000000000 ) ) ;
#1055 = CC_DESIGN_PERSON_AND_ORGANIZATION_ASSIGNMENT ( #149, #1416, ( #745 ) ) ;
#1056 = VECTOR ( 'NONE', #1697, 1000.000000000000000 ) ;
#1057 = UNCERTAINTY_MEASURE_WITH_UNIT (LENGTH_MEASURE( 1.000000000000000100E-005 ), #1452, 'distance_accuracy_value', 'NONE');
#1058 = ADVANCED_FACE ( 'NONE', ( #1110 ), #504, .T. ) ;
#1059 = CARTESIAN_POINT ( 'NONE',  ( 0.0000000000000000000, -1.550000000000000000, 2.750000000000000000 ) ) ;
#1060 = AXIS2_PLACEMENT_3D ( 'NONE', #400, #1800, #226 ) ;
#1061 = AXIS2_PLACEMENT_3D ( 'NONE', #1763, #1423, #631 ) ;
#1062 = AXIS2_PLACEMENT_3D ( 'NONE', #1628, #722, #261 ) ;
#1063 = ORIENTED_EDGE ( 'NONE', *, *, #249, .F. ) ;
#1064 = EDGE_CURVE ( 'NONE', #1158, #1824, #185, .T. ) ;
#1065 = DIRECTION ( 'NONE',  ( 3.499016102112311300E-015, -1.000000000000000000, 3.433306879537429300E-015 ) ) ;
#1066 = PERSON_AND_ORGANIZATION ( #15, #598 ) ;
#1067 = ORIENTED_EDGE ( 'NONE', *, *, #618, .F. ) ;
#1068 = ADVANCED_FACE ( 'NONE', ( #475 ), #1752, .T. ) ;
#1069 = VERTEX_POINT ( 'NONE', #930 ) ;
#1070 = CC_DESIGN_PERSON_AND_ORGANIZATION_ASSIGNMENT ( #197, #1751, ( #321 ) ) ;
#1071 = PLANE ( 'NONE',  #1544 ) ;
#1072 = EDGE_LOOP ( 'NONE', ( #105, #322, #466, #363 ) ) ;
#1073 = LINE ( 'NONE', #1846, #673 ) ;
#1074 = VECTOR ( 'NONE', #1371, 1000.000000000000000 ) ;
#1075 = EDGE_CURVE ( 'NONE', #34, #885, #1166, .T. ) ;
#1076 = VECTOR ( 'NONE', #61, 1000.000000000000000 ) ;
#1077 = LINE ( 'NONE', #562, #662 ) ;
#1078 = VERTEX_POINT ( 'NONE', #719 ) ;
#1079 = DIRECTION ( 'NONE',  ( 1.000000000000000000, 6.776263578034400200E-017, -0.0000000000000000000 ) ) ;
#1080 = ADVANCED_FACE ( 'NONE', ( #713 ), #942, .T. ) ;
#1081 = CARTESIAN_POINT ( 'NONE',  ( -2.250000000000000000, -1.550000000000000000, 0.05000000000000012800 ) ) ;
#1082 = CC_DESIGN_SECURITY_CLASSIFICATION ( #985, ( #1972 ) ) ;
#1083 = APPROVAL_ROLE ( '' ) ;
#1084 = ORIENTED_EDGE ( 'NONE', *, *, #758, .F. ) ;
#1085 = AXIS2_PLACEMENT_3D ( 'NONE', #63, #981, #1876 ) ;
#1086 = DIRECTION ( 'NONE',  ( 1.445602896647339400E-016, -1.000000000000000000, 0.0000000000000000000 ) ) ;
#1087 = DIRECTION ( 'NONE',  ( -1.000000000000000000, -9.680376540049151500E-016, 0.0000000000000000000 ) ) ;
#1088 = ORGANIZATION ( 'NAUO-ORG3', 'UNSPECIFIED', 'UNSPECIFIED' ) ;
#1089 = EDGE_LOOP ( 'NONE', ( #1505, #1016, #759, #1337 ) ) ;
#1090 = DIRECTION ( 'NONE',  ( 0.0000000000000000000, -3.491481338843134100E-015, -1.000000000000000000 ) ) ;
#1091 = SECURITY_CLASSIFICATION_LEVEL ( 'unclassified' ) ;
#1092 = PERSON_AND_ORGANIZATION ( #560, #1486 ) ;
#1093 = DIRECTION ( 'NONE',  ( -1.000000000000000000, -3.499016102112309300E-015, 3.942553354492743000E-016 ) ) ;
#1094 = DATE_AND_TIME ( #1487, #1891 ) ;
#1095 = CARTESIAN_POINT ( 'NONE',  ( -2.199999999999999700, -1.550000000000000000, 0.0000000000000000000 ) ) ;
#1096 = CARTESIAN_POINT ( 'NONE',  ( -2.199999999999999700, -1.550000000000000000, 0.05000000000000000300 ) ) ;
#1097 = APPROVAL ( #1260, 'UNSPECIFIED' ) ;
#1098 = EDGE_LOOP ( 'NONE', ( #371, #839, #1297, #330 ) ) ;
#1099 = CARTESIAN_POINT ( 'NONE',  ( 0.7000000000000000700, 0.03499999999999964300, -0.05499999999999980600 ) ) ;
#1100 = APPROVAL_STATUS ( 'not_yet_approved' ) ;
#1101 = ORIENTED_EDGE ( 'NONE', *, *, #1925, .F. ) ;
#1102 = LINE ( 'NONE', #234, #921 ) ;
#1103 = LINE ( 'NONE', #768, #136 ) ;
#1104 = CARTESIAN_POINT ( 'NONE',  ( -2.168404344971008900E-016, 1.500000000000000000, 0.0000000000000000000 ) ) ;
#1105 = FACE_OUTER_BOUND ( 'NONE', #910, .T. ) ;
#1106 = VERTEX_POINT ( 'NONE', #1324 ) ;
#1107 = AXIS2_PLACEMENT_3D ( 'NONE', #1440, #203, #366 ) ;
#1108 = FACE_OUTER_BOUND ( 'NONE', #1656, .T. ) ;
#1109 = APPROVAL_STATUS ( 'not_yet_approved' ) ;
#1110 = FACE_OUTER_BOUND ( 'NONE', #1917, .T. ) ;
#1111 = DIRECTION ( 'NONE',  ( -1.000000000000000000, 0.0000000000000000000, 0.0000000000000000000 ) ) ;
#1112 = DIRECTION ( 'NONE',  ( 1.000000000000000000, 4.336808689942006700E-015, 0.0000000000000000000 ) ) ;
#1113 = PERSON_AND_ORGANIZATION_ROLE ( 'classification_officer' ) ;
#1114 = CARTESIAN_POINT ( 'NONE',  ( 0.7000000000000000700, 0.03499999999999964300, -0.05499999999999982000 ) ) ;
#1115 = DIRECTION ( 'NONE',  ( 1.000000000000000000, 6.776263578034400200E-017, -0.0000000000000000000 ) ) ;
#1116 = ORIENTED_EDGE ( 'NONE', *, *, #541, .T. ) ;
#1117 = CARTESIAN_POINT ( 'NONE',  ( 0.0000000000000000000, -1.550000000000000000, 0.0000000000000000000 ) ) ;
#1118 = COORDINATED_UNIVERSAL_TIME_OFFSET ( 9, 0, .AHEAD. ) ;
#1119 = CARTESIAN_POINT ( 'NONE',  ( 0.6999999999999999600, -1.744887871343858700E-016, -0.05499999999999980600 ) ) ;
#1120 = APPROVAL_ROLE ( '' ) ;
#1121 = ORIENTED_EDGE ( 'NONE', *, *, #169, .F. ) ;
#1122 = CARTESIAN_POINT ( 'NONE',  ( -2.134523027080836900E-016, 0.04999999999999975300, -0.05499999999999998600 ) ) ;
#1123 = ORIENTED_EDGE ( 'NONE', *, *, #877, .T. ) ;
#1124 = DIRECTION ( 'NONE',  ( 1.000000000000000000, 0.0000000000000000000, 0.0000000000000000000 ) ) ;
#1125 = FACE_OUTER_BOUND ( 'NONE', #1564, .T. ) ;
#1126 = VERTEX_POINT ( 'NONE', #250 ) ;
#1127 = LINE ( 'NONE', #1252, #1869 ) ;
#1128 = ORIENTED_EDGE ( 'NONE', *, *, #1969, .F. ) ;
#1129 = DATE_TIME_ROLE ( 'classification_date' ) ;
#1130 = CYLINDRICAL_SURFACE ( 'NONE', #1772, 0.05500000000000002800 ) ;
#1131 = CARTESIAN_POINT ( 'NONE',  ( 0.6650000000000001500, 0.03499999999999974000, -0.05499999999999982000 ) ) ;
#1132 = AXIS2_PLACEMENT_3D ( 'NONE', #1150, #838, #987 ) ;
#1133 = CARTESIAN_POINT ( 'NONE',  ( 0.6950000000000000600, 0.03499999999999965600, -0.05499999999999980600 ) ) ;
#1134 = ORIENTED_EDGE ( 'NONE', *, *, #145, .T. ) ;
#1135 = COORDINATED_UNIVERSAL_TIME_OFFSET ( 9, 0, .AHEAD. ) ;
#1136 = DIRECTION ( 'NONE',  ( 0.0000000000000000000, 0.0000000000000000000, 1.000000000000000000 ) ) ;
#1137 = LOCAL_TIME ( 8, 55, 42.00000000000000000, #1526 ) ;
#1138 = EDGE_CURVE ( 'NONE', #202, #1126, #383, .T. ) ;
#1139 = PERSON_AND_ORGANIZATION ( #15, #598 ) ;
#1140 = ORIENTED_EDGE ( 'NONE', *, *, #1694, .T. ) ;
#1141 = PLANE ( 'NONE',  #865 ) ;
#1142 = CARTESIAN_POINT ( 'NONE',  ( 1.942047137313906300, 1.353248897951673200, 5.904999999999999400 ) ) ;
#1143 = VERTEX_POINT ( 'NONE', #1893 ) ;
#1144 = AXIS2_PLACEMENT_3D ( 'NONE', #603, #1448, #378 ) ;
#1145 = DIRECTION ( 'NONE',  ( 0.0000000000000000000, -1.000000000000000000, -9.733178593903954700E-015 ) ) ;
#1146 = ORIENTED_EDGE ( 'NONE', *, *, #332, .F. ) ;
#1147 = LINE ( 'NONE', #1133, #1638 ) ;
#1148 = CIRCLE ( 'NONE', #1154, 0.05000000000000012800 ) ;
#1149 = DIRECTION ( 'NONE',  ( 1.000000000000000000, 0.0000000000000000000, 0.0000000000000000000 ) ) ;
#1150 = CARTESIAN_POINT ( 'NONE',  ( 0.0000000000000000000, 0.0000000000000000000, 0.0000000000000000000 ) ) ;
#1151 = VECTOR ( 'NONE', #1594, 1000.000000000000000 ) ;
#1152 = ORIENTED_EDGE ( 'NONE', *, *, #520, .T. ) ;
#1153 = ORIENTED_EDGE ( 'NONE', *, *, #1188, .T. ) ;
#1154 = AXIS2_PLACEMENT_3D ( 'NONE', #458, #1376, #296 ) ;
#1155 = FACE_OUTER_BOUND ( 'NONE', #1072, .T. ) ;
#1156 = DIRECTION ( 'NONE',  ( 0.0000000000000000000, 0.0000000000000000000, 1.000000000000000000 ) ) ;
#1157 = APPLICATION_CONTEXT ( 'configuration controlled 3d designs of mechanical parts and assemblies' ) ;
#1158 = VERTEX_POINT ( 'NONE', #1398 ) ;
#1159 = APPROVAL_PERSON_ORGANIZATION ( #1545, #428, #1684 ) ;
#1160 = DIRECTION ( 'NONE',  ( 1.000000000000000000, 0.0000000000000000000, 0.0000000000000000000 ) ) ;
#1161 = CC_DESIGN_PERSON_AND_ORGANIZATION_ASSIGNMENT ( #1729, #165, ( #745 ) ) ;
#1162 = DIRECTION ( 'NONE',  ( -0.0000000000000000000, -1.000000000000000000, -0.0000000000000000000 ) ) ;
#1163 = VERTEX_POINT ( 'NONE', #96 ) ;
#1164 = DATE_AND_TIME ( #1551, #1955 ) ;
#1165 = DIRECTION ( 'NONE',  ( 0.0000000000000000000, 1.000000000000000000, -3.491481338843133700E-015 ) ) ;
#1166 = LINE ( 'NONE', #997, #1357 ) ;
#1167 = DIRECTION ( 'NONE',  ( -0.0000000000000000000, -0.0000000000000000000, -1.000000000000000000 ) ) ;
#1168 = AXIS2_PLACEMENT_3D ( 'NONE', #243, #1331, #1203 ) ;
#1169 = AXIS2_PLACEMENT_3D ( 'NONE', #1756, #808, #329 ) ;
#1170 = ORIENTED_EDGE ( 'NONE', *, *, #1641, .T. ) ;
#1171 = AXIS2_PLACEMENT_3D ( 'NONE', #1927, #1026, #103 ) ;
#1172 = DIRECTION ( 'NONE',  ( -1.000000000000000000, 0.0000000000000000000, 0.0000000000000000000 ) ) ;
#1173 = EDGE_CURVE ( 'NONE', #1770, #717, #382, .T. ) ;
#1174 = CIRCLE ( 'NONE', #1645, 0.05500000000000002800 ) ;
#1175 = CARTESIAN_POINT ( 'NONE',  ( 0.004999999999999841400, 0.04999999999999977400, -0.05499999999999998600 ) ) ;
#1176 = PLANE ( 'NONE',  #750 ) ;
#1177 = ORIENTED_EDGE ( 'NONE', *, *, #1291, .T. ) ;
#1178 = CIRCLE ( 'NONE', #192, 0.05000000000000012800 ) ;
#1179 = ORIENTED_EDGE ( 'NONE', *, *, #21, .F. ) ;
#1180 = VECTOR ( 'NONE', #1409, 1000.000000000000000 ) ;
#1181 = CARTESIAN_POINT ( 'NONE',  ( 2.199999999999999300, 1.600000000000000300, 2.799999999999999800 ) ) ;
#1182 = SPHERICAL_SURFACE ( 'NONE', #1557, 0.05000000000000000300 ) ;
#1183 = PRODUCT_DEFINITION ( 'UNKNOWN', '', #1668, #399 ) ;
#1184 = VERTEX_POINT ( 'NONE', #1464 ) ;
#1185 = VECTOR ( 'NONE', #1009, 1000.000000000000000 ) ;
#1186 = CARTESIAN_POINT ( 'NONE',  ( 0.6650000000000001500, 0.03499999999999974000, -0.5049999999999998900 ) ) ;
#1187 = EDGE_CURVE ( 'NONE', #1239, #73, #573, .T. ) ;
#1188 = EDGE_CURVE ( 'NONE', #643, #11, #69, .T. ) ;
#1189 = PLANE ( 'NONE',  #1412 ) ;
#1190 = ORIENTED_EDGE ( 'NONE', *, *, #273, .T. ) ;
#1191 = ORIENTED_EDGE ( 'NONE', *, *, #652, .F. ) ;
#1192 = APPROVAL ( #1566, 'UNKNOWN' ) ;
#1193 = COORDINATED_UNIVERSAL_TIME_OFFSET ( 9, 0, .AHEAD. ) ;
#1194 = PERSON_AND_ORGANIZATION ( #15, #598 ) ;
#1195 = AXIS2_PLACEMENT_3D ( 'NONE', #215, #991, #1885 ) ;
#1196 = ORIENTED_EDGE ( 'NONE', *, *, #1417, .T. ) ;
#1197 = ORIENTED_EDGE ( 'NONE', *, *, #1529, .F. ) ;
#1198 = ORIENTED_EDGE ( 'NONE', *, *, #1417, .F. ) ;
#1199 = SHAPE_REPRESENTATION_RELATIONSHIP ( 'NONE' , 'NONE' ,  #65, #131 ) ;
#1200 = VECTOR ( 'NONE', #1427, 1000.000000000000000 ) ;
#1201 = EDGE_LOOP ( 'NONE', ( #524, #1961, #1406, #1795 ) ) ;
#1202 = CC_DESIGN_APPROVAL ( #1097, ( #998 ) ) ;
#1203 = DIRECTION ( 'NONE',  ( 1.000000000000000000, -3.491481338843133700E-015, 0.0000000000000000000 ) ) ;
#1204 = FACE_OUTER_BOUND ( 'NONE', #896, .T. ) ;
#1205 = ADVANCED_FACE ( 'NONE', ( #324 ), #1790, .T. ) ;
#1206 = CARTESIAN_POINT ( 'NONE',  ( 2.249999999999999100, -1.549999999999999800, 0.05000000000000012800 ) ) ;
#1207 = CARTESIAN_POINT ( 'NONE',  ( -0.4950000000000001100, 0.04999999999999802500, -0.05499999999999993800 ) ) ;
#1208 = MANIFOLD_SOLID_BREP ( 'ﾌｨﾚｯﾄ1', #707 ) ;
#1209 = AXIS2_PLACEMENT_3D ( 'NONE', #181, #1420, #340 ) ;
#1210 = CLOSED_SHELL ( 'NONE', ( #590, #1802, #1664, #162, #133, #1814, #1503, #1968, #918, #434, #454, #443, #1361, #772, #281, #1216, #1489, #1516, #1498, #1369, #463, #740, #1391, #895, #1058, #1235, #1646, #890, #291, #582, #150, #747, #1677, #143 ) ) ;
#1211 = CALENDAR_DATE ( 2018, 29, 6 ) ;
#1212 = EDGE_CURVE ( 'NONE', #764, #1049, #1807, .T. ) ;
#1213 = ORIENTED_EDGE ( 'NONE', *, *, #1670, .F. ) ;
#1214 = DIRECTION ( 'NONE',  ( -1.445602896647339200E-016, 1.000000000000000000, 0.0000000000000000000 ) ) ;
#1215 = PERSON_AND_ORGANIZATION ( #15, #598 ) ;
#1216 = ADVANCED_FACE ( 'NONE', ( #1008 ), #820, .T. ) ;
#1217 = ORIENTED_EDGE ( 'NONE', *, *, #210, .T. ) ;
#1218 = ORIENTED_EDGE ( 'NONE', *, *, #456, .F. ) ;
#1219 = FACE_OUTER_BOUND ( 'NONE', #1429, .T. ) ;
#1220 = ORIENTED_EDGE ( 'NONE', *, *, #241, .T. ) ;
#1221 = CIRCLE ( 'NONE', #1769, 0.03500000000000000300 ) ;
#1222 = ORIENTED_EDGE ( 'NONE', *, *, #729, .T. ) ;
#1223 = FACE_OUTER_BOUND ( 'NONE', #958, .T. ) ;
#1224 = PLANE ( 'NONE',  #1755 ) ;
#1225 = VECTOR ( 'NONE', #833, 1000.000000000000000 ) ;
#1226 = ADVANCED_FACE ( 'NONE', ( #1534 ), #498, .T. ) ;
#1227 = DIRECTION ( 'NONE',  ( 0.0000000000000000000, 6.023345402697245500E-017, 1.000000000000000000 ) ) ;
#1228 = DIRECTION ( 'NONE',  ( -1.000000000000000000, 0.0000000000000000000, 0.0000000000000000000 ) ) ;
#1229 = ORIENTED_EDGE ( 'NONE', *, *, #1245, .T. ) ;
#1230 = LINE ( 'NONE', #423, #1949 ) ;
#1231 = CARTESIAN_POINT ( 'NONE',  ( 2.199999999999998800, 1.600000000000000300, 0.05000000000000012800 ) ) ;
#1232 =( GEOMETRIC_REPRESENTATION_CONTEXT ( 3 ) GLOBAL_UNCERTAINTY_ASSIGNED_CONTEXT ( ( #483 ) ) GLOBAL_UNIT_ASSIGNED_CONTEXT ( ( #1288, #361, #1571 ) ) REPRESENTATION_CONTEXT ( 'NONE', 'WORKASPACE' ) );
#1233 =( GEOMETRIC_REPRESENTATION_CONTEXT ( 3 ) GLOBAL_UNCERTAINTY_ASSIGNED_CONTEXT ( ( #1757 ) ) GLOBAL_UNIT_ASSIGNED_CONTEXT ( ( #682, #1577, #513 ) ) REPRESENTATION_CONTEXT ( 'NONE', 'WORKASPACE' ) );
#1234 = PERSON_AND_ORGANIZATION ( #410, #1629 ) ;
#1235 = ADVANCED_FACE ( 'NONE', ( #552 ), #936, .F. ) ;
#1236 = CARTESIAN_POINT ( 'NONE',  ( 0.004999999999999884700, 0.03499999999999974000, -0.05499999999999992400 ) ) ;
#1237 = DATE_AND_TIME ( #1632, #62 ) ;
#1238 = CALENDAR_DATE ( 2018, 29, 6 ) ;
#1239 = VERTEX_POINT ( 'NONE', #663 ) ;
#1240 = DIRECTION ( 'NONE',  ( 1.000000000000000000, -2.710505431213760300E-015, 8.718163054831509700E-031 ) ) ;
#1241 = APPROVAL_STATUS ( 'not_yet_approved' ) ;
#1242 = ORIENTED_EDGE ( 'NONE', *, *, #1877, .F. ) ;
#1243 = CARTESIAN_POINT ( 'NONE',  ( 0.6650000000000001500, 0.03499999999999974000, -0.05499999999999982000 ) ) ;
#1244 = VERTEX_POINT ( 'NONE', #1114 ) ;
#1245 = EDGE_CURVE ( 'NONE', #717, #914, #1644, .T. ) ;
#1246 = PLANE ( 'NONE',  #236 ) ;
#1247 = LINE ( 'NONE', #1841, #1200 ) ;
#1248 = ORIENTED_EDGE ( 'NONE', *, *, #1676, .F. ) ;
#1249 = PERSON_AND_ORGANIZATION_ROLE ( 'classification_officer' ) ;
#1250 = CARTESIAN_POINT ( 'NONE',  ( 2.249999999999999600, 1.600000000000000300, 0.05000000000000012800 ) ) ;
#1251 = ORIENTED_EDGE ( 'NONE', *, *, #551, .T. ) ;
#1252 = CARTESIAN_POINT ( 'NONE',  ( -2.199999999999999700, -2.981555974335136700E-016, 0.0000000000000000000 ) ) ;
#1253 = CARTESIAN_POINT ( 'NONE',  ( -3.184843881676169300E-016, -1.763198076115782300E-015, -0.5049999999999998900 ) ) ;
#1254 = CARTESIAN_POINT ( 'NONE',  ( 0.6999999999999999600, 0.004999999999999825800, -0.05499999999999982700 ) ) ;
#1255 = DIRECTION ( 'NONE',  ( 0.0000000000000000000, 0.0000000000000000000, 1.000000000000000000 ) ) ;
#1256 = AXIS2_PLACEMENT_3D ( 'NONE', #614, #1079, #1044 ) ;
#1257 = CARTESIAN_POINT ( 'NONE',  ( 0.6999999999999999600, -1.761828530288944700E-016, -0.05499999999999979900 ) ) ;
#1258 = LOCAL_TIME ( 8, 55, 42.00000000000000000, #1643 ) ;
#1259 = PLANE ( 'NONE',  #825 ) ;
#1260 = APPROVAL_STATUS ( 'not_yet_approved' ) ;
#1261 = CARTESIAN_POINT ( 'NONE',  ( -2.250000000000000400, 1.550000000000000500, 2.799999999999999800 ) ) ;
#1262 = PERSON_AND_ORGANIZATION ( #15, #598 ) ;
#1263 = CARTESIAN_POINT ( 'NONE',  ( -2.200000000000000200, 1.550000000000000500, 2.799999999999999800 ) ) ;
#1264 = DIRECTION ( 'NONE',  ( -0.0000000000000000000, -1.000000000000000000, 3.391901413832837600E-015 ) ) ;
#1265 = SECURITY_CLASSIFICATION ( '', '', #1405 ) ;
#1266 = VERTEX_POINT ( 'NONE', #318 ) ;
#1267 = CARTESIAN_POINT ( 'NONE',  ( -2.200000000000000200, 1.600000000000000300, 0.05000000000000012800 ) ) ;
#1268 = DIRECTION ( 'NONE',  ( -1.000000000000000000, 0.0000000000000000000, 0.0000000000000000000 ) ) ;
#1269 = ORIENTED_EDGE ( 'NONE', *, *, #559, .T. ) ;
#1270 = FACE_OUTER_BOUND ( 'NONE', #1360, .T. ) ;
#1271 = PRODUCT_DEFINITION_SHAPE ( 'NONE', 'NONE',  #1183 ) ;
#1272 = CARTESIAN_POINT ( 'NONE',  ( 2.249999999999999100, -1.599999999999999900, 2.750000000000000000 ) ) ;
#1273 = DIRECTION ( 'NONE',  ( -2.103039807092401000E-031, 5.700300819182691900E-046, 1.000000000000000000 ) ) ;
#1274 = LINE ( 'NONE', #481, #1655 ) ;
#1275 = ORIENTED_EDGE ( 'NONE', *, *, #1832, .T. ) ;
#1276 = FACE_OUTER_BOUND ( 'NONE', #355, .T. ) ;
#1277 = AXIS2_PLACEMENT_3D ( 'NONE', #81, #592, #267 ) ;
#1278 = AXIS2_PLACEMENT_3D ( 'NONE', #558, #369, #1461 ) ;
#1279 = DIRECTION ( 'NONE',  ( -2.377636343169965600E-016, -3.433306879537430800E-015, -1.000000000000000000 ) ) ;
#1280 = AXIS2_PLACEMENT_3D ( 'NONE', #1854, #1621, #1156 ) ;
#1281 = VECTOR ( 'NONE', #1706, 1000.000000000000000 ) ;
#1282 = ORIENTED_EDGE ( 'NONE', *, *, #1314, .F. ) ;
#1283 = EDGE_CURVE ( 'NONE', #1069, #1775, #1657, .T. ) ;
#1284 = VECTOR ( 'NONE', #1870, 1000.000000000000000 ) ;
#1285 = DIRECTION ( 'NONE',  ( 1.000000000000000000, 3.523657060577887800E-015, 0.0000000000000000000 ) ) ;
#1286 = CARTESIAN_POINT ( 'NONE',  ( 0.0000000000000000000, 0.0000000000000000000, -0.005000000000000000100 ) ) ;
#1287 = DIRECTION ( 'NONE',  ( 2.258754526011467700E-016, 3.501069515317774900E-015, 1.000000000000000000 ) ) ;
#1288 =( LENGTH_UNIT ( ) NAMED_UNIT ( * ) SI_UNIT ( .MILLI., .METRE. ) );
#1289 = APPROVAL ( #1010, 'UNSPECIFIED' ) ;
#1290 = DIRECTION ( 'NONE',  ( -1.000000000000000000, 3.491481338843134100E-015, -2.103039807092401000E-031 ) ) ;
#1291 = EDGE_CURVE ( 'NONE', #1584, #4, #97, .T. ) ;
#1292 = ORIENTED_EDGE ( 'NONE', *, *, #113, .F. ) ;
#1293 = EDGE_CURVE ( 'NONE', #76, #73, #870, .T. ) ;
#1294 = DIRECTION ( 'NONE',  ( 1.000000000000000000, 0.0000000000000000000, 0.0000000000000000000 ) ) ;
#1295 = PERSON_AND_ORGANIZATION ( #15, #598 ) ;
#1296 = DATE_AND_TIME ( #1672, #109 ) ;
#1297 = ORIENTED_EDGE ( 'NONE', *, *, #446, .F. ) ;
#1298 = DIRECTION ( 'NONE',  ( 0.0000000000000000000, 0.0000000000000000000, 1.000000000000000000 ) ) ;
#1299 = ORIENTED_EDGE ( 'NONE', *, *, #1808, .F. ) ;
#1300 = CC_DESIGN_APPROVAL ( #1192, ( #985 ) ) ;
#1301 = DIRECTION ( 'NONE',  ( 0.0000000000000000000, 0.0000000000000000000, 1.000000000000000000 ) ) ;
#1302 = EDGE_LOOP ( 'NONE', ( #376, #969, #638, #1322 ) ) ;
#1303 = VECTOR ( 'NONE', #1227, 1000.000000000000000 ) ;
#1304 = AXIS2_PLACEMENT_3D ( 'NONE', #1131, #55, #973 ) ;
#1305 = LINE ( 'NONE', #1099, #471 ) ;
#1306 = DIRECTION ( 'NONE',  ( 0.0000000000000000000, 1.000000000000000000, 0.0000000000000000000 ) ) ;
#1307 = CIRCLE ( 'NONE', #1062, 0.05000000000000012800 ) ;
#1308 = CARTESIAN_POINT ( 'NONE',  ( -2.846030702774449100E-016, 0.05499999999999820300, -0.5050000000000002300 ) ) ;
#1309 = DIRECTION ( 'NONE',  ( 0.0000000000000000000, 1.000000000000000000, 0.0000000000000000000 ) ) ;
#1310 = DIRECTION ( 'NONE',  ( 1.000000000000000000, -7.632783294297959800E-017, 6.007723358382515600E-017 ) ) ;
#1311 = DIRECTION ( 'NONE',  ( 1.000000000000000000, 0.0000000000000000000, 0.0000000000000000000 ) ) ;
#1312 = CC_DESIGN_PERSON_AND_ORGANIZATION_ASSIGNMENT ( #85, #52, ( #998 ) ) ;
#1313 = DIRECTION ( 'NONE',  ( -1.504632769052527200E-032, 2.710505431213759600E-016, 1.000000000000000000 ) ) ;
#1314 = EDGE_CURVE ( 'NONE', #934, #41, #450, .T. ) ;
#1315 = CONTEXT_DEPENDENT_SHAPE_REPRESENTATION ( #1546, #1610 ) ;
#1316 = APPLICATION_CONTEXT ( 'configuration controlled 3d designs of mechanical parts and assemblies' ) ;
#1317 = DIRECTION ( 'NONE',  ( -0.0000000000000000000, 0.0000000000000000000, 1.000000000000000000 ) ) ;
#1318 = CALENDAR_DATE ( 2018, 29, 6 ) ;
#1319 = CARTESIAN_POINT ( 'NONE',  ( 0.6950000000000000600, 0.04499999999999979700, -0.5049999999999998900 ) ) ;
#1320 = PERSON_AND_ORGANIZATION_ROLE ( 'creator' ) ;
#1321 = EDGE_CURVE ( 'NONE', #268, #1266, #1623, .T. ) ;
#1322 = ORIENTED_EDGE ( 'NONE', *, *, #746, .T. ) ;
#1323 = ORIENTED_EDGE ( 'NONE', *, *, #1380, .F. ) ;
#1324 = CARTESIAN_POINT ( 'NONE',  ( -2.200000000000000200, 1.600000000000000300, 2.750000000000000000 ) ) ;
#1325 = VECTOR ( 'NONE', #1313, 1000.000000000000000 ) ;
#1326 = DIRECTION ( 'NONE',  ( 0.0000000000000000000, -3.491481338843134100E-015, -1.000000000000000000 ) ) ;
#1327 = LINE ( 'NONE', #86, #93 ) ;
#1328 = ORIENTED_EDGE ( 'NONE', *, *, #139, .F. ) ;
#1329 = VECTOR ( 'NONE', #406, 1000.000000000000000 ) ;
#1330 = CARTESIAN_POINT ( 'NONE',  ( 0.6999999999999999600, 0.004999999999999825800, -0.05499999999999982700 ) ) ;
#1331 = DIRECTION ( 'NONE',  ( -3.491481338843133700E-015, -1.000000000000000000, 6.023345402697245500E-017 ) ) ;
#1332 = DIRECTION ( 'NONE',  ( -3.499016102112311300E-015, 1.000000000000000000, -3.433306879537429300E-015 ) ) ;
#1333 = FACE_OUTER_BOUND ( 'NONE', #1764, .T. ) ;
#1334 = DIRECTION ( 'NONE',  ( -1.000000000000000000, -6.776263578034400200E-017, 0.0000000000000000000 ) ) ;
#1335 = CARTESIAN_POINT ( 'NONE',  ( -2.200000000000000200, 1.550000000000000500, 0.05000000000000000300 ) ) ;
#1336 = DIRECTION ( 'NONE',  ( 3.499016102112311300E-015, -1.000000000000000000, 3.433306879537429300E-015 ) ) ;
#1337 = ORIENTED_EDGE ( 'NONE', *, *, #46, .F. ) ;
#1338 = DIRECTION ( 'NONE',  ( 1.000000000000000000, 3.523657060577887800E-015, 0.0000000000000000000 ) ) ;
#1339 = PERSON_AND_ORGANIZATION ( #15, #598 ) ;
#1340 = AXIS2_PLACEMENT_3D ( 'NONE', #670, #1871, #1124 ) ;
#1341 = APPROVAL_DATE_TIME ( #1730, #1289 ) ;
#1342 = ORIENTED_EDGE ( 'NONE', *, *, #618, .T. ) ;
#1343 = ORIENTED_EDGE ( 'NONE', *, *, #667, .T. ) ;
#1344 = LINE ( 'NONE', #788, #1840 ) ;
#1345 = ORIENTED_EDGE ( 'NONE', *, *, #456, .T. ) ;
#1346 = LINE ( 'NONE', #762, #1074 ) ;
#1347 = LINE ( 'NONE', #792, #887 ) ;
#1348 = CARTESIAN_POINT ( 'NONE',  ( 0.6999999999999997300, 1.500000000000000000, -0.005000000000000000100 ) ) ;
#1349 = EDGE_LOOP ( 'NONE', ( #761, #1538, #1179, #486 ) ) ;
#1350 = LINE ( 'NONE', #1792, #453 ) ;
#1351 = CARTESIAN_POINT ( 'NONE',  ( 0.0000000000000000000, 1.778769189234030700E-017, 1.745740669421560900E-017 ) ) ;
#1352 = EDGE_CURVE ( 'NONE', #1184, #1864, #818, .T. ) ;
#1353 = DATE_AND_TIME ( #1745, #168 ) ;
#1354 = ADVANCED_FACE ( 'NONE', ( #1567 ), #1182, .T. ) ;
#1355 = DATE_AND_TIME ( #1749, #171 ) ;
#1356 = CARTESIAN_POINT ( 'NONE',  ( 0.6950000000000000600, 0.04499999999999980400, -0.5049999999999998900 ) ) ;
#1357 = VECTOR ( 'NONE', #1093, 1000.000000000000000 ) ;
#1358 = CARTESIAN_POINT ( 'NONE',  ( -2.853163611803913800E-018, 0.004999999999999776300, -0.05499999999999982000 ) ) ;
#1359 = EDGE_LOOP ( 'NONE', ( #265, #926, #1177, #1935 ) ) ;
#1360 = EDGE_LOOP ( 'NONE', ( #834, #327, #1703, #796 ) ) ;
#1361 = ADVANCED_FACE ( 'NONE', ( #1933 ), #1130, .T. ) ;
#1362 = DIRECTION ( 'NONE',  ( 1.000000000000000000, 0.0000000000000000000, -0.0000000000000000000 ) ) ;
#1363 = VECTOR ( 'NONE', #1616, 1000.000000000000000 ) ;
#1364 = ORIENTED_EDGE ( 'NONE', *, *, #145, .F. ) ;
#1365 = CC_DESIGN_PERSON_AND_ORGANIZATION_ASSIGNMENT ( #1339, #1826, ( #1265 ) ) ;
#1366 = AXIS2_PLACEMENT_3D ( 'NONE', #1666, #437, #876 ) ;
#1367 = AXIS2_PLACEMENT_3D ( 'NONE', #677, #1547, #1298 ) ;
#1368 = AXIS2_PLACEMENT_3D ( 'NONE', #176, #1336, #1285 ) ;
#1369 = ADVANCED_FACE ( 'NONE', ( #362 ), #1579, .T. ) ;
#1370 = EDGE_CURVE ( 'NONE', #442, #517, #721, .T. ) ;
#1371 = DIRECTION ( 'NONE',  ( 1.000000000000000000, -0.0000000000000000000, 0.0000000000000000000 ) ) ;
#1372 = CALENDAR_DATE ( 2018, 29, 6 ) ;
#1373 = CC_DESIGN_APPROVAL ( #1289, ( #1183 ) ) ;
#1374 = APPROVAL_PERSON_ORGANIZATION ( #1778, #1289, #395 ) ;
#1375 = ORIENTED_EDGE ( 'NONE', *, *, #140, .T. ) ;
#1376 = DIRECTION ( 'NONE',  ( 1.000000000000000000, 0.0000000000000000000, -8.673617379884013400E-015 ) ) ;
#1377 = ADVANCED_FACE ( 'NONE', ( #1965 ), #297, .T. ) ;
#1378 = ORIENTED_EDGE ( 'NONE', *, *, #1705, .T. ) ;
#1379 = CARTESIAN_POINT ( 'NONE',  ( 0.6650000000000001500, -2.303929616531696900E-016, -0.5049999999999998900 ) ) ;
#1380 = EDGE_CURVE ( 'NONE', #1532, #885, #1872, .T. ) ;
#1381 = EDGE_LOOP ( 'NONE', ( #1038, #1857, #900 ) ) ;
#1382 = LINE ( 'NONE', #1457, #518 ) ;
#1383 = ORIENTED_EDGE ( 'NONE', *, *, #251, .T. ) ;
#1384 = CIRCLE ( 'NONE', #214, 0.05000000000000000300 ) ;
#1385 = CARTESIAN_POINT ( 'NONE',  ( 0.6650000000000001500, -2.303929616531696900E-016, -0.5049999999999998900 ) ) ;
#1386 = VECTOR ( 'NONE', #806, 1000.000000000000000 ) ;
#1387 = CC_DESIGN_DATE_AND_TIME_ASSIGNMENT ( #1522, #1866, ( #985 ) ) ;
#1388 = ORIENTED_EDGE ( 'NONE', *, *, #249, .T. ) ;
#1389 = CIRCLE ( 'NONE', #1909, 0.03000000000000000600 ) ;
#1390 = DATE_TIME_ROLE ( 'classification_date' ) ;
#1391 = ADVANCED_FACE ( 'NONE', ( #1478 ), #1844, .F. ) ;
#1392 = AXIS2_PLACEMENT_3D ( 'NONE', #1725, #665, #1568 ) ;
#1393 = ORIENTED_EDGE ( 'NONE', *, *, #746, .F. ) ;
#1394 = CALENDAR_DATE ( 2018, 29, 6 ) ;
#1395 = DIRECTION ( 'NONE',  ( 0.0000000000000000000, 1.000000000000000000, -3.162256336416055900E-015 ) ) ;
#1396 = PERSON_AND_ORGANIZATION_ROLE ( 'classification_officer' ) ;
#1397 = ORIENTED_EDGE ( 'NONE', *, *, #652, .T. ) ;
#1398 = CARTESIAN_POINT ( 'NONE',  ( 2.249999999999999100, -1.549999999999999800, 2.750000000000000000 ) ) ;
#1399 = DIRECTION ( 'NONE',  ( -0.0000000000000000000, -0.0000000000000000000, -1.000000000000000000 ) ) ;
#1400 = CC_DESIGN_PERSON_AND_ORGANIZATION_ASSIGNMENT ( #1648, #819, ( #998 ) ) ;
#1401 = DATE_AND_TIME ( #1797, #221 ) ;
#1402 = EDGE_CURVE ( 'NONE', #606, #4, #769, .T. ) ;
#1403 = APPROVAL_DATE_TIME ( #1798, #576 ) ;
#1404 = DIRECTION ( 'NONE',  ( -1.000000000000000000, 0.0000000000000000000, 0.0000000000000000000 ) ) ;
#1405 = SECURITY_CLASSIFICATION_LEVEL ( 'unclassified' ) ;
#1406 = ORIENTED_EDGE ( 'NONE', *, *, #553, .T. ) ;
#1407 = CARTESIAN_POINT ( 'NONE',  ( 0.7000000000000000700, 0.04499999999999978300, -0.5049999999999998900 ) ) ;
#1408 = CARTESIAN_POINT ( 'NONE',  ( -0.4950000000000001100, 0.04999999999999802500, -0.05499999999999984800 ) ) ;
#1409 = DIRECTION ( 'NONE',  ( 2.377636343169965600E-016, 3.433306879537430100E-015, 1.000000000000000000 ) ) ;
#1410 = ORIENTED_EDGE ( 'NONE', *, *, #1370, .T. ) ;
#1411 = LINE ( 'NONE', #1518, #864 ) ;
#1412 = AXIS2_PLACEMENT_3D ( 'NONE', #1040, #107, #114 ) ;
#1413 = CARTESIAN_POINT ( 'NONE',  ( 0.03499999999999988500, 0.03499999999999984400, -0.05499999999999992400 ) ) ;
#1414 = LINE ( 'NONE', #256, #588 ) ;
#1415 = ORIENTED_EDGE ( 'NONE', *, *, #455, .T. ) ;
#1416 = PERSON_AND_ORGANIZATION_ROLE ( 'creator' ) ;
#1417 = EDGE_CURVE ( 'NONE', #1642, #1636, #1822, .T. ) ;
#1418 = ADVANCED_BREP_SHAPE_REPRESENTATION ( '', ( #852, #1340 ), #1233 ) ;
#1419 = CARTESIAN_POINT ( 'NONE',  ( -2.199999999999999700, -1.599999999999999900, 2.799999999999999800 ) ) ;
#1420 = DIRECTION ( 'NONE',  ( 0.0000000000000000000, -1.000000000000000000, 0.0000000000000000000 ) ) ;
#1421 = DIRECTION ( 'NONE',  ( -0.0000000000000000000, -0.0000000000000000000, -1.000000000000000000 ) ) ;
#1422 = SHAPE_REPRESENTATION ( 'ACT45L Block model(typ size)', ( #660, #1920, #43, #144, #246, #351 ), #451 ) ;
#1423 = DIRECTION ( 'NONE',  ( 2.258754526011467700E-016, 3.501069515317774900E-015, 1.000000000000000000 ) ) ;
#1424 = DIRECTION ( 'NONE',  ( -1.000000000000000000, 0.0000000000000000000, 0.0000000000000000000 ) ) ;
#1425 = VERTEX_POINT ( 'NONE', #1713 ) ;
#1426 = DIRECTION ( 'NONE',  ( -0.0000000000000000000, -0.0000000000000000000, 1.000000000000000000 ) ) ;
#1427 = DIRECTION ( 'NONE',  ( -2.377636343169965600E-016, -3.433306879537430100E-015, -1.000000000000000000 ) ) ;
#1428 = APPROVAL_STATUS ( 'not_yet_approved' ) ;
#1429 = EDGE_LOOP ( 'NONE', ( #511, #1520, #357, #175, #421 ) ) ;
#1430 = DIRECTION ( 'NONE',  ( 1.000000000000000000, 0.0000000000000000000, 0.0000000000000000000 ) ) ;
#1431 = DATE_AND_TIME ( #1813, #248 ) ;
#1432 = DIRECTION ( 'NONE',  ( 1.000000000000000000, 0.0000000000000000000, 0.0000000000000000000 ) ) ;
#1433 = SHAPE_DEFINITION_REPRESENTATION ( #141, #754 ) ;
#1434 = VERTEX_POINT ( 'NONE', #182 ) ;
#1435 = DIRECTION ( 'NONE',  ( -1.355252715606880500E-016, -1.000000000000000000, -0.0000000000000000000 ) ) ;
#1436 = DIRECTION ( 'NONE',  ( 2.258754526011467700E-016, 3.501069515317774900E-015, 1.000000000000000000 ) ) ;
#1437 = VERTEX_POINT ( 'NONE', #940 ) ;
#1438 = CIRCLE ( 'NONE', #409, 0.05000000000000012800 ) ;
#1439 = EDGE_LOOP ( 'NONE', ( #1196, #1714, #1640, #1123 ) ) ;
#1440 = CARTESIAN_POINT ( 'NONE',  ( 2.199999999999999300, 1.600000000000000300, 0.05000000000000012800 ) ) ;
#1441 = VECTOR ( 'NONE', #650, 1000.000000000000000 ) ;
#1442 = EDGE_LOOP ( 'NONE', ( #586, #1197, #1500, #1198 ) ) ;
#1443 = VECTOR ( 'NONE', #724, 1000.000000000000000 ) ;
#1444 = DIRECTION ( 'NONE',  ( -3.491481338843134500E-015, 1.000000000000000000, -3.162256336416056300E-015 ) ) ;
#1445 = DIRECTION ( 'NONE',  ( 0.0000000000000000000, -1.000000000000000000, 3.433306879537428500E-015 ) ) ;
#1446 = DIRECTION ( 'NONE',  ( -2.775557561562890900E-016, 1.000000000000000000, -2.775557561562890700E-017 ) ) ;
#1447 = ITEM_DEFINED_TRANSFORMATION ( 'NONE', 'NONE', #246,  #1340 ) ;
#1448 = DIRECTION ( 'NONE',  ( -1.000000000000000000, 2.710505431213760300E-015, -1.632631042808731900E-031 ) ) ;
#1449 = EDGE_CURVE ( 'NONE', #885, #1468, #1789, .T. ) ;
#1450 = EDGE_LOOP ( 'NONE', ( #734, #904, #1222, #693, #1190, #579 ) ) ;
#1451 = CARTESIAN_POINT ( 'NONE',  ( -0.5450000000000002600, 0.04999999999999630400, -0.5050000000000000000 ) ) ;
#1452 =( LENGTH_UNIT ( ) NAMED_UNIT ( * ) SI_UNIT ( .MILLI., .METRE. ) );
#1453 = APPROVAL_PERSON_ORGANIZATION ( #1833, #576, #1542 ) ;
#1454 = CARTESIAN_POINT ( 'NONE',  ( 2.249999999999999100, -1.549999999999999800, 2.799999999999999800 ) ) ;
#1455 = ORIENTED_EDGE ( 'NONE', *, *, #1187, .T. ) ;
#1456 = DIRECTION ( 'NONE',  ( 1.000000000000000000, -2.710505431213763800E-015, 0.0000000000000000000 ) ) ;
#1457 = CARTESIAN_POINT ( 'NONE',  ( 0.004999999999999823200, 0.05499999999999822400, -0.5050000000000002300 ) ) ;
#1458 = ORIENTED_EDGE ( 'NONE', *, *, #1784, .T. ) ;
#1459 = VECTOR ( 'NONE', #1444, 1000.000000000000000 ) ;
#1460 = VECTOR ( 'NONE', #280, 1000.000000000000000 ) ;
#1461 = DIRECTION ( 'NONE',  ( 1.000000000000000000, 0.0000000000000000000, -0.0000000000000000000 ) ) ;
#1462 = CARTESIAN_POINT ( 'NONE',  ( -2.250000000000000400, 1.600000000000000300, 2.799999999999999800 ) ) ;
#1463 = PERSON_AND_ORGANIZATION_ROLE ( 'creator' ) ;
#1464 = CARTESIAN_POINT ( 'NONE',  ( -2.199999999999999700, -1.550000000000000000, 2.799999999999999800 ) ) ;
#1465 = CC_DESIGN_DATE_AND_TIME_ASSIGNMENT ( #1669, #941, ( #1265 ) ) ;
#1466 = ORIENTED_EDGE ( 'NONE', *, *, #1212, .F. ) ;
#1467 = APPROVAL_DATE_TIME ( #1859, #331 ) ;
#1468 = VERTEX_POINT ( 'NONE', #1702 ) ;
#1469 = DIRECTION ( 'NONE',  ( 0.0000000000000000000, 0.0000000000000000000, -1.000000000000000000 ) ) ;
#1470 = EDGE_LOOP ( 'NONE', ( #1466, #723, #1941, #947 ) ) ;
#1471 = FACE_OUTER_BOUND ( 'NONE', #1019, .T. ) ;
#1472 = DIRECTION ( 'NONE',  ( -1.000000000000000000, 2.710505431213760300E-015, -1.632631042808731900E-031 ) ) ;
#1473 = ORIENTED_EDGE ( 'NONE', *, *, #1832, .F. ) ;
#1474 = CIRCLE ( 'NONE', #1963, 0.02999999999999997100 ) ;
#1475 = ORIENTED_EDGE ( 'NONE', *, *, #1812, .F. ) ;
#1476 = FACE_OUTER_BOUND ( 'NONE', #401, .T. ) ;
#1477 = CC_DESIGN_PERSON_AND_ORGANIZATION_ASSIGNMENT ( #913, #1320, ( #1183 ) ) ;
#1478 = FACE_OUTER_BOUND ( 'NONE', #1046, .T. ) ;
#1479 = EDGE_CURVE ( 'NONE', #1126, #1710, #1037, .T. ) ;
#1480 = ORIENTED_EDGE ( 'NONE', *, *, #653, .F. ) ;
#1481 = CC_DESIGN_PERSON_AND_ORGANIZATION_ASSIGNMENT ( #685, #1249, ( #985 ) ) ;
#1482 = ORIENTED_EDGE ( 'NONE', *, *, #1188, .F. ) ;
#1483 = APPROVAL_DATE_TIME ( #1882, #1192 ) ;
#1484 = CARTESIAN_POINT ( 'NONE',  ( 0.6950000000000000600, 0.04499999999999983200, -0.05499999999999978500 ) ) ;
#1485 = AXIS2_PLACEMENT_3D ( 'NONE', #354, #1287, #191 ) ;
#1486 = ORGANIZATION ( 'NAUO-ORG1', 'UNSPECIFIED', 'UNSPECIFIED' ) ;
#1487 = CALENDAR_DATE ( 2018, 29, 6 ) ;
#1488 = ORIENTED_EDGE ( 'NONE', *, *, #1877, .T. ) ;
#1489 = ADVANCED_FACE ( 'NONE', ( #208 ), #574, .F. ) ;
#1490 = SECURITY_CLASSIFICATION ( '', '', #1531 ) ;
#1491 = ORIENTED_EDGE ( 'NONE', *, *, #925, .T. ) ;
#1492 = VECTOR ( 'NONE', #1264, 1000.000000000000000 ) ;
#1493 = EDGE_CURVE ( 'NONE', #1595, #1049, #612, .T. ) ;
#1494 = CYLINDRICAL_SURFACE ( 'NONE', #548, 0.03499999999999998300 ) ;
#1495 = CIRCLE ( 'NONE', #1280, 0.05000000000000012800 ) ;
#1496 = LINE ( 'NONE', #805, #1541 ) ;
#1497 = AXIS2_PLACEMENT_3D ( 'NONE', #1765, #1162, #858 ) ;
#1498 = ADVANCED_FACE ( 'NONE', ( #676 ), #1259, .F. ) ;
#1499 = EDGE_CURVE ( 'NONE', #1727, #1244, #1739, .T. ) ;
#1500 = ORIENTED_EDGE ( 'NONE', *, *, #229, .F. ) ;
#1501 = PRODUCT_DEFINITION_SHAPE ( 'NONE', 'NONE',  #1970 ) ;
#1502 = APPROVAL_PERSON_ORGANIZATION ( #1918, #331, #929 ) ;
#1503 = ADVANCED_FACE ( 'NONE', ( #260 ), #159, .T. ) ;
#1504 = EDGE_CURVE ( 'NONE', #228, #1163, #923, .T. ) ;
#1505 = ORIENTED_EDGE ( 'NONE', *, *, #345, .T. ) ;
#1506 = ORIENTED_EDGE ( 'NONE', *, *, #1679, .T. ) ;
#1507 = CARTESIAN_POINT ( 'NONE',  ( 2.249999999999999600, 1.600000000000000300, 2.750000000000000000 ) ) ;
#1508 = VECTOR ( 'NONE', #905, 1000.000000000000000 ) ;
#1509 = ORIENTED_EDGE ( 'NONE', *, *, #1880, .T. ) ;
#1510 = DIRECTION ( 'NONE',  ( 0.0000000000000000000, 0.0000000000000000000, 1.000000000000000000 ) ) ;
#1511 = LINE ( 'NONE', #476, #716 ) ;
#1512 = VERTEX_POINT ( 'NONE', #619 ) ;
#1513 = CYLINDRICAL_SURFACE ( 'NONE', #319, 0.05000000000000012800 ) ;
#1514 = DIRECTION ( 'NONE',  ( 0.0000000000000000000, 1.000000000000000000, -3.491481338843133700E-015 ) ) ;
#1515 = VECTOR ( 'NONE', #1916, 1000.000000000000000 ) ;
#1516 = ADVANCED_FACE ( 'NONE', ( #523 ), #1246, .F. ) ;
#1517 = ORIENTED_EDGE ( 'NONE', *, *, #1880, .F. ) ;
#1518 = CARTESIAN_POINT ( 'NONE',  ( -0.5450000000000002600, 0.05499999999999630200, -0.5050000000000000000 ) ) ;
#1519 = DIRECTION ( 'NONE',  ( -1.000000000000000000, 0.0000000000000000000, -0.0000000000000000000 ) ) ;
#1520 = ORIENTED_EDGE ( 'NONE', *, *, #1041, .T. ) ;
#1521 = DIRECTION ( 'NONE',  ( 2.409338161078898200E-016, 3.433306879537430100E-015, 1.000000000000000000 ) ) ;
#1522 = DATE_AND_TIME ( #1937, #368 ) ;
#1523 = ADVANCED_FACE ( 'NONE', ( #119 ), #1683, .T. ) ;
#1524 = DIRECTION ( 'NONE',  ( 0.0000000000000000000, 0.0000000000000000000, -1.000000000000000000 ) ) ;
#1525 = PERSON_AND_ORGANIZATION_ROLE ( 'classification_officer' ) ;
#1526 = COORDINATED_UNIVERSAL_TIME_OFFSET ( 9, 0, .AHEAD. ) ;
#1527 = DATE_AND_TIME ( #1940, #375 ) ;
#1528 = ORIENTED_EDGE ( 'NONE', *, *, #1212, .T. ) ;
#1529 = EDGE_CURVE ( 'NONE', #1512, #827, #1347, .T. ) ;
#1530 = CARTESIAN_POINT ( 'NONE',  ( 0.01697224362267999600, 0.004999999999999805800, -0.05499999999999982000 ) ) ;
#1531 = SECURITY_CLASSIFICATION_LEVEL ( 'unclassified' ) ;
#1532 = VERTEX_POINT ( 'NONE', #1834 ) ;
#1533 = FACE_OUTER_BOUND ( 'NONE', #1302, .T. ) ;
#1534 = FACE_OUTER_BOUND ( 'NONE', #1470, .T. ) ;
#1535 = DIRECTION ( 'NONE',  ( 1.445602896647339200E-016, -1.000000000000000000, -0.0000000000000000000 ) ) ;
#1536 = DIRECTION ( 'NONE',  ( -1.000000000000000000, 0.0000000000000000000, 0.0000000000000000000 ) ) ;
#1537 = FACE_OUTER_BOUND ( 'NONE', #1836, .T. ) ;
#1538 = ORIENTED_EDGE ( 'NONE', *, *, #1578, .F. ) ;
#1539 = ORIENTED_EDGE ( 'NONE', *, *, #358, .T. ) ;
#1540 = CARTESIAN_POINT ( 'NONE',  ( -2.250000000000000400, 1.550000000000000500, 0.05000000000000012800 ) ) ;
#1541 = VECTOR ( 'NONE', #1279, 1000.000000000000000 ) ;
#1542 = APPROVAL_ROLE ( '' ) ;
#1543 = DIRECTION ( 'NONE',  ( 0.0000000000000000000, -0.0000000000000000000, -1.000000000000000000 ) ) ;
#1544 = AXIS2_PLACEMENT_3D ( 'NONE', #148, #907, #1816 ) ;
#1545 = PERSON_AND_ORGANIZATION ( #1622, #1952 ) ;
#1546 =( REPRESENTATION_RELATIONSHIP ('NONE','NONE', #1422, #754 ) REPRESENTATION_RELATIONSHIP_WITH_TRANSFORMATION ( #1447 )SHAPE_REPRESENTATION_RELATIONSHIP( ) );
#1547 = DIRECTION ( 'NONE',  ( 1.000000000000000000, -0.0000000000000000000, -0.0000000000000000000 ) ) ;
#1548 = CARTESIAN_POINT ( 'NONE',  ( 0.7000000000000000700, 0.04499999999999978300, -0.5049999999999998900 ) ) ;
#1549 = APPROVAL ( #1428, 'UNSPECIFIED' ) ;
#1550 = CARTESIAN_POINT ( 'NONE',  ( -2.200000000000000200, 1.600000000000000300, 2.799999999999999800 ) ) ;
#1551 = CALENDAR_DATE ( 2018, 29, 6 ) ;
#1552 = SECURITY_CLASSIFICATION_LEVEL ( 'unclassified' ) ;
#1553 = ORIENTED_EDGE ( 'NONE', *, *, #877, .F. ) ;
#1554 = DIRECTION ( 'NONE',  ( 1.000000000000000000, 0.0000000000000000000, 0.0000000000000000000 ) ) ;
#1555 = DIRECTION ( 'NONE',  ( -1.000000000000000000, 1.355252715606880500E-016, 0.0000000000000000000 ) ) ;
#1556 = EDGE_LOOP ( 'NONE', ( #609, #1894, #966, #193 ) ) ;
#1557 = AXIS2_PLACEMENT_3D ( 'NONE', #189, #1306, #622 ) ;
#1558 = DIRECTION ( 'NONE',  ( 0.0000000000000000000, 0.0000000000000000000, 1.000000000000000000 ) ) ;
#1559 = LINE ( 'NONE', #1253, #255 ) ;
#1560 = AXIS2_PLACEMENT_3D ( 'NONE', #335, #547, #1430 ) ;
#1561 = DIRECTION ( 'NONE',  ( 6.776263578034399000E-017, -1.000000000000000000, 0.0000000000000000000 ) ) ;
#1562 = ORIENTED_EDGE ( 'NONE', *, *, #729, .F. ) ;
#1563 = VECTOR ( 'NONE', #822, 1000.000000000000000 ) ;
#1564 = EDGE_LOOP ( 'NONE', ( #245, #1803, #666, #1116 ) ) ;
#1565 = LINE ( 'NONE', #186, #766 ) ;
#1566 = APPROVAL_STATUS ( 'not_yet_approved' ) ;
#1567 = FACE_OUTER_BOUND ( 'NONE', #1053, .T. ) ;
#1568 = DIRECTION ( 'NONE',  ( 1.000000000000000000, 0.0000000000000000000, 0.0000000000000000000 ) ) ;
#1569 = VERTEX_POINT ( 'NONE', #1530 ) ;
#1570 = DIRECTION ( 'NONE',  ( 0.0000000000000000000, 0.0000000000000000000, -1.000000000000000000 ) ) ;
#1571 =( NAMED_UNIT ( * ) SI_UNIT ( $, .STERADIAN. ) SOLID_ANGLE_UNIT ( ) );
#1572 = CIRCLE ( 'NONE', #1701, 0.03000000000000000600 ) ;
#1573 = CC_DESIGN_DATE_AND_TIME_ASSIGNMENT ( #1296, #232, ( #1183 ) ) ;
#1574 = CARTESIAN_POINT ( 'NONE',  ( -0.5450000000000002600, 0.05499999999999630200, -0.5050000000000000000 ) ) ;
#1575 = EDGE_CURVE ( 'NONE', #827, #1642, #160, .T. ) ;
#1576 = EDGE_CURVE ( 'NONE', #643, #1244, #1305, .T. ) ;
#1577 =( NAMED_UNIT ( * ) PLANE_ANGLE_UNIT ( ) SI_UNIT ( $, .RADIAN. ) );
#1578 = EDGE_CURVE ( 'NONE', #1824, #1864, #75, .T. ) ;
#1579 = PLANE ( 'NONE',  #1863 ) ;
#1580 = CC_DESIGN_PERSON_AND_ORGANIZATION_ASSIGNMENT ( #2, #1463, ( #1668 ) ) ;
#1581 = CARTESIAN_POINT ( 'NONE',  ( -0.5450000000000001500, 0.05499999999999757200, -0.1049999999999998400 ) ) ;
#1582 = SECURITY_CLASSIFICATION ( '', '', #1091 ) ;
#1583 = PERSON_AND_ORGANIZATION ( #15, #598 ) ;
#1584 = VERTEX_POINT ( 'NONE', #1540 ) ;
#1585 = CARTESIAN_POINT ( 'NONE',  ( -2.567952862685583900, 0.6532488979516734000, 5.905000000000216100 ) ) ;
#1586 = ORIENTED_EDGE ( 'NONE', *, *, #46, .T. ) ;
#1587 = AXIS2_PLACEMENT_3D ( 'NONE', #965, #1861, #1718 ) ;
#1588 = DIRECTION ( 'NONE',  ( 0.0000000000000000000, 0.0000000000000000000, -1.000000000000000000 ) ) ;
#1589 = ORIENTED_EDGE ( 'NONE', *, *, #332, .T. ) ;
#1590 = CARTESIAN_POINT ( 'NONE',  ( -1.770298859761487700E-016, 0.05499999999999975000, -0.05500000000000000700 ) ) ;
#1591 = CARTESIAN_POINT ( 'NONE',  ( 0.0000000000000000000, 0.0000000000000000000, 0.0000000000000000000 ) ) ;
#1592 = LINE ( 'NONE', #1119, #16 ) ;
#1593 = ORIENTED_EDGE ( 'NONE', *, *, #419, .F. ) ;
#1594 = DIRECTION ( 'NONE',  ( -1.445602896647339200E-016, 1.000000000000000000, 0.0000000000000000000 ) ) ;
#1595 = VERTEX_POINT ( 'NONE', #325 ) ;
#1596 = LINE ( 'NONE', #1484, #1443 ) ;
#1597 = CARTESIAN_POINT ( 'NONE',  ( 0.6650000000000001500, 0.03499999999999974000, -0.05499999999999982000 ) ) ;
#1598 = CC_DESIGN_PERSON_AND_ORGANIZATION_ASSIGNMENT ( #1262, #1525, ( #1490 ) ) ;
#1599 = DIRECTION ( 'NONE',  ( 1.000000000000000000, 6.776263578034400200E-017, -0.0000000000000000000 ) ) ;
#1600 = EDGE_CURVE ( 'NONE', #914, #228, #1247, .T. ) ;
#1601 = DIRECTION ( 'NONE',  ( -1.355252715606880500E-016, 1.000000000000000000, 0.0000000000000000000 ) ) ;
#1602 = PLANE ( 'NONE',  #1132 ) ;
#1603 = CARTESIAN_POINT ( 'NONE',  ( 0.0000000000000000000, 0.0000000000000000000, -0.005000000000000000100 ) ) ;
#1604 = LOCAL_TIME ( 8, 55, 42.00000000000000000, #23 ) ;
#1605 = DIRECTION ( 'NONE',  ( 0.0000000000000000000, 0.0000000000000000000, 1.000000000000000000 ) ) ;
#1606 = AXIS2_PLACEMENT_3D ( 'NONE', #1034, #1472, #244 ) ;
#1607 = APPROVAL_STATUS ( 'not_yet_approved' ) ;
#1608 = ORIENTED_EDGE ( 'NONE', *, *, #1925, .T. ) ;
#1609 = EDGE_CURVE ( 'NONE', #1650, #1437, #1592, .T. ) ;
#1610 = PRODUCT_DEFINITION_SHAPE ( 'NONE', 'NONE',  #1973 ) ;
#1611 = DATE_AND_TIME ( #29, #440 ) ;
#1612 = DIRECTION ( 'NONE',  ( 0.0000000000000000000, 1.000000000000000000, 0.0000000000000000000 ) ) ;
#1613 = ORIENTED_EDGE ( 'NONE', *, *, #667, .F. ) ;
#1614 = ORIENTED_EDGE ( 'NONE', *, *, #1923, .F. ) ;
#1615 = FACE_OUTER_BOUND ( 'NONE', #1928, .T. ) ;
#1616 = DIRECTION ( 'NONE',  ( 1.445602896647339200E-016, -1.000000000000000000, -0.0000000000000000000 ) ) ;
#1617 = ORIENTED_EDGE ( 'NONE', *, *, #1352, .F. ) ;
#1618 = FACE_OUTER_BOUND ( 'NONE', #88, .T. ) ;
#1619 = ORIENTED_EDGE ( 'NONE', *, *, #1620, .T. ) ;
#1620 = EDGE_CURVE ( 'NONE', #1569, #1642, #843, .T. ) ;
#1621 = DIRECTION ( 'NONE',  ( 1.000000000000000000, -0.0000000000000000000, -0.0000000000000000000 ) ) ;
#1622 = PERSON ( 'NAUO-PER5', 'UNSPECIFIED', 'UNSPECIFIED', ('UNSPECIFIED'), ('UNSPECIFIED'), ('UNSPECIFIED') ) ;
#1623 = CIRCLE ( 'NONE', #957, 0.05000000000000000300 ) ;
#1624 = CARTESIAN_POINT ( 'NONE',  ( 2.199999999999998800, 1.550000000000000500, 2.799999999999999800 ) ) ;
#1625 = EDGE_LOOP ( 'NONE', ( #155, #984, #886 ) ) ;
#1626 = CARTESIAN_POINT ( 'NONE',  ( -2.250000000000000400, 1.550000000000000500, 0.05000000000000012800 ) ) ;
#1627 = CC_DESIGN_SECURITY_CLASSIFICATION ( #1265, ( #745 ) ) ;
#1628 = CARTESIAN_POINT ( 'NONE',  ( -2.200000000000000200, 1.550000000000000500, 2.750000000000000000 ) ) ;
#1629 = ORGANIZATION ( 'NAUO-ORG2', 'UNSPECIFIED', 'UNSPECIFIED' ) ;
#1630 = CARTESIAN_POINT ( 'NONE',  ( -0.5450000000000001500, 0.05499999999999767600, -0.1049999999999998400 ) ) ;
#1631 = EDGE_LOOP ( 'NONE', ( #294, #111, #392, #220 ) ) ;
#1632 = CALENDAR_DATE ( 2018, 29, 6 ) ;
#1633 = PLANE ( 'NONE',  #1606 ) ;
#1634 = LOCAL_TIME ( 8, 55, 42.00000000000000000, #64 ) ;
#1635 = ORIENTED_EDGE ( 'NONE', *, *, #1291, .F. ) ;
#1636 = VERTEX_POINT ( 'NONE', #752 ) ;
#1637 = ORIENTED_EDGE ( 'NONE', *, *, #129, .T. ) ;
#1638 = VECTOR ( 'NONE', #370, 1000.000000000000000 ) ;
#1639 = VECTOR ( 'NONE', #1404, 1000.000000000000000 ) ;
#1640 = ORIENTED_EDGE ( 'NONE', *, *, #835, .T. ) ;
#1641 = EDGE_CURVE ( 'NONE', #1775, #567, #793, .T. ) ;
#1642 = VERTEX_POINT ( 'NONE', #1023 ) ;
#1643 = COORDINATED_UNIVERSAL_TIME_OFFSET ( 9, 0, .AHEAD. ) ;
#1644 = LINE ( 'NONE', #1768, #1281 ) ;
#1645 = AXIS2_PLACEMENT_3D ( 'NONE', #222, #1599, #1145 ) ;
#1646 = ADVANCED_FACE ( 'NONE', ( #1537 ), #1494, .T. ) ;
#1647 = DIRECTION ( 'NONE',  ( 1.000000000000000000, -2.710505431213762300E-015, 0.0000000000000000000 ) ) ;
#1648 = PERSON_AND_ORGANIZATION ( #15, #598 ) ;
#1649 = EDGE_LOOP ( 'NONE', ( #680, #1152, #1614, #845 ) ) ;
#1650 = VERTEX_POINT ( 'NONE', #995 ) ;
#1651 = CC_DESIGN_APPROVAL ( #1549, ( #1265 ) ) ;
#1652 = DIRECTION ( 'NONE',  ( -2.258754526011467700E-016, -3.501069515317774900E-015, -1.000000000000000000 ) ) ;
#1653 = VECTOR ( 'NONE', #798, 1000.000000000000000 ) ;
#1654 = ADVANCED_FACE ( 'NONE', ( #1105 ), #1176, .F. ) ;
#1655 = VECTOR ( 'NONE', #1290, 1000.000000000000000 ) ;
#1656 = EDGE_LOOP ( 'NONE', ( #1488, #274, #726, #491 ) ) ;
#1657 = LINE ( 'NONE', #1716, #902 ) ;
#1658 = DIRECTION ( 'NONE',  ( 1.000000000000000000, -0.0000000000000000000, 0.0000000000000000000 ) ) ;
#1659 = AXIS2_PLACEMENT_3D ( 'NONE', #1351, #1165, #1860 ) ;
#1660 = ORIENTED_EDGE ( 'NONE', *, *, #1245, .F. ) ;
#1661 = LINE ( 'NONE', #888, #744 ) ;
#1662 = AXIS2_PLACEMENT_3D ( 'NONE', #1924, #1543, #801 ) ;
#1663 = CARTESIAN_POINT ( 'NONE',  ( 0.004999999999999841400, 0.04999999999999977400, -0.05499999999999995900 ) ) ;
#1664 = ADVANCED_FACE ( 'NONE', ( #1899 ), #24, .T. ) ;
#1665 = CARTESIAN_POINT ( 'NONE',  ( 2.249999999999999600, 1.550000000000000500, 0.05000000000000012800 ) ) ;
#1666 = CARTESIAN_POINT ( 'NONE',  ( -1.596989795701994400E-016, 0.04999999999999975300, -0.05499999999999995900 ) ) ;
#1667 = ORIENTED_EDGE ( 'NONE', *, *, #1671, .T. ) ;
#1668 = PRODUCT_DEFINITION_FORMATION_WITH_SPECIFIED_SOURCE ( 'ANY', '', #321, .NOT_KNOWN. ) ;
#1669 = DATE_AND_TIME ( #106, #508 ) ;
#1670 = EDGE_CURVE ( 'NONE', #448, #627, #741, .T. ) ;
#1671 = EDGE_CURVE ( 'NONE', #1158, #76, #698, .T. ) ;
#1672 = CALENDAR_DATE ( 2018, 29, 6 ) ;
#1673 = ORIENTED_EDGE ( 'NONE', *, *, #209, .T. ) ;
#1674 = CARTESIAN_POINT ( 'NONE',  ( 2.199999999999999300, 1.550000000000000500, 2.750000000000000000 ) ) ;
#1675 = VECTOR ( 'NONE', #874, 1000.000000000000000 ) ;
#1676 = EDGE_CURVE ( 'NONE', #202, #1569, #385, .T. ) ;
#1677 = ADVANCED_FACE ( 'NONE', ( #278 ), #841, .F. ) ;
#1678 = DIRECTION ( 'NONE',  ( -1.445602896647339400E-016, 1.000000000000000000, 0.0000000000000000000 ) ) ;
#1679 = EDGE_CURVE ( 'NONE', #1595, #448, #1804, .T. ) ;
#1680 = ORIENTED_EDGE ( 'NONE', *, *, #445, .F. ) ;
#1681 = CYLINDRICAL_SURFACE ( 'NONE', #633, 0.05000000000000012800 ) ;
#1682 = CC_DESIGN_SECURITY_CLASSIFICATION ( #1582, ( #1973 ) ) ;
#1683 = SPHERICAL_SURFACE ( 'NONE', #338, 0.05000000000000000300 ) ;
#1684 = APPROVAL_ROLE ( '' ) ;
#1685 = CARTESIAN_POINT ( 'NONE',  ( 2.199999999999998800, -1.599999999999999900, 2.750000000000000000 ) ) ;
#1686 = CARTESIAN_POINT ( 'NONE',  ( 2.249999999999999600, 1.550000000000000500, 2.799999999999999800 ) ) ;
#1687 = DIRECTION ( 'NONE',  ( 0.0000000000000000000, 0.0000000000000000000, 1.000000000000000000 ) ) ;
#1688 = MECHANICAL_CONTEXT ( 'NONE', #1316, 'mechanical' ) ;
#1689 = DIRECTION ( 'NONE',  ( 1.000000000000000000, 3.491481338843133400E-015, -2.377636343170085500E-016 ) ) ;
#1690 = CARTESIAN_POINT ( 'NONE',  ( 2.199999999999998800, -1.549999999999999800, 2.750000000000000000 ) ) ;
#1691 = CARTESIAN_POINT ( 'NONE',  ( 0.6650000000000001500, 0.03499999999999974000, -0.05499999999999982000 ) ) ;
#1692 = APPROVAL_PERSON_ORGANIZATION ( #125, #1794, #308 ) ;
#1693 = CC_DESIGN_DATE_AND_TIME_ASSIGNMENT ( #1611, #196, ( #1490 ) ) ;
#1694 = EDGE_CURVE ( 'NONE', #1069, #122, #642, .T. ) ;
#1695 = DIRECTION ( 'NONE',  ( -1.000000000000000000, 0.0000000000000000000, -0.0000000000000000000 ) ) ;
#1696 = PERSON_AND_ORGANIZATION_ROLE ( 'creator' ) ;
#1697 = DIRECTION ( 'NONE',  ( 1.355252715606880500E-016, 1.000000000000000000, 0.0000000000000000000 ) ) ;
#1698 = LOCAL_TIME ( 8, 55, 42.00000000000000000, #130 ) ;
#1699 = DIRECTION ( 'NONE',  ( -0.0000000000000000000, -0.0000000000000000000, 1.000000000000000000 ) ) ;
#1700 = ORIENTED_EDGE ( 'NONE', *, *, #251, .F. ) ;
#1701 = AXIS2_PLACEMENT_3D ( 'NONE', #1910, #1326, #239 ) ;
#1702 = CARTESIAN_POINT ( 'NONE',  ( -0.5450000000000001500, 0.04999999999999767800, -0.1049999999999998400 ) ) ;
#1703 = ORIENTED_EDGE ( 'NONE', *, *, #836, .F. ) ;
#1704 = APPROVAL_ROLE ( '' ) ;
#1705 = EDGE_CURVE ( 'NONE', #202, #1143, #233, .T. ) ;
#1706 = DIRECTION ( 'NONE',  ( 1.000000000000000000, 3.499016102112310500E-015, -9.856383386231860100E-017 ) ) ;
#1707 = DIRECTION ( 'NONE',  ( -0.0000000000000000000, -0.0000000000000000000, -1.000000000000000000 ) ) ;
#1708 = DIRECTION ( 'NONE',  ( -0.0000000000000000000, 0.0000000000000000000, -1.000000000000000000 ) ) ;
#1709 = LINE ( 'NONE', #536, #899 ) ;
#1710 = VERTEX_POINT ( 'NONE', #892 ) ;
#1711 = CARTESIAN_POINT ( 'NONE',  ( 0.6999999999999997300, 1.500000000000000000, 0.0000000000000000000 ) ) ;
#1712 = SPHERICAL_SURFACE ( 'NONE', #960, 0.05000000000000000300 ) ;
#1713 = CARTESIAN_POINT ( 'NONE',  ( -2.168404344971008900E-016, 1.500000000000000000, -0.005000000000000000100 ) ) ;
#1714 = ORIENTED_EDGE ( 'NONE', *, *, #770, .T. ) ;
#1715 = LINE ( 'NONE', #1319, #263 ) ;
#1716 = CARTESIAN_POINT ( 'NONE',  ( 0.6999999999999999600, 0.05499999999999986800, -0.004999999999999965400 ) ) ;
#1717 = DIRECTION ( 'NONE',  ( -1.000000000000000000, 0.0000000000000000000, 0.0000000000000000000 ) ) ;
#1718 = DIRECTION ( 'NONE',  ( -8.673617379884051200E-015, 1.000000000000000000, 0.0000000000000000000 ) ) ;
#1719 = EDGE_CURVE ( 'NONE', #1650, #110, #180, .T. ) ;
#1720 = DIRECTION ( 'NONE',  ( 1.000000000000000000, -2.710505431213760300E-015, 2.103039807092401000E-031 ) ) ;
#1721 = CARTESIAN_POINT ( 'NONE',  ( 0.0000000000000000000, 0.0000000000000000000, -0.005000000000000000100 ) ) ;
#1722 = APPLICATION_PROTOCOL_DEFINITION ( 'international standard', 'config_control_design', 1994, #474 ) ;
#1723 = DIRECTION ( 'NONE',  ( 0.0000000000000000000, 0.0000000000000000000, 1.000000000000000000 ) ) ;
#1724 = PLANE ( 'NONE',  #101 ) ;
#1725 = CARTESIAN_POINT ( 'NONE',  ( -2.200000000000000200, 1.550000000000000500, 2.750000000000000000 ) ) ;
#1726 = PRODUCT_RELATED_PRODUCT_CATEGORY ( 'detail', '', ( #720 ) ) ;
#1727 = VERTEX_POINT ( 'NONE', #1898 ) ;
#1728 = CARTESIAN_POINT ( 'NONE',  ( -2.199999999999999700, -1.599999999999999900, 2.799999999999999800 ) ) ;
#1729 = PERSON_AND_ORGANIZATION ( #15, #598 ) ;
#1730 = DATE_AND_TIME ( #153, #563 ) ;
#1731 = ORIENTED_EDGE ( 'NONE', *, *, #1969, .T. ) ;
#1732 = ORIENTED_EDGE ( 'NONE', *, *, #1600, .F. ) ;
#1733 = DIRECTION ( 'NONE',  ( 0.0000000000000000000, 1.000000000000000000, 0.0000000000000000000 ) ) ;
#1734 = CARTESIAN_POINT ( 'NONE',  ( 0.0000000000000000000, 0.0000000000000000000, 0.0000000000000000000 ) ) ;
#1735 = CYLINDRICAL_SURFACE ( 'NONE', #1107, 0.05000000000000012800 ) ;
#1736 = ORIENTED_EDGE ( 'NONE', *, *, #1293, .F. ) ;
#1737 = CYLINDRICAL_SURFACE ( 'NONE', #824, 0.05000000000000000300 ) ;
#1738 = CYLINDRICAL_SURFACE ( 'NONE', #118, 0.05000000000000012800 ) ;
#1739 = LINE ( 'NONE', #307, #988 ) ;
#1740 = ORIENTED_EDGE ( 'NONE', *, *, #47, .F. ) ;
#1741 = CARTESIAN_POINT ( 'NONE',  ( -2.567952862685583400, -0.7467511020483266200, 5.905000000000216100 ) ) ;
#1742 = CIRCLE ( 'NONE', #1497, 0.05000000000000000300 ) ;
#1743 = CARTESIAN_POINT ( 'NONE',  ( 0.6999999999999997300, 1.500000000000000000, -0.005000000000000000100 ) ) ;
#1744 = EDGE_CURVE ( 'NONE', #764, #1954, #1414, .T. ) ;
#1745 = CALENDAR_DATE ( 2018, 29, 6 ) ;
#1746 =( NAMED_UNIT ( * ) SI_UNIT ( $, .STERADIAN. ) SOLID_ANGLE_UNIT ( ) );
#1747 = VERTEX_POINT ( 'NONE', #1207 ) ;
#1748 = DIRECTION ( 'NONE',  ( 1.000000000000000000, 0.0000000000000000000, 0.0000000000000000000 ) ) ;
#1749 = CALENDAR_DATE ( 2018, 29, 6 ) ;
#1750 = CARTESIAN_POINT ( 'NONE',  ( 0.004999999999999679200, 0.03499999999999658200, -0.9550000000000000700 ) ) ;
#1751 = PERSON_AND_ORGANIZATION_ROLE ( 'design_owner' ) ;
#1752 = CYLINDRICAL_SURFACE ( 'NONE', #339, 0.05000000000000012800 ) ;
#1753 = ORIENTED_EDGE ( 'NONE', *, *, #1173, .T. ) ;
#1754 = CARTESIAN_POINT ( 'NONE',  ( -2.853163611803913800E-018, 0.004999999999999776300, -0.05499999999999982000 ) ) ;
#1755 = AXIS2_PLACEMENT_3D ( 'NONE', #595, #1065, #1957 ) ;
#1756 = CARTESIAN_POINT ( 'NONE',  ( 2.199999999999998800, -2.981555974335135700E-016, 2.750000000000000000 ) ) ;
#1757 = UNCERTAINTY_MEASURE_WITH_UNIT (LENGTH_MEASURE( 1.000000000000000100E-005 ), #682, 'distance_accuracy_value', 'NONE');
#1758 = ORIENTED_EDGE ( 'NONE', *, *, #33, .F. ) ;
#1759 = CIRCLE ( 'NONE', #531, 0.03499999999999998300 ) ;
#1760 = DIRECTION ( 'NONE',  ( 1.000000000000000000, -7.632783294297959800E-017, 6.007723358382515600E-017 ) ) ;
#1761 = VECTOR ( 'NONE', #1652, 1000.000000000000000 ) ;
#1762 = ORIENTED_EDGE ( 'NONE', *, *, #668, .T. ) ;
#1763 = CARTESIAN_POINT ( 'NONE',  ( 0.03499999999999988500, 0.03499999999999984400, -0.05499999999999992400 ) ) ;
#1764 = EDGE_LOOP ( 'NONE', ( #1415, #1506, #300, #1397 ) ) ;
#1765 = CARTESIAN_POINT ( 'NONE',  ( -2.199999999999999700, -1.550000000000000000, 0.05000000000000012800 ) ) ;
#1766 = DESIGN_CONTEXT ( 'detailed design', #646, 'design' ) ;
#1767 = CARTESIAN_POINT ( 'NONE',  ( -2.853163611803913800E-018, 0.004999999999999776300, -0.05499999999999982000 ) ) ;
#1768 = CARTESIAN_POINT ( 'NONE',  ( 0.004999999999999823200, 0.05499999999999977100, -0.05500000000000000700 ) ) ;
#1769 = AXIS2_PLACEMENT_3D ( 'NONE', #200, #931, #3 ) ;
#1770 = VERTEX_POINT ( 'NONE', #1630 ) ;
#1771 = PERSON ( 'NAUO-PER4', 'UNSPECIFIED', 'UNSPECIFIED', ('UNSPECIFIED'), ('UNSPECIFIED'), ('UNSPECIFIED') ) ;
#1772 = AXIS2_PLACEMENT_3D ( 'NONE', #408, #821, #849 ) ;
#1773 = AXIS2_PLACEMENT_3D ( 'NONE', #1597, #1723, #640 ) ;
#1774 = PLANE ( 'NONE',  #1171 ) ;
#1775 = VERTEX_POINT ( 'NONE', #530 ) ;
#1776 = DIRECTION ( 'NONE',  ( -1.936075308009776200E-016, -3.391901413832836800E-015, -1.000000000000000000 ) ) ;
#1777 = LOCAL_TIME ( 8, 55, 42.00000000000000000, #195 ) ;
#1778 = PERSON_AND_ORGANIZATION ( #15, #598 ) ;
#1779 = ORIENTED_EDGE ( 'NONE', *, *, #1138, .F. ) ;
#1780 = CARTESIAN_POINT ( 'NONE',  ( -2.200000000000000200, 1.550000000000000500, 0.0000000000000000000 ) ) ;
#1781 = APPROVAL ( #1607, 'UNSPECIFIED' ) ;
#1782 = CIRCLE ( 'NONE', #739, 0.03499999999999998300 ) ;
#1783 = CARTESIAN_POINT ( 'NONE',  ( -2.200000000000000200, 1.550000000000000500, 0.05000000000000012800 ) ) ;
#1784 = EDGE_CURVE ( 'NONE', #1143, #1069, #950, .T. ) ;
#1785 = ORIENTED_EDGE ( 'NONE', *, *, #112, .T. ) ;
#1786 = SPHERICAL_SURFACE ( 'NONE', #597, 0.05000000000000000300 ) ;
#1787 = LINE ( 'NONE', #1330, #1329 ) ;
#1788 = EDGE_CURVE ( 'NONE', #1425, #1143, #545, .T. ) ;
#1789 = LINE ( 'NONE', #795, #1386 ) ;
#1790 = CYLINDRICAL_SURFACE ( 'NONE', #863, 0.05000000000000012800 ) ;
#1791 = EDGE_CURVE ( 'NONE', #442, #1078, #1709, .T. ) ;
#1792 = CARTESIAN_POINT ( 'NONE',  ( 0.6999999999999999600, -1.868224396444861300E-015, -0.05499999999999982700 ) ) ;
#1793 = EDGE_CURVE ( 'NONE', #1069, #715, #1327, .T. ) ;
#1794 = APPROVAL ( #1241, 'UNKNOWN' ) ;
#1795 = ORIENTED_EDGE ( 'NONE', *, *, #1641, .F. ) ;
#1796 = LOCAL_TIME ( 8, 55, 42.00000000000000000, #218 ) ;
#1797 = CALENDAR_DATE ( 2018, 29, 6 ) ;
#1798 = DATE_AND_TIME ( #223, #632 ) ;
#1799 = APPROVAL ( #629, 'UNSPECIFIED' ) ;
#1800 = DIRECTION ( 'NONE',  ( 1.000000000000000000, 6.776263578034400200E-017, -0.0000000000000000000 ) ) ;
#1801 = EDGE_CURVE ( 'NONE', #517, #914, #1015, .T. ) ;
#1802 = ADVANCED_FACE ( 'NONE', ( #494 ), #413, .F. ) ;
#1803 = ORIENTED_EDGE ( 'NONE', *, *, #1694, .F. ) ;
#1804 = LINE ( 'NONE', #871, #1460 ) ;
#1805 = ORIENTED_EDGE ( 'NONE', *, *, #1808, .T. ) ;
#1806 = AXIS2_PLACEMENT_3D ( 'NONE', #1624, #1022, #1172 ) ;
#1807 = CIRCLE ( 'NONE', #753, 0.05000000000000012800 ) ;
#1808 = EDGE_CURVE ( 'NONE', #790, #712, #1274, .T. ) ;
#1809 = ADVANCED_FACE ( 'NONE', ( #1618 ), #814, .T. ) ;
#1810 = AXIS2_PLACEMENT_3D ( 'NONE', #1734, #1136, #68 ) ;
#1811 = EDGE_CURVE ( 'NONE', #1049, #1158, #867, .T. ) ;
#1812 = EDGE_CURVE ( 'NONE', #110, #292, #1221, .T. ) ;
#1813 = CALENDAR_DATE ( 2018, 29, 6 ) ;
#1814 = ADVANCED_FACE ( 'NONE', ( #40 ), #1724, .T. ) ;
#1815 = ORIENTED_EDGE ( 'NONE', *, *, #1138, .T. ) ;
#1816 = DIRECTION ( 'NONE',  ( -6.776263578034400200E-017, 1.000000000000000000, 0.0000000000000000000 ) ) ;
#1817 = DIRECTION ( 'NONE',  ( 0.0000000000000000000, 1.000000000000000000, 0.0000000000000000000 ) ) ;
#1818 = CC_DESIGN_SECURITY_CLASSIFICATION ( #970, ( #1970 ) ) ;
#1819 = VECTOR ( 'NONE', #797, 1000.000000000000000 ) ;
#1820 = VERTEX_POINT ( 'NONE', #310 ) ;
#1821 = CIRCLE ( 'NONE', #1485, 0.03500000000000000300 ) ;
#1822 = LINE ( 'NONE', #1855, #1441 ) ;
#1823 = ADVANCED_FACE ( 'NONE', ( #1960 ), #356, .T. ) ;
#1824 = VERTEX_POINT ( 'NONE', #1685 ) ;
#1825 = DIRECTION ( 'NONE',  ( 1.000000000000000000, 3.491481338843133400E-015, -2.377636343170085500E-016 ) ) ;
#1826 = PERSON_AND_ORGANIZATION_ROLE ( 'classification_officer' ) ;
#1827 = DIRECTION ( 'NONE',  ( -1.000000000000000000, 0.0000000000000000000, 0.0000000000000000000 ) ) ;
#1828 = CONTEXT_DEPENDENT_SHAPE_REPRESENTATION ( #1829, #749 ) ;
#1829 =( REPRESENTATION_RELATIONSHIP ('NONE','NONE', #1422, #754 ) REPRESENTATION_RELATIONSHIP_WITH_TRANSFORMATION ( #625 )SHAPE_REPRESENTATION_RELATIONSHIP( ) );
#1830 = DIRECTION ( 'NONE',  ( -1.000000000000000000, 3.491481338843134100E-015, -2.103039807092401000E-031 ) ) ;
#1831 = ITEM_DEFINED_TRANSFORMATION ( 'NONE', 'NONE', #43,  #1340 ) ;
#1832 = EDGE_CURVE ( 'NONE', #717, #1747, #765, .T. ) ;
#1833 = PERSON_AND_ORGANIZATION ( #15, #598 ) ;
#1834 = CARTESIAN_POINT ( 'NONE',  ( -0.5450000000000002600, 0.05499999999999630200, -0.5050000000000000000 ) ) ;
#1835 = DATE_TIME_ROLE ( 'classification_date' ) ;
#1836 = EDGE_LOOP ( 'NONE', ( #1881, #1482, #258, #1146, #1028 ) ) ;
#1837 = DIRECTION ( 'NONE',  ( 1.355252715606880500E-016, -1.000000000000000000, 0.0000000000000000000 ) ) ;
#1838 = ORIENTED_EDGE ( 'NONE', *, *, #240, .T. ) ;
#1839 = CIRCLE ( 'NONE', #1883, 0.05000000000000012800 ) ;
#1840 = VECTOR ( 'NONE', #624, 1000.000000000000000 ) ;
#1841 = CARTESIAN_POINT ( 'NONE',  ( -2.841876955234095200E-016, 0.05499999999999820300, -0.5050000000000002300 ) ) ;
#1842 = VECTOR ( 'NONE', #1014, 1000.000000000000000 ) ;
#1843 = ORIENTED_EDGE ( 'NONE', *, *, #1791, .F. ) ;
#1844 = PLANE ( 'NONE',  #194 ) ;
#1845 = AXIS2_PLACEMENT_3D ( 'NONE', #657, #1570, #816 ) ;
#1846 = CARTESIAN_POINT ( 'NONE',  ( 0.6999999999999999600, -1.914811208543847800E-015, -0.5049999999999998900 ) ) ;
#1847 = DIRECTION ( 'NONE',  ( 0.0000000000000000000, 0.0000000000000000000, -1.000000000000000000 ) ) ;
#1848 = DIRECTION ( 'NONE',  ( -1.000000000000000000, -3.388131789017200600E-015, 2.258754526011467200E-016 ) ) ;
#1849 = APPROVAL_STATUS ( 'not_yet_approved' ) ;
#1850 = PRODUCT_DEFINITION_SHAPE ( 'NONE', 'NONE',  #1971 ) ;
#1851 = DIRECTION ( 'NONE',  ( 0.0000000000000000000, 1.000000000000000000, 0.0000000000000000000 ) ) ;
#1852 = DIRECTION ( 'NONE',  ( -1.355252715606880500E-016, -1.000000000000000000, -0.0000000000000000000 ) ) ;
#1853 = DIRECTION ( 'NONE',  ( 0.0000000000000000000, 1.000000000000000000, -3.501069515317774900E-015 ) ) ;
#1854 = CARTESIAN_POINT ( 'NONE',  ( -2.200000000000000200, 1.550000000000000500, 2.750000000000000000 ) ) ;
#1855 = CARTESIAN_POINT ( 'NONE',  ( 0.03499999999999988500, 0.004999999999999837000, -0.05499999999999982000 ) ) ;
#1856 = DATE_TIME_ROLE ( 'creation_date' ) ;
#1857 = ORIENTED_EDGE ( 'NONE', *, *, #924, .T. ) ;
#1858 = CARTESIAN_POINT ( 'NONE',  ( 2.199999999999999300, 1.550000000000000500, 0.05000000000000012800 ) ) ;
#1859 = DATE_AND_TIME ( #286, #709 ) ;
#1860 = DIRECTION ( 'NONE',  ( 0.0000000000000000000, 3.491481338843133700E-015, 1.000000000000000000 ) ) ;
#1861 = DIRECTION ( 'NONE',  ( 1.000000000000000000, 8.673617379884049700E-015, 0.0000000000000000000 ) ) ;
#1862 = AXIS2_PLACEMENT_3D ( 'NONE', #641, #190, #664 ) ;
#1863 = AXIS2_PLACEMENT_3D ( 'NONE', #964, #1689, #71 ) ;
#1864 = VERTEX_POINT ( 'NONE', #353 ) ;
#1865 = ORIENTED_EDGE ( 'NONE', *, *, #419, .T. ) ;
#1866 = DATE_TIME_ROLE ( 'classification_date' ) ;
#1867 = LINE ( 'NONE', #288, #1325 ) ;
#1868 = ORIENTED_EDGE ( 'NONE', *, *, #79, .T. ) ;
#1869 = VECTOR ( 'NONE', #787, 1000.000000000000000 ) ;
#1870 = DIRECTION ( 'NONE',  ( 1.000000000000000000, -0.0000000000000000000, 0.0000000000000000000 ) ) ;
#1871 = DIRECTION ( 'NONE',  ( 0.0000000000000000000, 0.0000000000000000000, 1.000000000000000000 ) ) ;
#1872 = LINE ( 'NONE', #1574, #1076 ) ;
#1873 = CC_DESIGN_APPROVAL ( #1781, ( #1668 ) ) ;
#1874 = EDGE_LOOP ( 'NONE', ( #1342, #1586, #1343, #279 ) ) ;
#1875 = CARTESIAN_POINT ( 'NONE',  ( -2.200000000000000200, 1.550000000000000500, 2.750000000000000000 ) ) ;
#1876 = DIRECTION ( 'NONE',  ( 0.0000000000000000000, 0.0000000000000000000, -1.000000000000000000 ) ) ;
#1877 = EDGE_CURVE ( 'NONE', #1954, #1184, #404, .T. ) ;
#1878 = EDGE_CURVE ( 'NONE', #4, #66, #1511, .T. ) ;
#1879 = CARTESIAN_POINT ( 'NONE',  ( 2.249999999999999100, -1.550000000000000000, 2.799999999999999800 ) ) ;
#1880 = EDGE_CURVE ( 'NONE', #1896, #751, #1127, .T. ) ;
#1881 = ORIENTED_EDGE ( 'NONE', *, *, #438, .F. ) ;
#1882 = DATE_AND_TIME ( #306, #727 ) ;
#1883 = AXIS2_PLACEMENT_3D ( 'NONE', #906, #1469, #1914 ) ;
#1884 = CARTESIAN_POINT ( 'NONE',  ( -1.924082117998310300E-016, 0.05499999999999993800, -1.888318783745584000E-016 ) ) ;
#1885 = DIRECTION ( 'NONE',  ( 0.0000000000000000000, -1.000000000000000000, 3.491481338843134100E-015 ) ) ;
#1886 = CC_DESIGN_APPROVAL ( #1794, ( #1582 ) ) ;
#1887 = ORIENTED_EDGE ( 'NONE', *, *, #32, .T. ) ;
#1888 = CARTESIAN_POINT ( 'NONE',  ( -1.466219796827646800E-016, 0.04999999999999994000, -1.716653439768712600E-016 ) ) ;
#1889 = CARTESIAN_POINT ( 'NONE',  ( 1.942047137313905700, -0.04675110204832642900, 5.904999999999998500 ) ) ;
#1890 = APPROVAL_DATE_TIME ( #312, #1934 ) ;
#1891 = LOCAL_TIME ( 8, 55, 42.00000000000000000, #314 ) ;
#1892 = AXIS2_PLACEMENT_3D ( 'NONE', #823, #1555, #501 ) ;
#1893 = CARTESIAN_POINT ( 'NONE',  ( -7.950815931560343800E-018, 0.05499999999999984800, -0.005000000000000000100 ) ) ;
#1894 = ORIENTED_EDGE ( 'NONE', *, *, #1609, .F. ) ;
#1895 = DIRECTION ( 'NONE',  ( 0.0000000000000000000, 1.000000000000000000, 0.0000000000000000000 ) ) ;
#1896 = VERTEX_POINT ( 'NONE', #1095 ) ;
#1897 = LINE ( 'NONE', #1175, #117 ) ;
#1898 = CARTESIAN_POINT ( 'NONE',  ( 0.6950000000000000600, 0.03499999999999965600, -0.05499999999999982000 ) ) ;
#1899 = FACE_OUTER_BOUND ( 'NONE', #1442, .T. ) ;
#1900 = ORIENTED_EDGE ( 'NONE', *, *, #878, .T. ) ;
#1901 = CARTESIAN_POINT ( 'NONE',  ( 2.199999999999998800, -1.550000000000000000, 0.05000000000000012800 ) ) ;
#1902 = CC_DESIGN_APPROVAL ( #1799, ( #1490 ) ) ;
#1903 = EDGE_CURVE ( 'NONE', #643, #934, #1073, .T. ) ;
#1904 = CARTESIAN_POINT ( 'NONE',  ( 0.6950000000000000600, 0.03499999999999965600, -0.5049999999999998900 ) ) ;
#1905 = APPLICATION_PROTOCOL_DEFINITION ( 'international standard', 'config_control_design', 1994, #534 ) ;
#1906 = FACE_OUTER_BOUND ( 'NONE', #1359, .T. ) ;
#1907 = DIRECTION ( 'NONE',  ( 0.0000000000000000000, 0.0000000000000000000, 1.000000000000000000 ) ) ;
#1908 = CARTESIAN_POINT ( 'NONE',  ( 0.0000000000000000000, 0.004999999999999825800, -0.05499999999999982700 ) ) ;
#1909 = AXIS2_PLACEMENT_3D ( 'NONE', #394, #379, #846 ) ;
#1910 = CARTESIAN_POINT ( 'NONE',  ( 0.03499999999999978800, 0.03499999999999826200, -0.5050000000000000000 ) ) ;
#1911 = APPROVAL_STATUS ( 'not_yet_approved' ) ;
#1912 = EDGE_CURVE ( 'NONE', #1158, #577, #1178, .T. ) ;
#1913 = EDGE_CURVE ( 'NONE', #567, #861, #257, .T. ) ;
#1914 = DIRECTION ( 'NONE',  ( -1.000000000000000000, 0.0000000000000000000, 0.0000000000000000000 ) ) ;
#1915 = DIRECTION ( 'NONE',  ( -0.0000000000000000000, -0.0000000000000000000, -1.000000000000000000 ) ) ;
#1916 = DIRECTION ( 'NONE',  ( -3.491481338843134100E-015, 1.000000000000000000, -3.162256336416055100E-015 ) ) ;
#1917 = EDGE_LOOP ( 'NONE', ( #1292, #1589, #1921, #285 ) ) ;
#1918 = PERSON_AND_ORGANIZATION ( #15, #598 ) ;
#1919 = DIRECTION ( 'NONE',  ( -3.491481338843134100E-015, 1.000000000000000000, -3.162256336416055100E-015 ) ) ;
#1920 = AXIS2_PLACEMENT_3D ( 'NONE', #373, #1301, #212 ) ;
#1921 = ORIENTED_EDGE ( 'NONE', *, *, #1499, .F. ) ;
#1922 = ORIENTED_EDGE ( 'NONE', *, *, #1493, .T. ) ;
#1923 = EDGE_CURVE ( 'NONE', #861, #1710, #293, .T. ) ;
#1924 = CARTESIAN_POINT ( 'NONE',  ( 2.199999999999998800, -1.550000000000000000, 2.750000000000000000 ) ) ;
#1925 = EDGE_CURVE ( 'NONE', #783, #1512, #1474, .T. ) ;
#1926 = PRODUCT ( 'Plating', 'Plating', '', ( #1 ) ) ;
#1927 = CARTESIAN_POINT ( 'NONE',  ( -2.168404344971008900E-016, 1.500000000000000000, -0.005000000000000000100 ) ) ;
#1928 = EDGE_LOOP ( 'NONE', ( #170, #794, #1043 ) ) ;
#1929 = VECTOR ( 'NONE', #45, 1000.000000000000000 ) ;
#1930 = ORIENTED_EDGE ( 'NONE', *, *, #1402, .F. ) ;
#1931 = FACE_OUTER_BOUND ( 'NONE', #433, .T. ) ;
#1932 = DIRECTION ( 'NONE',  ( 0.0000000000000000000, -1.000000000000000000, 0.0000000000000000000 ) ) ;
#1933 = FACE_OUTER_BOUND ( 'NONE', #1450, .T. ) ;
#1934 = APPROVAL ( #1109, 'UNKNOWN' ) ;
#1935 = ORIENTED_EDGE ( 'NONE', *, *, #1878, .T. ) ;
#1936 = DIRECTION ( 'NONE',  ( 3.491481338843134100E-015, -1.000000000000000000, 3.491481338843134100E-015 ) ) ;
#1937 = CALENDAR_DATE ( 2018, 29, 6 ) ;
#1938 = CARTESIAN_POINT ( 'NONE',  ( -0.4950000000000001100, 0.05499999999999802300, -0.05499999999999995900 ) ) ;
#1939 = DATE_AND_TIME ( #374, #780 ) ;
#1940 = CALENDAR_DATE ( 2018, 29, 6 ) ;
#1941 = ORIENTED_EDGE ( 'NONE', *, *, #1912, .F. ) ;
#1942 = ORIENTED_EDGE ( 'NONE', *, *, #1293, .T. ) ;
#1943 = LINE ( 'NONE', #1950, #1962 ) ;
#1944 = EDGE_CURVE ( 'NONE', #1864, #66, #1438, .T. ) ;
#1945 = VECTOR ( 'NONE', #128, 1000.000000000000000 ) ;
#1946 = EDGE_LOOP ( 'NONE', ( #1491, #1170, #656, #115 ) ) ;
#1947 = EDGE_LOOP ( 'NONE', ( #811, #1393, #1805, #157 ) ) ;
#1948 = ADVANCED_FACE ( 'NONE', ( #205 ), #1786, .T. ) ;
#1949 = VECTOR ( 'NONE', #1919, 1000.000000000000000 ) ;
#1950 = CARTESIAN_POINT ( 'NONE',  ( -3.210254870093798300E-016, 0.03499999999999656200, -0.9550000000000000700 ) ) ;
#1951 = DIRECTION ( 'NONE',  ( 0.0000000000000000000, 3.491481338843133700E-015, 1.000000000000000000 ) ) ;
#1952 = ORGANIZATION ( 'NAUO-ORG5', 'UNSPECIFIED', 'UNSPECIFIED' ) ;
#1953 = ADVANCED_FACE ( 'NONE', ( #571 ), #1737, .T. ) ;
#1954 = VERTEX_POINT ( 'NONE', #647 ) ;
#1955 = LOCAL_TIME ( 8, 55, 42.00000000000000000, #397 ) ;
#1956 = VERTEX_POINT ( 'NONE', #1122 ) ;
#1957 = DIRECTION ( 'NONE',  ( 1.000000000000000000, 3.499016102112311300E-015, 0.0000000000000000000 ) ) ;
#1958 = ADVANCED_FACE ( 'NONE', ( #920 ), #54, .F. ) ;
#1959 = ORIENTED_EDGE ( 'NONE', *, *, #559, .F. ) ;
#1960 = FACE_OUTER_BOUND ( 'NONE', #99, .T. ) ;
#1961 = ORIENTED_EDGE ( 'NONE', *, *, #1793, .T. ) ;
#1962 = VECTOR ( 'NONE', #556, 1000.000000000000000 ) ;
#1963 = AXIS2_PLACEMENT_3D ( 'NONE', #336, #1399, #1717 ) ;
#1964 = AXIS2_PLACEMENT_3D ( 'NONE', #980, #1851, #1311 ) ;
#1965 = FACE_OUTER_BOUND ( 'NONE', #951, .T. ) ;
#1966 = DIRECTION ( 'NONE',  ( -0.0000000000000000000, -1.000000000000000000, 3.491481338843134100E-015 ) ) ;
#1967 = VECTOR ( 'NONE', #1426, 1000.000000000000000 ) ;
#1968 = ADVANCED_FACE ( 'NONE', ( #983 ), #1602, .F. ) ;
#1969 = EDGE_CURVE ( 'NONE', #228, #1532, #1382, .T. ) ;
#1970 = NEXT_ASSEMBLY_USAGE_OCCURRENCE ( 'NAUO1', ' ', ' ', #1183, #227, $ ) ;
#1971 = NEXT_ASSEMBLY_USAGE_OCCURRENCE ( 'NAUO2', ' ', ' ', #1183, #922, $ ) ;
#1972 = NEXT_ASSEMBLY_USAGE_OCCURRENCE ( 'NAUO3', ' ', ' ', #1183, #922, $ ) ;
#1973 = NEXT_ASSEMBLY_USAGE_OCCURRENCE ( 'NAUO4', ' ', ' ', #1183, #922, $ ) ;
#1974 = NEXT_ASSEMBLY_USAGE_OCCURRENCE ( 'NAUO5', ' ', ' ', #1183, #922, $ ) ;
ENDSEC;
END-ISO-10303-21;
