ISO-10303-21;
HEADER;
FILE_DESCRIPTION (( 'STEP AP214' ),
    '1' );
FILE_NAME ('5680F5_5.STEP',
    '2024-05-02T07:46:13',
    ( '' ),
    ( '' ),
    'SwSTEP 2.0',
    'SolidWorks 2021',
    '' );
FILE_SCHEMA (( 'AUTOMOTIVE_DESIGN' ));
ENDSEC;

DATA;
#1 = COLOUR_RGB ( '',1.000000000000000000, 1.000000000000000000, 1.000000000000000000 ) ;
#2 = SURFACE_STYLE_USAGE ( .BOTH. , #1859 ) ;
#3 = VECTOR ( 'NONE', #733, 1000.000000000000000 ) ;
#4 = ORIENTED_EDGE ( 'NONE', *, *, #1381, .T. ) ;
#5 = UNCERTAINTY_MEASURE_WITH_UNIT (LENGTH_MEASURE( 1.000000000000000082E-05 ), #727, 'distance_accuracy_value', 'NONE');
#6 = EDGE_CURVE ( 'NONE', #1536, #1776, #693, .T. ) ;
#7 = DIRECTION ( 'NONE',  ( -0.000000000000000000, 1.000000000000000000, -0.000000000000000000 ) ) ;
#8 = CARTESIAN_POINT ( 'NONE',  ( 1.523999999999999799, -14.35016634762505738, -1.660524589823241026 ) ) ;
#9 = SURFACE_STYLE_USAGE ( .BOTH. , #488 ) ;
#10 = ORIENTED_EDGE ( 'NONE', *, *, #1457, .T. ) ;
#11 =( LENGTH_UNIT ( ) NAMED_UNIT ( * ) SI_UNIT ( .MILLI., .METRE. ) );
#12 = EDGE_CURVE ( 'NONE', #882, #1244, #533, .T. ) ;
#13 = CARTESIAN_POINT ( 'NONE',  ( -1.523999999999998911, 0.08425414206046882848, -4.708524589823241513 ) ) ;
#14 = DIRECTION ( 'NONE',  ( 0.000000000000000000, 0.000000000000000000, 1.000000000000000000 ) ) ;
#15 = PLANE ( 'NONE',  #478 ) ;
#16 = EDGE_LOOP ( 'NONE', ( #1936, #2178, #1629 ) ) ;
#17 = FILL_AREA_STYLE ('',( #715 ) ) ;
#18 = FILL_AREA_STYLE_COLOUR ( '', #326 ) ;
#19 = PLANE ( 'NONE',  #155 ) ;
#20 = VERTEX_POINT ( 'NONE', #374 ) ;
#21 = LINE ( 'NONE', #1568, #521 ) ;
#22 = EDGE_CURVE ( 'NONE', #1244, #1947, #2055, .T. ) ;
#23 = PRESENTATION_STYLE_ASSIGNMENT (( #1399 ) ) ;
#24 = EDGE_CURVE ( 'NONE', #1325, #1286, #1889, .T. ) ;
#25 = DIRECTION ( 'NONE',  ( -0.000000000000000000, 1.000000000000000000, -0.000000000000000000 ) ) ;
#26 = DIRECTION ( 'NONE',  ( 1.000000000000000000, 0.000000000000000000, 4.192930076160990815E-16 ) ) ;
#27 = AXIS2_PLACEMENT_3D ( 'NONE', #1043, #1360, #1352 ) ;
#28 = VERTEX_POINT ( 'NONE', #1728 ) ;
#29 = PRESENTATION_STYLE_ASSIGNMENT (( #198 ) ) ;
#30 = VERTEX_POINT ( 'NONE', #1875 ) ;
#31 = DIRECTION ( 'NONE',  ( -0.000000000000000000, -0.000000000000000000, -1.000000000000000000 ) ) ;
#32 = CARTESIAN_POINT ( 'NONE',  ( 7.134528042149772725E-16, -2.201745857939532591, 4.435475410176758615 ) ) ;
#33 = CARTESIAN_POINT ( 'NONE',  ( -1.523999999999998911, 0.08425414206046882848, -4.200524589823242394 ) ) ;
#34 = CARTESIAN_POINT ( 'NONE',  ( -1.523999999999998911, -14.35016634762505738, -4.200524589823242394 ) ) ;
#35 = DIRECTION ( 'NONE',  ( 1.000000000000000000, 0.000000000000000000, 0.000000000000000000 ) ) ;
#36 = VECTOR ( 'NONE', #1569, 1000.000000000000000 ) ;
#37 = LINE ( 'NONE', #1704, #1581 ) ;
#38 = ORIENTED_EDGE ( 'NONE', *, *, #716, .F. ) ;
#39 = AXIS2_PLACEMENT_3D ( 'NONE', #1076, #745, #278 ) ;
#40 = SPHERICAL_SURFACE ( 'NONE', #78, 1.524000000000000021 ) ;
#41 = COLOUR_RGB ( '',1.000000000000000000, 1.000000000000000000, 1.000000000000000000 ) ;
#42 = EDGE_LOOP ( 'NONE', ( #2020, #2082, #1044, #1812 ) ) ;
#43 = COLOUR_RGB ( '',0.000000000000000000, 1.000000000000000000, 0.000000000000000000 ) ;
#44 = CARTESIAN_POINT ( 'NONE',  ( -1.524000000000000465, -9.186745857939525806, -2.168524589823241477 ) ) ;
#45 = CARTESIAN_POINT ( 'NONE',  ( 1.641974387893081699, 0.3397210681793748632, 3.419475410176758601 ) ) ;
#46 = EDGE_LOOP ( 'NONE', ( #2027, #510, #1487, #1984 ) ) ;
#47 = CARTESIAN_POINT ( 'NONE',  ( 1.015999999999999792, -9.186745857939515147, -2.168524589823241477 ) ) ;
#48 = PRESENTATION_LAYER_ASSIGNMENT (  '', '', ( #931 ) ) ;
#49 = DIRECTION ( 'NONE',  ( -0.7071067811865492381, 0.7071067811865457964, -0.000000000000000000 ) ) ;
#50 = CARTESIAN_POINT ( 'NONE',  ( -2.539999999999998259, -4.741745857939533515, -5.724524589823240639 ) ) ;
#51 = ORIENTED_EDGE ( 'NONE', *, *, #93, .F. ) ;
#52 = FACE_OUTER_BOUND ( 'NONE', #1249, .T. ) ;
#53 = EDGE_CURVE ( 'NONE', #952, #730, #853, .T. ) ;
#54 = DIRECTION ( 'NONE',  ( 0.000000000000000000, 0.000000000000000000, 1.000000000000000000 ) ) ;
#55 = LINE ( 'NONE', #743, #886 ) ;
#56 = ADVANCED_FACE ( 'NONE', ( #1210 ), #1328, .F. ) ;
#57 = EDGE_LOOP ( 'NONE', ( #2145, #1853, #1521, #486 ) ) ;
#58 = AXIS2_PLACEMENT_3D ( 'NONE', #112, #632, #1627 ) ;
#59 = DIRECTION ( 'NONE',  ( -0.000000000000000000, 1.000000000000000000, -0.000000000000000000 ) ) ;
#60 = ADVANCED_FACE ( 'NONE', ( #309 ), #2030, .F. ) ;
#61 =( NAMED_UNIT ( * ) PLANE_ANGLE_UNIT ( ) SI_UNIT ( $, .RADIAN. ) );
#62 = AXIS2_PLACEMENT_3D ( 'NONE', #1968, #1945, #450 ) ;
#63 = SPHERICAL_SURFACE ( 'NONE', #1300, 1.524000000000000021 ) ;
#64 = VERTEX_POINT ( 'NONE', #1160 ) ;
#65 = PRESENTATION_LAYER_ASSIGNMENT (  '', '', ( #1400 ) ) ;
#66 = CARTESIAN_POINT ( 'NONE',  ( -1.641974387893086806, 5.164254142060467956, -5.724524589823240639 ) ) ;
#67 = STYLED_ITEM ( 'NONE', ( #293 ), #1721 ) ;
#68 = SURFACE_STYLE_FILL_AREA ( #1397 ) ;
#69 = DIRECTION ( 'NONE',  ( -0.000000000000000000, -0.000000000000000000, 1.000000000000000000 ) ) ;
#70 = PLANE ( 'NONE',  #2096 ) ;
#71 = ORIENTED_EDGE ( 'NONE', *, *, #187, .T. ) ;
#72 = FACE_OUTER_BOUND ( 'NONE', #1943, .T. ) ;
#73 = PLANE ( 'NONE',  #1781 ) ;
#74 = EDGE_LOOP ( 'NONE', ( #610, #1346, #638, #123 ) ) ;
#75 = CARTESIAN_POINT ( 'NONE',  ( 7.134528042149772725E-16, -2.201745857939532591, 0.8794754101767585652 ) ) ;
#76 = STYLED_ITEM ( 'NONE', ( #1427 ), #1299 ) ;
#77 = CARTESIAN_POINT ( 'NONE',  ( -1.523999999999998911, -14.35016634762505738, -4.200524589823242394 ) ) ;
#78 = AXIS2_PLACEMENT_3D ( 'NONE', #717, #388, #1234 ) ;
#79 = ORIENTED_EDGE ( 'NONE', *, *, #629, .F. ) ;
#80 = EDGE_CURVE ( 'NONE', #1570, #704, #1469, .T. ) ;
#81 = CARTESIAN_POINT ( 'NONE',  ( -1.524000000000000021, 2.878254142060467480, 0.8794754101767585652 ) ) ;
#82 = DIRECTION ( 'NONE',  ( 0.000000000000000000, 0.000000000000000000, 1.000000000000000000 ) ) ;
#83 = FILL_AREA_STYLE ('',( #1794 ) ) ;
#84 = ORIENTED_EDGE ( 'NONE', *, *, #1065, .T. ) ;
#85 = MECHANICAL_DESIGN_GEOMETRIC_PRESENTATION_REPRESENTATION (  '', ( #755 ), #658 ) ;
#86 = DIRECTION ( 'NONE',  ( -0.000000000000000000, -0.000000000000000000, -1.000000000000000000 ) ) ;
#87 = PLANE ( 'NONE',  #1167 ) ;
#88 = VERTEX_POINT ( 'NONE', #162 ) ;
#89 = ADVANCED_FACE ( 'NONE', ( #1867 ), #503, .T. ) ;
#90 = PLANE ( 'NONE',  #39 ) ;
#91 = SURFACE_STYLE_FILL_AREA ( #254 ) ;
#92 = CARTESIAN_POINT ( 'NONE',  ( 7.134528042149772725E-16, -2.201745857939532591, 4.435475410176758615 ) ) ;
#93 = EDGE_CURVE ( 'NONE', #1143, #20, #1482, .T. ) ;
#94 = EDGE_LOOP ( 'NONE', ( #1987, #1179, #1085, #650 ) ) ;
#95 = CARTESIAN_POINT ( 'NONE',  ( -1.641974387893086806, 0.5922541420604686691, -5.724524589823240639 ) ) ;
#96 = COLOUR_RGB ( '',1.000000000000000000, 1.000000000000000000, 1.000000000000000000 ) ;
#97 = FACE_BOUND ( 'NONE', #1404, .T. ) ;
#98 = EDGE_CURVE ( 'NONE', #1697, #1808, #1648, .T. ) ;
#99 = VECTOR ( 'NONE', #1436, 1000.000000000000000 ) ;
#100 = EDGE_LOOP ( 'NONE', ( #815, #1080, #758, #2134 ) ) ;
#101 = DIRECTION ( 'NONE',  ( 7.529181753371559939E-17, 0.000000000000000000, 1.000000000000000000 ) ) ;
#102 = EDGE_CURVE ( 'NONE', #1528, #241, #1139, .T. ) ;
#103 = PRESENTATION_LAYER_ASSIGNMENT (  '', '', ( #777 ) ) ;
#104 = FILL_AREA_STYLE_COLOUR ( '', #1909 ) ;
#105 = SURFACE_STYLE_USAGE ( .BOTH. , #1772 ) ;
#106 = PLANE ( 'NONE',  #338 ) ;
#107 = EDGE_LOOP ( 'NONE', ( #1923, #2157, #592, #447 ) ) ;
#108 =( NAMED_UNIT ( * ) SI_UNIT ( $, .STERADIAN. ) SOLID_ANGLE_UNIT ( ) );
#109 = SURFACE_SIDE_STYLE ('',( #953 ) ) ;
#110 = VERTEX_POINT ( 'NONE', #381 ) ;
#111 = VERTEX_POINT ( 'NONE', #1559 ) ;
#112 = CARTESIAN_POINT ( 'NONE',  ( 1.641974387893085918, -4.741745857939533515, -1.152524589823239687 ) ) ;
#113 = CARTESIAN_POINT ( 'NONE',  ( -1.641974387893086584, 5.164254142060467956, 3.419475410176758601 ) ) ;
#114 = ORIENTED_EDGE ( 'NONE', *, *, #2162, .F. ) ;
#115 = MECHANICAL_DESIGN_GEOMETRIC_PRESENTATION_REPRESENTATION (  '', ( #613 ), #150 ) ;
#116 = COLOUR_RGB ( '',1.000000000000000000, 1.000000000000000000, 1.000000000000000000 ) ;
#117 = AXIS2_PLACEMENT_3D ( 'NONE', #32, #1553, #1761 ) ;
#118 = DIRECTION ( 'NONE',  ( -0.7071067811865457964, -0.7071067811865492381, 0.000000000000000000 ) ) ;
#119 = AXIS2_PLACEMENT_3D ( 'NONE', #1011, #1172, #838 ) ;
#120 = DIRECTION ( 'NONE',  ( 0.000000000000000000, -0.000000000000000000, 1.000000000000000000 ) ) ;
#121 = DIRECTION ( 'NONE',  ( -7.529181753371561172E-17, 7.529181753371524194E-17, -1.000000000000000000 ) ) ;
#122 = DIRECTION ( 'NONE',  ( -0.000000000000000000, 1.000000000000000000, -0.000000000000000000 ) ) ;
#123 = ORIENTED_EDGE ( 'NONE', *, *, #709, .T. ) ;
#124 = DIRECTION ( 'NONE',  ( 0.000000000000000000, 0.000000000000000000, 1.000000000000000000 ) ) ;
#125 = ADVANCED_FACE ( 'NONE', ( #1379 ), #371, .F. ) ;
#126 = LINE ( 'NONE', #487, #2078 ) ;
#127 = AXIS2_PLACEMENT_3D ( 'NONE', #1701, #850, #516 ) ;
#128 = ORIENTED_EDGE ( 'NONE', *, *, #98, .F. ) ;
#129 = DIRECTION ( 'NONE',  ( -0.7071067811865492381, 0.7071067811865457964, 0.000000000000000000 ) ) ;
#130 = EDGE_CURVE ( 'NONE', #2122, #739, #232, .T. ) ;
#131 = UNCERTAINTY_MEASURE_WITH_UNIT (LENGTH_MEASURE( 1.000000000000000082E-05 ), #1371, 'distance_accuracy_value', 'NONE');
#132 = CARTESIAN_POINT ( 'NONE',  ( -1.641974387893086806, -2.201745857939531259, -5.724524589823240639 ) ) ;
#133 = SURFACE_STYLE_USAGE ( .BOTH. , #1826 ) ;
#134 = LINE ( 'NONE', #989, #2105 ) ;
#135 = VERTEX_POINT ( 'NONE', #1389 ) ;
#136 = AXIS2_PLACEMENT_3D ( 'NONE', #696, #1880, #2049 ) ;
#137 = SURFACE_STYLE_USAGE ( .BOTH. , #176 ) ;
#138 = ORIENTED_EDGE ( 'NONE', *, *, #2184, .T. ) ;
#139 = CARTESIAN_POINT ( 'NONE',  ( 1.641974387893085918, 5.164254142060467956, 3.419475410176758601 ) ) ;
#140 = COLOUR_RGB ( '',0.000000000000000000, 1.000000000000000000, 0.000000000000000000 ) ;
#141 = CARTESIAN_POINT ( 'NONE',  ( 1.641974387893086140, -4.187911271473364394, 3.419475410176758601 ) ) ;
#142 = DIRECTION ( 'NONE',  ( -1.000000000000000000, 0.000000000000000000, 7.529181753371561172E-17 ) ) ;
#143 = VERTEX_POINT ( 'NONE', #1357 ) ;
#144 = CARTESIAN_POINT ( 'NONE',  ( -1.641974387893086806, 0.5922541420604686691, -5.724524589823240639 ) ) ;
#145 =( NAMED_UNIT ( * ) PLANE_ANGLE_UNIT ( ) SI_UNIT ( $, .RADIAN. ) );
#146 = ORIENTED_EDGE ( 'NONE', *, *, #1173, .F. ) ;
#147 = VERTEX_POINT ( 'NONE', #47 ) ;
#148 = LINE ( 'NONE', #979, #703 ) ;
#149 = EDGE_CURVE ( 'NONE', #2168, #1715, #1921, .T. ) ;
#150 =( GEOMETRIC_REPRESENTATION_CONTEXT ( 3 ) GLOBAL_UNCERTAINTY_ASSIGNED_CONTEXT ( ( #724 ) ) GLOBAL_UNIT_ASSIGNED_CONTEXT ( ( #2068, #1394, #570 ) ) REPRESENTATION_CONTEXT ( 'NONE', 'WORKASPACE' ) );
#151 = VECTOR ( 'NONE', #1466, 1000.000000000000000 ) ;
#152 = VECTOR ( 'NONE', #763, 1000.000000000000000 ) ;
#153 = VECTOR ( 'NONE', #121, 1000.000000000000000 ) ;
#154 = FILL_AREA_STYLE_COLOUR ( '', #920 ) ;
#155 = AXIS2_PLACEMENT_3D ( 'NONE', #1914, #1757, #1395 ) ;
#156 =( NAMED_UNIT ( * ) PLANE_ANGLE_UNIT ( ) SI_UNIT ( $, .RADIAN. ) );
#157 = ORIENTED_EDGE ( 'NONE', *, *, #518, .F. ) ;
#158 = CARTESIAN_POINT ( 'NONE',  ( 1.641974387893085918, 5.164254142060467956, -1.152524589823239687 ) ) ;
#159 = ORIENTED_EDGE ( 'NONE', *, *, #495, .F. ) ;
#160 =( GEOMETRIC_REPRESENTATION_CONTEXT ( 3 ) GLOBAL_UNCERTAINTY_ASSIGNED_CONTEXT ( ( #1022 ) ) GLOBAL_UNIT_ASSIGNED_CONTEXT ( ( #11, #2038, #2028 ) ) REPRESENTATION_CONTEXT ( 'NONE', 'WORKASPACE' ) );
#161 = DIRECTION ( 'NONE',  ( 1.136655944634334133E-16, -1.000000000000000000, 0.000000000000000000 ) ) ;
#162 = CARTESIAN_POINT ( 'NONE',  ( 1.641974387893085918, 5.164254142060467956, 3.419475410176758601 ) ) ;
#163 = FILL_AREA_STYLE ('',( #352 ) ) ;
#164 = ORIENTED_EDGE ( 'NONE', *, *, #1667, .F. ) ;
#165 = EDGE_CURVE ( 'NONE', #135, #1790, #504, .T. ) ;
#166 =( NAMED_UNIT ( * ) PLANE_ANGLE_UNIT ( ) SI_UNIT ( $, .RADIAN. ) );
#167 = LINE ( 'NONE', #1514, #472 ) ;
#168 = ORIENTED_EDGE ( 'NONE', *, *, #1489, .T. ) ;
#169 = CARTESIAN_POINT ( 'NONE',  ( -2.540000000000000036, -0.5583045439275385879, -5.724524589823240639 ) ) ;
#170 =( NAMED_UNIT ( * ) PLANE_ANGLE_UNIT ( ) SI_UNIT ( $, .RADIAN. ) );
#171 = CIRCLE ( 'NONE', #568, 2.540000000000000480 ) ;
#172 = EDGE_CURVE ( 'NONE', #28, #1737, #725, .T. ) ;
#173 = LINE ( 'NONE', #1868, #1857 ) ;
#174 = ORIENTED_EDGE ( 'NONE', *, *, #1911, .F. ) ;
#175 = CARTESIAN_POINT ( 'NONE',  ( -1.641974387893086584, 5.164254142060467956, 3.419475410176758601 ) ) ;
#176 = SURFACE_SIDE_STYLE ('',( #993 ) ) ;
#177 = ORIENTED_EDGE ( 'NONE', *, *, #1798, .T. ) ;
#178 = SURFACE_SIDE_STYLE ('',( #536 ) ) ;
#179 = CARTESIAN_POINT ( 'NONE',  ( 1.523999999999979149, -9.186745857939513371, -1.660524589823241026 ) ) ;
#180 = CARTESIAN_POINT ( 'NONE',  ( 2.741824265619087558E-16, -2.201745857939531259, -5.724524589823240639 ) ) ;
#181 = DIRECTION ( 'NONE',  ( 1.000000000000000000, 4.000501629853035140E-15, 0.000000000000000000 ) ) ;
#182 = ORIENTED_EDGE ( 'NONE', *, *, #679, .F. ) ;
#183 = COLOUR_RGB ( '',1.000000000000000000, 1.000000000000000000, 1.000000000000000000 ) ;
#184 = UNCERTAINTY_MEASURE_WITH_UNIT (LENGTH_MEASURE( 1.000000000000000082E-05 ), #511, 'distance_accuracy_value', 'NONE');
#185 = VERTEX_POINT ( 'NONE', #2087 ) ;
#186 = LINE ( 'NONE', #1199, #1850 ) ;
#187 = EDGE_CURVE ( 'NONE', #1528, #952, #1738, .T. ) ;
#188 = VERTEX_POINT ( 'NONE', #396 ) ;
#189 = CARTESIAN_POINT ( 'NONE',  ( -1.641974387893082143, 0.3397210681793755294, -5.724524589823240639 ) ) ;
#190 =( NAMED_UNIT ( * ) SI_UNIT ( $, .STERADIAN. ) SOLID_ANGLE_UNIT ( ) );
#191 = LINE ( 'NONE', #33, #1067 ) ;
#192 = PRESENTATION_LAYER_ASSIGNMENT (  '', '', ( #755 ) ) ;
#193 = MECHANICAL_DESIGN_GEOMETRIC_PRESENTATION_REPRESENTATION (  '', ( #975 ), #1999 ) ;
#194 = ORIENTED_EDGE ( 'NONE', *, *, #12, .T. ) ;
#195 = AXIS2_PLACEMENT_3D ( 'NONE', #1588, #446, #925 ) ;
#196 = DIRECTION ( 'NONE',  ( 1.000000000000000000, 0.000000000000000000, 0.000000000000000000 ) ) ;
#197 = ORIENTED_EDGE ( 'NONE', *, *, #1069, .F. ) ;
#198 = SURFACE_STYLE_USAGE ( .BOTH. , #2058 ) ;
#199 = ORIENTED_EDGE ( 'NONE', *, *, #219, .T. ) ;
#200 = SURFACE_STYLE_FILL_AREA ( #1546 ) ;
#201 = DIRECTION ( 'NONE',  ( 1.000000000000000000, 4.000501629853035140E-15, 1.355252715606880543E-15 ) ) ;
#202 = CARTESIAN_POINT ( 'NONE',  ( -1.016000000000000458, 0.08425414206046882848, -1.660524589823241692 ) ) ;
#203 = LINE ( 'NONE', #896, #1956 ) ;
#204 = VECTOR ( 'NONE', #1209, 1000.000000000000000 ) ;
#205 = PLANE ( 'NONE',  #305 ) ;
#206 = LINE ( 'NONE', #2054, #1153 ) ;
#207 = ORIENTED_EDGE ( 'NONE', *, *, #543, .T. ) ;
#208 =( NAMED_UNIT ( * ) PLANE_ANGLE_UNIT ( ) SI_UNIT ( $, .RADIAN. ) );
#209 = ORIENTED_EDGE ( 'NONE', *, *, #573, .T. ) ;
#210 = ORIENTED_EDGE ( 'NONE', *, *, #929, .F. ) ;
#211 = VECTOR ( 'NONE', #1823, 1000.000000000000000 ) ;
#212 = FILL_AREA_STYLE ('',( #1364 ) ) ;
#213 = CARTESIAN_POINT ( 'NONE',  ( -2.540000000000000036, 1.237746680286288203, 3.419475410176758601 ) ) ;
#214 = DIRECTION ( 'NONE',  ( 1.000000000000000000, 4.000501629853035140E-15, 0.000000000000000000 ) ) ;
#215 = VERTEX_POINT ( 'NONE', #360 ) ;
#216 = UNCERTAINTY_MEASURE_WITH_UNIT (LENGTH_MEASURE( 1.000000000000000082E-05 ), #1699, 'distance_accuracy_value', 'NONE');
#217 = EDGE_CURVE ( 'NONE', #1050, #907, #203, .T. ) ;
#218 = CARTESIAN_POINT ( 'NONE',  ( -1.574799999999999311, -2.201745857939532591, 0.8794754101767585652 ) ) ;
#219 = EDGE_CURVE ( 'NONE', #30, #1539, #1572, .T. ) ;
#220 = SHAPE_DEFINITION_REPRESENTATION ( #385, #341 ) ;
#221 = EDGE_CURVE ( 'NONE', #2033, #1731, #708, .T. ) ;
#222 = FILL_AREA_STYLE ('',( #1940 ) ) ;
#223 = EDGE_CURVE ( 'NONE', #1737, #1422, #191, .T. ) ;
#224 = ORIENTED_EDGE ( 'NONE', *, *, #1457, .F. ) ;
#225 = AXIS2_PLACEMENT_3D ( 'NONE', #1965, #1429, #1251 ) ;
#226 = ORIENTED_EDGE ( 'NONE', *, *, #314, .T. ) ;
#227 = CARTESIAN_POINT ( 'NONE',  ( -2.195808974359252819, -4.741745857939531739, 3.419475410176758601 ) ) ;
#228 = DIRECTION ( 'NONE',  ( 0.7071067811865453523, 0.7071067811865496822, -0.000000000000000000 ) ) ;
#229 = DIRECTION ( 'NONE',  ( -1.136655944634333886E-16, -1.000000000000000000, 0.000000000000000000 ) ) ;
#230 = ORIENTED_EDGE ( 'NONE', *, *, #300, .T. ) ;
#231 = EDGE_CURVE ( 'NONE', #390, #694, #351, .T. ) ;
#232 = LINE ( 'NONE', #528, #919 ) ;
#233 = COLOUR_RGB ( '',1.000000000000000000, 1.000000000000000000, 1.000000000000000000 ) ;
#234 = CARTESIAN_POINT ( 'NONE',  ( -3.929550679238063805E-17, 2.878254142060467480, 0.8794754101767585652 ) ) ;
#235 = LINE ( 'NONE', #2067, #1226 ) ;
#236 = ORIENTED_EDGE ( 'NONE', *, *, #699, .F. ) ;
#237 = CARTESIAN_POINT ( 'NONE',  ( 1.615691704514814697, -4.161628588095092951, -1.152524589823239687 ) ) ;
#238 = DIRECTION ( 'NONE',  ( -4.000501629853035140E-15, 1.000000000000000000, 0.000000000000000000 ) ) ;
#239 =( NAMED_UNIT ( * ) SI_UNIT ( $, .STERADIAN. ) SOLID_ANGLE_UNIT ( ) );
#240 = DIRECTION ( 'NONE',  ( -1.000000000000000000, -4.000501629853035140E-15, -3.388131789017203328E-16 ) ) ;
#241 = VERTEX_POINT ( 'NONE', #2076 ) ;
#242 = CARTESIAN_POINT ( 'NONE',  ( 5.402257930264766692E-17, 2.878254142060467480, 5.959475410176758636 ) ) ;
#243 = CARTESIAN_POINT ( 'NONE',  ( -3.929550679238063805E-17, 2.878254142060467480, 4.435475410176758615 ) ) ;
#244 =( NAMED_UNIT ( * ) SI_UNIT ( $, .STERADIAN. ) SOLID_ANGLE_UNIT ( ) );
#245 = EDGE_LOOP ( 'NONE', ( #1416, #744, #524, #2181 ) ) ;
#246 = VECTOR ( 'NONE', #1547, 1000.000000000000000 ) ;
#247 = PRESENTATION_STYLE_ASSIGNMENT (( #1283 ) ) ;
#248 = EDGE_CURVE ( 'NONE', #721, #110, #700, .T. ) ;
#249 =( LENGTH_UNIT ( ) NAMED_UNIT ( * ) SI_UNIT ( .MILLI., .METRE. ) );
#250 =( NAMED_UNIT ( * ) PLANE_ANGLE_UNIT ( ) SI_UNIT ( $, .RADIAN. ) );
#251 =( NAMED_UNIT ( * ) SI_UNIT ( $, .STERADIAN. ) SOLID_ANGLE_UNIT ( ) );
#252 = EDGE_LOOP ( 'NONE', ( #10, #2014, #911, #501 ) ) ;
#253 = FACE_OUTER_BOUND ( 'NONE', #107, .T. ) ;
#254 = FILL_AREA_STYLE ('',( #104 ) ) ;
#255 = PRESENTATION_STYLE_ASSIGNMENT (( #105 ) ) ;
#256 = FACE_OUTER_BOUND ( 'NONE', #2170, .T. ) ;
#257 = ORIENTED_EDGE ( 'NONE', *, *, #873, .F. ) ;
#258 = DIRECTION ( 'NONE',  ( -1.136655944634333886E-16, -1.000000000000000000, 0.000000000000000000 ) ) ;
#259 = VECTOR ( 'NONE', #619, 1000.000000000000000 ) ;
#260 = EDGE_CURVE ( 'NONE', #477, #594, #1753, .T. ) ;
#261 =( LENGTH_UNIT ( ) NAMED_UNIT ( * ) SI_UNIT ( .MILLI., .METRE. ) );
#262 = AXIS2_PLACEMENT_3D ( 'NONE', #180, #14, #1030 ) ;
#263 =( NAMED_UNIT ( * ) PLANE_ANGLE_UNIT ( ) SI_UNIT ( $, .RADIAN. ) );
#264 = CARTESIAN_POINT ( 'NONE',  ( -1.641974387893086806, 0.5922541420604686691, -5.724524589823240639 ) ) ;
#265 = ORIENTED_EDGE ( 'NONE', *, *, #563, .F. ) ;
#266 = DIRECTION ( 'NONE',  ( -1.136655944634333886E-16, 1.000000000000000000, -0.000000000000000000 ) ) ;
#267 = EDGE_CURVE ( 'NONE', #2110, #375, #1217, .T. ) ;
#268 = SURFACE_SIDE_STYLE ('',( #1261 ) ) ;
#269 = DIRECTION ( 'NONE',  ( 1.224646799147353207E-16, 1.000000000000000000, -0.000000000000000000 ) ) ;
#270 = EDGE_CURVE ( 'NONE', #1505, #734, #2174, .T. ) ;
#271 = VECTOR ( 'NONE', #358, 1000.000000000000000 ) ;
#272 = ORIENTED_EDGE ( 'NONE', *, *, #1417, .T. ) ;
#273 = CYLINDRICAL_SURFACE ( 'NONE', #1616, 1.523999999999999799 ) ;
#274 = DIRECTION ( 'NONE',  ( -1.000000000000000000, -4.000501629853035140E-15, 0.000000000000000000 ) ) ;
#275 = CARTESIAN_POINT ( 'NONE',  ( -1.641974387893086584, 5.164254142060467956, 3.419475410176758601 ) ) ;
#276 = ORIENTED_EDGE ( 'NONE', *, *, #223, .F. ) ;
#277 = VERTEX_POINT ( 'NONE', #1194 ) ;
#278 = DIRECTION ( 'NONE',  ( 1.000000000000000000, 0.000000000000000000, -0.000000000000000000 ) ) ;
#279 = PRESENTATION_LAYER_ASSIGNMENT (  '', '', ( #944 ) ) ;
#280 = FACE_OUTER_BOUND ( 'NONE', #585, .T. ) ;
#281 = CIRCLE ( 'NONE', #562, 1.574799999999999978 ) ;
#282 = ORIENTED_EDGE ( 'NONE', *, *, #1907, .F. ) ;
#283 = CARTESIAN_POINT ( 'NONE',  ( -1.523999999999998911, 0.08425414206046882848, -4.200524589823242394 ) ) ;
#284 = MECHANICAL_DESIGN_GEOMETRIC_PRESENTATION_REPRESENTATION (  '', ( #770 ), #1873 ) ;
#285 = ORIENTED_EDGE ( 'NONE', *, *, #674, .F. ) ;
#286 = LINE ( 'NONE', #779, #778 ) ;
#287 = LINE ( 'NONE', #1298, #457 ) ;
#288 = PRESENTATION_STYLE_ASSIGNMENT (( #133 ) ) ;
#289 = ORIENTED_EDGE ( 'NONE', *, *, #149, .T. ) ;
#290 = DIRECTION ( 'NONE',  ( -4.192930076160990322E-16, 0.000000000000000000, 1.000000000000000000 ) ) ;
#291 = ADVANCED_FACE ( 'NONE', ( #735 ), #1018, .F. ) ;
#292 = EDGE_CURVE ( 'NONE', #666, #895, #1366, .T. ) ;
#293 = PRESENTATION_STYLE_ASSIGNMENT (( #1662 ) ) ;
#294 = VERTEX_POINT ( 'NONE', #242 ) ;
#295 = DIRECTION ( 'NONE',  ( 1.000000000000000000, 4.000501629853035140E-15, 3.388131789017203328E-16 ) ) ;
#296 = ORIENTED_EDGE ( 'NONE', *, *, #1698, .T. ) ;
#297 = MECHANICAL_DESIGN_GEOMETRIC_PRESENTATION_REPRESENTATION (  '', ( #2136 ), #327 ) ;
#298 = PRESENTATION_LAYER_ASSIGNMENT (  '', '', ( #966 ) ) ;
#299 = CARTESIAN_POINT ( 'NONE',  ( -3.929550679238063805E-17, 2.878254142060467480, 0.8794754101767585652 ) ) ;
#300 = EDGE_CURVE ( 'NONE', #1502, #1686, #930, .T. ) ;
#301 =( NAMED_UNIT ( * ) PLANE_ANGLE_UNIT ( ) SI_UNIT ( $, .RADIAN. ) );
#302 = DIRECTION ( 'NONE',  ( 7.529181753371561172E-17, 0.000000000000000000, 1.000000000000000000 ) ) ;
#303 = ORIENTED_EDGE ( 'NONE', *, *, #22, .F. ) ;
#304 = DIRECTION ( 'NONE',  ( 7.529181753371559939E-17, 0.000000000000000000, 1.000000000000000000 ) ) ;
#305 = AXIS2_PLACEMENT_3D ( 'NONE', #676, #1894, #559 ) ;
#306 = ORIENTED_EDGE ( 'NONE', *, *, #2017, .F. ) ;
#307 = EDGE_LOOP ( 'NONE', ( #922, #1127, #1864, #1980 ) ) ;
#308 = CARTESIAN_POINT ( 'NONE',  ( -1.641974387893086584, 0.08425414206046882848, -1.152524589823241019 ) ) ;
#309 = FACE_OUTER_BOUND ( 'NONE', #1492, .T. ) ;
#310 = FACE_OUTER_BOUND ( 'NONE', #307, .T. ) ;
#311 = ORIENTED_EDGE ( 'NONE', *, *, #1223, .F. ) ;
#312 = ADVANCED_FACE ( 'NONE', ( #253 ), #1937, .F. ) ;
#313 = LINE ( 'NONE', #801, #640 ) ;
#314 = EDGE_CURVE ( 'NONE', #704, #468, #905, .T. ) ;
#315 = DIRECTION ( 'NONE',  ( 1.000000000000000000, 0.000000000000000000, 0.000000000000000000 ) ) ;
#316 = VERTEX_POINT ( 'NONE', #1791 ) ;
#317 = DIRECTION ( 'NONE',  ( -0.000000000000000000, -0.000000000000000000, -1.000000000000000000 ) ) ;
#318 = DIRECTION ( 'NONE',  ( 1.000000000000000000, 0.000000000000000000, 3.388131789017201849E-16 ) ) ;
#319 = SURFACE_STYLE_FILL_AREA ( #1828 ) ;
#320 = ORIENTED_EDGE ( 'NONE', *, *, #270, .F. ) ;
#321 = FACE_BOUND ( 'NONE', #990, .T. ) ;
#322 = FILL_AREA_STYLE_COLOUR ( '', #1992 ) ;
#323 = EDGE_CURVE ( 'NONE', #2086, #111, #789, .T. ) ;
#324 = ORIENTED_EDGE ( 'NONE', *, *, #53, .F. ) ;
#325 = CARTESIAN_POINT ( 'NONE',  ( 2.539999999999999147, 4.266228529953550286, 3.419475410176758601 ) ) ;
#326 = COLOUR_RGB ( '',1.000000000000000000, 1.000000000000000000, 1.000000000000000000 ) ;
#327 =( GEOMETRIC_REPRESENTATION_CONTEXT ( 3 ) GLOBAL_UNCERTAINTY_ASSIGNED_CONTEXT ( ( #1558 ) ) GLOBAL_UNIT_ASSIGNED_CONTEXT ( ( #1071, #250, #2108 ) ) REPRESENTATION_CONTEXT ( 'NONE', 'WORKASPACE' ) );
#328 = COLOUR_RGB ( '',1.000000000000000000, 1.000000000000000000, 1.000000000000000000 ) ;
#329 = EDGE_CURVE ( 'NONE', #20, #111, #606, .T. ) ;
#330 = VECTOR ( 'NONE', #1897, 1000.000000000000000 ) ;
#331 = PRESENTATION_LAYER_ASSIGNMENT (  '', '', ( #1279 ) ) ;
#332 = VECTOR ( 'NONE', #1383, 1000.000000000000000 ) ;
#333 = DIRECTION ( 'NONE',  ( -0.000000000000000000, -0.000000000000000000, -1.000000000000000000 ) ) ;
#334 = ORIENTED_EDGE ( 'NONE', *, *, #839, .F. ) ;
#335 = EDGE_CURVE ( 'NONE', #978, #802, #2153, .T. ) ;
#336 = CARTESIAN_POINT ( 'NONE',  ( -3.929550679238063805E-17, 2.878254142060467480, 0.8794754101767585652 ) ) ;
#337 = ORIENTED_EDGE ( 'NONE', *, *, #2013, .F. ) ;
#338 = AXIS2_PLACEMENT_3D ( 'NONE', #2167, #142, #302 ) ;
#339 = CARTESIAN_POINT ( 'NONE',  ( 1.523999999999998911, 0.08425414206046882848, -4.200524589823241506 ) ) ;
#340 = EDGE_CURVE ( 'NONE', #895, #1860, #1605, .T. ) ;
#341 = ADVANCED_BREP_SHAPE_REPRESENTATION ( '5680F5_5', ( #1390, #443 ), #723 ) ;
#342 = SURFACE_STYLE_FILL_AREA ( #1679 ) ;
#343 = CARTESIAN_POINT ( 'NONE',  ( 1.574800000000000644, -2.201745857939532591, 0.8794754101767585652 ) ) ;
#344 = ORIENTED_EDGE ( 'NONE', *, *, #6, .T. ) ;
#345 = UNCERTAINTY_MEASURE_WITH_UNIT (LENGTH_MEASURE( 1.000000000000000082E-05 ), #1660, 'distance_accuracy_value', 'NONE');
#346 = VECTOR ( 'NONE', #746, 1000.000000000000000 ) ;
#347 = CARTESIAN_POINT ( 'NONE',  ( -1.523999999999998911, 0.08425414206046882848, -4.708524589823241513 ) ) ;
#348 = EDGE_LOOP ( 'NONE', ( #517, #79, #1577, #2091 ) ) ;
#349 = PRESENTATION_STYLE_ASSIGNMENT (( #868 ) ) ;
#350 = VECTOR ( 'NONE', #788, 1000.000000000000000 ) ;
#351 = LINE ( 'NONE', #1700, #401 ) ;
#352 = FILL_AREA_STYLE_COLOUR ( '', #1933 ) ;
#353 = VERTEX_POINT ( 'NONE', #1955 ) ;
#354 = VECTOR ( 'NONE', #1656, 1000.000000000000000 ) ;
#355 = CARTESIAN_POINT ( 'NONE',  ( -1.524000000000019561, -9.186745857939525806, -4.708524589823241513 ) ) ;
#356 = DIRECTION ( 'NONE',  ( -0.000000000000000000, 1.000000000000000000, -0.000000000000000000 ) ) ;
#357 = ORIENTED_EDGE ( 'NONE', *, *, #80, .F. ) ;
#358 = DIRECTION ( 'NONE',  ( -1.000000000000000000, 0.000000000000000000, -4.192930076160989829E-16 ) ) ;
#359 = CARTESIAN_POINT ( 'NONE',  ( -1.641974387893086584, 0.5922541420604686691, -1.152524589823241019 ) ) ;
#360 = CARTESIAN_POINT ( 'NONE',  ( 1.524000000000000021, 2.878254142060467480, 0.8794754101767585652 ) ) ;
#361 = CARTESIAN_POINT ( 'NONE',  ( 1.523999999999999355, 0.08425414206046882848, -4.708524589823240625 ) ) ;
#362 = VECTOR ( 'NONE', #1140, 1000.000000000000000 ) ;
#363 = EDGE_LOOP ( 'NONE', ( #995, #1396 ) ) ;
#364 = STYLED_ITEM ( 'NONE', ( #2092 ), #1617 ) ;
#365 = CARTESIAN_POINT ( 'NONE',  ( 1.015999999999999570, -14.35016634762505738, -4.708524589823241513 ) ) ;
#366 = SURFACE_STYLE_FILL_AREA ( #2046 ) ;
#367 = PLANE ( 'NONE',  #1448 ) ;
#368 = ORIENTED_EDGE ( 'NONE', *, *, #679, .T. ) ;
#369 = LINE ( 'NONE', #1224, #1318 ) ;
#370 = FILL_AREA_STYLE ('',( #1406 ) ) ;
#371 = PLANE ( 'NONE',  #1638 ) ;
#372 = DIRECTION ( 'NONE',  ( -1.000000000000000000, 0.000000000000000000, 0.000000000000000000 ) ) ;
#373 = DIRECTION ( 'NONE',  ( -1.000000000000000000, -4.000501629853035140E-15, 0.000000000000000000 ) ) ;
#374 = CARTESIAN_POINT ( 'NONE',  ( -1.574799999999999978, 2.878254142060467480, 0.8794754101767585652 ) ) ;
#375 = VERTEX_POINT ( 'NONE', #1105 ) ;
#376 = EDGE_CURVE ( 'NONE', #734, #1884, #1091, .T. ) ;
#377 = COLOUR_RGB ( '',1.000000000000000000, 1.000000000000000000, 1.000000000000000000 ) ;
#378 = CARTESIAN_POINT ( 'NONE',  ( 7.134528042149772725E-16, -2.201745857939532591, 3.419475410176758601 ) ) ;
#379 = LINE ( 'NONE', #2085, #786 ) ;
#380 = ORIENTED_EDGE ( 'NONE', *, *, #130, .T. ) ;
#381 = CARTESIAN_POINT ( 'NONE',  ( 1.015999999999999126, -9.186745857939516924, -4.200524589823242394 ) ) ;
#382 = EDGE_CURVE ( 'NONE', #277, #928, #1583, .T. ) ;
#383 = AXIS2_PLACEMENT_3D ( 'NONE', #1642, #809, #659 ) ;
#384 = MECHANICAL_DESIGN_GEOMETRIC_PRESENTATION_REPRESENTATION (  '', ( #1333 ), #1804 ) ;
#385 = PRODUCT_DEFINITION_SHAPE ( 'NONE', 'NONE',  #1855 ) ;
#386 = PLANE ( 'NONE',  #1615 ) ;
#387 = ORIENTED_EDGE ( 'NONE', *, *, #1320, .F. ) ;
#388 = DIRECTION ( 'NONE',  ( 0.000000000000000000, 1.000000000000000000, 0.000000000000000000 ) ) ;
#389 = ADVANCED_FACE ( 'NONE', ( #416, #2111, #72 ), #90, .T. ) ;
#390 = VERTEX_POINT ( 'NONE', #1614 ) ;
#391 = VECTOR ( 'NONE', #464, 1000.000000000000000 ) ;
#392 = LINE ( 'NONE', #2071, #589 ) ;
#393 = DIRECTION ( 'NONE',  ( 6.776263578034404685E-16, 2.710845348824039254E-30, -1.000000000000000000 ) ) ;
#394 = EDGE_LOOP ( 'NONE', ( #272, #2035, #265, #705, #829 ) ) ;
#395 = ORIENTED_EDGE ( 'NONE', *, *, #622, .T. ) ;
#396 = CARTESIAN_POINT ( 'NONE',  ( -1.015999999999999126, 0.08425414206046882848, -4.708524589823241513 ) ) ;
#397 = CARTESIAN_POINT ( 'NONE',  ( 2.539999999999999591, -0.5583045439275385879, -5.724524589823240639 ) ) ;
#398 = MECHANICAL_DESIGN_GEOMETRIC_PRESENTATION_REPRESENTATION (  '', ( #76 ), #1308 ) ;
#399 = SURFACE_SIDE_STYLE ('',( #1562 ) ) ;
#400 = CARTESIAN_POINT ( 'NONE',  ( 1.641974387893081699, 0.3397210681793748632, 3.419475410176758601 ) ) ;
#401 = VECTOR ( 'NONE', #25, 1000.000000000000000 ) ;
#402 =( NAMED_UNIT ( * ) SI_UNIT ( $, .STERADIAN. ) SOLID_ANGLE_UNIT ( ) );
#403 = SURFACE_STYLE_FILL_AREA ( #938 ) ;
#404 = SURFACE_STYLE_USAGE ( .BOTH. , #1270 ) ;
#405 = CARTESIAN_POINT ( 'NONE',  ( 2.741824265619087558E-16, -2.201745857939531259, 3.419475410176758601 ) ) ;
#406 = ORIENTED_EDGE ( 'NONE', *, *, #499, .F. ) ;
#407 = EDGE_CURVE ( 'NONE', #1570, #718, #1801, .T. ) ;
#408 = DIRECTION ( 'NONE',  ( 4.000501629853035140E-15, 1.000000000000000000, -0.000000000000000000 ) ) ;
#409 = AXIS2_PLACEMENT_3D ( 'NONE', #680, #333, #372 ) ;
#410 = ORIENTED_EDGE ( 'NONE', *, *, #1696, .F. ) ;
#411 = FACE_OUTER_BOUND ( 'NONE', #57, .T. ) ;
#412 = FILL_AREA_STYLE_COLOUR ( '', #1977 ) ;
#413 = PRESENTATION_STYLE_ASSIGNMENT (( #404 ) ) ;
#414 = LINE ( 'NONE', #1736, #430 ) ;
#415 = ORIENTED_EDGE ( 'NONE', *, *, #340, .F. ) ;
#416 = FACE_BOUND ( 'NONE', #363, .T. ) ;
#417 = VECTOR ( 'NONE', #1734, 1000.000000000000000 ) ;
#418 = CARTESIAN_POINT ( 'NONE',  ( -1.641974387893086584, 0.08425414206046882848, -1.152524589823241019 ) ) ;
#419 = DIRECTION ( 'NONE',  ( 1.000000000000000000, 0.000000000000000000, 4.192930076160990322E-16 ) ) ;
#420 = CARTESIAN_POINT ( 'NONE',  ( 1.641974387893081699, 0.3397210681793748632, -5.724524589823240639 ) ) ;
#421 = VERTEX_POINT ( 'NONE', #634 ) ;
#422 = CARTESIAN_POINT ( 'NONE',  ( -2.539999999999980052, -9.186745857939531135, 3.419475410176758601 ) ) ;
#423 = FILL_AREA_STYLE ('',( #602 ) ) ;
#424 = DIRECTION ( 'NONE',  ( -0.000000000000000000, -0.000000000000000000, -1.000000000000000000 ) ) ;
#425 = ORIENTED_EDGE ( 'NONE', *, *, #674, .T. ) ;
#426 = DIRECTION ( 'NONE',  ( -1.000000000000000000, 4.000501629853035140E-15, 0.000000000000000000 ) ) ;
#427 =( NAMED_UNIT ( * ) PLANE_ANGLE_UNIT ( ) SI_UNIT ( $, .RADIAN. ) );
#428 = ORIENTED_EDGE ( 'NONE', *, *, #1667, .T. ) ;
#429 = FACE_OUTER_BOUND ( 'NONE', #394, .T. ) ;
#430 = VECTOR ( 'NONE', #697, 1000.000000000000000 ) ;
#431 = DIRECTION ( 'NONE',  ( 0.000000000000000000, -0.000000000000000000, 1.000000000000000000 ) ) ;
#432 = VECTOR ( 'NONE', #2065, 1000.000000000000000 ) ;
#433 = CARTESIAN_POINT ( 'NONE',  ( 2.540000000000000036, -4.741745857939532627, -5.724524589823240639 ) ) ;
#434 = PRESENTATION_LAYER_ASSIGNMENT (  '', '', ( #1483 ) ) ;
#435 = SURFACE_STYLE_USAGE ( .BOTH. , #1952 ) ;
#436 = PRESENTATION_LAYER_ASSIGNMENT (  '', '', ( #2061 ) ) ;
#437 = ORIENTED_EDGE ( 'NONE', *, *, #1752, .F. ) ;
#438 = DIRECTION ( 'NONE',  ( 0.7071067811865491270, -0.7071067811865459074, -0.000000000000000000 ) ) ;
#439 = CARTESIAN_POINT ( 'NONE',  ( -2.540000000000000036, 4.266228529953550286, 3.419475410176758601 ) ) ;
#440 = LINE ( 'NONE', #798, #552 ) ;
#441 = EDGE_LOOP ( 'NONE', ( #2117, #285 ) ) ;
#442 = CARTESIAN_POINT ( 'NONE',  ( -2.540000000000000036, 4.266228529953550286, 3.419475410176758601 ) ) ;
#443 = AXIS2_PLACEMENT_3D ( 'NONE', #714, #672, #35 ) ;
#444 = FACE_OUTER_BOUND ( 'NONE', #1820, .T. ) ;
#445 = VERTEX_POINT ( 'NONE', #81 ) ;
#446 = DIRECTION ( 'NONE',  ( -1.000000000000000000, -1.645698667320474873E-16, 0.000000000000000000 ) ) ;
#447 = ORIENTED_EDGE ( 'NONE', *, *, #831, .T. ) ;
#448 = DIRECTION ( 'NONE',  ( -0.000000000000000000, 1.000000000000000000, -0.000000000000000000 ) ) ;
#449 = UNCERTAINTY_MEASURE_WITH_UNIT (LENGTH_MEASURE( 1.000000000000000082E-05 ), #879, 'distance_accuracy_value', 'NONE');
#450 = DIRECTION ( 'NONE',  ( 0.7071067811865492381, 0.7071067811865457964, 0.000000000000000000 ) ) ;
#451 = ADVANCED_FACE ( 'NONE', ( #1081 ), #1630, .F. ) ;
#452 = CARTESIAN_POINT ( 'NONE',  ( 1.574799999999999978, 2.878254142060467480, 0.8794754101767585652 ) ) ;
#453 = VECTOR ( 'NONE', #201, 1000.000000000000000 ) ;
#454 = EDGE_CURVE ( 'NONE', #1097, #353, #1779, .T. ) ;
#455 = SURFACE_SIDE_STYLE ('',( #1131 ) ) ;
#456 = ORIENTED_EDGE ( 'NONE', *, *, #476, .F. ) ;
#457 = VECTOR ( 'NONE', #1584, 1000.000000000000000 ) ;
#458 = DIRECTION ( 'NONE',  ( -4.000501629853035140E-15, 1.000000000000000000, 0.000000000000000000 ) ) ;
#459 = DIRECTION ( 'NONE',  ( -1.000000000000000000, 0.000000000000000000, 7.529181753371559939E-17 ) ) ;
#460 = LINE ( 'NONE', #1438, #151 ) ;
#461 = EDGE_CURVE ( 'NONE', #1860, #1216, #286, .T. ) ;
#462 = AXIS2_PLACEMENT_3D ( 'NONE', #1269, #238, #274 ) ;
#463 = ORIENTED_EDGE ( 'NONE', *, *, #2130, .T. ) ;
#464 = DIRECTION ( 'NONE',  ( -0.000000000000000000, -0.000000000000000000, 1.000000000000000000 ) ) ;
#465 = UNCERTAINTY_MEASURE_WITH_UNIT (LENGTH_MEASURE( 1.000000000000000082E-05 ), #1119, 'distance_accuracy_value', 'NONE');
#466 = DIRECTION ( 'NONE',  ( 1.000000000000000000, -0.000000000000000000, 1.355252715606879754E-15 ) ) ;
#467 = PLANE ( 'NONE',  #2150 ) ;
#468 = VERTEX_POINT ( 'NONE', #2138 ) ;
#469 = FILL_AREA_STYLE ('',( #1303 ) ) ;
#470 = AXIS2_PLACEMENT_3D ( 'NONE', #1015, #1324, #648 ) ;
#471 = ORIENTED_EDGE ( 'NONE', *, *, #24, .T. ) ;
#472 = VECTOR ( 'NONE', #1495, 1000.000000000000000 ) ;
#473 = CARTESIAN_POINT ( 'NONE',  ( 1.523999999999999355, -9.186745857939513371, -4.708524589823240625 ) ) ;
#474 =( GEOMETRIC_REPRESENTATION_CONTEXT ( 3 ) GLOBAL_UNCERTAINTY_ASSIGNED_CONTEXT ( ( #131 ) ) GLOBAL_UNIT_ASSIGNED_CONTEXT ( ( #1371, #208, #402 ) ) REPRESENTATION_CONTEXT ( 'NONE', 'WORKASPACE' ) );
#475 = CARTESIAN_POINT ( 'NONE',  ( -1.524000000000000465, -14.35016634762505738, -1.660524589823241692 ) ) ;
#476 = EDGE_CURVE ( 'NONE', #594, #865, #623, .T. ) ;
#477 = VERTEX_POINT ( 'NONE', #1418 ) ;
#478 = AXIS2_PLACEMENT_3D ( 'NONE', #1012, #840, #2032 ) ;
#479 =( LENGTH_UNIT ( ) NAMED_UNIT ( * ) SI_UNIT ( .MILLI., .METRE. ) );
#480 = EDGE_LOOP ( 'NONE', ( #1709, #303, #1869, #1132 ) ) ;
#481 = DIRECTION ( 'NONE',  ( 1.000000000000000000, 4.000501629853035140E-15, 0.000000000000000000 ) ) ;
#482 = AXIS2_PLACEMENT_3D ( 'NONE', #1601, #86, #1426 ) ;
#483 = CIRCLE ( 'NONE', #1739, 1.574799999999999978 ) ;
#484 = VECTOR ( 'NONE', #1375, 1000.000000000000000 ) ;
#485 = EDGE_CURVE ( 'NONE', #2060, #147, #2015, .T. ) ;
#486 = ORIENTED_EDGE ( 'NONE', *, *, #172, .T. ) ;
#487 = CARTESIAN_POINT ( 'NONE',  ( -1.641974387893082143, 0.3397210681793755294, -5.724524589823240639 ) ) ;
#488 = SURFACE_SIDE_STYLE ('',( #1146 ) ) ;
#489 = VERTEX_POINT ( 'NONE', #473 ) ;
#490 = MECHANICAL_DESIGN_GEOMETRIC_PRESENTATION_REPRESENTATION (  '', ( #1400 ), #1692 ) ;
#491 = EDGE_CURVE ( 'NONE', #1715, #1860, #1506, .T. ) ;
#492 = FACE_OUTER_BOUND ( 'NONE', #1020, .T. ) ;
#493 = PRESENTATION_LAYER_ASSIGNMENT (  '', '', ( #669 ) ) ;
#494 = DIRECTION ( 'NONE',  ( 3.388131789017202835E-16, 0.000000000000000000, -1.000000000000000000 ) ) ;
#495 = EDGE_CURVE ( 'NONE', #277, #1647, #1689, .T. ) ;
#496 = VECTOR ( 'NONE', #1468, 1000.000000000000000 ) ;
#497 = DIRECTION ( 'NONE',  ( 0.7071067811865492381, -0.7071067811865457964, 0.000000000000000000 ) ) ;
#498 = ORIENTED_EDGE ( 'NONE', *, *, #2016, .F. ) ;
#499 = EDGE_CURVE ( 'NONE', #188, #28, #1138, .T. ) ;
#500 = DIRECTION ( 'NONE',  ( -1.000000000000000000, 0.000000000000000000, -0.000000000000000000 ) ) ;
#501 = ORIENTED_EDGE ( 'NONE', *, *, #80, .T. ) ;
#502 = CARTESIAN_POINT ( 'NONE',  ( 1.015999999999999792, 0.08425414206046882848, -2.168524589823241477 ) ) ;
#503 = CYLINDRICAL_SURFACE ( 'NONE', #119, 1.523999999999999799 ) ;
#504 = CIRCLE ( 'NONE', #616, 1.524000000000000021 ) ;
#505 = VECTOR ( 'NONE', #1405, 1000.000000000000000 ) ;
#506 = CARTESIAN_POINT ( 'NONE',  ( -1.524000000000021116, -9.186745857939525806, -1.660524589823241692 ) ) ;
#507 = ORIENTED_EDGE ( 'NONE', *, *, #260, .F. ) ;
#508 = PRESENTATION_STYLE_ASSIGNMENT (( #2148 ) ) ;
#509 = CARTESIAN_POINT ( 'NONE',  ( 1.015999999999999126, 0.08425414206046882848, -4.200524589823242394 ) ) ;
#510 = ORIENTED_EDGE ( 'NONE', *, *, #960, .F. ) ;
#511 =( LENGTH_UNIT ( ) NAMED_UNIT ( * ) SI_UNIT ( .MILLI., .METRE. ) );
#512 = COLOUR_RGB ( '',0.000000000000000000, 1.000000000000000000, 0.000000000000000000 ) ;
#513 = FILL_AREA_STYLE ('',( #1895 ) ) ;
#514 = EDGE_CURVE ( 'NONE', #964, #1536, #1009, .T. ) ;
#515 = FILL_AREA_STYLE_COLOUR ( '', #1 ) ;
#516 = DIRECTION ( 'NONE',  ( 1.000000000000000000, 0.000000000000000000, 0.000000000000000000 ) ) ;
#517 = ORIENTED_EDGE ( 'NONE', *, *, #1789, .T. ) ;
#518 = EDGE_CURVE ( 'NONE', #928, #316, #836, .T. ) ;
#519 = UNCERTAINTY_MEASURE_WITH_UNIT (LENGTH_MEASURE( 1.000000000000000082E-05 ), #1177, 'distance_accuracy_value', 'NONE');
#520 = DIRECTION ( 'NONE',  ( 0.000000000000000000, 0.000000000000000000, 1.000000000000000000 ) ) ;
#521 = VECTOR ( 'NONE', #1192, 1000.000000000000000 ) ;
#522 = CARTESIAN_POINT ( 'NONE',  ( 1.641974387893081699, 0.3397210681793748632, 3.419475410176758601 ) ) ;
#523 = LINE ( 'NONE', #534, #332 ) ;
#524 = ORIENTED_EDGE ( 'NONE', *, *, #1858, .F. ) ;
#525 = FACE_OUTER_BOUND ( 'NONE', #348, .T. ) ;
#526 = DIRECTION ( 'NONE',  ( -0.000000000000000000, -0.000000000000000000, -1.000000000000000000 ) ) ;
#527 = MECHANICAL_DESIGN_GEOMETRIC_PRESENTATION_REPRESENTATION (  '', ( #2194 ), #600 ) ;
#528 = CARTESIAN_POINT ( 'NONE',  ( -1.523999999999999133, -2.201745857939532591, 12.80999834828995176 ) ) ;
#529 = DIRECTION ( 'NONE',  ( 1.000000000000000000, -0.000000000000000000, 3.388131789017202835E-16 ) ) ;
#530 = VERTEX_POINT ( 'NONE', #1645 ) ;
#531 = AXIS2_PLACEMENT_3D ( 'NONE', #827, #970, #129 ) ;
#532 = LINE ( 'NONE', #1185, #1729 ) ;
#533 = LINE ( 'NONE', #522, #1777 ) ;
#534 = CARTESIAN_POINT ( 'NONE',  ( -1.015999999999999126, -14.35016634762505738, -4.200524589823242394 ) ) ;
#535 = EDGE_LOOP ( 'NONE', ( #368, #2070, #1852, #320 ) ) ;
#536 = SURFACE_STYLE_FILL_AREA ( #212 ) ;
#537 = FACE_OUTER_BOUND ( 'NONE', #74, .T. ) ;
#538 = DIRECTION ( 'NONE',  ( 6.776263578034404685E-16, 2.710845348824039254E-30, -1.000000000000000000 ) ) ;
#539 = CARTESIAN_POINT ( 'NONE',  ( 1.015999999999999126, -9.186745857939516924, -4.200524589823242394 ) ) ;
#540 = COLOUR_RGB ( '',1.000000000000000000, 1.000000000000000000, 1.000000000000000000 ) ;
#541 = VECTOR ( 'NONE', #118, 1000.000000000000114 ) ;
#542 = FACE_OUTER_BOUND ( 'NONE', #1687, .T. ) ;
#543 = EDGE_CURVE ( 'NONE', #1884, #978, #148, .T. ) ;
#544 = COLOUR_RGB ( '',0.000000000000000000, 1.000000000000000000, 0.000000000000000000 ) ;
#545 = EDGE_CURVE ( 'NONE', #2122, #1050, #1878, .T. ) ;
#546 = ORIENTED_EDGE ( 'NONE', *, *, #1100, .T. ) ;
#547 = DIRECTION ( 'NONE',  ( -6.776263578034403699E-16, -0.000000000000000000, 1.000000000000000000 ) ) ;
#548 = PRESENTATION_STYLE_ASSIGNMENT (( #728 ) ) ;
#549 = ORIENTED_EDGE ( 'NONE', *, *, #587, .F. ) ;
#550 = LINE ( 'NONE', #13, #417 ) ;
#551 = CARTESIAN_POINT ( 'NONE',  ( -2.540000000000000036, 4.266228529953550286, -5.724524589823240639 ) ) ;
#552 = VECTOR ( 'NONE', #609, 1000.000000000000000 ) ;
#553 = DIRECTION ( 'NONE',  ( -6.776263578034404685E-16, -2.710845348824039254E-30, 1.000000000000000000 ) ) ;
#554 = MECHANICAL_DESIGN_GEOMETRIC_PRESENTATION_REPRESENTATION (  '', ( #944 ), #1904 ) ;
#555 = EDGE_CURVE ( 'NONE', #135, #215, #1128, .T. ) ;
#556 =( NAMED_UNIT ( * ) PLANE_ANGLE_UNIT ( ) SI_UNIT ( $, .RADIAN. ) );
#557 = ORIENTED_EDGE ( 'NONE', *, *, #1010, .T. ) ;
#558 = VERTEX_POINT ( 'NONE', #1677 ) ;
#559 = DIRECTION ( 'NONE',  ( 1.000000000000000000, 0.000000000000000000, 0.000000000000000000 ) ) ;
#560 = CARTESIAN_POINT ( 'NONE',  ( 1.015999999999999792, -14.35016634762505738, -2.168524589823241477 ) ) ;
#561 = DIRECTION ( 'NONE',  ( -0.000000000000000000, -0.000000000000000000, 1.000000000000000000 ) ) ;
#562 = AXIS2_PLACEMENT_3D ( 'NONE', #378, #846, #1356 ) ;
#563 = EDGE_CURVE ( 'NONE', #88, #1731, #1296, .T. ) ;
#564 = VERTEX_POINT ( 'NONE', #803 ) ;
#565 = CARTESIAN_POINT ( 'NONE',  ( 1.574800000000000644, -2.201745857939532591, 0.8794754101767585652 ) ) ;
#566 =( GEOMETRIC_REPRESENTATION_CONTEXT ( 3 ) GLOBAL_UNCERTAINTY_ASSIGNED_CONTEXT ( ( #1523 ) ) GLOBAL_UNIT_ASSIGNED_CONTEXT ( ( #1451, #2179, #1334 ) ) REPRESENTATION_CONTEXT ( 'NONE', 'WORKASPACE' ) );
#567 = DIRECTION ( 'NONE',  ( 1.000000000000000000, 0.000000000000000000, 0.000000000000000000 ) ) ;
#568 = AXIS2_PLACEMENT_3D ( 'NONE', #1809, #290, #965 ) ;
#569 = SURFACE_STYLE_USAGE ( .BOTH. , #757 ) ;
#570 =( NAMED_UNIT ( * ) SI_UNIT ( $, .STERADIAN. ) SOLID_ANGLE_UNIT ( ) );
#571 = SURFACE_STYLE_FILL_AREA ( #1045 ) ;
#572 = ORIENTED_EDGE ( 'NONE', *, *, #1557, .F. ) ;
#573 = EDGE_CURVE ( 'NONE', #445, #215, #1740, .T. ) ;
#574 = FILL_AREA_STYLE_COLOUR ( '', #1017 ) ;
#575 =( NAMED_UNIT ( * ) PLANE_ANGLE_UNIT ( ) SI_UNIT ( $, .RADIAN. ) );
#576 = ORIENTED_EDGE ( 'NONE', *, *, #2056, .F. ) ;
#577 = DIRECTION ( 'NONE',  ( -0.000000000000000000, -0.000000000000000000, -1.000000000000000000 ) ) ;
#578 = COLOUR_RGB ( '',0.000000000000000000, 1.000000000000000000, 0.000000000000000000 ) ;
#579 = PRESENTATION_LAYER_ASSIGNMENT (  '', '', ( #76 ) ) ;
#580 = ORIENTED_EDGE ( 'NONE', *, *, #573, .F. ) ;
#581 = AXIS2_PLACEMENT_3D ( 'NONE', #75, #124, #2147 ) ;
#582 = CARTESIAN_POINT ( 'NONE',  ( -1.615691704514813587, -4.161628588095092951, -1.152524589823241019 ) ) ;
#583 = CARTESIAN_POINT ( 'NONE',  ( 1.524000000000000243, -14.35016634762505738, -2.168524589823241033 ) ) ;
#584 = CARTESIAN_POINT ( 'NONE',  ( 1.641974387893085474, 0.5922541420604686691, -5.724524589823238863 ) ) ;
#585 = EDGE_LOOP ( 'NONE', ( #1872, #1633, #1196, #498 ) ) ;
#586 = CARTESIAN_POINT ( 'NONE',  ( -2.195808974359252819, -4.741745857939531739, 3.419475410176758601 ) ) ;
#587 = EDGE_CURVE ( 'NONE', #185, #1702, #668, .T. ) ;
#588 = CARTESIAN_POINT ( 'NONE',  ( -2.539999999999980052, -9.186745857939531135, 3.419475410176758601 ) ) ;
#589 = VECTOR ( 'NONE', #1688, 1000.000000000000000 ) ;
#590 = FACE_OUTER_BOUND ( 'NONE', #657, .T. ) ;
#591 = DIRECTION ( 'NONE',  ( 1.000000000000000000, 0.000000000000000000, 0.000000000000000000 ) ) ;
#592 = ORIENTED_EDGE ( 'NONE', *, *, #543, .F. ) ;
#593 = DIRECTION ( 'NONE',  ( -1.000000000000000000, -4.000501629853035140E-15, 0.000000000000000000 ) ) ;
#594 = VERTEX_POINT ( 'NONE', #339 ) ;
#595 = DIRECTION ( 'NONE',  ( -1.136655944634333886E-16, 1.000000000000000000, -0.000000000000000000 ) ) ;
#596 = FILL_AREA_STYLE ('',( #2113 ) ) ;
#597 =( LENGTH_UNIT ( ) NAMED_UNIT ( * ) SI_UNIT ( .MILLI., .METRE. ) );
#598 = PRESENTATION_STYLE_ASSIGNMENT (( #569 ) ) ;
#599 = VERTEX_POINT ( 'NONE', #502 ) ;
#600 =( GEOMETRIC_REPRESENTATION_CONTEXT ( 3 ) GLOBAL_UNCERTAINTY_ASSIGNED_CONTEXT ( ( #5 ) ) GLOBAL_UNIT_ASSIGNED_CONTEXT ( ( #727, #427, #921 ) ) REPRESENTATION_CONTEXT ( 'NONE', 'WORKASPACE' ) );
#601 = FILL_AREA_STYLE_COLOUR ( '', #183 ) ;
#602 = FILL_AREA_STYLE_COLOUR ( '', #116 ) ;
#603 = ORIENTED_EDGE ( 'NONE', *, *, #1181, .T. ) ;
#604 = PLANE ( 'NONE',  #1133 ) ;
#605 = ORIENTED_EDGE ( 'NONE', *, *, #883, .F. ) ;
#606 = LINE ( 'NONE', #958, #152 ) ;
#607 = PLANE ( 'NONE',  #2193 ) ;
#608 = DIRECTION ( 'NONE',  ( 0.000000000000000000, 0.000000000000000000, 1.000000000000000000 ) ) ;
#609 = DIRECTION ( 'NONE',  ( 0.000000000000000000, 0.000000000000000000, -1.000000000000000000 ) ) ;
#610 = ORIENTED_EDGE ( 'NONE', *, *, #2011, .F. ) ;
#611 = ADVANCED_FACE ( 'NONE', ( #492 ), #1326, .F. ) ;
#612 =( LENGTH_UNIT ( ) NAMED_UNIT ( * ) SI_UNIT ( .MILLI., .METRE. ) );
#613 = STYLED_ITEM ( 'NONE', ( #548 ), #56 ) ;
#614 = VECTOR ( 'NONE', #1961, 1000.000000000000114 ) ;
#615 = CARTESIAN_POINT ( 'NONE',  ( -1.641974387893086806, 0.08425414206046882848, -5.724524589823240639 ) ) ;
#616 = AXIS2_PLACEMENT_3D ( 'NONE', #1040, #1063, #1713 ) ;
#617 = PLANE ( 'NONE',  #195 ) ;
#618 = AXIS2_PLACEMENT_3D ( 'NONE', #234, #608, #1958 ) ;
#619 = DIRECTION ( 'NONE',  ( -1.000000000000000000, -0.000000000000000000, -4.192930076160989829E-16 ) ) ;
#620 = PRESENTATION_LAYER_ASSIGNMENT (  '', '', ( #1136 ) ) ;
#621 = ORIENTED_EDGE ( 'NONE', *, *, #2162, .T. ) ;
#622 = EDGE_CURVE ( 'NONE', #1137, #666, #2163, .T. ) ;
#623 = LINE ( 'NONE', #1591, #957 ) ;
#624 = EDGE_CURVE ( 'NONE', #1790, #135, #1771, .T. ) ;
#625 = UNCERTAINTY_MEASURE_WITH_UNIT (LENGTH_MEASURE( 1.000000000000000082E-05 ), #1258, 'distance_accuracy_value', 'NONE');
#626 =( NAMED_UNIT ( * ) SI_UNIT ( $, .STERADIAN. ) SOLID_ANGLE_UNIT ( ) );
#627 = CARTESIAN_POINT ( 'NONE',  ( -1.016000000000000236, -9.186745857939525806, -2.168524589823241477 ) ) ;
#628 = VECTOR ( 'NONE', #181, 1000.000000000000000 ) ;
#629 = EDGE_CURVE ( 'NONE', #1097, #1502, #986, .T. ) ;
#630 = ORIENTED_EDGE ( 'NONE', *, *, #1330, .T. ) ;
#631 = ORIENTED_EDGE ( 'NONE', *, *, #2130, .F. ) ;
#632 = DIRECTION ( 'NONE',  ( 1.000000000000000000, 0.000000000000000000, -7.529181753371561172E-17 ) ) ;
#633 = EDGE_LOOP ( 'NONE', ( #1953, #1295, #1355, #1341 ) ) ;
#634 = CARTESIAN_POINT ( 'NONE',  ( 1.641974387893085474, -4.187911271473363506, -5.724524589823238863 ) ) ;
#635 = PRESENTATION_STYLE_ASSIGNMENT (( #765 ) ) ;
#636 =( LENGTH_UNIT ( ) NAMED_UNIT ( * ) SI_UNIT ( .MILLI., .METRE. ) );
#637 = FACE_OUTER_BOUND ( 'NONE', #1515, .T. ) ;
#638 = ORIENTED_EDGE ( 'NONE', *, *, #1752, .T. ) ;
#639 = SURFACE_STYLE_USAGE ( .BOTH. , #2158 ) ;
#640 = VECTOR ( 'NONE', #1144, 1000.000000000000000 ) ;
#641 = ORIENTED_EDGE ( 'NONE', *, *, #1087, .F. ) ;
#642 = DIRECTION ( 'NONE',  ( 1.000000000000000000, -4.000501629853035140E-15, -0.000000000000000000 ) ) ;
#643 = ADVANCED_FACE ( 'NONE', ( #1158 ), #1844, .F. ) ;
#644 =( LENGTH_UNIT ( ) NAMED_UNIT ( * ) SI_UNIT ( .MILLI., .METRE. ) );
#645 = CARTESIAN_POINT ( 'NONE',  ( -1.641974387893086584, 5.164254142060467956, -1.152524589823241019 ) ) ;
#646 = ORIENTED_EDGE ( 'NONE', *, *, #587, .T. ) ;
#647 = CARTESIAN_POINT ( 'NONE',  ( 1.641974387893081699, 0.3397210681793748632, -5.724524589823240639 ) ) ;
#648 = DIRECTION ( 'NONE',  ( 1.000000000000000000, 0.000000000000000000, 0.000000000000000000 ) ) ;
#649 =( GEOMETRIC_REPRESENTATION_CONTEXT ( 3 ) GLOBAL_UNCERTAINTY_ASSIGNED_CONTEXT ( ( #1631 ) ) GLOBAL_UNIT_ASSIGNED_CONTEXT ( ( #636, #1837, #973 ) ) REPRESENTATION_CONTEXT ( 'NONE', 'WORKASPACE' ) );
#650 = ORIENTED_EDGE ( 'NONE', *, *, #1281, .F. ) ;
#651 = MECHANICAL_DESIGN_GEOMETRIC_PRESENTATION_REPRESENTATION (  '', ( #777 ), #1556 ) ;
#652 = DIRECTION ( 'NONE',  ( 4.937096001961423388E-16, -1.000000000000000000, 0.000000000000000000 ) ) ;
#653 = MECHANICAL_DESIGN_GEOMETRIC_PRESENTATION_REPRESENTATION (  '', ( #364 ), #1208 ) ;
#654 = EDGE_CURVE ( 'NONE', #316, #64, #1498, .T. ) ;
#655 = CARTESIAN_POINT ( 'NONE',  ( -3.929550679238063805E-17, 2.878254142060467480, 0.8794754101767585652 ) ) ;
#656 = DIRECTION ( 'NONE',  ( 0.000000000000000000, 0.000000000000000000, 1.000000000000000000 ) ) ;
#657 = EDGE_LOOP ( 'NONE', ( #1331, #1090, #164, #210, #1621, #159 ) ) ;
#658 =( GEOMETRIC_REPRESENTATION_CONTEXT ( 3 ) GLOBAL_UNCERTAINTY_ASSIGNED_CONTEXT ( ( #345 ) ) GLOBAL_UNIT_ASSIGNED_CONTEXT ( ( #1660, #2177, #951 ) ) REPRESENTATION_CONTEXT ( 'NONE', 'WORKASPACE' ) );
#659 = DIRECTION ( 'NONE',  ( 6.776263578034403699E-16, 0.000000000000000000, -1.000000000000000000 ) ) ;
#660 = EDGE_LOOP ( 'NONE', ( #1013, #395, #913, #2124 ) ) ;
#661 = CARTESIAN_POINT ( 'NONE',  ( 7.134528042149772725E-16, -2.201745857939532591, 4.435475410176758615 ) ) ;
#662 =( NAMED_UNIT ( * ) SI_UNIT ( $, .STERADIAN. ) SOLID_ANGLE_UNIT ( ) );
#663 = EDGE_LOOP ( 'NONE', ( #1037, #811, #1676, #851 ) ) ;
#664 = AXIS2_PLACEMENT_3D ( 'NONE', #325, #998, #161 ) ;
#665 = DIRECTION ( 'NONE',  ( 0.7071067811865492381, 0.7071067811865457964, -0.000000000000000000 ) ) ;
#666 = VERTEX_POINT ( 'NONE', #44 ) ;
#667 = AXIS2_PLACEMENT_3D ( 'NONE', #1626, #976, #2188 ) ;
#668 = LINE ( 'NONE', #2171, #2201 ) ;
#669 = STYLED_ITEM ( 'NONE', ( #1088 ), #1664 ) ;
#670 = AXIS2_PLACEMENT_3D ( 'NONE', #299, #812, #2182 ) ;
#671 = ORIENTED_EDGE ( 'NONE', *, *, #1653, .F. ) ;
#672 = DIRECTION ( 'NONE',  ( 0.000000000000000000, 0.000000000000000000, 1.000000000000000000 ) ) ;
#673 = UNCERTAINTY_MEASURE_WITH_UNIT (LENGTH_MEASURE( 1.000000000000000082E-05 ), #934, 'distance_accuracy_value', 'NONE');
#674 = EDGE_CURVE ( 'NONE', #1539, #375, #281, .T. ) ;
#675 = ORIENTED_EDGE ( 'NONE', *, *, #1885, .F. ) ;
#676 = CARTESIAN_POINT ( 'NONE',  ( -1.524000000000000465, -14.35016634762505738, -2.168524589823241477 ) ) ;
#677 = PLANE ( 'NONE',  #1419 ) ;
#678 = EDGE_CURVE ( 'NONE', #390, #1325, #1060, .T. ) ;
#679 = EDGE_CURVE ( 'NONE', #1505, #1647, #893, .T. ) ;
#680 = CARTESIAN_POINT ( 'NONE',  ( -3.929550679238063805E-17, 2.878254142060467480, 12.80999834828995176 ) ) ;
#681 = ORIENTED_EDGE ( 'NONE', *, *, #93, .T. ) ;
#682 = APPLICATION_PROTOCOL_DEFINITION ( 'draft international standard', 'automotive_design', 1998, #1212 ) ;
#683 = EDGE_CURVE ( 'NONE', #882, #1073, #706, .T. ) ;
#684 = CARTESIAN_POINT ( 'NONE',  ( 2.539999999999999591, -0.5583045439275385879, -5.724524589823240639 ) ) ;
#685 = DIRECTION ( 'NONE',  ( -0.000000000000000000, 1.000000000000000000, -0.000000000000000000 ) ) ;
#686 = ORIENTED_EDGE ( 'NONE', *, *, #454, .F. ) ;
#687 = PRESENTATION_LAYER_ASSIGNMENT (  '', '', ( #1211 ) ) ;
#688 = DIRECTION ( 'NONE',  ( 0.000000000000000000, 0.000000000000000000, -1.000000000000000000 ) ) ;
#689 = DIRECTION ( 'NONE',  ( 0.7071067811865457964, 0.7071067811865492381, 0.000000000000000000 ) ) ;
#690 = DIRECTION ( 'NONE',  ( -1.000000000000000000, 0.000000000000000000, -3.388131789017201849E-16 ) ) ;
#691 = EDGE_LOOP ( 'NONE', ( #899, #1975, #380, #546 ) ) ;
#692 = VECTOR ( 'NONE', #1365, 1000.000000000000114 ) ;
#693 = LINE ( 'NONE', #1055, #1064 ) ;
#694 = VERTEX_POINT ( 'NONE', #880 ) ;
#695 = ORIENTED_EDGE ( 'NONE', *, *, #1735, .F. ) ;
#696 = CARTESIAN_POINT ( 'NONE',  ( -3.929550679238063805E-17, 2.878254142060467480, 0.8794754101767585652 ) ) ;
#697 = DIRECTION ( 'NONE',  ( -7.529181753371559939E-17, -0.000000000000000000, -1.000000000000000000 ) ) ;
#698 = COLOUR_RGB ( '',0.000000000000000000, 1.000000000000000000, 0.000000000000000000 ) ;
#699 = EDGE_CURVE ( 'NONE', #1808, #277, #21, .T. ) ;
#700 = LINE ( 'NONE', #539, #1445 ) ;
#701 = ADVANCED_FACE ( 'NONE', ( #1747 ), #720, .F. ) ;
#702 = LINE ( 'NONE', #1004, #1716 ) ;
#703 = VECTOR ( 'NONE', #642, 1000.000000000000000 ) ;
#704 = VERTEX_POINT ( 'NONE', #1517 ) ;
#705 = ORIENTED_EDGE ( 'NONE', *, *, #1493, .F. ) ;
#706 = LINE ( 'NONE', #1048, #1423 ) ;
#707 = LINE ( 'NONE', #881, #3 ) ;
#708 = LINE ( 'NONE', #1240, #432 ) ;
#709 = EDGE_CURVE ( 'NONE', #1422, #188, #550, .T. ) ;
#710 = VECTOR ( 'NONE', #595, 1000.000000000000000 ) ;
#711 = DIRECTION ( 'NONE',  ( -0.000000000000000000, 1.000000000000000000, -0.000000000000000000 ) ) ;
#712 = AXIS2_PLACEMENT_3D ( 'NONE', #1783, #269, #2101 ) ;
#713 = VECTOR ( 'NONE', #1891, 1000.000000000000000 ) ;
#714 = CARTESIAN_POINT ( 'NONE',  ( 0.000000000000000000, 0.000000000000000000, 0.000000000000000000 ) ) ;
#715 = FILL_AREA_STYLE_COLOUR ( '', #1430 ) ;
#716 = EDGE_CURVE ( 'NONE', #241, #530, #1918, .T. ) ;
#717 = CARTESIAN_POINT ( 'NONE',  ( 7.134528042149772725E-16, -2.201745857939532591, 4.435475410176758615 ) ) ;
#718 = VERTEX_POINT ( 'NONE', #359 ) ;
#719 = SURFACE_STYLE_USAGE ( .BOTH. , #856 ) ;
#720 = CYLINDRICAL_SURFACE ( 'NONE', #136, 1.574799999999999978 ) ;
#721 = VERTEX_POINT ( 'NONE', #1202 ) ;
#722 = EDGE_CURVE ( 'NONE', #734, #1496, #1387, .T. ) ;
#723 =( GEOMETRIC_REPRESENTATION_CONTEXT ( 3 ) GLOBAL_UNCERTAINTY_ASSIGNED_CONTEXT ( ( #184 ) ) GLOBAL_UNIT_ASSIGNED_CONTEXT ( ( #511, #1710, #1047 ) ) REPRESENTATION_CONTEXT ( 'NONE', 'WORKASPACE' ) );
#724 = UNCERTAINTY_MEASURE_WITH_UNIT (LENGTH_MEASURE( 1.000000000000000082E-05 ), #2068, 'distance_accuracy_value', 'NONE');
#725 = LINE ( 'NONE', #1725, #1554 ) ;
#726 = ADVANCED_FACE ( 'NONE', ( #1214 ), #1905, .F. ) ;
#727 =( LENGTH_UNIT ( ) NAMED_UNIT ( * ) SI_UNIT ( .MILLI., .METRE. ) );
#728 = SURFACE_STYLE_USAGE ( .BOTH. , #1035 ) ;
#729 = CARTESIAN_POINT ( 'NONE',  ( -3.929550679238063805E-17, 2.878254142060467480, 0.8794754101767585652 ) ) ;
#730 = VERTEX_POINT ( 'NONE', #189 ) ;
#731 = PLANE ( 'NONE',  #383 ) ;
#732 = CARTESIAN_POINT ( 'NONE',  ( 1.015999999999999126, 0.08425414206046882848, -4.200524589823242394 ) ) ;
#733 = DIRECTION ( 'NONE',  ( -0.000000000000000000, 1.000000000000000000, -0.000000000000000000 ) ) ;
#734 = VERTEX_POINT ( 'NONE', #1530 ) ;
#735 = FACE_OUTER_BOUND ( 'NONE', #769, .T. ) ;
#736 = AXIS2_PLACEMENT_3D ( 'NONE', #175, #1874, #1023 ) ;
#737 = DIRECTION ( 'NONE',  ( 1.224646799147353207E-16, 1.000000000000000000, -0.000000000000000000 ) ) ;
#738 = VECTOR ( 'NONE', #1746, 1000.000000000000000 ) ;
#739 = VERTEX_POINT ( 'NONE', #1551 ) ;
#740 = FACE_OUTER_BOUND ( 'NONE', #1233, .T. ) ;
#741 =( NAMED_UNIT ( * ) PLANE_ANGLE_UNIT ( ) SI_UNIT ( $, .RADIAN. ) );
#742 = DIRECTION ( 'NONE',  ( -0.000000000000000000, 0.000000000000000000, 1.000000000000000000 ) ) ;
#743 = CARTESIAN_POINT ( 'NONE',  ( 1.523999999999998911, -9.186745857939513371, -4.200524589823241506 ) ) ;
#744 = ORIENTED_EDGE ( 'NONE', *, *, #683, .F. ) ;
#745 = DIRECTION ( 'NONE',  ( 0.000000000000000000, 0.000000000000000000, 1.000000000000000000 ) ) ;
#746 = DIRECTION ( 'NONE',  ( -0.000000000000000000, -0.000000000000000000, -1.000000000000000000 ) ) ;
#747 = VECTOR ( 'NONE', #424, 1000.000000000000000 ) ;
#748 = EDGE_LOOP ( 'NONE', ( #415, #1959, #289, #1370 ) ) ;
#749 = VECTOR ( 'NONE', #356, 1000.000000000000000 ) ;
#750 = FILL_AREA_STYLE ('',( #601 ) ) ;
#751 =( NAMED_UNIT ( * ) SI_UNIT ( $, .STERADIAN. ) SOLID_ANGLE_UNIT ( ) );
#752 = PLANE ( 'NONE',  #1513 ) ;
#753 = ORIENTED_EDGE ( 'NONE', *, *, #454, .T. ) ;
#754 = DIRECTION ( 'NONE',  ( -1.000000000000000000, 0.000000000000000000, -3.388131789017202835E-16 ) ) ;
#755 = STYLED_ITEM ( 'NONE', ( #981 ), #2051 ) ;
#756 = SPHERICAL_SURFACE ( 'NONE', #1892, 1.524000000000000021 ) ;
#757 = SURFACE_SIDE_STYLE ('',( #1597 ) ) ;
#758 = ORIENTED_EDGE ( 'NONE', *, *, #2056, .T. ) ;
#759 = CIRCLE ( 'NONE', #482, 1.523999999999999799 ) ;
#760 = CARTESIAN_POINT ( 'NONE',  ( 1.523999999999999799, 0.08425414206046882848, -1.660524589823241026 ) ) ;
#761 = ORIENTED_EDGE ( 'NONE', *, *, #2017, .T. ) ;
#762 = AXIS2_PLACEMENT_3D ( 'NONE', #2029, #1027, #688 ) ;
#763 = DIRECTION ( 'NONE',  ( -0.000000000000000000, -0.000000000000000000, 1.000000000000000000 ) ) ;
#764 = EDGE_CURVE ( 'NONE', #135, #294, #1726, .T. ) ;
#765 = SURFACE_STYLE_USAGE ( .BOTH. , #1129 ) ;
#766 = DIRECTION ( 'NONE',  ( 1.000000000000000000, 0.000000000000000000, 0.000000000000000000 ) ) ;
#767 = AXIS2_PLACEMENT_3D ( 'NONE', #144, #459, #304 ) ;
#768 = SURFACE_STYLE_USAGE ( .BOTH. , #1807 ) ;
#769 = EDGE_LOOP ( 'NONE', ( #1439, #1768, #863, #1407, #2074, #969, #324, #146, #2037, #357, #2026, #1661, #1190, #1147, #1046, #822, #1589, #1184, #631, #1016 ) ) ;
#770 = STYLED_ITEM ( 'NONE', ( #1464 ), #1632 ) ;
#771 = SURFACE_STYLE_FILL_AREA ( #1622 ) ;
#772 = EDGE_CURVE ( 'NONE', #147, #599, #2072, .T. ) ;
#773 = CARTESIAN_POINT ( 'NONE',  ( 1.641974387893085474, 0.5922541420604686691, -5.724524589823238863 ) ) ;
#774 = FACE_OUTER_BOUND ( 'NONE', #841, .T. ) ;
#775 = CARTESIAN_POINT ( 'NONE',  ( 1.523999999999999799, -9.186745857939513371, -1.660524589823241026 ) ) ;
#776 = EDGE_LOOP ( 'NONE', ( #1497, #1618, #1372, #1359 ) ) ;
#777 = STYLED_ITEM ( 'NONE', ( #1606 ), #1003 ) ;
#778 = VECTOR ( 'NONE', #1769, 1000.000000000000000 ) ;
#779 = CARTESIAN_POINT ( 'NONE',  ( -1.524000000000000465, 0.08425414206046882848, -1.660524589823241692 ) ) ;
#780 = EDGE_CURVE ( 'NONE', #1325, #2060, #1711, .T. ) ;
#781 = CARTESIAN_POINT ( 'NONE',  ( -2.540000000000000036, 1.237746680286288203, -5.724524589823240639 ) ) ;
#782 = LINE ( 'NONE', #1444, #1480 ) ;
#783 = PRESENTATION_STYLE_ASSIGNMENT (( #1462 ) ) ;
#784 = ORIENTED_EDGE ( 'NONE', *, *, #376, .T. ) ;
#785 = DIRECTION ( 'NONE',  ( -0.000000000000000000, -0.000000000000000000, -1.000000000000000000 ) ) ;
#786 = VECTOR ( 'NONE', #214, 1000.000000000000000 ) ;
#787 = ADVANCED_FACE ( 'NONE', ( #537 ), #677, .F. ) ;
#788 = DIRECTION ( 'NONE',  ( -0.000000000000000000, 1.000000000000000000, -0.000000000000000000 ) ) ;
#789 = CIRCLE ( 'NONE', #225, 1.574799999999999978 ) ;
#790 = CARTESIAN_POINT ( 'NONE',  ( -1.015999999999999126, -9.186745857939525806, -4.200524589823242394 ) ) ;
#791 = FILL_AREA_STYLE_COLOUR ( '', #540 ) ;
#792 = VECTOR ( 'NONE', #258, 1000.000000000000000 ) ;
#793 = EDGE_LOOP ( 'NONE', ( #580, #576 ) ) ;
#794 = CARTESIAN_POINT ( 'NONE',  ( 2.540000000000000036, -4.741745857939532627, 3.419475410176758601 ) ) ;
#795 = UNCERTAINTY_MEASURE_WITH_UNIT (LENGTH_MEASURE( 1.000000000000000082E-05 ), #1643, 'distance_accuracy_value', 'NONE');
#796 = CARTESIAN_POINT ( 'NONE',  ( 7.134528042149772725E-16, -2.201745857939532591, 3.419475410176758601 ) ) ;
#797 = CARTESIAN_POINT ( 'NONE',  ( 1.523999999999999799, 0.08425414206046882848, -1.660524589823241026 ) ) ;
#798 = CARTESIAN_POINT ( 'NONE',  ( -1.015999999999999126, -9.186745857939525806, -4.200524589823242394 ) ) ;
#799 = ORIENTED_EDGE ( 'NONE', *, *, #1173, .T. ) ;
#800 = EDGE_CURVE ( 'NONE', #1143, #2086, #954, .T. ) ;
#801 = CARTESIAN_POINT ( 'NONE',  ( 2.539999999999999147, 4.266228529953550286, 3.419475410176758601 ) ) ;
#802 = VERTEX_POINT ( 'NONE', #433 ) ;
#803 = CARTESIAN_POINT ( 'NONE',  ( -2.540000000000000036, 4.266228529953550286, 3.419475410176758601 ) ) ;
#804 = DIRECTION ( 'NONE',  ( 0.000000000000000000, -1.000000000000000000, 0.000000000000000000 ) ) ;
#805 = FACE_OUTER_BOUND ( 'NONE', #1893, .T. ) ;
#806 = CARTESIAN_POINT ( 'NONE',  ( -1.015999999999999126, -14.35016634762505738, -4.708524589823241513 ) ) ;
#807 = ORIENTED_EDGE ( 'NONE', *, *, #187, .F. ) ;
#808 =( GEOMETRIC_REPRESENTATION_CONTEXT ( 3 ) GLOBAL_UNCERTAINTY_ASSIGNED_CONTEXT ( ( #1351 ) ) GLOBAL_UNIT_ASSIGNED_CONTEXT ( ( #2200, #556, #1585 ) ) REPRESENTATION_CONTEXT ( 'NONE', 'WORKASPACE' ) );
#809 = DIRECTION ( 'NONE',  ( 1.000000000000000000, 0.000000000000000000, 6.776263578034403699E-16 ) ) ;
#810 =( LENGTH_UNIT ( ) NAMED_UNIT ( * ) SI_UNIT ( .MILLI., .METRE. ) );
#811 = ORIENTED_EDGE ( 'NONE', *, *, #217, .T. ) ;
#812 = DIRECTION ( 'NONE',  ( 0.000000000000000000, 0.000000000000000000, 1.000000000000000000 ) ) ;
#813 = ORIENTED_EDGE ( 'NONE', *, *, #800, .F. ) ;
#814 = AXIS2_PLACEMENT_3D ( 'NONE', #1499, #318, #1856 ) ;
#815 = ORIENTED_EDGE ( 'NONE', *, *, #624, .T. ) ;
#816 = VECTOR ( 'NONE', #448, 1000.000000000000000 ) ;
#817 = AXIS2_PLACEMENT_3D ( 'NONE', #1277, #1254, #419 ) ;
#818 = CARTESIAN_POINT ( 'NONE',  ( 2.539999999999999591, 1.237746680286288203, 3.419475410176758601 ) ) ;
#819 =( GEOMETRIC_REPRESENTATION_CONTEXT ( 3 ) GLOBAL_UNCERTAINTY_ASSIGNED_CONTEXT ( ( #1297 ) ) GLOBAL_UNIT_ASSIGNED_CONTEXT ( ( #810, #145, #2180 ) ) REPRESENTATION_CONTEXT ( 'NONE', 'WORKASPACE' ) );
#820 = SURFACE_STYLE_USAGE ( .BOTH. , #1149 ) ;
#821 = DIRECTION ( 'NONE',  ( 1.000000000000000000, 0.000000000000000000, 0.000000000000000000 ) ) ;
#822 = ORIENTED_EDGE ( 'NONE', *, *, #1793, .F. ) ;
#823 = MECHANICAL_DESIGN_GEOMETRIC_PRESENTATION_REPRESENTATION (  '', ( #1646 ), #1250 ) ;
#824 = CARTESIAN_POINT ( 'NONE',  ( 2.539999999999999591, 1.237746680286288203, 3.419475410176758601 ) ) ;
#825 = CARTESIAN_POINT ( 'NONE',  ( 1.523999999999999799, -14.35016634762505738, -1.660524589823241026 ) ) ;
#826 = ORIENTED_EDGE ( 'NONE', *, *, #1916, .F. ) ;
#827 = CARTESIAN_POINT ( 'NONE',  ( 2.195808974359254595, -4.741745857939530850, 3.419475410176758601 ) ) ;
#828 = ADVANCED_FACE ( 'NONE', ( #97, #1942 ), #1760, .T. ) ;
#829 = ORIENTED_EDGE ( 'NONE', *, *, #1735, .T. ) ;
#830 = DIRECTION ( 'NONE',  ( 3.388131789017201849E-16, 0.000000000000000000, -1.000000000000000000 ) ) ;
#831 = EDGE_CURVE ( 'NONE', #1884, #1111, #2095, .T. ) ;
#832 = CYLINDRICAL_SURFACE ( 'NONE', #2141, 1.574799999999999978 ) ;
#833 = VERTEX_POINT ( 'NONE', #1579 ) ;
#834 = ADVANCED_FACE ( 'NONE', ( #2132 ), #617, .F. ) ;
#835 = DIRECTION ( 'NONE',  ( 7.529181753371559939E-17, 0.000000000000000000, 1.000000000000000000 ) ) ;
#836 = LINE ( 'NONE', #308, #354 ) ;
#837 =( GEOMETRIC_REPRESENTATION_CONTEXT ( 3 ) GLOBAL_UNCERTAINTY_ASSIGNED_CONTEXT ( ( #1176 ) ) GLOBAL_UNIT_ASSIGNED_CONTEXT ( ( #261, #741, #751 ) ) REPRESENTATION_CONTEXT ( 'NONE', 'WORKASPACE' ) );
#838 = DIRECTION ( 'NONE',  ( -1.000000000000000000, 0.000000000000000000, 0.000000000000000000 ) ) ;
#839 = EDGE_CURVE ( 'NONE', #1050, #2122, #759, .T. ) ;
#840 = DIRECTION ( 'NONE',  ( 1.000000000000000000, 4.937096001961423388E-16, -0.000000000000000000 ) ) ;
#841 = EDGE_LOOP ( 'NONE', ( #428, #1162, #1213, #641 ) ) ;
#842 = UNCERTAINTY_MEASURE_WITH_UNIT (LENGTH_MEASURE( 1.000000000000000082E-05 ), #249, 'distance_accuracy_value', 'NONE');
#843 = CYLINDRICAL_SURFACE ( 'NONE', #2164, 1.574799999999999978 ) ;
#844 = CARTESIAN_POINT ( 'NONE',  ( 1.641974387893085474, -2.201745857939531259, -5.724524589823240639 ) ) ;
#845 = ORIENTED_EDGE ( 'NONE', *, *, #1543, .T. ) ;
#846 = DIRECTION ( 'NONE',  ( 0.000000000000000000, 0.000000000000000000, 1.000000000000000000 ) ) ;
#847 = PRESENTATION_LAYER_ASSIGNMENT (  '', '', ( #1816 ) ) ;
#848 = CARTESIAN_POINT ( 'NONE',  ( -2.540000000000000036, 1.237746680286288203, 3.419475410176758601 ) ) ;
#849 = VECTOR ( 'NONE', #1744, 1000.000000000000000 ) ;
#850 = DIRECTION ( 'NONE',  ( 0.000000000000000000, 0.000000000000000000, 1.000000000000000000 ) ) ;
#851 = ORIENTED_EDGE ( 'NONE', *, *, #130, .F. ) ;
#852 = FACE_OUTER_BOUND ( 'NONE', #42, .T. ) ;
#853 = LINE ( 'NONE', #1361, #992 ) ;
#854 = CARTESIAN_POINT ( 'NONE',  ( 8.067708903100056021E-16, -2.201745857939532591, 5.959475410176758636 ) ) ;
#855 = ORIENTED_EDGE ( 'NONE', *, *, #1163, .T. ) ;
#856 = SURFACE_SIDE_STYLE ('',( #200 ) ) ;
#857 = ADVANCED_FACE ( 'NONE', ( #2119 ), #752, .F. ) ;
#858 = VECTOR ( 'NONE', #122, 1000.000000000000000 ) ;
#859 = CARTESIAN_POINT ( 'NONE',  ( 1.615691704514814697, -4.161628588095092951, 3.419475410176758601 ) ) ;
#860 = LINE ( 'NONE', #2063, #1887 ) ;
#861 = DIRECTION ( 'NONE',  ( 0.7071067811865492381, -0.7071067811865457964, 0.000000000000000000 ) ) ;
#862 = DIRECTION ( 'NONE',  ( -0.7071067811865457964, -0.7071067811865492381, 0.000000000000000000 ) ) ;
#863 = ORIENTED_EDGE ( 'NONE', *, *, #870, .F. ) ;
#864 = LINE ( 'NONE', #684, #204 ) ;
#865 = VERTEX_POINT ( 'NONE', #732 ) ;
#866 = CARTESIAN_POINT ( 'NONE',  ( -1.615691704514813587, -4.161628588095092951, 3.419475410176758601 ) ) ;
#867 = ORIENTED_EDGE ( 'NONE', *, *, #654, .F. ) ;
#868 = SURFACE_STYLE_USAGE ( .BOTH. , #178 ) ;
#869 = SURFACE_STYLE_USAGE ( .BOTH. , #2039 ) ;
#870 = EDGE_CURVE ( 'NONE', #1776, #1808, #1786, .T. ) ;
#871 = STYLED_ITEM ( 'NONE', ( #508 ), #1829 ) ;
#872 = DIRECTION ( 'NONE',  ( -0.000000000000000000, -0.000000000000000000, 1.000000000000000000 ) ) ;
#873 = EDGE_CURVE ( 'NONE', #1336, #564, #1414, .T. ) ;
#874 = FILL_AREA_STYLE_COLOUR ( '', #233 ) ;
#875 = EDGE_LOOP ( 'NONE', ( #230, #695, #686, #2191 ) ) ;
#876 = DIRECTION ( 'NONE',  ( -0.7071067811865457964, 0.7071067811865492381, -0.000000000000000000 ) ) ;
#877 = ADVANCED_FACE ( 'NONE', ( #774 ), #1437, .F. ) ;
#878 = VERTEX_POINT ( 'NONE', #790 ) ;
#879 =( LENGTH_UNIT ( ) NAMED_UNIT ( * ) SI_UNIT ( .MILLI., .METRE. ) );
#880 = CARTESIAN_POINT ( 'NONE',  ( 1.015999999999999792, 0.08425414206046882848, -1.660524589823241692 ) ) ;
#881 = CARTESIAN_POINT ( 'NONE',  ( 1.641974387893085918, 0.5922541420604686691, -1.152524589823239687 ) ) ;
#882 = VERTEX_POINT ( 'NONE', #1452 ) ;
#883 = EDGE_CURVE ( 'NONE', #185, #1536, #2149, .T. ) ;
#884 = CARTESIAN_POINT ( 'NONE',  ( 1.523999999999998911, -14.35016634762505738, -4.200524589823241506 ) ) ;
#885 = PRESENTATION_LAYER_ASSIGNMENT (  '', '', ( #613 ) ) ;
#886 = VECTOR ( 'NONE', #538, 1000.000000000000000 ) ;
#887 = AXIS2_PLACEMENT_3D ( 'NONE', #794, #408, #426 ) ;
#888 = MECHANICAL_DESIGN_GEOMETRIC_PRESENTATION_REPRESENTATION (  '', ( #1279 ), #1990 ) ;
#889 = ORIENTED_EDGE ( 'NONE', *, *, #382, .F. ) ;
#890 = FACE_OUTER_BOUND ( 'NONE', #16, .T. ) ;
#891 = ORIENTED_EDGE ( 'NONE', *, *, #1858, .T. ) ;
#892 = CARTESIAN_POINT ( 'NONE',  ( -1.016000000000000458, 0.08425414206046882848, -1.660524589823241692 ) ) ;
#893 = LINE ( 'NONE', #1723, #1971 ) ;
#894 = CYLINDRICAL_SURFACE ( 'NONE', #1410, 2.540000000000000480 ) ;
#895 = VERTEX_POINT ( 'NONE', #1770 ) ;
#896 = CARTESIAN_POINT ( 'NONE',  ( 1.524000000000000465, -2.201745857939532591, 12.80999834828995176 ) ) ;
#897 = PLANE ( 'NONE',  #817 ) ;
#898 = PRODUCT_RELATED_PRODUCT_CATEGORY ( 'part', '', ( #1053 ) ) ;
#899 = ORIENTED_EDGE ( 'NONE', *, *, #217, .F. ) ;
#900 = LINE ( 'NONE', #1719, #505 ) ;
#901 = CARTESIAN_POINT ( 'NONE',  ( 7.134528042149772725E-16, -2.201745857939532591, 0.8794754101767585652 ) ) ;
#902 = FACE_OUTER_BOUND ( 'NONE', #1322, .T. ) ;
#903 = EDGE_CURVE ( 'NONE', #1111, #802, #1442, .T. ) ;
#904 = ORIENTED_EDGE ( 'NONE', *, *, #780, .F. ) ;
#905 = LINE ( 'NONE', #1456, #541 ) ;
#906 = VECTOR ( 'NONE', #431, 1000.000000000000000 ) ;
#907 = VERTEX_POINT ( 'NONE', #1815 ) ;
#908 = LINE ( 'NONE', #442, #792 ) ;
#909 = AXIS2_PLACEMENT_3D ( 'NONE', #2006, #317, #2192 ) ;
#910 = PLANE ( 'NONE',  #1228 ) ;
#911 = ORIENTED_EDGE ( 'NONE', *, *, #407, .F. ) ;
#912 = SURFACE_STYLE_FILL_AREA ( #2151 ) ;
#913 = ORIENTED_EDGE ( 'NONE', *, *, #1134, .T. ) ;
#914 = CARTESIAN_POINT ( 'NONE',  ( -1.641974387893086806, 0.5922541420604686691, -5.724524589823240639 ) ) ;
#915 = CARTESIAN_POINT ( 'NONE',  ( -2.539999999999998259, -4.741745857939533515, 3.419475410176758601 ) ) ;
#916 = MECHANICAL_DESIGN_GEOMETRIC_PRESENTATION_REPRESENTATION (  '', ( #2135 ), #1241 ) ;
#917 = CIRCLE ( 'NONE', #470, 1.574799999999999978 ) ;
#918 = DIRECTION ( 'NONE',  ( 0.000000000000000000, 0.000000000000000000, -1.000000000000000000 ) ) ;
#919 = VECTOR ( 'NONE', #1052, 1000.000000000000000 ) ;
#920 = COLOUR_RGB ( '',0.000000000000000000, 1.000000000000000000, 0.000000000000000000 ) ;
#921 =( NAMED_UNIT ( * ) SI_UNIT ( $, .STERADIAN. ) SOLID_ANGLE_UNIT ( ) );
#922 = ORIENTED_EDGE ( 'NONE', *, *, #1134, .F. ) ;
#923 = DIRECTION ( 'NONE',  ( -0.7071067811865492381, -0.7071067811865457964, 0.000000000000000000 ) ) ;
#924 = PLANE ( 'NONE',  #462 ) ;
#925 = DIRECTION ( 'NONE',  ( 1.645698667320474873E-16, -1.000000000000000000, 0.000000000000000000 ) ) ;
#926 = DIRECTION ( 'NONE',  ( -4.000501629853035140E-15, 1.000000000000000000, 0.000000000000000000 ) ) ;
#927 = ADVANCED_FACE ( 'NONE', ( #280 ), #607, .F. ) ;
#928 = VERTEX_POINT ( 'NONE', #418 ) ;
#929 = EDGE_CURVE ( 'NONE', #1496, #833, #287, .T. ) ;
#930 = LINE ( 'NONE', #1260, #710 ) ;
#931 = STYLED_ITEM ( 'NONE', ( #783 ), #2041 ) ;
#932 = SURFACE_STYLE_USAGE ( .BOTH. , #268 ) ;
#933 = FACE_BOUND ( 'NONE', #793, .T. ) ;
#934 =( LENGTH_UNIT ( ) NAMED_UNIT ( * ) SI_UNIT ( .MILLI., .METRE. ) );
#935 = ORIENTED_EDGE ( 'NONE', *, *, #1489, .F. ) ;
#936 = VECTOR ( 'NONE', #1612, 1000.000000000000000 ) ;
#937 = DIRECTION ( 'NONE',  ( -1.000000000000000000, 0.000000000000000000, 0.000000000000000000 ) ) ;
#938 = FILL_AREA_STYLE ('',( #574 ) ) ;
#939 = DIRECTION ( 'NONE',  ( -0.7071067811865457964, -0.7071067811865492381, 0.000000000000000000 ) ) ;
#940 = CARTESIAN_POINT ( 'NONE',  ( -1.524000000000000465, 0.08425414206046882848, -2.168524589823241477 ) ) ;
#941 = MECHANICAL_DESIGN_GEOMETRIC_PRESENTATION_REPRESENTATION (  '', ( #2187 ), #1799 ) ;
#942 = VECTOR ( 'NONE', #1782, 1000.000000000000000 ) ;
#943 = ORIENTED_EDGE ( 'NONE', *, *, #678, .T. ) ;
#944 = STYLED_ITEM ( 'NONE', ( #1865 ), #787 ) ;
#945 = ADVANCED_FACE ( 'NONE', ( #1938 ), #1792, .F. ) ;
#946 = DIRECTION ( 'NONE',  ( -0.000000000000000000, 1.000000000000000000, -0.000000000000000000 ) ) ;
#947 = CARTESIAN_POINT ( 'NONE',  ( 2.540000000000000036, -4.741745857939532627, 3.419475410176758601 ) ) ;
#948 = SURFACE_STYLE_FILL_AREA ( #83 ) ;
#949 = MECHANICAL_DESIGN_GEOMETRIC_PRESENTATION_REPRESENTATION (  '', ( #2007 ), #808 ) ;
#950 = EDGE_CURVE ( 'NONE', #88, #1336, #1432, .T. ) ;
#951 =( NAMED_UNIT ( * ) SI_UNIT ( $, .STERADIAN. ) SOLID_ANGLE_UNIT ( ) );
#952 = VERTEX_POINT ( 'NONE', #781 ) ;
#953 = SURFACE_STYLE_FILL_AREA ( #1796 ) ;
#954 = LINE ( 'NONE', #1257, #1145 ) ;
#955 = CARTESIAN_POINT ( 'NONE',  ( -2.539999999999980052, -9.186745857939531135, 3.419475410176758601 ) ) ;
#956 = EDGE_LOOP ( 'NONE', ( #437, #1032, #1463, #1655 ) ) ;
#957 = VECTOR ( 'NONE', #754, 1000.000000000000000 ) ;
#958 = CARTESIAN_POINT ( 'NONE',  ( -1.574799999999999978, 2.878254142060467480, 0.8794754101767585652 ) ) ;
#959 = ORIENTED_EDGE ( 'NONE', *, *, #929, .T. ) ;
#960 = EDGE_CURVE ( 'NONE', #599, #1766, #1805, .T. ) ;
#961 = CARTESIAN_POINT ( 'NONE',  ( -3.192497650774656023E-16, 0.5922541420604686691, -5.724524589823240639 ) ) ;
#962 =( NAMED_UNIT ( * ) PLANE_ANGLE_UNIT ( ) SI_UNIT ( $, .RADIAN. ) );
#963 = DIRECTION ( 'NONE',  ( -0.000000000000000000, -0.000000000000000000, -1.000000000000000000 ) ) ;
#964 = VERTEX_POINT ( 'NONE', #2125 ) ;
#965 = DIRECTION ( 'NONE',  ( 1.000000000000000000, 0.000000000000000000, 4.268512490100410416E-16 ) ) ;
#966 = STYLED_ITEM ( 'NONE', ( #1453 ), #1342 ) ;
#967 = APPLICATION_CONTEXT ( 'automotive_design' ) ;
#968 = DIRECTION ( 'NONE',  ( -0.7071067811865492381, 0.7071067811865457964, -0.000000000000000000 ) ) ;
#969 = ORIENTED_EDGE ( 'NONE', *, *, #1818, .F. ) ;
#970 = DIRECTION ( 'NONE',  ( 0.7071067811865457964, 0.7071067811865492381, -0.000000000000000000 ) ) ;
#971 = UNCERTAINTY_MEASURE_WITH_UNIT (LENGTH_MEASURE( 1.000000000000000082E-05 ), #644, 'distance_accuracy_value', 'NONE');
#972 = DIRECTION ( 'NONE',  ( 1.000000000000000000, 0.000000000000000000, 0.000000000000000000 ) ) ;
#973 =( NAMED_UNIT ( * ) SI_UNIT ( $, .STERADIAN. ) SOLID_ANGLE_UNIT ( ) );
#974 = EDGE_LOOP ( 'NONE', ( #1222, #1762, #38, #1454 ) ) ;
#975 = STYLED_ITEM ( 'NONE', ( #349 ), #341 ) ;
#976 = DIRECTION ( 'NONE',  ( 0.000000000000000000, 1.000000000000000000, 0.000000000000000000 ) ) ;
#977 = LINE ( 'NONE', #844, #849 ) ;
#978 = VERTEX_POINT ( 'NONE', #947 ) ;
#979 = CARTESIAN_POINT ( 'NONE',  ( 2.540000000000000036, -4.741745857939532627, 3.419475410176758601 ) ) ;
#980 = FILL_AREA_STYLE_COLOUR ( '', #578 ) ;
#981 = PRESENTATION_STYLE_ASSIGNMENT (( #768 ) ) ;
#982 = ORIENTED_EDGE ( 'NONE', *, *, #1381, .F. ) ;
#983 = PLANE ( 'NONE',  #767 ) ;
#984 = PRESENTATION_STYLE_ASSIGNMENT (( #137 ) ) ;
#985 = ORIENTED_EDGE ( 'NONE', *, *, #270, .T. ) ;
#986 = LINE ( 'NONE', #818, #987 ) ;
#987 = VECTOR ( 'NONE', #1488, 1000.000000000000000 ) ;
#988 =( LENGTH_UNIT ( ) NAMED_UNIT ( * ) SI_UNIT ( .MILLI., .METRE. ) );
#989 = CARTESIAN_POINT ( 'NONE',  ( -2.195808974359252819, -4.741745857939531739, 3.419475410176758601 ) ) ;
#990 = EDGE_LOOP ( 'NONE', ( #2128, #276, #2005, #406 ) ) ;
#991 = CYLINDRICAL_SURFACE ( 'NONE', #27, 1.524000000000000021 ) ;
#992 = VECTOR ( 'NONE', #1526, 1000.000000000000000 ) ;
#993 = SURFACE_STYLE_FILL_AREA ( #2036 ) ;
#994 = VECTOR ( 'NONE', #229, 1000.000000000000000 ) ;
#995 = ORIENTED_EDGE ( 'NONE', *, *, #323, .F. ) ;
#996 = VECTOR ( 'NONE', #946, 1000.000000000000000 ) ;
#997 = MECHANICAL_DESIGN_GEOMETRIC_PRESENTATION_REPRESENTATION (  '', ( #1483 ), #2059 ) ;
#998 = DIRECTION ( 'NONE',  ( -1.000000000000000000, -1.136655944634334133E-16, 0.000000000000000000 ) ) ;
#999 = ADVANCED_FACE ( 'NONE', ( #1083 ), #2142, .T. ) ;
#1000 = AXIS2_PLACEMENT_3D ( 'NONE', #825, #1335, #1166 ) ;
#1001 = EDGE_CURVE ( 'NONE', #375, #1539, #483, .T. ) ;
#1002 = PRESENTATION_STYLE_ASSIGNMENT (( #1316 ) ) ;
#1003 = ADVANCED_FACE ( 'NONE', ( #2155 ), #756, .T. ) ;
#1004 = CARTESIAN_POINT ( 'NONE',  ( 2.195808974359254595, -4.741745857939530850, -5.724524589823240639 ) ) ;
#1005 = EDGE_LOOP ( 'NONE', ( #1024, #671, #174, #306 ) ) ;
#1006 = MECHANICAL_DESIGN_GEOMETRIC_PRESENTATION_REPRESENTATION (  '', ( #931 ), #1458 ) ;
#1007 = FACE_OUTER_BOUND ( 'NONE', #1477, .T. ) ;
#1008 = ORIENTED_EDGE ( 'NONE', *, *, #1564, .T. ) ;
#1009 = LINE ( 'NONE', #169, #1623 ) ;
#1010 = EDGE_CURVE ( 'NONE', #1286, #694, #1946, .T. ) ;
#1011 = CARTESIAN_POINT ( 'NONE',  ( 7.134528042149772725E-16, -2.201745857939532591, 12.80999834828995176 ) ) ;
#1012 = CARTESIAN_POINT ( 'NONE',  ( -2.540000000000000036, -0.5583045439275385879, 3.419475410176758601 ) ) ;
#1013 = ORIENTED_EDGE ( 'NONE', *, *, #1330, .F. ) ;
#1014 =( NAMED_UNIT ( * ) SI_UNIT ( $, .STERADIAN. ) SOLID_ANGLE_UNIT ( ) );
#1015 = CARTESIAN_POINT ( 'NONE',  ( 7.134528042149772725E-16, -2.201745857939532591, 0.8794754101767585652 ) ) ;
#1016 = ORIENTED_EDGE ( 'NONE', *, *, #1450, .T. ) ;
#1017 = COLOUR_RGB ( '',1.000000000000000000, 1.000000000000000000, 1.000000000000000000 ) ;
#1018 = PLANE ( 'NONE',  #262 ) ;
#1019 =( LENGTH_UNIT ( ) NAMED_UNIT ( * ) SI_UNIT ( .MILLI., .METRE. ) );
#1020 = EDGE_LOOP ( 'NONE', ( #959, #1474, #463, #1784, #1665, #1800 ) ) ;
#1021 = EDGE_CURVE ( 'NONE', #2122, #1467, #1592, .T. ) ;
#1022 = UNCERTAINTY_MEASURE_WITH_UNIT (LENGTH_MEASURE( 1.000000000000000082E-05 ), #11, 'distance_accuracy_value', 'NONE');
#1023 = DIRECTION ( 'NONE',  ( 0.000000000000000000, -0.000000000000000000, -1.000000000000000000 ) ) ;
#1024 = ORIENTED_EDGE ( 'NONE', *, *, #1235, .F. ) ;
#1025 = CARTESIAN_POINT ( 'NONE',  ( 2.539999999999999591, 1.237746680286288203, -5.724524589823240639 ) ) ;
#1026 = ORIENTED_EDGE ( 'NONE', *, *, #1967, .F. ) ;
#1027 = DIRECTION ( 'NONE',  ( 0.000000000000000000, -1.000000000000000000, 0.000000000000000000 ) ) ;
#1028 = DIRECTION ( 'NONE',  ( 0.000000000000000000, 1.000000000000000000, 0.000000000000000000 ) ) ;
#1029 = AXIS2_PLACEMENT_3D ( 'NONE', #475, #821, #1150 ) ;
#1030 = DIRECTION ( 'NONE',  ( 1.000000000000000000, 0.000000000000000000, -0.000000000000000000 ) ) ;
#1031 = CARTESIAN_POINT ( 'NONE',  ( -1.641974387893086584, 0.5922541420604686691, -1.152524589823241019 ) ) ;
#1032 = ORIENTED_EDGE ( 'NONE', *, *, #1653, .T. ) ;
#1033 = ADVANCED_FACE ( 'NONE', ( #1755 ), #73, .F. ) ;
#1034 = CARTESIAN_POINT ( 'NONE',  ( 7.134528042149772725E-16, -2.201745857939532591, 0.8794754101767585652 ) ) ;
#1035 = SURFACE_SIDE_STYLE ('',( #366 ) ) ;
#1036 = LINE ( 'NONE', #1549, #713 ) ;
#1037 = ORIENTED_EDGE ( 'NONE', *, *, #545, .T. ) ;
#1038 = CARTESIAN_POINT ( 'NONE',  ( -1.016000000000000458, -9.186745857939525806, -1.660524589823241692 ) ) ;
#1039 = AXIS2_PLACEMENT_3D ( 'NONE', #1174, #1041, #2185 ) ;
#1040 = CARTESIAN_POINT ( 'NONE',  ( -3.929550679238063805E-17, 2.878254142060467480, 4.435475410176758615 ) ) ;
#1041 = DIRECTION ( 'NONE',  ( 0.000000000000000000, 0.000000000000000000, 1.000000000000000000 ) ) ;
#1042 = VECTOR ( 'NONE', #1225, 1000.000000000000000 ) ;
#1043 = CARTESIAN_POINT ( 'NONE',  ( -3.929550679238063805E-17, 2.878254142060467480, 12.80999834828995176 ) ) ;
#1044 = ORIENTED_EDGE ( 'NONE', *, *, #1319, .F. ) ;
#1045 = FILL_AREA_STYLE ('',( #1902 ) ) ;
#1046 = ORIENTED_EDGE ( 'NONE', *, *, #1789, .F. ) ;
#1047 =( NAMED_UNIT ( * ) SI_UNIT ( $, .STERADIAN. ) SOLID_ANGLE_UNIT ( ) );
#1048 = CARTESIAN_POINT ( 'NONE',  ( 2.539999999999999591, -0.5583045439275385879, 3.419475410176758601 ) ) ;
#1049 = AXIS2_PLACEMENT_3D ( 'NONE', #1034, #520, #1717 ) ;
#1050 = VERTEX_POINT ( 'NONE', #1939 ) ;
#1051 = UNCERTAINTY_MEASURE_WITH_UNIT (LENGTH_MEASURE( 1.000000000000000082E-05 ), #988, 'distance_accuracy_value', 'NONE');
#1052 = DIRECTION ( 'NONE',  ( -0.000000000000000000, -0.000000000000000000, -1.000000000000000000 ) ) ;
#1053 = PRODUCT ( '5680F5_5', '5680F5_5', '', ( #1535 ) ) ;
#1054 = DIRECTION ( 'NONE',  ( -7.529181753371559939E-17, -0.000000000000000000, -1.000000000000000000 ) ) ;
#1055 = CARTESIAN_POINT ( 'NONE',  ( -2.539999999999998259, -4.741745857939533515, -5.724524589823240639 ) ) ;
#1056 = CARTESIAN_POINT ( 'NONE',  ( -2.540000000000000036, 1.237746680286288203, 3.419475410176758601 ) ) ;
#1057 = ORIENTED_EDGE ( 'NONE', *, *, #221, .T. ) ;
#1058 = ORIENTED_EDGE ( 'NONE', *, *, #165, .T. ) ;
#1059 = LINE ( 'NONE', #1284, #738 ) ;
#1060 = LINE ( 'NONE', #179, #453 ) ;
#1061 = CARTESIAN_POINT ( 'NONE',  ( 1.523999999999998911, -14.35016634762505738, -4.200524589823241506 ) ) ;
#1062 = ORIENTED_EDGE ( 'NONE', *, *, #24, .F. ) ;
#1063 = DIRECTION ( 'NONE',  ( -0.000000000000000000, -0.000000000000000000, -1.000000000000000000 ) ) ;
#1064 = VECTOR ( 'NONE', #1563, 1000.000000000000000 ) ;
#1065 = EDGE_CURVE ( 'NONE', #564, #468, #1095, .T. ) ;
#1066 = VECTOR ( 'NONE', #1603, 1000.000000000000000 ) ;
#1067 = VECTOR ( 'NONE', #1532, 1000.000000000000000 ) ;
#1068 =( NAMED_UNIT ( * ) PLANE_ANGLE_UNIT ( ) SI_UNIT ( $, .RADIAN. ) );
#1069 = EDGE_CURVE ( 'NONE', #1790, #294, #1672, .T. ) ;
#1070 = ADVANCED_FACE ( 'NONE', ( #590 ), #897, .F. ) ;
#1071 =( LENGTH_UNIT ( ) NAMED_UNIT ( * ) SI_UNIT ( .MILLI., .METRE. ) );
#1072 = SURFACE_STYLE_FILL_AREA ( #370 ) ;
#1073 = VERTEX_POINT ( 'NONE', #397 ) ;
#1074 = COLOUR_RGB ( '',1.000000000000000000, 1.000000000000000000, 1.000000000000000000 ) ;
#1075 = ADVANCED_FACE ( 'NONE', ( #933, #1392 ), #1607, .T. ) ;
#1076 = CARTESIAN_POINT ( 'NONE',  ( 2.741824265619087558E-16, -2.201745857939531259, 3.419475410176758601 ) ) ;
#1077 = ORIENTED_EDGE ( 'NONE', *, *, #1386, .F. ) ;
#1078 = SURFACE_SIDE_STYLE ('',( #403 ) ) ;
#1079 = SURFACE_SIDE_STYLE ('',( #1072 ) ) ;
#1080 = ORIENTED_EDGE ( 'NONE', *, *, #555, .T. ) ;
#1081 = FACE_OUTER_BOUND ( 'NONE', #1915, .T. ) ;
#1082 = VECTOR ( 'NONE', #373, 1000.000000000000000 ) ;
#1083 = FACE_OUTER_BOUND ( 'NONE', #776, .T. ) ;
#1084 = FILL_AREA_STYLE_COLOUR ( '', #96 ) ;
#1085 = ORIENTED_EDGE ( 'NONE', *, *, #1263, .F. ) ;
#1086 = FACE_OUTER_BOUND ( 'NONE', #663, .T. ) ;
#1087 = EDGE_CURVE ( 'NONE', #833, #421, #1130, .T. ) ;
#1088 = PRESENTATION_STYLE_ASSIGNMENT (( #1960 ) ) ;
#1089 = LINE ( 'NONE', #940, #1345 ) ;
#1090 = ORIENTED_EDGE ( 'NONE', *, *, #518, .T. ) ;
#1091 = LINE ( 'NONE', #1117, #1671 ) ;
#1092 = CARTESIAN_POINT ( 'NONE',  ( -1.641974387893086584, 5.164254142060467956, 3.419475410176758601 ) ) ;
#1093 =( GEOMETRIC_REPRESENTATION_CONTEXT ( 3 ) GLOBAL_UNCERTAINTY_ASSIGNED_CONTEXT ( ( #1051 ) ) GLOBAL_UNIT_ASSIGNED_CONTEXT ( ( #988, #170, #2195 ) ) REPRESENTATION_CONTEXT ( 'NONE', 'WORKASPACE' ) );
#1094 = PRESENTATION_LAYER_ASSIGNMENT (  '', '', ( #1203 ) ) ;
#1095 = LINE ( 'NONE', #439, #1310 ) ;
#1096 = VECTOR ( 'NONE', #577, 1000.000000000000000 ) ;
#1097 = VERTEX_POINT ( 'NONE', #1806 ) ;
#1098 = VECTOR ( 'NONE', #1527, 1000.000000000000000 ) ;
#1099 =( NAMED_UNIT ( * ) PLANE_ANGLE_UNIT ( ) SI_UNIT ( $, .RADIAN. ) );
#1100 = EDGE_CURVE ( 'NONE', #739, #907, #1957, .T. ) ;
#1101 = DIRECTION ( 'NONE',  ( 0.000000000000000000, 0.000000000000000000, -1.000000000000000000 ) ) ;
#1102 = CARTESIAN_POINT ( 'NONE',  ( 2.195808974359254595, -4.741745857939530850, 3.419475410176758601 ) ) ;
#1103 = DIRECTION ( 'NONE',  ( 1.000000000000000000, 0.000000000000000000, 0.000000000000000000 ) ) ;
#1104 = ORIENTED_EDGE ( 'NONE', *, *, #1001, .T. ) ;
#1105 = CARTESIAN_POINT ( 'NONE',  ( 1.574800000000000644, -2.201745857939532591, 3.419475410176758601 ) ) ;
#1106 = ADVANCED_FACE ( 'NONE', ( #310 ), #1991, .F. ) ;
#1107 = MECHANICAL_DESIGN_GEOMETRIC_PRESENTATION_REPRESENTATION (  '', ( #1211 ), #160 ) ;
#1108 = DIRECTION ( 'NONE',  ( -1.000000000000000000, -4.000501629853035140E-15, 0.000000000000000000 ) ) ;
#1109 = EDGE_CURVE ( 'NONE', #1766, #1286, #1637, .T. ) ;
#1110 = FACE_OUTER_BOUND ( 'NONE', #100, .T. ) ;
#1111 = VERTEX_POINT ( 'NONE', #1978 ) ;
#1112 = SURFACE_SIDE_STYLE ('',( #1449 ) ) ;
#1113 = FILL_AREA_STYLE_COLOUR ( '', #698 ) ;
#1114 = VECTOR ( 'NONE', #939, 1000.000000000000114 ) ;
#1115 = ADVANCED_FACE ( 'NONE', ( #1460 ), #1193, .T. ) ;
#1116 = ORIENTED_EDGE ( 'NONE', *, *, #883, .T. ) ;
#1117 = CARTESIAN_POINT ( 'NONE',  ( 2.195808974359254595, -4.741745857939530850, 3.419475410176758601 ) ) ;
#1118 = UNCERTAINTY_MEASURE_WITH_UNIT (LENGTH_MEASURE( 1.000000000000000082E-05 ), #1919, 'distance_accuracy_value', 'NONE');
#1119 =( LENGTH_UNIT ( ) NAMED_UNIT ( * ) SI_UNIT ( .MILLI., .METRE. ) );
#1120 = SURFACE_STYLE_FILL_AREA ( #2176 ) ;
#1121 = PRESENTATION_LAYER_ASSIGNMENT (  '', '', ( #2007 ) ) ;
#1122 = CARTESIAN_POINT ( 'NONE',  ( 1.015999999999999792, -9.186745857939516924, -1.660524589823241692 ) ) ;
#1123 = ORIENTED_EDGE ( 'NONE', *, *, #1100, .F. ) ;
#1124 = COLOUR_RGB ( '',1.000000000000000000, 1.000000000000000000, 1.000000000000000000 ) ;
#1125 = SURFACE_SIDE_STYLE ('',( #771 ) ) ;
#1126 = SURFACE_SIDE_STYLE ('',( #2160 ) ) ;
#1127 = ORIENTED_EDGE ( 'NONE', *, *, #292, .T. ) ;
#1128 = LINE ( 'NONE', #1813, #1663 ) ;
#1129 = SURFACE_SIDE_STYLE ('',( #91 ) ) ;
#1130 = LINE ( 'NONE', #141, #153 ) ;
#1131 = SURFACE_STYLE_FILL_AREA ( #2000 ) ;
#1132 = ORIENTED_EDGE ( 'NONE', *, *, #683, .T. ) ;
#1133 = AXIS2_PLACEMENT_3D ( 'NONE', #1178, #1654, #500 ) ;
#1134 = EDGE_CURVE ( 'NONE', #666, #1216, #782, .T. ) ;
#1135 = PLANE ( 'NONE',  #667 ) ;
#1136 = STYLED_ITEM ( 'NONE', ( #29 ), #1518 ) ;
#1137 = VERTEX_POINT ( 'NONE', #627 ) ;
#1138 = LINE ( 'NONE', #1338, #391 ) ;
#1139 = LINE ( 'NONE', #1825, #330 ) ;
#1140 = DIRECTION ( 'NONE',  ( -6.776263578034403699E-16, -0.000000000000000000, 1.000000000000000000 ) ) ;
#1141 = VECTOR ( 'NONE', #2144, 1000.000000000000000 ) ;
#1142 = CYLINDRICAL_SURFACE ( 'NONE', #409, 1.524000000000000021 ) ;
#1143 = VERTEX_POINT ( 'NONE', #452 ) ;
#1144 = DIRECTION ( 'NONE',  ( -0.000000000000000000, -0.000000000000000000, -1.000000000000000000 ) ) ;
#1145 = VECTOR ( 'NONE', #69, 1000.000000000000000 ) ;
#1146 = SURFACE_STYLE_FILL_AREA ( #1685 ) ;
#1147 = ORIENTED_EDGE ( 'NONE', *, *, #300, .F. ) ;
#1148 = CARTESIAN_POINT ( 'NONE',  ( -1.524000000000021116, -9.186745857939525806, -2.168524589823241477 ) ) ;
#1149 = SURFACE_SIDE_STYLE ('',( #342 ) ) ;
#1150 = DIRECTION ( 'NONE',  ( 0.000000000000000000, 0.000000000000000000, -1.000000000000000000 ) ) ;
#1151 =( NAMED_UNIT ( * ) PLANE_ANGLE_UNIT ( ) SI_UNIT ( $, .RADIAN. ) );
#1152 = ORIENTED_EDGE ( 'NONE', *, *, #800, .T. ) ;
#1153 = VECTOR ( 'NONE', #547, 1000.000000000000000 ) ;
#1154 = ADVANCED_FACE ( 'NONE', ( #805 ), #2073, .F. ) ;
#1155 = CARTESIAN_POINT ( 'NONE',  ( 1.641974387893085918, 0.5922541420604686691, -1.152524589823239687 ) ) ;
#1156 =( NAMED_UNIT ( * ) PLANE_ANGLE_UNIT ( ) SI_UNIT ( $, .RADIAN. ) );
#1157 = ORIENTED_EDGE ( 'NONE', *, *, #1065, .F. ) ;
#1158 = FACE_OUTER_BOUND ( 'NONE', #875, .T. ) ;
#1159 = EDGE_CURVE ( 'NONE', #1773, #1731, #707, .T. ) ;
#1160 = CARTESIAN_POINT ( 'NONE',  ( 1.641974387893085474, 0.08425414206046882848, -5.724524589823238863 ) ) ;
#1161 = CARTESIAN_POINT ( 'NONE',  ( 1.524000000000000243, -9.186745857939513371, -2.168524589823241033 ) ) ;
#1162 = ORIENTED_EDGE ( 'NONE', *, *, #654, .T. ) ;
#1163 = EDGE_CURVE ( 'NONE', #1050, #1467, #1954, .T. ) ;
#1164 = PRESENTATION_STYLE_ASSIGNMENT (( #2012 ) ) ;
#1165 = PRESENTATION_LAYER_ASSIGNMENT (  '', '', ( #2135 ) ) ;
#1166 = DIRECTION ( 'NONE',  ( -1.000000000000000000, 0.000000000000000000, -1.355252715606880345E-15 ) ) ;
#1167 = AXIS2_PLACEMENT_3D ( 'NONE', #955, #926, #593 ) ;
#1168 = EDGE_LOOP ( 'NONE', ( #681, #1548 ) ) ;
#1169 = VECTOR ( 'NONE', #1882, 1000.000000000000000 ) ;
#1170 = CARTESIAN_POINT ( 'NONE',  ( 1.641974387893085918, 0.08425414206046882848, -1.152524589823239687 ) ) ;
#1171 = MECHANICAL_DESIGN_GEOMETRIC_PRESENTATION_REPRESENTATION (  '', ( #1136 ), #474 ) ;
#1172 = DIRECTION ( 'NONE',  ( -0.000000000000000000, -0.000000000000000000, -1.000000000000000000 ) ) ;
#1173 = EDGE_CURVE ( 'NONE', #468, #952, #1927, .T. ) ;
#1174 = CARTESIAN_POINT ( 'NONE',  ( -3.929550679238063805E-17, 2.878254142060467480, 0.8794754101767585652 ) ) ;
#1175 = ORIENTED_EDGE ( 'NONE', *, *, #1274, .F. ) ;
#1176 = UNCERTAINTY_MEASURE_WITH_UNIT (LENGTH_MEASURE( 1.000000000000000082E-05 ), #261, 'distance_accuracy_value', 'NONE');
#1177 =( LENGTH_UNIT ( ) NAMED_UNIT ( * ) SI_UNIT ( .MILLI., .METRE. ) );
#1178 = CARTESIAN_POINT ( 'NONE',  ( -1.524000000000000465, -14.35016634762505738, -1.660524589823241692 ) ) ;
#1179 = ORIENTED_EDGE ( 'NONE', *, *, #1231, .F. ) ;
#1180 = SURFACE_STYLE_FILL_AREA ( #513 ) ;
#1181 = EDGE_CURVE ( 'NONE', #1731, #1941, #414, .T. ) ;
#1182 = SURFACE_STYLE_FILL_AREA ( #1657 ) ;
#1183 = CARTESIAN_POINT ( 'NONE',  ( -1.016000000000000458, -14.35016634762505738, -1.660524589823241692 ) ) ;
#1184 = ORIENTED_EDGE ( 'NONE', *, *, #903, .F. ) ;
#1185 = CARTESIAN_POINT ( 'NONE',  ( 1.015999999999999792, 0.08425414206046882848, -1.660524589823241692 ) ) ;
#1186 = DIRECTION ( 'NONE',  ( -0.000000000000000000, -0.000000000000000000, -1.000000000000000000 ) ) ;
#1187 = CARTESIAN_POINT ( 'NONE',  ( 1.523999999999999355, -14.35016634762505738, -4.708524589823240625 ) ) ;
#1188 = ORIENTED_EDGE ( 'NONE', *, *, #870, .T. ) ;
#1189 =( GEOMETRIC_REPRESENTATION_CONTEXT ( 3 ) GLOBAL_UNCERTAINTY_ASSIGNED_CONTEXT ( ( #519 ) ) GLOBAL_UNIT_ASSIGNED_CONTEXT ( ( #1177, #166, #1014 ) ) REPRESENTATION_CONTEXT ( 'NONE', 'WORKASPACE' ) );
#1190 = ORIENTED_EDGE ( 'NONE', *, *, #1417, .F. ) ;
#1191 = DIRECTION ( 'NONE',  ( -0.7071067811865492381, -0.7071067811865457964, 0.000000000000000000 ) ) ;
#1192 = DIRECTION ( 'NONE',  ( 7.529181753371561172E-17, 7.529181753371524194E-17, 1.000000000000000000 ) ) ;
#1193 = SPHERICAL_SURFACE ( 'NONE', #1636, 1.524000000000000021 ) ;
#1194 = CARTESIAN_POINT ( 'NONE',  ( -1.641974387893086584, -4.187911271473367947, -1.152524589823241019 ) ) ;
#1195 = CARTESIAN_POINT ( 'NONE',  ( -1.523999999999999133, -2.201745857939532591, 4.435475410176758615 ) ) ;
#1196 = ORIENTED_EDGE ( 'NONE', *, *, #622, .F. ) ;
#1197 = CARTESIAN_POINT ( 'NONE',  ( 2.195808974359254595, -4.741745857939530850, 3.419475410176758601 ) ) ;
#1198 = ORIENTED_EDGE ( 'NONE', *, *, #780, .T. ) ;
#1199 = CARTESIAN_POINT ( 'NONE',  ( 1.641974387893085918, 5.164254142060467956, 3.419475410176758601 ) ) ;
#1200 = EDGE_LOOP ( 'NONE', ( #675, #1720, #982, #456 ) ) ;
#1201 = PLANE ( 'NONE',  #1602 ) ;
#1202 = CARTESIAN_POINT ( 'NONE',  ( 1.015999999999999570, -9.186745857939515147, -4.708524589823241513 ) ) ;
#1203 = STYLED_ITEM ( 'NONE', ( #1317 ), #1115 ) ;
#1204 = DIRECTION ( 'NONE',  ( -0.000000000000000000, -0.000000000000000000, -1.000000000000000000 ) ) ;
#1205 = AXIS2_PLACEMENT_3D ( 'NONE', #1229, #1519, #2040 ) ;
#1206 = VECTOR ( 'NONE', #1574, 1000.000000000000000 ) ;
#1207 = CARTESIAN_POINT ( 'NONE',  ( -1.016000000000000458, -14.35016634762505738, -1.660524589823241692 ) ) ;
#1208 =( GEOMETRIC_REPRESENTATION_CONTEXT ( 3 ) GLOBAL_UNCERTAINTY_ASSIGNED_CONTEXT ( ( #1441 ) ) GLOBAL_UNIT_ASSIGNED_CONTEXT ( ( #2104, #1245, #1435 ) ) REPRESENTATION_CONTEXT ( 'NONE', 'WORKASPACE' ) );
#1209 = DIRECTION ( 'NONE',  ( -1.645698667320474627E-16, 1.000000000000000000, -0.000000000000000000 ) ) ;
#1210 = FACE_OUTER_BOUND ( 'NONE', #2161, .T. ) ;
#1211 = STYLED_ITEM ( 'NONE', ( #2204 ), #2146 ) ;
#1212 = APPLICATION_CONTEXT ( 'automotive_design' ) ;
#1213 = ORIENTED_EDGE ( 'NONE', *, *, #1450, .F. ) ;
#1214 = FACE_OUTER_BOUND ( 'NONE', #1566, .T. ) ;
#1215 = DIRECTION ( 'NONE',  ( 1.000000000000000000, 0.000000000000000000, 0.000000000000000000 ) ) ;
#1216 = VERTEX_POINT ( 'NONE', #1376 ) ;
#1217 = LINE ( 'NONE', #565, #1750 ) ;
#1218 = PRESENTATION_LAYER_ASSIGNMENT (  '', '', ( #2187 ) ) ;
#1219 = AXIS2_PLACEMENT_3D ( 'NONE', #213, #228, #1348 ) ;
#1220 = ORIENTED_EDGE ( 'NONE', *, *, #1989, .F. ) ;
#1221 = LINE ( 'NONE', #66, #1098 ) ;
#1222 = ORIENTED_EDGE ( 'NONE', *, *, #1818, .T. ) ;
#1223 = EDGE_CURVE ( 'NONE', #143, #1715, #1906, .T. ) ;
#1224 = CARTESIAN_POINT ( 'NONE',  ( -1.641974387893086806, 0.08425414206046882848, -5.724524589823240639 ) ) ;
#1225 = DIRECTION ( 'NONE',  ( -0.000000000000000000, 1.000000000000000000, -0.000000000000000000 ) ) ;
#1226 = VECTOR ( 'NONE', #1054, 1000.000000000000000 ) ;
#1227 = VERTEX_POINT ( 'NONE', #1749 ) ;
#1228 = AXIS2_PLACEMENT_3D ( 'NONE', #77, #1101, #1425 ) ;
#1229 = CARTESIAN_POINT ( 'NONE',  ( 2.741824265619087558E-16, -2.201745857939531259, 3.419475410176758601 ) ) ;
#1230 = ADVANCED_FACE ( 'NONE', ( #1531 ), #894, .T. ) ;
#1231 = EDGE_CURVE ( 'NONE', #489, #721, #860, .T. ) ;
#1232 = VECTOR ( 'NONE', #1834, 1000.000000000000000 ) ;
#1233 = EDGE_LOOP ( 'NONE', ( #344, #337, #549, #1116 ) ) ;
#1234 = DIRECTION ( 'NONE',  ( 1.000000000000000000, 0.000000000000000000, 0.000000000000000000 ) ) ;
#1235 = EDGE_CURVE ( 'NONE', #1227, #878, #379, .T. ) ;
#1236 = ORIENTED_EDGE ( 'NONE', *, *, #2088, .T. ) ;
#1237 =( NAMED_UNIT ( * ) PLANE_ANGLE_UNIT ( ) SI_UNIT ( $, .RADIAN. ) );
#1238 = PLANE ( 'NONE',  #1276 ) ;
#1239 = ORIENTED_EDGE ( 'NONE', *, *, #1564, .F. ) ;
#1240 = CARTESIAN_POINT ( 'NONE',  ( -1.641974387893086584, 5.164254142060467956, -1.152524589823241019 ) ) ;
#1241 =( GEOMETRIC_REPRESENTATION_CONTEXT ( 3 ) GLOBAL_UNCERTAINTY_ASSIGNED_CONTEXT ( ( #2075 ) ) GLOBAL_UNIT_ASSIGNED_CONTEXT ( ( #1998, #1490, #662 ) ) REPRESENTATION_CONTEXT ( 'NONE', 'WORKASPACE' ) );
#1242 =( GEOMETRIC_REPRESENTATION_CONTEXT ( 3 ) GLOBAL_UNCERTAINTY_ASSIGNED_CONTEXT ( ( #1118 ) ) GLOBAL_UNIT_ASSIGNED_CONTEXT ( ( #1919, #575, #190 ) ) REPRESENTATION_CONTEXT ( 'NONE', 'WORKASPACE' ) );
#1243 = DIRECTION ( 'NONE',  ( 0.000000000000000000, 1.000000000000000000, 0.000000000000000000 ) ) ;
#1244 = VERTEX_POINT ( 'NONE', #45 ) ;
#1245 =( NAMED_UNIT ( * ) PLANE_ANGLE_UNIT ( ) SI_UNIT ( $, .RADIAN. ) );
#1246 = DIRECTION ( 'NONE',  ( -0.000000000000000000, 1.000000000000000000, -0.000000000000000000 ) ) ;
#1247 = SURFACE_STYLE_FILL_AREA ( #423 ) ;
#1248 = DIRECTION ( 'NONE',  ( 1.000000000000000000, 0.000000000000000000, -7.529181753371559939E-17 ) ) ;
#1249 = EDGE_LOOP ( 'NONE', ( #1843, #1644, #1598, #4 ) ) ;
#1250 =( GEOMETRIC_REPRESENTATION_CONTEXT ( 3 ) GLOBAL_UNCERTAINTY_ASSIGNED_CONTEXT ( ( #1871 ) ) GLOBAL_UNIT_ASSIGNED_CONTEXT ( ( #1019, #156, #1714 ) ) REPRESENTATION_CONTEXT ( 'NONE', 'WORKASPACE' ) );
#1251 = DIRECTION ( 'NONE',  ( 1.000000000000000000, 0.000000000000000000, 0.000000000000000000 ) ) ;
#1252 = DIRECTION ( 'NONE',  ( -4.000501629853035140E-15, 1.000000000000000000, 0.000000000000000000 ) ) ;
#1253 = ADVANCED_FACE ( 'NONE', ( #902 ), #70, .F. ) ;
#1254 = DIRECTION ( 'NONE',  ( -4.192930076160990322E-16, 0.000000000000000000, 1.000000000000000000 ) ) ;
#1255 = ORIENTED_EDGE ( 'NONE', *, *, #165, .F. ) ;
#1256 = LINE ( 'NONE', #1600, #1694 ) ;
#1257 = CARTESIAN_POINT ( 'NONE',  ( 1.574799999999999978, 2.878254142060467480, 0.8794754101767585652 ) ) ;
#1258 =( LENGTH_UNIT ( ) NAMED_UNIT ( * ) SI_UNIT ( .MILLI., .METRE. ) );
#1259 = EDGE_LOOP ( 'NONE', ( #1175, #1994, #1384, #311 ) ) ;
#1260 = CARTESIAN_POINT ( 'NONE',  ( 2.539999999999999147, 4.266228529953550286, -5.724524589823240639 ) ) ;
#1261 = SURFACE_STYLE_FILL_AREA ( #596 ) ;
#1262 = CARTESIAN_POINT ( 'NONE',  ( -1.523999999999998911, -14.35016634762505738, -4.200524589823242394 ) ) ;
#1263 = EDGE_CURVE ( 'NONE', #477, #489, #55, .T. ) ;
#1264 = CARTESIAN_POINT ( 'NONE',  ( 1.523999999999999799, -14.35016634762505738, -1.660524589823241026 ) ) ;
#1265 = ORIENTED_EDGE ( 'NONE', *, *, #2196, .F. ) ;
#1266 = DIRECTION ( 'NONE',  ( -1.000000000000000000, -4.000501629853035140E-15, 0.000000000000000000 ) ) ;
#1267 = VECTOR ( 'NONE', #266, 1000.000000000000000 ) ;
#1268 = ADVANCED_FACE ( 'NONE', ( #1724 ), #1238, .F. ) ;
#1269 = CARTESIAN_POINT ( 'NONE',  ( -2.539999999999980052, -9.186745857939531135, 3.419475410176758601 ) ) ;
#1270 = SURFACE_SIDE_STYLE ('',( #1247 ) ) ;
#1271 = FILL_AREA_STYLE ('',( #1788 ) ) ;
#1272 = ORIENTED_EDGE ( 'NONE', *, *, #1885, .T. ) ;
#1273 = DIRECTION ( 'NONE',  ( -0.000000000000000000, -0.000000000000000000, -1.000000000000000000 ) ) ;
#1274 = EDGE_CURVE ( 'NONE', #1216, #143, #1089, .T. ) ;
#1275 = CARTESIAN_POINT ( 'NONE',  ( 1.524000000000000243, 0.08425414206046882848, -2.168524589823241033 ) ) ;
#1276 = AXIS2_PLACEMENT_3D ( 'NONE', #584, #1248, #1542 ) ;
#1277 = CARTESIAN_POINT ( 'NONE',  ( -1.641974387893086584, -4.741745857939533515, -1.152524589823241019 ) ) ;
#1278 = VECTOR ( 'NONE', #101, 1000.000000000000000 ) ;
#1279 = STYLED_ITEM ( 'NONE', ( #288 ), #1106 ) ;
#1280 = EDGE_LOOP ( 'NONE', ( #1057, #1586, #387, #138 ) ) ;
#1281 = EDGE_CURVE ( 'NONE', #110, #477, #2109, .T. ) ;
#1282 =( GEOMETRIC_REPRESENTATION_CONTEXT ( 3 ) GLOBAL_UNCERTAINTY_ASSIGNED_CONTEXT ( ( #2154 ) ) GLOBAL_UNIT_ASSIGNED_CONTEXT ( ( #479, #1156, #1354 ) ) REPRESENTATION_CONTEXT ( 'NONE', 'WORKASPACE' ) );
#1283 = SURFACE_STYLE_USAGE ( .BOTH. , #1125 ) ;
#1284 = CARTESIAN_POINT ( 'NONE',  ( -1.524000000000000021, 2.878254142060467480, 12.80999834828995176 ) ) ;
#1285 = FACE_OUTER_BOUND ( 'NONE', #748, .T. ) ;
#1286 = VERTEX_POINT ( 'NONE', #760 ) ;
#1287 = DIRECTION ( 'NONE',  ( 0.000000000000000000, -0.000000000000000000, 1.000000000000000000 ) ) ;
#1288 = DIRECTION ( 'NONE',  ( 1.000000000000000000, -4.000501629853035140E-15, -0.000000000000000000 ) ) ;
#1289 =( NAMED_UNIT ( * ) SI_UNIT ( $, .STERADIAN. ) SOLID_ANGLE_UNIT ( ) );
#1290 = DIRECTION ( 'NONE',  ( 3.388131789017202342E-16, 1.355422674412019627E-30, -1.000000000000000000 ) ) ;
#1291 = EDGE_LOOP ( 'NONE', ( #603, #410, #1026, #1434 ) ) ;
#1292 = CARTESIAN_POINT ( 'NONE',  ( 7.134528042149772725E-16, -2.201745857939532591, 12.80999834828995176 ) ) ;
#1293 = FACE_BOUND ( 'NONE', #1200, .T. ) ;
#1294 = FACE_OUTER_BOUND ( 'NONE', #1005, .T. ) ;
#1295 = ORIENTED_EDGE ( 'NONE', *, *, #485, .T. ) ;
#1296 = LINE ( 'NONE', #139, #1545 ) ;
#1297 = UNCERTAINTY_MEASURE_WITH_UNIT (LENGTH_MEASURE( 1.000000000000000082E-05 ), #810, 'distance_accuracy_value', 'NONE');
#1298 = CARTESIAN_POINT ( 'NONE',  ( 2.195808974359255483, -4.741745857939531739, -1.152524589823239687 ) ) ;
#1299 = ADVANCED_FACE ( 'NONE', ( #1294 ), #87, .F. ) ;
#1300 = AXIS2_PLACEMENT_3D ( 'NONE', #2090, #1243, #591 ) ;
#1301 = ORIENTED_EDGE ( 'NONE', *, *, #476, .T. ) ;
#1302 = PRESENTATION_LAYER_ASSIGNMENT (  '', '', ( #67 ) ) ;
#1303 = FILL_AREA_STYLE_COLOUR ( '', #1124 ) ;
#1304 =( NAMED_UNIT ( * ) PLANE_ANGLE_UNIT ( ) SI_UNIT ( $, .RADIAN. ) );
#1305 = ORIENTED_EDGE ( 'NONE', *, *, #219, .F. ) ;
#1306 = CARTESIAN_POINT ( 'NONE',  ( -1.524000000000000465, 0.08425414206046882848, -1.660524589823241692 ) ) ;
#1307 = DIRECTION ( 'NONE',  ( 1.000000000000000000, 0.000000000000000000, 3.388131789017202835E-16 ) ) ;
#1308 =( GEOMETRIC_REPRESENTATION_CONTEXT ( 3 ) GLOBAL_UNCERTAINTY_ASSIGNED_CONTEXT ( ( #625 ) ) GLOBAL_UNIT_ASSIGNED_CONTEXT ( ( #1258, #1983, #1973 ) ) REPRESENTATION_CONTEXT ( 'NONE', 'WORKASPACE' ) );
#1309 = ORIENTED_EDGE ( 'NONE', *, *, #323, .T. ) ;
#1310 = VECTOR ( 'NONE', #1595, 1000.000000000000000 ) ;
#1311 = LINE ( 'NONE', #824, #1659 ) ;
#1312 = AXIS2_PLACEMENT_3D ( 'NONE', #729, #1578, #1876 ) ;
#1313 = ORIENTED_EDGE ( 'NONE', *, *, #1109, .T. ) ;
#1314 = CARTESIAN_POINT ( 'NONE',  ( 1.523999999999979371, -9.186745857939513371, -2.168524589823241033 ) ) ;
#1315 = ORIENTED_EDGE ( 'NONE', *, *, #1263, .T. ) ;
#1316 = SURFACE_STYLE_USAGE ( .BOTH. , #1349 ) ;
#1317 = PRESENTATION_STYLE_ASSIGNMENT (( #1491 ) ) ;
#1318 = VECTOR ( 'NONE', #835, 1000.000000000000000 ) ;
#1319 = EDGE_CURVE ( 'NONE', #1336, #2033, #1811, .T. ) ;
#1320 = EDGE_CURVE ( 'NONE', #718, #1773, #460, .T. ) ;
#1321 = AXIS2_PLACEMENT_3D ( 'NONE', #1358, #862, #497 ) ;
#1322 = EDGE_LOOP ( 'NONE', ( #507, #1315, #168, #1272 ) ) ;
#1323 = LINE ( 'NONE', #1465, #1503 ) ;
#1324 = DIRECTION ( 'NONE',  ( 0.000000000000000000, 0.000000000000000000, 1.000000000000000000 ) ) ;
#1325 = VERTEX_POINT ( 'NONE', #775 ) ;
#1326 = PLANE ( 'NONE',  #531 ) ;
#1327 = VECTOR ( 'NONE', #393, 1000.000000000000000 ) ;
#1328 = PLANE ( 'NONE',  #814 ) ;
#1329 = DIRECTION ( 'NONE',  ( 0.7071067811865491270, 0.7071067811865459074, 0.000000000000000000 ) ) ;
#1330 = EDGE_CURVE ( 'NONE', #1137, #143, #1775, .T. ) ;
#1331 = ORIENTED_EDGE ( 'NONE', *, *, #382, .T. ) ;
#1332 = AXIS2_PLACEMENT_3D ( 'NONE', #1264, #1403, #1411 ) ;
#1333 = STYLED_ITEM ( 'NONE', ( #247 ), #1624 ) ;
#1334 =( NAMED_UNIT ( * ) SI_UNIT ( $, .STERADIAN. ) SOLID_ANGLE_UNIT ( ) );
#1335 = DIRECTION ( 'NONE',  ( 1.355252715606880345E-15, 0.000000000000000000, -1.000000000000000000 ) ) ;
#1336 = VERTEX_POINT ( 'NONE', #113 ) ;
#1337 = EDGE_CURVE ( 'NONE', #2043, #1570, #2133, .T. ) ;
#1338 = CARTESIAN_POINT ( 'NONE',  ( -1.015999999999999126, 0.08425414206046882848, -4.200524589823242394 ) ) ;
#1339 = COLOUR_RGB ( '',0.000000000000000000, 1.000000000000000000, 0.000000000000000000 ) ;
#1340 = DIRECTION ( 'NONE',  ( -3.388131789017201849E-16, 0.000000000000000000, 1.000000000000000000 ) ) ;
#1341 = ORIENTED_EDGE ( 'NONE', *, *, #960, .T. ) ;
#1342 = ADVANCED_FACE ( 'NONE', ( #1285 ), #604, .F. ) ;
#1343 = CARTESIAN_POINT ( 'NONE',  ( 2.539999999999999591, -0.5583045439275385879, 3.419475410176758601 ) ) ;
#1344 = DIRECTION ( 'NONE',  ( -0.7071067811865457964, 0.7071067811865492381, -0.000000000000000000 ) ) ;
#1345 = VECTOR ( 'NONE', #1103, 1000.000000000000000 ) ;
#1346 = ORIENTED_EDGE ( 'NONE', *, *, #1911, .T. ) ;
#1347 = VECTOR ( 'NONE', #59, 1000.000000000000000 ) ;
#1348 = DIRECTION ( 'NONE',  ( -0.7071067811865496822, 0.7071067811865453523, 0.000000000000000000 ) ) ;
#1349 = SURFACE_SIDE_STYLE ('',( #1182 ) ) ;
#1350 = EDGE_LOOP ( 'NONE', ( #114, #1265, #867, #157 ) ) ;
#1351 = UNCERTAINTY_MEASURE_WITH_UNIT (LENGTH_MEASURE( 1.000000000000000082E-05 ), #2200, 'distance_accuracy_value', 'NONE');
#1352 = DIRECTION ( 'NONE',  ( -1.000000000000000000, 0.000000000000000000, 0.000000000000000000 ) ) ;
#1353 = ORIENTED_EDGE ( 'NONE', *, *, #1493, .T. ) ;
#1354 =( NAMED_UNIT ( * ) SI_UNIT ( $, .STERADIAN. ) SOLID_ANGLE_UNIT ( ) );
#1355 = ORIENTED_EDGE ( 'NONE', *, *, #772, .T. ) ;
#1356 = DIRECTION ( 'NONE',  ( 1.000000000000000000, 0.000000000000000000, 0.000000000000000000 ) ) ;
#1357 = CARTESIAN_POINT ( 'NONE',  ( -1.016000000000000236, 0.08425414206046882848, -2.168524589823241477 ) ) ;
#1358 = CARTESIAN_POINT ( 'NONE',  ( 1.641974387893081699, 0.3397210681793748632, 3.419475410176758601 ) ) ;
#1359 = ORIENTED_EDGE ( 'NONE', *, *, #1337, .T. ) ;
#1360 = DIRECTION ( 'NONE',  ( -0.000000000000000000, -0.000000000000000000, -1.000000000000000000 ) ) ;
#1361 = CARTESIAN_POINT ( 'NONE',  ( -2.540000000000000036, 1.237746680286288203, -5.724524589823240639 ) ) ;
#1362 = ORIENTED_EDGE ( 'NONE', *, *, #1223, .T. ) ;
#1363 = PRESENTATION_LAYER_ASSIGNMENT (  '', '', ( #2194 ) ) ;
#1364 = FILL_AREA_STYLE_COLOUR ( '', #1681 ) ;
#1365 = DIRECTION ( 'NONE',  ( -0.7071067811865491270, -0.7071067811865459074, 0.000000000000000000 ) ) ;
#1366 = LINE ( 'NONE', #1763, #2139 ) ;
#1367 = AXIS2_PLACEMENT_3D ( 'NONE', #661, #1997, #1475 ) ;
#1368 = DIRECTION ( 'NONE',  ( 0.7071067811865491270, -0.7071067811865459074, -0.000000000000000000 ) ) ;
#1369 = FACE_OUTER_BOUND ( 'NONE', #2001, .T. ) ;
#1370 = ORIENTED_EDGE ( 'NONE', *, *, #491, .T. ) ;
#1371 =( LENGTH_UNIT ( ) NAMED_UNIT ( * ) SI_UNIT ( .MILLI., .METRE. ) );
#1372 = ORIENTED_EDGE ( 'NONE', *, *, #1967, .T. ) ;
#1373 = DIRECTION ( 'NONE',  ( -0.7071067811865457964, 0.7071067811865492381, 0.000000000000000000 ) ) ;
#1374 = VECTOR ( 'NONE', #685, 1000.000000000000000 ) ;
#1375 = DIRECTION ( 'NONE',  ( -0.000000000000000000, -0.000000000000000000, -1.000000000000000000 ) ) ;
#1376 = CARTESIAN_POINT ( 'NONE',  ( -1.524000000000000465, 0.08425414206046882848, -2.168524589823241477 ) ) ;
#1377 = AXIS2_PLACEMENT_3D ( 'NONE', #655, #1507, #972 ) ;
#1378 = AXIS2_PLACEMENT_3D ( 'NONE', #92, #737, #1619 ) ;
#1379 = FACE_OUTER_BOUND ( 'NONE', #2047, .T. ) ;
#1380 = EDGE_CURVE ( 'NONE', #530, #964, #167, .T. ) ;
#1381 = EDGE_CURVE ( 'NONE', #865, #1534, #2190, .T. ) ;
#1382 =( NAMED_UNIT ( * ) PLANE_ANGLE_UNIT ( ) SI_UNIT ( $, .RADIAN. ) );
#1383 = DIRECTION ( 'NONE',  ( -0.000000000000000000, 1.000000000000000000, -0.000000000000000000 ) ) ;
#1384 = ORIENTED_EDGE ( 'NONE', *, *, #491, .F. ) ;
#1385 =( NAMED_UNIT ( * ) PLANE_ANGLE_UNIT ( ) SI_UNIT ( $, .RADIAN. ) );
#1386 = EDGE_CURVE ( 'NONE', #30, #2110, #917, .T. ) ;
#1387 = LINE ( 'NONE', #859, #484 ) ;
#1388 = ORIENTED_EDGE ( 'NONE', *, *, #2093, .F. ) ;
#1389 = CARTESIAN_POINT ( 'NONE',  ( 1.524000000000000021, 2.878254142060467480, 4.435475410176758615 ) ) ;
#1390 = MANIFOLD_SOLID_BREP ( 'Scale1', #1479 ) ;
#1391 = ADVANCED_FACE ( 'NONE', ( #1995 ), #832, .F. ) ;
#1392 = FACE_OUTER_BOUND ( 'NONE', #1168, .T. ) ;
#1393 = DIRECTION ( 'NONE',  ( -0.000000000000000000, 0.000000000000000000, 1.000000000000000000 ) ) ;
#1394 =( NAMED_UNIT ( * ) PLANE_ANGLE_UNIT ( ) SI_UNIT ( $, .RADIAN. ) );
#1395 = DIRECTION ( 'NONE',  ( 1.136655944634334133E-16, 1.000000000000000000, 0.000000000000000000 ) ) ;
#1396 = ORIENTED_EDGE ( 'NONE', *, *, #2088, .F. ) ;
#1397 = FILL_AREA_STYLE ('',( #412 ) ) ;
#1398 = DIRECTION ( 'NONE',  ( 1.000000000000000000, 0.000000000000000000, 1.355252715606879754E-15 ) ) ;
#1399 = SURFACE_STYLE_USAGE ( .BOTH. , #1079 ) ;
#1400 = STYLED_ITEM ( 'NONE', ( #598 ), #1974 ) ;
#1401 = ORIENTED_EDGE ( 'NONE', *, *, #699, .T. ) ;
#1402 = DIRECTION ( 'NONE',  ( -1.000000000000000000, -0.000000000000000000, -0.000000000000000000 ) ) ;
#1403 = DIRECTION ( 'NONE',  ( -1.000000000000000000, 0.000000000000000000, -6.776263578034403699E-16 ) ) ;
#1404 = EDGE_LOOP ( 'NONE', ( #1123, #1481 ) ) ;
#1405 = DIRECTION ( 'NONE',  ( -0.000000000000000000, 1.000000000000000000, -0.000000000000000000 ) ) ;
#1406 = FILL_AREA_STYLE_COLOUR ( '', #2137 ) ;
#1407 = ORIENTED_EDGE ( 'NONE', *, *, #6, .F. ) ;
#1408 = ADVANCED_FACE ( 'NONE', ( #1007 ), #1863, .F. ) ;
#1409 = DIRECTION ( 'NONE',  ( -0.7071067811865492381, -0.7071067811865457964, 0.000000000000000000 ) ) ;
#1410 = AXIS2_PLACEMENT_3D ( 'NONE', #405, #1204, #2097 ) ;
#1411 = DIRECTION ( 'NONE',  ( -6.776263578034403699E-16, 0.000000000000000000, 1.000000000000000000 ) ) ;
#1412 = ORIENTED_EDGE ( 'NONE', *, *, #495, .T. ) ;
#1413 = CARTESIAN_POINT ( 'NONE',  ( 2.539999999999999147, 4.266228529953550286, -5.724524589823240639 ) ) ;
#1414 = LINE ( 'NONE', #275, #1114 ) ;
#1415 = CARTESIAN_POINT ( 'NONE',  ( -1.016000000000000236, -14.35016634762505738, -2.168524589823241477 ) ) ;
#1416 = ORIENTED_EDGE ( 'NONE', *, *, #1899, .T. ) ;
#1417 = EDGE_CURVE ( 'NONE', #1686, #1941, #1851, .T. ) ;
#1418 = CARTESIAN_POINT ( 'NONE',  ( 1.523999999999998911, -9.186745857939513371, -4.200524589823241506 ) ) ;
#1419 = AXIS2_PLACEMENT_3D ( 'NONE', #2084, #742, #1925 ) ;
#1420 = DIRECTION ( 'NONE',  ( 0.000000000000000000, 1.000000000000000000, 0.000000000000000000 ) ) ;
#1421 = AXIS2_PLACEMENT_3D ( 'NONE', #961, #1634, #120 ) ;
#1422 = VERTEX_POINT ( 'NONE', #347 ) ;
#1423 = VECTOR ( 'NONE', #526, 1000.000000000000000 ) ;
#1424 = FACE_OUTER_BOUND ( 'NONE', #94, .T. ) ;
#1425 = DIRECTION ( 'NONE',  ( -1.000000000000000000, 0.000000000000000000, -0.000000000000000000 ) ) ;
#1426 = DIRECTION ( 'NONE',  ( -1.000000000000000000, 0.000000000000000000, 0.000000000000000000 ) ) ;
#1427 = PRESENTATION_STYLE_ASSIGNMENT (( #1963 ) ) ;
#1428 = ORIENTED_EDGE ( 'NONE', *, *, #514, .T. ) ;
#1429 = DIRECTION ( 'NONE',  ( 0.000000000000000000, 0.000000000000000000, 1.000000000000000000 ) ) ;
#1430 = COLOUR_RGB ( '',1.000000000000000000, 1.000000000000000000, 1.000000000000000000 ) ;
#1431 = MECHANICAL_DESIGN_GEOMETRIC_PRESENTATION_REPRESENTATION (  '', ( #669 ), #837 ) ;
#1432 = LINE ( 'NONE', #1092, #942 ) ;
#1433 =( NAMED_UNIT ( * ) SI_UNIT ( $, .STERADIAN. ) SOLID_ANGLE_UNIT ( ) );
#1434 = ORIENTED_EDGE ( 'NONE', *, *, #1159, .T. ) ;
#1435 =( NAMED_UNIT ( * ) SI_UNIT ( $, .STERADIAN. ) SOLID_ANGLE_UNIT ( ) );
#1436 = DIRECTION ( 'NONE',  ( -0.000000000000000000, 1.000000000000000000, -0.000000000000000000 ) ) ;
#1437 = PLANE ( 'NONE',  #58 ) ;
#1438 = CARTESIAN_POINT ( 'NONE',  ( -1.641974387893086584, 0.5922541420604686691, -1.152524589823241019 ) ) ;
#1439 = ORIENTED_EDGE ( 'NONE', *, *, #2196, .T. ) ;
#1440 = CARTESIAN_POINT ( 'NONE',  ( -1.641974387893086584, -4.741745857939533515, -1.152524589823241019 ) ) ;
#1441 = UNCERTAINTY_MEASURE_WITH_UNIT (LENGTH_MEASURE( 1.000000000000000082E-05 ), #2104, 'distance_accuracy_value', 'NONE');
#1442 = LINE ( 'NONE', #1594, #1573 ) ;
#1443 = MECHANICAL_DESIGN_GEOMETRIC_PRESENTATION_REPRESENTATION (  '', ( #1926 ), #1242 ) ;
#1444 = CARTESIAN_POINT ( 'NONE',  ( -1.524000000000000465, -14.35016634762505738, -2.168524589823241477 ) ) ;
#1445 = VECTOR ( 'NONE', #553, 1000.000000000000000 ) ;
#1446 = DIRECTION ( 'NONE',  ( -3.388131789017202835E-16, 0.000000000000000000, 1.000000000000000000 ) ) ;
#1447 = ORIENTED_EDGE ( 'NONE', *, *, #329, .T. ) ;
#1448 = AXIS2_PLACEMENT_3D ( 'NONE', #2069, #1730, #1707 ) ;
#1449 = SURFACE_STYLE_FILL_AREA ( #750 ) ;
#1450 = EDGE_CURVE ( 'NONE', #421, #64, #977, .T. ) ;
#1451 =( LENGTH_UNIT ( ) NAMED_UNIT ( * ) SI_UNIT ( .MILLI., .METRE. ) );
#1452 = CARTESIAN_POINT ( 'NONE',  ( 2.539999999999999591, -0.5583045439275385879, 3.419475410176758601 ) ) ;
#1453 = PRESENTATION_STYLE_ASSIGNMENT (( #435 ) ) ;
#1454 = ORIENTED_EDGE ( 'NONE', *, *, #1500, .T. ) ;
#1455 = ADVANCED_FACE ( 'NONE', ( #740 ), #367, .F. ) ;
#1456 = CARTESIAN_POINT ( 'NONE',  ( -1.641974387893086584, 5.164254142060467956, -5.724524589823240639 ) ) ;
#1457 = EDGE_CURVE ( 'NONE', #704, #2033, #1221, .T. ) ;
#1458 =( GEOMETRIC_REPRESENTATION_CONTEXT ( 3 ) GLOBAL_UNCERTAINTY_ASSIGNED_CONTEXT ( ( #1693 ) ) GLOBAL_UNIT_ASSIGNED_CONTEXT ( ( #1993, #1151, #1969 ) ) REPRESENTATION_CONTEXT ( 'NONE', 'WORKASPACE' ) );
#1459 = DIRECTION ( 'NONE',  ( 1.000000000000000000, 0.000000000000000000, 0.000000000000000000 ) ) ;
#1460 = FACE_OUTER_BOUND ( 'NONE', #2152, .T. ) ;
#1461 = EDGE_CURVE ( 'NONE', #878, #28, #523, .T. ) ;
#1462 = SURFACE_STYLE_USAGE ( .BOTH. , #455 ) ;
#1463 = ORIENTED_EDGE ( 'NONE', *, *, #2140, .T. ) ;
#1464 = PRESENTATION_STYLE_ASSIGNMENT (( #639 ) ) ;
#1465 = CARTESIAN_POINT ( 'NONE',  ( 2.539999999999999591, 1.237746680286288203, -5.724524589823240639 ) ) ;
#1466 = DIRECTION ( 'NONE',  ( 1.000000000000000000, 0.000000000000000000, 4.192930076160989829E-16 ) ) ;
#1467 = VERTEX_POINT ( 'NONE', #854 ) ;
#1468 = DIRECTION ( 'NONE',  ( -1.000000000000000000, -4.000501629853035140E-15, -1.355252715606879951E-15 ) ) ;
#1469 = LINE ( 'NONE', #1988, #1512 ) ;
#1470 = CARTESIAN_POINT ( 'NONE',  ( -1.016000000000000458, -9.186745857939525806, -1.660524589823241692 ) ) ;
#1471 = ORIENTED_EDGE ( 'NONE', *, *, #1866, .T. ) ;
#1472 = FACE_OUTER_BOUND ( 'NONE', #252, .T. ) ;
#1473 = FILL_AREA_STYLE_COLOUR ( '', #1703 ) ;
#1474 = ORIENTED_EDGE ( 'NONE', *, *, #1087, .T. ) ;
#1475 = DIRECTION ( 'NONE',  ( -1.000000000000000000, 0.000000000000000000, 0.000000000000000000 ) ) ;
#1476 = ADVANCED_FACE ( 'NONE', ( #2079 ), #19, .F. ) ;
#1477 = EDGE_LOOP ( 'NONE', ( #1555, #943, #471, #557 ) ) ;
#1478 = SURFACE_STYLE_FILL_AREA ( #1658 ) ;
#1479 = CLOSED_SHELL ( 'NONE', ( #1115, #1518, #2051, #1624, #1391, #1154, #1722, #125, #1476, #726, #945, #2112, #1455, #451, #1230, #611, #312, #834, #2114, #2189, #643, #1596, #1838, #389, #291, #1861, #828, #701, #1075, #89, #1829, #1974, #1003, #1741, #1268, #2127, #999, #1070, #2023, #877, #2146, #1106, #1342, #2064, #927, #1931, #857, #56, #1408, #1664, #787, #1033, #1632, #1948, #1299, #1253, #2041, #1721, #60, #1617 ) ) ;
#1480 = VECTOR ( 'NONE', #2143, 1000.000000000000000 ) ;
#1481 = ORIENTED_EDGE ( 'NONE', *, *, #1575, .F. ) ;
#1482 = CIRCLE ( 'NONE', #1377, 1.574799999999999978 ) ;
#1483 = STYLED_ITEM ( 'NONE', ( #255 ), #1033 ) ;
#1484 = CARTESIAN_POINT ( 'NONE',  ( -2.195808974359252819, -4.741745857939531739, -5.724524589823240639 ) ) ;
#1485 = AXIS2_PLACEMENT_3D ( 'NONE', #422, #458, #1266 ) ;
#1486 = DIRECTION ( 'NONE',  ( 6.776263578034403699E-16, 0.000000000000000000, -1.000000000000000000 ) ) ;
#1487 = ORIENTED_EDGE ( 'NONE', *, *, #1831, .F. ) ;
#1488 = DIRECTION ( 'NONE',  ( -0.000000000000000000, -0.000000000000000000, -1.000000000000000000 ) ) ;
#1489 = EDGE_CURVE ( 'NONE', #489, #558, #1538, .T. ) ;
#1490 =( NAMED_UNIT ( * ) PLANE_ANGLE_UNIT ( ) SI_UNIT ( $, .RADIAN. ) );
#1491 = SURFACE_STYLE_USAGE ( .BOTH. , #2156 ) ;
#1492 = EDGE_LOOP ( 'NONE', ( #1950, #1795, #1877, #1301 ) ) ;
#1493 = EDGE_CURVE ( 'NONE', #353, #88, #186, .T. ) ;
#1494 = CARTESIAN_POINT ( 'NONE',  ( -1.641974387893086806, -4.187911271473367947, -5.724524589823240639 ) ) ;
#1495 = DIRECTION ( 'NONE',  ( -0.000000000000000000, -0.000000000000000000, -1.000000000000000000 ) ) ;
#1496 = VERTEX_POINT ( 'NONE', #237 ) ;
#1497 = ORIENTED_EDGE ( 'NONE', *, *, #407, .T. ) ;
#1498 = LINE ( 'NONE', #1170, #2004 ) ;
#1499 = CARTESIAN_POINT ( 'NONE',  ( 1.015999999999999792, -14.35016634762505738, -1.660524589823241692 ) ) ;
#1500 = EDGE_CURVE ( 'NONE', #241, #730, #1036, .T. ) ;
#1501 = PLANE ( 'NONE',  #1680 ) ;
#1502 = VERTEX_POINT ( 'NONE', #1025 ) ;
#1503 = VECTOR ( 'NONE', #1810, 1000.000000000000114 ) ;
#1504 = LINE ( 'NONE', #365, #2044 ) ;
#1505 = VERTEX_POINT ( 'NONE', #866 ) ;
#1506 = LINE ( 'NONE', #1306, #2166 ) ;
#1507 = DIRECTION ( 'NONE',  ( 0.000000000000000000, 0.000000000000000000, 1.000000000000000000 ) ) ;
#1508 = LINE ( 'NONE', #361, #1787 ) ;
#1509 = ORIENTED_EDGE ( 'NONE', *, *, #1989, .T. ) ;
#1510 = PLANE ( 'NONE',  #736 ) ;
#1511 = ORIENTED_EDGE ( 'NONE', *, *, #2016, .T. ) ;
#1512 = VECTOR ( 'NONE', #2183, 1000.000000000000000 ) ;
#1513 = AXIS2_PLACEMENT_3D ( 'NONE', #583, #1951, #1398 ) ;
#1514 = CARTESIAN_POINT ( 'NONE',  ( -2.540000000000000036, -0.5583045439275385879, 3.419475410176758601 ) ) ;
#1515 = EDGE_LOOP ( 'NONE', ( #128, #621, #889, #236 ) ) ;
#1516 = CIRCLE ( 'NONE', #581, 1.523999999999999799 ) ;
#1517 = CARTESIAN_POINT ( 'NONE',  ( -1.641974387893086806, 5.164254142060467956, -5.724524589823240639 ) ) ;
#1518 = ADVANCED_FACE ( 'NONE', ( #890 ), #40, .T. ) ;
#1519 = DIRECTION ( 'NONE',  ( 0.000000000000000000, 0.000000000000000000, 1.000000000000000000 ) ) ;
#1520 = FACE_OUTER_BOUND ( 'NONE', #1835, .T. ) ;
#1521 = ORIENTED_EDGE ( 'NONE', *, *, #1461, .T. ) ;
#1522 = VECTOR ( 'NONE', #1290, 1000.000000000000000 ) ;
#1523 = UNCERTAINTY_MEASURE_WITH_UNIT (LENGTH_MEASURE( 1.000000000000000082E-05 ), #1451, 'distance_accuracy_value', 'NONE');
#1524 = ORIENTED_EDGE ( 'NONE', *, *, #149, .F. ) ;
#1525 = PLANE ( 'NONE',  #1332 ) ;
#1526 = DIRECTION ( 'NONE',  ( 0.7071067811865496822, -0.7071067811865453523, 0.000000000000000000 ) ) ;
#1527 = DIRECTION ( 'NONE',  ( 7.529181753371559939E-17, 0.000000000000000000, 1.000000000000000000 ) ) ;
#1528 = VERTEX_POINT ( 'NONE', #1056 ) ;
#1529 = LINE ( 'NONE', #1879, #271 ) ;
#1530 = CARTESIAN_POINT ( 'NONE',  ( 1.615691704514814697, -4.161628588095092951, 3.419475410176758601 ) ) ;
#1531 = FACE_OUTER_BOUND ( 'NONE', #535, .T. ) ;
#1532 = DIRECTION ( 'NONE',  ( 0.000000000000000000, 0.000000000000000000, -1.000000000000000000 ) ) ;
#1533 = DIRECTION ( 'NONE',  ( -4.192930076160990815E-16, 0.000000000000000000, 1.000000000000000000 ) ) ;
#1534 = VERTEX_POINT ( 'NONE', #1565 ) ;
#1535 = PRODUCT_CONTEXT ( 'NONE', #967, 'mechanical' ) ;
#1536 = VERTEX_POINT ( 'NONE', #50 ) ;
#1537 = ORIENTED_EDGE ( 'NONE', *, *, #555, .F. ) ;
#1538 = LINE ( 'NONE', #1187, #749 ) ;
#1539 = VERTEX_POINT ( 'NONE', #1922 ) ;
#1540 = VECTOR ( 'NONE', #968, 1000.000000000000114 ) ;
#1541 = CARTESIAN_POINT ( 'NONE',  ( 1.523999999999999799, -9.186745857939513371, -1.660524589823241026 ) ) ;
#1542 = DIRECTION ( 'NONE',  ( -7.529181753371559939E-17, 0.000000000000000000, -1.000000000000000000 ) ) ;
#1543 = EDGE_CURVE ( 'NONE', #2060, #1766, #900, .T. ) ;
#1544 = CARTESIAN_POINT ( 'NONE',  ( -1.641974387893086584, 5.164254142060467956, 3.419475410176758601 ) ) ;
#1545 = VECTOR ( 'NONE', #1976, 1000.000000000000000 ) ;
#1546 = FILL_AREA_STYLE ('',( #874 ) ) ;
#1547 = DIRECTION ( 'NONE',  ( -1.645698667320474627E-16, 1.000000000000000000, -0.000000000000000000 ) ) ;
#1548 = ORIENTED_EDGE ( 'NONE', *, *, #1557, .T. ) ;
#1549 = CARTESIAN_POINT ( 'NONE',  ( -1.641974387893082143, 0.3397210681793755294, 3.419475410176758601 ) ) ;
#1550 = ORIENTED_EDGE ( 'NONE', *, *, #1069, .T. ) ;
#1551 = CARTESIAN_POINT ( 'NONE',  ( -1.523999999999999133, -2.201745857939532591, 0.8794754101767585652 ) ) ;
#1552 = MECHANICAL_DESIGN_GEOMETRIC_PRESENTATION_REPRESENTATION (  '', ( #966 ), #1817 ) ;
#1553 = DIRECTION ( 'NONE',  ( 0.000000000000000000, -1.000000000000000000, 0.000000000000000000 ) ) ;
#1554 = VECTOR ( 'NONE', #1402, 1000.000000000000000 ) ;
#1555 = ORIENTED_EDGE ( 'NONE', *, *, #231, .F. ) ;
#1556 =( GEOMETRIC_REPRESENTATION_CONTEXT ( 3 ) GLOBAL_UNCERTAINTY_ASSIGNED_CONTEXT ( ( #1814 ) ) GLOBAL_UNIT_ASSIGNED_CONTEXT ( ( #2115, #61, #1433 ) ) REPRESENTATION_CONTEXT ( 'NONE', 'WORKASPACE' ) );
#1557 = EDGE_CURVE ( 'NONE', #20, #1143, #1754, .T. ) ;
#1558 = UNCERTAINTY_MEASURE_WITH_UNIT (LENGTH_MEASURE( 1.000000000000000082E-05 ), #1071, 'distance_accuracy_value', 'NONE');
#1559 = CARTESIAN_POINT ( 'NONE',  ( -1.574799999999999978, 2.878254142060467480, 3.419475410176758601 ) ) ;
#1560 = MECHANICAL_DESIGN_GEOMETRIC_PRESENTATION_REPRESENTATION (  '', ( #2061 ), #819 ) ;
#1561 =( NAMED_UNIT ( * ) SI_UNIT ( $, .STERADIAN. ) SOLID_ANGLE_UNIT ( ) );
#1562 = SURFACE_STYLE_FILL_AREA ( #1756 ) ;
#1563 = DIRECTION ( 'NONE',  ( 1.000000000000000000, 4.000501629853035140E-15, 0.000000000000000000 ) ) ;
#1564 = EDGE_CURVE ( 'NONE', #564, #1528, #908, .T. ) ;
#1565 = CARTESIAN_POINT ( 'NONE',  ( 1.015999999999999570, 0.08425414206046882848, -4.708524589823241513 ) ) ;
#1566 = EDGE_LOOP ( 'NONE', ( #1683, #1932, #1743, #71 ) ) ;
#1567 =( NAMED_UNIT ( * ) SI_UNIT ( $, .STERADIAN. ) SOLID_ANGLE_UNIT ( ) );
#1568 = CARTESIAN_POINT ( 'NONE',  ( -1.641974387893086140, -4.187911271473367947, 3.419475410176758601 ) ) ;
#1569 = DIRECTION ( 'NONE',  ( -3.388131789017201849E-16, -0.000000000000000000, 1.000000000000000000 ) ) ;
#1570 = VERTEX_POINT ( 'NONE', #95 ) ;
#1571 = ORIENTED_EDGE ( 'NONE', *, *, #1021, .F. ) ;
#1572 = LINE ( 'NONE', #218, #1847 ) ;
#1573 = VECTOR ( 'NONE', #1288, 1000.000000000000000 ) ;
#1574 = DIRECTION ( 'NONE',  ( -1.000000000000000000, 0.000000000000000000, -1.355252715606880148E-15 ) ) ;
#1575 = EDGE_CURVE ( 'NONE', #907, #739, #1516, .T. ) ;
#1576 = LINE ( 'NONE', #1122, #1141 ) ;
#1577 = ORIENTED_EDGE ( 'NONE', *, *, #1798, .F. ) ;
#1578 = DIRECTION ( 'NONE',  ( 0.000000000000000000, 0.000000000000000000, 1.000000000000000000 ) ) ;
#1579 = CARTESIAN_POINT ( 'NONE',  ( 1.641974387893085918, -4.187911271473364394, -1.152524589823239687 ) ) ;
#1580 = DIRECTION ( 'NONE',  ( -6.776263578034403699E-16, 0.000000000000000000, 1.000000000000000000 ) ) ;
#1581 = VECTOR ( 'NONE', #1695, 1000.000000000000000 ) ;
#1582 = ORIENTED_EDGE ( 'NONE', *, *, #1916, .T. ) ;
#1583 = LINE ( 'NONE', #1440, #996 ) ;
#1584 = DIRECTION ( 'NONE',  ( 0.7071067811865492381, -0.7071067811865457964, 2.964849289894470800E-16 ) ) ;
#1585 =( NAMED_UNIT ( * ) SI_UNIT ( $, .STERADIAN. ) SOLID_ANGLE_UNIT ( ) );
#1586 = ORIENTED_EDGE ( 'NONE', *, *, #1159, .F. ) ;
#1587 = DIRECTION ( 'NONE',  ( 0.7071067811865457964, -0.7071067811865492381, 0.000000000000000000 ) ) ;
#1588 = CARTESIAN_POINT ( 'NONE',  ( 2.539999999999999591, -0.5583045439275385879, 3.419475410176758601 ) ) ;
#1589 = ORIENTED_EDGE ( 'NONE', *, *, #1899, .F. ) ;
#1590 = PRESENTATION_LAYER_ASSIGNMENT (  '', '', ( #1986 ) ) ;
#1591 = CARTESIAN_POINT ( 'NONE',  ( 1.523999999999998911, 0.08425414206046882848, -4.200524589823241506 ) ) ;
#1592 = CIRCLE ( 'NONE', #1378, 1.524000000000000021 ) ;
#1593 = PRESENTATION_LAYER_ASSIGNMENT (  '', '', ( #364 ) ) ;
#1594 = CARTESIAN_POINT ( 'NONE',  ( 2.540000000000000036, -4.741745857939532627, -5.724524589823240639 ) ) ;
#1595 = DIRECTION ( 'NONE',  ( -0.000000000000000000, -0.000000000000000000, -1.000000000000000000 ) ) ;
#1596 = ADVANCED_FACE ( 'NONE', ( #429 ), #2118, .F. ) ;
#1597 = SURFACE_STYLE_FILL_AREA ( #222 ) ;
#1598 = ORIENTED_EDGE ( 'NONE', *, *, #1678, .T. ) ;
#1599 = SURFACE_STYLE_USAGE ( .BOTH. , #1112 ) ;
#1600 = CARTESIAN_POINT ( 'NONE',  ( 1.015999999999999126, -14.35016634762505738, -4.200524589823242394 ) ) ;
#1601 = CARTESIAN_POINT ( 'NONE',  ( 7.134528042149772725E-16, -2.201745857939532591, 4.435475410176758615 ) ) ;
#1602 = AXIS2_PLACEMENT_3D ( 'NONE', #2048, #1373, #1191 ) ;
#1603 = DIRECTION ( 'NONE',  ( -0.000000000000000000, 1.000000000000000000, -0.000000000000000000 ) ) ;
#1604 = VERTEX_POINT ( 'NONE', #1641 ) ;
#1605 = LINE ( 'NONE', #1944, #816 ) ;
#1606 = PRESENTATION_STYLE_ASSIGNMENT (( #932 ) ) ;
#1607 = PLANE ( 'NONE',  #618 ) ;
#1608 = VECTOR ( 'NONE', #466, 1000.000000000000000 ) ;
#1609 = ORIENTED_EDGE ( 'NONE', *, *, #485, .F. ) ;
#1610 = PLANE ( 'NONE',  #1485 ) ;
#1611 = LINE ( 'NONE', #773, #99 ) ;
#1612 = DIRECTION ( 'NONE',  ( -0.000000000000000000, -0.000000000000000000, -1.000000000000000000 ) ) ;
#1613 = ORIENTED_EDGE ( 'NONE', *, *, #716, .T. ) ;
#1614 = CARTESIAN_POINT ( 'NONE',  ( 1.015999999999999792, -9.186745857939516924, -1.660524589823241692 ) ) ;
#1615 = AXIS2_PLACEMENT_3D ( 'NONE', #2102, #1930, #1393 ) ;
#1616 = AXIS2_PLACEMENT_3D ( 'NONE', #1292, #785, #937 ) ;
#1617 = ADVANCED_FACE ( 'NONE', ( #1424 ), #1610, .F. ) ;
#1618 = ORIENTED_EDGE ( 'NONE', *, *, #1320, .T. ) ;
#1619 = DIRECTION ( 'NONE',  ( -1.000000000000000000, 0.000000000000000000, 0.000000000000000000 ) ) ;
#1620 = FACE_OUTER_BOUND ( 'NONE', #2103, .T. ) ;
#1621 = ORIENTED_EDGE ( 'NONE', *, *, #1625, .F. ) ;
#1622 = FILL_AREA_STYLE ('',( #2129 ) ) ;
#1623 = VECTOR ( 'NONE', #652, 1000.000000000000000 ) ;
#1624 = ADVANCED_FACE ( 'NONE', ( #1086 ), #273, .T. ) ;
#1625 = EDGE_CURVE ( 'NONE', #1647, #1496, #171, .T. ) ;
#1626 = CARTESIAN_POINT ( 'NONE',  ( -3.192497650774656023E-16, 0.08425414206046882848, -5.724524589823240639 ) ) ;
#1627 = DIRECTION ( 'NONE',  ( -7.529181753371561172E-17, 0.000000000000000000, -1.000000000000000000 ) ) ;
#1628 = CARTESIAN_POINT ( 'NONE',  ( -1.641974387893086584, 5.164254142060467956, 3.419475410176758601 ) ) ;
#1629 = ORIENTED_EDGE ( 'NONE', *, *, #1163, .F. ) ;
#1630 = PLANE ( 'NONE',  #2057 ) ;
#1631 = UNCERTAINTY_MEASURE_WITH_UNIT (LENGTH_MEASURE( 1.000000000000000082E-05 ), #636, 'distance_accuracy_value', 'NONE');
#1632 = ADVANCED_FACE ( 'NONE', ( #411 ), #910, .F. ) ;
#1633 = ORIENTED_EDGE ( 'NONE', *, *, #292, .F. ) ;
#1634 = DIRECTION ( 'NONE',  ( 0.000000000000000000, 1.000000000000000000, 0.000000000000000000 ) ) ;
#1635 = PRESENTATION_LAYER_ASSIGNMENT (  '', '', ( #2136 ) ) ;
#1636 = AXIS2_PLACEMENT_3D ( 'NONE', #1881, #1028, #1712 ) ;
#1637 = LINE ( 'NONE', #797, #362 ) ;
#1638 = AXIS2_PLACEMENT_3D ( 'NONE', #1544, #861, #689 ) ;
#1639 = LINE ( 'NONE', #806, #858 ) ;
#1640 = ORIENTED_EDGE ( 'NONE', *, *, #267, .F. ) ;
#1641 = CARTESIAN_POINT ( 'NONE',  ( -1.015999999999999126, -9.186745857939525806, -4.708524589823241513 ) ) ;
#1642 = CARTESIAN_POINT ( 'NONE',  ( 1.015999999999999126, -14.35016634762505738, -4.200524589823242394 ) ) ;
#1643 =( LENGTH_UNIT ( ) NAMED_UNIT ( * ) SI_UNIT ( .MILLI., .METRE. ) );
#1644 = ORIENTED_EDGE ( 'NONE', *, *, #248, .T. ) ;
#1645 = CARTESIAN_POINT ( 'NONE',  ( -2.540000000000000036, -0.5583045439275385879, 3.419475410176758601 ) ) ;
#1646 = STYLED_ITEM ( 'NONE', ( #2052 ), #2064 ) ;
#1647 = VERTEX_POINT ( 'NONE', #582 ) ;
#1648 = LINE ( 'NONE', #132, #2021 ) ;
#1649 = CARTESIAN_POINT ( 'NONE',  ( 7.134528042149772725E-16, -2.201745857939532591, 0.8794754101767585652 ) ) ;
#1650 = FILL_AREA_STYLE_COLOUR ( '', #1074 ) ;
#1651 = EDGE_LOOP ( 'NONE', ( #1062, #1198, #845, #1313 ) ) ;
#1652 = LINE ( 'NONE', #2002, #350 ) ;
#1653 = EDGE_CURVE ( 'NONE', #1691, #1227, #1758, .T. ) ;
#1654 = DIRECTION ( 'NONE',  ( 0.000000000000000000, 0.000000000000000000, -1.000000000000000000 ) ) ;
#1655 = ORIENTED_EDGE ( 'NONE', *, *, #223, .T. ) ;
#1656 = DIRECTION ( 'NONE',  ( 1.000000000000000000, 0.000000000000000000, 4.192930076160989829E-16 ) ) ;
#1657 = FILL_AREA_STYLE ('',( #515 ) ) ;
#1658 = FILL_AREA_STYLE ('',( #154 ) ) ;
#1659 = VECTOR ( 'NONE', #665, 1000.000000000000114 ) ;
#1660 =( LENGTH_UNIT ( ) NAMED_UNIT ( * ) SI_UNIT ( .MILLI., .METRE. ) );
#1661 = ORIENTED_EDGE ( 'NONE', *, *, #1696, .T. ) ;
#1662 = SURFACE_STYLE_USAGE ( .BOTH. , #1982 ) ;
#1663 = VECTOR ( 'NONE', #2205, 1000.000000000000000 ) ;
#1664 = ADVANCED_FACE ( 'NONE', ( #1924 ), #924, .F. ) ;
#1665 = ORIENTED_EDGE ( 'NONE', *, *, #376, .F. ) ;
#1666 = CARTESIAN_POINT ( 'NONE',  ( -2.195808974359251931, -4.741745857939530850, -1.152524589823241019 ) ) ;
#1667 = EDGE_CURVE ( 'NONE', #833, #316, #2094, .T. ) ;
#1668 = LINE ( 'NONE', #1470, #1522 ) ;
#1669 = MECHANICAL_DESIGN_GEOMETRIC_PRESENTATION_REPRESENTATION (  '', ( #1203 ), #649 ) ;
#1670 = ORIENTED_EDGE ( 'NONE', *, *, #764, .F. ) ;
#1671 = VECTOR ( 'NONE', #438, 1000.000000000000114 ) ;
#1672 = CIRCLE ( 'NONE', #712, 1.524000000000000021 ) ;
#1673 = FACE_OUTER_BOUND ( 'NONE', #1350, .T. ) ;
#1674 = VECTOR ( 'NONE', #1344, 1000.000000000000114 ) ;
#1675 = DIRECTION ( 'NONE',  ( -0.000000000000000000, -0.000000000000000000, 1.000000000000000000 ) ) ;
#1676 = ORIENTED_EDGE ( 'NONE', *, *, #1575, .T. ) ;
#1677 = CARTESIAN_POINT ( 'NONE',  ( 1.523999999999999355, 0.08425414206046882848, -4.708524589823240625 ) ) ;
#1678 = EDGE_CURVE ( 'NONE', #110, #865, #1256, .T. ) ;
#1679 = FILL_AREA_STYLE ('',( #980 ) ) ;
#1680 = AXIS2_PLACEMENT_3D ( 'NONE', #1183, #690, #1340 ) ;
#1681 = COLOUR_RGB ( '',0.2980392156862745057, 0.2980392156862745057, 0.2980392156862745057 ) ;
#1682 = LINE ( 'NONE', #34, #2066 ) ;
#1683 = ORIENTED_EDGE ( 'NONE', *, *, #53, .T. ) ;
#1684 = SURFACE_SIDE_STYLE ('',( #1849 ) ) ;
#1685 = FILL_AREA_STYLE ('',( #1473 ) ) ;
#1686 = VERTEX_POINT ( 'NONE', #1413 ) ;
#1687 = EDGE_LOOP ( 'NONE', ( #1524, #1511, #630, #1362 ) ) ;
#1688 = DIRECTION ( 'NONE',  ( -0.000000000000000000, 1.000000000000000000, -0.000000000000000000 ) ) ;
#1689 = LINE ( 'NONE', #1666, #211 ) ;
#1690 = CARTESIAN_POINT ( 'NONE',  ( 1.574799999999999978, 2.878254142060467480, 3.419475410176758601 ) ) ;
#1691 = VERTEX_POINT ( 'NONE', #2106 ) ;
#1692 =( GEOMETRIC_REPRESENTATION_CONTEXT ( 3 ) GLOBAL_UNCERTAINTY_ASSIGNED_CONTEXT ( ( #673 ) ) GLOBAL_UNIT_ASSIGNED_CONTEXT ( ( #934, #1382, #244 ) ) REPRESENTATION_CONTEXT ( 'NONE', 'WORKASPACE' ) );
#1693 = UNCERTAINTY_MEASURE_WITH_UNIT (LENGTH_MEASURE( 1.000000000000000082E-05 ), #1993, 'distance_accuracy_value', 'NONE');
#1694 = VECTOR ( 'NONE', #1949, 1000.000000000000000 ) ;
#1695 = DIRECTION ( 'NONE',  ( 4.937096001961423388E-16, -1.000000000000000000, 0.000000000000000000 ) ) ;
#1696 = EDGE_CURVE ( 'NONE', #2043, #1941, #1611, .T. ) ;
#1697 = VERTEX_POINT ( 'NONE', #615 ) ;
#1698 = EDGE_CURVE ( 'NONE', #1790, #445, #1059, .T. ) ;
#1699 =( LENGTH_UNIT ( ) NAMED_UNIT ( * ) SI_UNIT ( .MILLI., .METRE. ) );
#1700 = CARTESIAN_POINT ( 'NONE',  ( 1.015999999999999792, -14.35016634762505738, -1.660524589823241692 ) ) ;
#1701 = CARTESIAN_POINT ( 'NONE',  ( -3.929550679238063805E-17, 2.878254142060467480, 3.419475410176758601 ) ) ;
#1702 = VERTEX_POINT ( 'NONE', #227 ) ;
#1703 = COLOUR_RGB ( '',0.2980392156862745057, 0.2980392156862745057, 0.2980392156862745057 ) ;
#1704 = CARTESIAN_POINT ( 'NONE',  ( -2.540000000000000036, -0.5583045439275385879, 3.419475410176758601 ) ) ;
#1705 = ORIENTED_EDGE ( 'NONE', *, *, #1231, .T. ) ;
#1706 = MECHANICAL_DESIGN_GEOMETRIC_PRESENTATION_REPRESENTATION (  '', ( #1816 ), #1093 ) ;
#1707 = DIRECTION ( 'NONE',  ( -1.000000000000000000, -4.000501629853035140E-15, 0.000000000000000000 ) ) ;
#1708 = VECTOR ( 'NONE', #1486, 1000.000000000000000 ) ;
#1709 = ORIENTED_EDGE ( 'NONE', *, *, #1793, .T. ) ;
#1710 =( NAMED_UNIT ( * ) PLANE_ANGLE_UNIT ( ) SI_UNIT ( $, .RADIAN. ) );
#1711 = LINE ( 'NONE', #1541, #1327 ) ;
#1712 = DIRECTION ( 'NONE',  ( 1.000000000000000000, 0.000000000000000000, 0.000000000000000000 ) ) ;
#1713 = DIRECTION ( 'NONE',  ( -1.000000000000000000, 0.000000000000000000, 0.000000000000000000 ) ) ;
#1714 =( NAMED_UNIT ( * ) SI_UNIT ( $, .STERADIAN. ) SOLID_ANGLE_UNIT ( ) );
#1715 = VERTEX_POINT ( 'NONE', #892 ) ;
#1716 = VECTOR ( 'NONE', #1368, 1000.000000000000114 ) ;
#1717 = DIRECTION ( 'NONE',  ( 1.000000000000000000, 0.000000000000000000, 0.000000000000000000 ) ) ;
#1718 = EDGE_LOOP ( 'NONE', ( #1903, #1901 ) ) ;
#1719 = CARTESIAN_POINT ( 'NONE',  ( 1.524000000000000243, -14.35016634762505738, -2.168524589823241033 ) ) ;
#1720 = ORIENTED_EDGE ( 'NONE', *, *, #2089, .F. ) ;
#1721 = ADVANCED_FACE ( 'NONE', ( #52 ), #731, .F. ) ;
#1722 = ADVANCED_FACE ( 'NONE', ( #321, #2159, #1673, #1821, #1293 ), #1135, .F. ) ;
#1723 = CARTESIAN_POINT ( 'NONE',  ( -1.615691704514813587, -4.161628588095092951, 3.419475410176758601 ) ) ;
#1724 = FACE_OUTER_BOUND ( 'NONE', #1291, .T. ) ;
#1725 = CARTESIAN_POINT ( 'NONE',  ( -1.523999999999998911, 0.08425414206046882848, -4.200524589823242394 ) ) ;
#1726 = CIRCLE ( 'NONE', #762, 1.524000000000000243 ) ;
#1727 = FACE_OUTER_BOUND ( 'NONE', #660, .T. ) ;
#1728 = CARTESIAN_POINT ( 'NONE',  ( -1.015999999999999126, 0.08425414206046882848, -4.200524589823242394 ) ) ;
#1729 = VECTOR ( 'NONE', #830, 1000.000000000000000 ) ;
#1730 = DIRECTION ( 'NONE',  ( -4.000501629853035140E-15, 1.000000000000000000, 0.000000000000000000 ) ) ;
#1731 = VERTEX_POINT ( 'NONE', #158 ) ;
#1732 = PRESENTATION_LAYER_ASSIGNMENT (  '', '', ( #1333 ) ) ;
#1733 = ORIENTED_EDGE ( 'NONE', *, *, #2013, .T. ) ;
#1734 = DIRECTION ( 'NONE',  ( 1.000000000000000000, 0.000000000000000000, 0.000000000000000000 ) ) ;
#1735 = EDGE_CURVE ( 'NONE', #353, #1686, #313, .T. ) ;
#1736 = CARTESIAN_POINT ( 'NONE',  ( 1.641974387893085474, 5.164254142060467956, -5.724524589823238863 ) ) ;
#1737 = VERTEX_POINT ( 'NONE', #283 ) ;
#1738 = LINE ( 'NONE', #848, #1096 ) ;
#1739 = AXIS2_PLACEMENT_3D ( 'NONE', #796, #82, #1459 ) ;
#1740 = CIRCLE ( 'NONE', #670, 1.524000000000000021 ) ;
#1741 = ADVANCED_FACE ( 'NONE', ( #1472 ), #983, .F. ) ;
#1742 = FACE_OUTER_BOUND ( 'NONE', #1964, .T. ) ;
#1743 = ORIENTED_EDGE ( 'NONE', *, *, #102, .F. ) ;
#1744 = DIRECTION ( 'NONE',  ( -0.000000000000000000, 1.000000000000000000, 0.000000000000000000 ) ) ;
#1745 = ORIENTED_EDGE ( 'NONE', *, *, #764, .T. ) ;
#1746 = DIRECTION ( 'NONE',  ( -0.000000000000000000, -0.000000000000000000, -1.000000000000000000 ) ) ;
#1747 = FACE_OUTER_BOUND ( 'NONE', #2003, .T. ) ;
#1748 = AXIS2_PLACEMENT_3D ( 'NONE', #1935, #561, #1215 ) ;
#1749 = CARTESIAN_POINT ( 'NONE',  ( -1.523999999999998911, -9.186745857939525806, -4.200524589823242394 ) ) ;
#1750 = VECTOR ( 'NONE', #1910, 1000.000000000000000 ) ;
#1751 = ORIENTED_EDGE ( 'NONE', *, *, #231, .T. ) ;
#1752 = EDGE_CURVE ( 'NONE', #1691, #1422, #1652, .T. ) ;
#1753 = LINE ( 'NONE', #884, #1347 ) ;
#1754 = CIRCLE ( 'NONE', #1312, 1.574799999999999978 ) ;
#1755 = FACE_OUTER_BOUND ( 'NONE', #956, .T. ) ;
#1756 = FILL_AREA_STYLE ('',( #1084 ) ) ;
#1757 = DIRECTION ( 'NONE',  ( 1.000000000000000000, -1.136655944634334133E-16, 0.000000000000000000 ) ) ;
#1758 = LINE ( 'NONE', #2131, #906 ) ;
#1759 = PRESENTATION_LAYER_ASSIGNMENT (  '', '', ( #975 ) ) ;
#1760 = PLANE ( 'NONE',  #1827 ) ;
#1761 = DIRECTION ( 'NONE',  ( 0.000000000000000000, 0.000000000000000000, -1.000000000000000000 ) ) ;
#1762 = ORIENTED_EDGE ( 'NONE', *, *, #1380, .F. ) ;
#1763 = CARTESIAN_POINT ( 'NONE',  ( -1.524000000000000465, -9.186745857939525806, -1.660524589823241692 ) ) ;
#1764 =( NAMED_UNIT ( * ) SI_UNIT ( $, .STERADIAN. ) SOLID_ANGLE_UNIT ( ) );
#1765 = PRESENTATION_STYLE_ASSIGNMENT (( #2077 ) ) ;
#1766 = VERTEX_POINT ( 'NONE', #1832 ) ;
#1767 = CARTESIAN_POINT ( 'NONE',  ( 1.641974387893085918, -4.741745857939533515, -1.152524589823239687 ) ) ;
#1768 = ORIENTED_EDGE ( 'NONE', *, *, #98, .T. ) ;
#1769 = DIRECTION ( 'NONE',  ( 0.000000000000000000, 0.000000000000000000, -1.000000000000000000 ) ) ;
#1770 = CARTESIAN_POINT ( 'NONE',  ( -1.524000000000000465, -9.186745857939525806, -1.660524589823241692 ) ) ;
#1771 = CIRCLE ( 'NONE', #909, 1.524000000000000021 ) ;
#1772 = SURFACE_SIDE_STYLE ('',( #948 ) ) ;
#1773 = VERTEX_POINT ( 'NONE', #1155 ) ;
#1774 = ORIENTED_EDGE ( 'NONE', *, *, #2093, .T. ) ;
#1775 = LINE ( 'NONE', #1415, #1066 ) ;
#1776 = VERTEX_POINT ( 'NONE', #1484 ) ;
#1777 = VECTOR ( 'NONE', #49, 1000.000000000000114 ) ;
#1778 = PRESENTATION_LAYER_ASSIGNMENT (  '', '', ( #1926 ) ) ;
#1779 = LINE ( 'NONE', #2100, #1267 ) ;
#1780 = VECTOR ( 'NONE', #1273, 1000.000000000000000 ) ;
#1781 = AXIS2_PLACEMENT_3D ( 'NONE', #1262, #766, #918 ) ;
#1782 = DIRECTION ( 'NONE',  ( -1.000000000000000000, -0.000000000000000000, -0.000000000000000000 ) ) ;
#1783 = CARTESIAN_POINT ( 'NONE',  ( -3.929550679238063805E-17, 2.878254142060467480, 4.435475410176758615 ) ) ;
#1784 = ORIENTED_EDGE ( 'NONE', *, *, #831, .F. ) ;
#1785 = CARTESIAN_POINT ( 'NONE',  ( 1.641974387893085918, 5.164254142060467956, 3.419475410176758601 ) ) ;
#1786 = LINE ( 'NONE', #1797, #614 ) ;
#1787 = VECTOR ( 'NONE', #529, 1000.000000000000000 ) ;
#1788 = FILL_AREA_STYLE_COLOUR ( '', #328 ) ;
#1789 = EDGE_CURVE ( 'NONE', #1947, #1502, #1323, .T. ) ;
#1790 = VERTEX_POINT ( 'NONE', #2169 ) ;
#1791 = CARTESIAN_POINT ( 'NONE',  ( 1.641974387893085918, 0.08425414206046882848, -1.152524589823239687 ) ) ;
#1792 = PLANE ( 'NONE',  #62 ) ;
#1793 = EDGE_CURVE ( 'NONE', #1073, #1947, #1972, .T. ) ;
#1794 = FILL_AREA_STYLE_COLOUR ( '', #2175 ) ;
#1795 = ORIENTED_EDGE ( 'NONE', *, *, #1281, .T. ) ;
#1796 = FILL_AREA_STYLE ('',( #1113 ) ) ;
#1797 = CARTESIAN_POINT ( 'NONE',  ( -2.195808974359252819, -4.741745857939531739, -5.724524589823240639 ) ) ;
#1798 = EDGE_CURVE ( 'NONE', #1244, #1097, #1311, .T. ) ;
#1799 =( GEOMETRIC_REPRESENTATION_CONTEXT ( 3 ) GLOBAL_UNCERTAINTY_ASSIGNED_CONTEXT ( ( #465 ) ) GLOBAL_UNIT_ASSIGNED_CONTEXT ( ( #1119, #301, #626 ) ) REPRESENTATION_CONTEXT ( 'NONE', 'WORKASPACE' ) );
#1800 = ORIENTED_EDGE ( 'NONE', *, *, #722, .T. ) ;
#1801 = LINE ( 'NONE', #914, #1278 ) ;
#1802 = CIRCLE ( 'NONE', #1049, 1.574799999999999978 ) ;
#1803 = PRODUCT_DEFINITION_CONTEXT ( 'detailed design', #1212, 'design' ) ;
#1804 =( GEOMETRIC_REPRESENTATION_CONTEXT ( 3 ) GLOBAL_UNCERTAINTY_ASSIGNED_CONTEXT ( ( #2022 ) ) GLOBAL_UNIT_ASSIGNED_CONTEXT ( ( #612, #1099, #108 ) ) REPRESENTATION_CONTEXT ( 'NONE', 'WORKASPACE' ) );
#1805 = LINE ( 'NONE', #1275, #1608 ) ;
#1806 = CARTESIAN_POINT ( 'NONE',  ( 2.539999999999999591, 1.237746680286288203, 3.419475410176758601 ) ) ;
#1807 = SURFACE_SIDE_STYLE ('',( #319 ) ) ;
#1808 = VERTEX_POINT ( 'NONE', #1494 ) ;
#1809 = CARTESIAN_POINT ( 'NONE',  ( 2.741824265619087558E-16, -2.201745857939531259, -1.152524589823240353 ) ) ;
#1810 = DIRECTION ( 'NONE',  ( 0.7071067811865492381, 0.7071067811865457964, -0.000000000000000000 ) ) ;
#1811 = LINE ( 'NONE', #1628, #747 ) ;
#1812 = ORIENTED_EDGE ( 'NONE', *, *, #950, .F. ) ;
#1813 = CARTESIAN_POINT ( 'NONE',  ( 1.524000000000000021, 2.878254142060467480, 12.80999834828995176 ) ) ;
#1814 = UNCERTAINTY_MEASURE_WITH_UNIT (LENGTH_MEASURE( 1.000000000000000082E-05 ), #2115, 'distance_accuracy_value', 'NONE');
#1815 = CARTESIAN_POINT ( 'NONE',  ( 1.524000000000000465, -2.201745857939532591, 0.8794754101767585652 ) ) ;
#1816 = STYLED_ITEM ( 'NONE', ( #1836 ), #89 ) ;
#1817 =( GEOMETRIC_REPRESENTATION_CONTEXT ( 3 ) GLOBAL_UNCERTAINTY_ASSIGNED_CONTEXT ( ( #795 ) ) GLOBAL_UNIT_ASSIGNED_CONTEXT ( ( #1643, #1304, #251 ) ) REPRESENTATION_CONTEXT ( 'NONE', 'WORKASPACE' ) );
#1818 = EDGE_CURVE ( 'NONE', #730, #964, #126, .T. ) ;
#1819 = FILL_AREA_STYLE_COLOUR ( '', #512 ) ;
#1820 = EDGE_LOOP ( 'NONE', ( #1537, #1058, #296, #209 ) ) ;
#1821 = FACE_BOUND ( 'NONE', #46, .T. ) ;
#1822 = ORIENTED_EDGE ( 'NONE', *, *, #678, .F. ) ;
#1823 = DIRECTION ( 'NONE',  ( 0.7071067811865492381, 0.7071067811865457964, 2.964849289894470800E-16 ) ) ;
#1824 = PRESENTATION_LAYER_ASSIGNMENT (  '', '', ( #1646 ) ) ;
#1825 = CARTESIAN_POINT ( 'NONE',  ( -2.540000000000000036, 1.237746680286288203, 3.419475410176758601 ) ) ;
#1826 = SURFACE_SIDE_STYLE ('',( #1120 ) ) ;
#1827 = AXIS2_PLACEMENT_3D ( 'NONE', #901, #54, #1934 ) ;
#1828 = FILL_AREA_STYLE ('',( #1819 ) ) ;
#1829 = ADVANCED_FACE ( 'NONE', ( #444 ), #991, .T. ) ;
#1830 = ORIENTED_EDGE ( 'NONE', *, *, #102, .T. ) ;
#1831 = EDGE_CURVE ( 'NONE', #694, #599, #532, .T. ) ;
#1832 = CARTESIAN_POINT ( 'NONE',  ( 1.524000000000000243, 0.08425414206046882848, -2.168524589823241033 ) ) ;
#1833 = ORIENTED_EDGE ( 'NONE', *, *, #329, .F. ) ;
#1834 = DIRECTION ( 'NONE',  ( -1.000000000000000000, -4.000501629853035140E-15, 0.000000000000000000 ) ) ;
#1835 = EDGE_LOOP ( 'NONE', ( #1428, #605, #826, #1846 ) ) ;
#1836 = PRESENTATION_STYLE_ASSIGNMENT (( #820 ) ) ;
#1837 =( NAMED_UNIT ( * ) PLANE_ANGLE_UNIT ( ) SI_UNIT ( $, .RADIAN. ) );
#1838 = ADVANCED_FACE ( 'NONE', ( #852 ), #1510, .F. ) ;
#1839 = CARTESIAN_POINT ( 'NONE',  ( 1.641974387893085918, 0.5922541420604686691, -5.724524589823240639 ) ) ;
#1840 = EDGE_LOOP ( 'NONE', ( #197, #1255, #1745 ) ) ;
#1841 = DIRECTION ( 'NONE',  ( -0.7071067811865491270, -0.7071067811865459074, 0.000000000000000000 ) ) ;
#1842 = ORIENTED_EDGE ( 'NONE', *, *, #2011, .T. ) ;
#1843 = ORIENTED_EDGE ( 'NONE', *, *, #1866, .F. ) ;
#1844 = PLANE ( 'NONE',  #664 ) ;
#1845 = PLANE ( 'NONE',  #1962 ) ;
#1846 = ORIENTED_EDGE ( 'NONE', *, *, #1380, .T. ) ;
#1847 = VECTOR ( 'NONE', #872, 1000.000000000000000 ) ;
#1848 = AXIS2_PLACEMENT_3D ( 'NONE', #1649, #656, #2165 ) ;
#1849 = SURFACE_STYLE_FILL_AREA ( #17 ) ;
#1850 = VECTOR ( 'NONE', #876, 1000.000000000000114 ) ;
#1851 = LINE ( 'NONE', #2202, #1674 ) ;
#1852 = ORIENTED_EDGE ( 'NONE', *, *, #722, .F. ) ;
#1853 = ORIENTED_EDGE ( 'NONE', *, *, #1235, .T. ) ;
#1854 = DIRECTION ( 'NONE',  ( -7.529181753371559939E-17, 0.000000000000000000, -1.000000000000000000 ) ) ;
#1855 = PRODUCT_DEFINITION ( 'UNKNOWN', '', #2107, #1803 ) ;
#1856 = DIRECTION ( 'NONE',  ( 3.388131789017201849E-16, 0.000000000000000000, -1.000000000000000000 ) ) ;
#1857 = VECTOR ( 'NONE', #1329, 1000.000000000000114 ) ;
#1858 = EDGE_CURVE ( 'NONE', #978, #882, #1888, .T. ) ;
#1859 = SURFACE_SIDE_STYLE ('',( #2042 ) ) ;
#1860 = VERTEX_POINT ( 'NONE', #2034 ) ;
#1861 = ADVANCED_FACE ( 'NONE', ( #1369 ), #843, .F. ) ;
#1862 = CARTESIAN_POINT ( 'NONE',  ( 7.134528042149772725E-16, -2.201745857939532591, 0.8794754101767585652 ) ) ;
#1863 = PLANE ( 'NONE',  #1000 ) ;
#1864 = ORIENTED_EDGE ( 'NONE', *, *, #340, .T. ) ;
#1865 = PRESENTATION_STYLE_ASSIGNMENT (( #869 ) ) ;
#1866 = EDGE_CURVE ( 'NONE', #721, #1534, #1504, .T. ) ;
#1867 = FACE_OUTER_BOUND ( 'NONE', #691, .T. ) ;
#1868 = CARTESIAN_POINT ( 'NONE',  ( -2.195808974359252819, -4.741745857939531739, 3.419475410176758601 ) ) ;
#1869 = ORIENTED_EDGE ( 'NONE', *, *, #12, .F. ) ;
#1870 = PRESENTATION_LAYER_ASSIGNMENT (  '', '', ( #871 ) ) ;
#1871 = UNCERTAINTY_MEASURE_WITH_UNIT (LENGTH_MEASURE( 1.000000000000000082E-05 ), #1019, 'distance_accuracy_value', 'NONE');
#1872 = ORIENTED_EDGE ( 'NONE', *, *, #2083, .F. ) ;
#1873 =( GEOMETRIC_REPRESENTATION_CONTEXT ( 3 ) GLOBAL_UNCERTAINTY_ASSIGNED_CONTEXT ( ( #842 ) ) GLOBAL_UNIT_ASSIGNED_CONTEXT ( ( #249, #1237, #1567 ) ) REPRESENTATION_CONTEXT ( 'NONE', 'WORKASPACE' ) );
#1874 = DIRECTION ( 'NONE',  ( 0.000000000000000000, -1.000000000000000000, 0.000000000000000000 ) ) ;
#1875 = CARTESIAN_POINT ( 'NONE',  ( -1.574799999999999311, -2.201745857939532591, 0.8794754101767585652 ) ) ;
#1876 = DIRECTION ( 'NONE',  ( 1.000000000000000000, 0.000000000000000000, 0.000000000000000000 ) ) ;
#1877 = ORIENTED_EDGE ( 'NONE', *, *, #260, .T. ) ;
#1878 = CIRCLE ( 'NONE', #1367, 1.523999999999999799 ) ;
#1879 = CARTESIAN_POINT ( 'NONE',  ( 1.641974387893085474, 0.08425414206046882848, -5.724524589823238863 ) ) ;
#1880 = DIRECTION ( 'NONE',  ( -0.000000000000000000, -0.000000000000000000, 1.000000000000000000 ) ) ;
#1881 = CARTESIAN_POINT ( 'NONE',  ( -3.929550679238063805E-17, 2.878254142060467480, 4.435475410176758615 ) ) ;
#1882 = DIRECTION ( 'NONE',  ( -0.000000000000000000, 1.000000000000000000, -0.000000000000000000 ) ) ;
#1883 = LINE ( 'NONE', #506, #628 ) ;
#1884 = VERTEX_POINT ( 'NONE', #1197 ) ;
#1885 = EDGE_CURVE ( 'NONE', #558, #594, #206, .T. ) ;
#1886 = APPLICATION_PROTOCOL_DEFINITION ( 'draft international standard', 'automotive_design', 1998, #967 ) ;
#1887 = VECTOR ( 'NONE', #240, 1000.000000000000000 ) ;
#1888 = LINE ( 'NONE', #1343, #246 ) ;
#1889 = LINE ( 'NONE', #8, #1374 ) ;
#1890 = VECTOR ( 'NONE', #1186, 1000.000000000000000 ) ;
#1891 = DIRECTION ( 'NONE',  ( -0.000000000000000000, -0.000000000000000000, -1.000000000000000000 ) ) ;
#1892 = AXIS2_PLACEMENT_3D ( 'NONE', #243, #1420, #567 ) ;
#1893 = EDGE_LOOP ( 'NONE', ( #1077, #199, #425, #1640 ) ) ;
#1894 = DIRECTION ( 'NONE',  ( -0.000000000000000000, 0.000000000000000000, 1.000000000000000000 ) ) ;
#1895 = FILL_AREA_STYLE_COLOUR ( '', #377 ) ;
#1896 = DIRECTION ( 'NONE',  ( -1.000000000000000000, 0.000000000000000000, -6.776263578034403699E-16 ) ) ;
#1897 = DIRECTION ( 'NONE',  ( 0.7071067811865496822, -0.7071067811865453523, 0.000000000000000000 ) ) ;
#1898 = CIRCLE ( 'NONE', #127, 1.574799999999999978 ) ;
#1899 = EDGE_CURVE ( 'NONE', #802, #1073, #864, .T. ) ;
#1900 = LINE ( 'NONE', #355, #1082 ) ;
#1901 = ORIENTED_EDGE ( 'NONE', *, *, #1386, .T. ) ;
#1902 = FILL_AREA_STYLE_COLOUR ( '', #43 ) ;
#1903 = ORIENTED_EDGE ( 'NONE', *, *, #1907, .T. ) ;
#1904 =( GEOMETRIC_REPRESENTATION_CONTEXT ( 3 ) GLOBAL_UNCERTAINTY_ASSIGNED_CONTEXT ( ( #216 ) ) GLOBAL_UNIT_ASSIGNED_CONTEXT ( ( #1699, #263, #239 ) ) REPRESENTATION_CONTEXT ( 'NONE', 'WORKASPACE' ) );
#1905 = PLANE ( 'NONE',  #1219 ) ;
#1906 = LINE ( 'NONE', #202, #36 ) ;
#1907 = EDGE_CURVE ( 'NONE', #2110, #30, #1802, .T. ) ;
#1908 = EDGE_LOOP ( 'NONE', ( #572, #1447, #1236, #813 ) ) ;
#1909 = COLOUR_RGB ( '',1.000000000000000000, 1.000000000000000000, 1.000000000000000000 ) ;
#1910 = DIRECTION ( 'NONE',  ( -0.000000000000000000, -0.000000000000000000, 1.000000000000000000 ) ) ;
#1911 = EDGE_CURVE ( 'NONE', #1604, #1691, #1900, .T. ) ;
#1912 = EDGE_LOOP ( 'NONE', ( #799, #807, #1239, #84 ) ) ;
#1913 = MECHANICAL_DESIGN_GEOMETRIC_PRESENTATION_REPRESENTATION (  '', ( #67 ), #566 ) ;
#1914 = CARTESIAN_POINT ( 'NONE',  ( -2.540000000000000036, 4.266228529953550286, 3.419475410176758601 ) ) ;
#1915 = EDGE_LOOP ( 'NONE', ( #1188, #1401, #1412, #182, #1388, #1733 ) ) ;
#1916 = EDGE_CURVE ( 'NONE', #530, #185, #37, .T. ) ;
#1917 = ORIENTED_EDGE ( 'NONE', *, *, #950, .T. ) ;
#1918 = LINE ( 'NONE', #2062, #692 ) ;
#1919 =( LENGTH_UNIT ( ) NAMED_UNIT ( * ) SI_UNIT ( .MILLI., .METRE. ) );
#1920 = ORIENTED_EDGE ( 'NONE', *, *, #1319, .T. ) ;
#1921 = LINE ( 'NONE', #1207, #1169 ) ;
#1922 = CARTESIAN_POINT ( 'NONE',  ( -1.574799999999999311, -2.201745857939532591, 3.419475410176758601 ) ) ;
#1923 = ORIENTED_EDGE ( 'NONE', *, *, #903, .T. ) ;
#1924 = FACE_OUTER_BOUND ( 'NONE', #2099, .T. ) ;
#1925 = DIRECTION ( 'NONE',  ( 1.000000000000000000, 0.000000000000000000, 0.000000000000000000 ) ) ;
#1926 = STYLED_ITEM ( 'NONE', ( #23 ), #1253 ) ;
#1927 = LINE ( 'NONE', #551, #994 ) ;
#1928 = ORIENTED_EDGE ( 'NONE', *, *, #1461, .F. ) ;
#1929 = DIRECTION ( 'NONE',  ( -0.7071067811865457964, 0.7071067811865492381, 0.000000000000000000 ) ) ;
#1930 = DIRECTION ( 'NONE',  ( -1.000000000000000000, 0.000000000000000000, -0.000000000000000000 ) ) ;
#1931 = ADVANCED_FACE ( 'NONE', ( #2045 ), #1525, .F. ) ;
#1932 = ORIENTED_EDGE ( 'NONE', *, *, #1500, .F. ) ;
#1933 = COLOUR_RGB ( '',1.000000000000000000, 1.000000000000000000, 1.000000000000000000 ) ;
#1934 = DIRECTION ( 'NONE',  ( 1.000000000000000000, 0.000000000000000000, -0.000000000000000000 ) ) ;
#1935 = CARTESIAN_POINT ( 'NONE',  ( 7.134528042149772725E-16, -2.201745857939532591, 0.8794754101767585652 ) ) ;
#1936 = ORIENTED_EDGE ( 'NONE', *, *, #545, .F. ) ;
#1937 = PLANE ( 'NONE',  #887 ) ;
#1938 = FACE_OUTER_BOUND ( 'NONE', #974, .T. ) ;
#1939 = CARTESIAN_POINT ( 'NONE',  ( 1.524000000000000465, -2.201745857939532591, 4.435475410176758615 ) ) ;
#1940 = FILL_AREA_STYLE_COLOUR ( '', #140 ) ;
#1941 = VERTEX_POINT ( 'NONE', #2116 ) ;
#1942 = FACE_OUTER_BOUND ( 'NONE', #1718, .T. ) ;
#1943 = EDGE_LOOP ( 'NONE', ( #2199, #1008, #1830, #1613, #1582, #646, #1774, #985, #784, #207, #891, #194, #177, #753, #1353, #1917 ) ) ;
#1944 = CARTESIAN_POINT ( 'NONE',  ( -1.524000000000000465, -14.35016634762505738, -1.660524589823241692 ) ) ;
#1945 = DIRECTION ( 'NONE',  ( 0.7071067811865457964, -0.7071067811865492381, 0.000000000000000000 ) ) ;
#1946 = LINE ( 'NONE', #2126, #1206 ) ;
#1947 = VERTEX_POINT ( 'NONE', #420 ) ;
#1948 = ADVANCED_FACE ( 'NONE', ( #256 ), #386, .F. ) ;
#1949 = DIRECTION ( 'NONE',  ( -0.000000000000000000, 1.000000000000000000, -0.000000000000000000 ) ) ;
#1950 = ORIENTED_EDGE ( 'NONE', *, *, #1678, .F. ) ;
#1951 = DIRECTION ( 'NONE',  ( -1.355252715606879754E-15, 0.000000000000000000, 1.000000000000000000 ) ) ;
#1952 = SURFACE_SIDE_STYLE ('',( #912 ) ) ;
#1953 = ORIENTED_EDGE ( 'NONE', *, *, #1543, .F. ) ;
#1954 = CIRCLE ( 'NONE', #117, 1.524000000000000243 ) ;
#1955 = CARTESIAN_POINT ( 'NONE',  ( 2.539999999999999147, 4.266228529953550286, 3.419475410176758601 ) ) ;
#1956 = VECTOR ( 'NONE', #2050, 1000.000000000000000 ) ;
#1957 = CIRCLE ( 'NONE', #1848, 1.523999999999999799 ) ;
#1958 = DIRECTION ( 'NONE',  ( 1.000000000000000000, 0.000000000000000000, -0.000000000000000000 ) ) ;
#1959 = ORIENTED_EDGE ( 'NONE', *, *, #2083, .T. ) ;
#1960 = SURFACE_STYLE_USAGE ( .BOTH. , #1078 ) ;
#1961 = DIRECTION ( 'NONE',  ( 0.7071067811865491270, 0.7071067811865459074, 0.000000000000000000 ) ) ;
#1962 = AXIS2_PLACEMENT_3D ( 'NONE', #1031, #1533, #26 ) ;
#1963 = SURFACE_STYLE_USAGE ( .BOTH. , #1126 ) ;
#1964 = EDGE_LOOP ( 'NONE', ( #1571, #334, #855 ) ) ;
#1965 = CARTESIAN_POINT ( 'NONE',  ( -3.929550679238063805E-17, 2.878254142060467480, 3.419475410176758601 ) ) ;
#1966 = UNCERTAINTY_MEASURE_WITH_UNIT (LENGTH_MEASURE( 1.000000000000000082E-05 ), #597, 'distance_accuracy_value', 'NONE');
#1967 = EDGE_CURVE ( 'NONE', #1773, #2043, #235, .T. ) ;
#1968 = CARTESIAN_POINT ( 'NONE',  ( -1.641974387893082143, 0.3397210681793755294, 3.419475410176758601 ) ) ;
#1969 =( NAMED_UNIT ( * ) SI_UNIT ( $, .STERADIAN. ) SOLID_ANGLE_UNIT ( ) );
#1970 = ORIENTED_EDGE ( 'NONE', *, *, #1831, .T. ) ;
#1971 = VECTOR ( 'NONE', #31, 1000.000000000000000 ) ;
#1972 = LINE ( 'NONE', #647, #1540 ) ;
#1973 =( NAMED_UNIT ( * ) SI_UNIT ( $, .STERADIAN. ) SOLID_ANGLE_UNIT ( ) );
#1974 = ADVANCED_FACE ( 'NONE', ( #1742 ), #63, .T. ) ;
#1975 = ORIENTED_EDGE ( 'NONE', *, *, #839, .T. ) ;
#1976 = DIRECTION ( 'NONE',  ( -0.000000000000000000, -0.000000000000000000, -1.000000000000000000 ) ) ;
#1977 = COLOUR_RGB ( '',1.000000000000000000, 1.000000000000000000, 1.000000000000000000 ) ;
#1978 = CARTESIAN_POINT ( 'NONE',  ( 2.195808974359254595, -4.741745857939530850, -5.724524589823240639 ) ) ;
#1979 = CARTESIAN_POINT ( 'NONE',  ( 1.523999999999999355, -14.35016634762505738, -4.708524589823240625 ) ) ;
#1980 = ORIENTED_EDGE ( 'NONE', *, *, #461, .T. ) ;
#1981 = SURFACE_STYLE_FILL_AREA ( #469 ) ;
#1982 = SURFACE_SIDE_STYLE ('',( #68 ) ) ;
#1983 =( NAMED_UNIT ( * ) PLANE_ANGLE_UNIT ( ) SI_UNIT ( $, .RADIAN. ) );
#1984 = ORIENTED_EDGE ( 'NONE', *, *, #1010, .F. ) ;
#1985 = DIRECTION ( 'NONE',  ( -1.000000000000000000, -0.000000000000000000, -0.000000000000000000 ) ) ;
#1986 = STYLED_ITEM ( 'NONE', ( #2025 ), #1390 ) ;
#1987 = ORIENTED_EDGE ( 'NONE', *, *, #248, .F. ) ;
#1988 = CARTESIAN_POINT ( 'NONE',  ( -1.641974387893086806, 0.5922541420604686691, -5.724524589823240639 ) ) ;
#1989 = EDGE_CURVE ( 'NONE', #147, #390, #1576, .T. ) ;
#1990 =( GEOMETRIC_REPRESENTATION_CONTEXT ( 3 ) GLOBAL_UNCERTAINTY_ASSIGNED_CONTEXT ( ( #971 ) ) GLOBAL_UNIT_ASSIGNED_CONTEXT ( ( #644, #962, #1289 ) ) REPRESENTATION_CONTEXT ( 'NONE', 'WORKASPACE' ) );
#1991 = PLANE ( 'NONE',  #1029 ) ;
#1992 = COLOUR_RGB ( '',1.000000000000000000, 1.000000000000000000, 1.000000000000000000 ) ;
#1993 =( LENGTH_UNIT ( ) NAMED_UNIT ( * ) SI_UNIT ( .MILLI., .METRE. ) );
#1994 = ORIENTED_EDGE ( 'NONE', *, *, #461, .F. ) ;
#1995 = FACE_OUTER_BOUND ( 'NONE', #1908, .T. ) ;
#1996 = ORIENTED_EDGE ( 'NONE', *, *, #499, .T. ) ;
#1997 = DIRECTION ( 'NONE',  ( -0.000000000000000000, -0.000000000000000000, -1.000000000000000000 ) ) ;
#1998 =( LENGTH_UNIT ( ) NAMED_UNIT ( * ) SI_UNIT ( .MILLI., .METRE. ) );
#1999 =( GEOMETRIC_REPRESENTATION_CONTEXT ( 3 ) GLOBAL_UNCERTAINTY_ASSIGNED_CONTEXT ( ( #449 ) ) GLOBAL_UNIT_ASSIGNED_CONTEXT ( ( #879, #1385, #1561 ) ) REPRESENTATION_CONTEXT ( 'NONE', 'WORKASPACE' ) );
#2000 = FILL_AREA_STYLE ('',( #1650 ) ) ;
#2001 = EDGE_LOOP ( 'NONE', ( #1305, #282, #2203, #1104 ) ) ;
#2002 = CARTESIAN_POINT ( 'NONE',  ( -1.523999999999998911, -14.35016634762505738, -4.708524589823241513 ) ) ;
#2003 = EDGE_LOOP ( 'NONE', ( #1833, #51, #1152, #1309 ) ) ;
#2004 = VECTOR ( 'NONE', #1854, 1000.000000000000000 ) ;
#2005 = ORIENTED_EDGE ( 'NONE', *, *, #172, .F. ) ;
#2006 = CARTESIAN_POINT ( 'NONE',  ( -3.929550679238063805E-17, 2.878254142060467480, 4.435475410176758615 ) ) ;
#2007 = STYLED_ITEM ( 'NONE', ( #1164 ), #1931 ) ;
#2008 = FILL_AREA_STYLE_COLOUR ( '', #41 ) ;
#2009 = FACE_OUTER_BOUND ( 'NONE', #480, .T. ) ;
#2010 = ORIENTED_EDGE ( 'NONE', *, *, #2089, .T. ) ;
#2011 = EDGE_CURVE ( 'NONE', #1604, #188, #1639, .T. ) ;
#2012 = SURFACE_STYLE_USAGE ( .BOTH. , #1684 ) ;
#2013 = EDGE_CURVE ( 'NONE', #1702, #1776, #134, .T. ) ;
#2014 = ORIENTED_EDGE ( 'NONE', *, *, #2184, .F. ) ;
#2015 = LINE ( 'NONE', #1314, #496 ) ;
#2016 = EDGE_CURVE ( 'NONE', #2168, #1137, #1668, .T. ) ;
#2017 = EDGE_CURVE ( 'NONE', #878, #1604, #440, .T. ) ;
#2018 = FACE_OUTER_BOUND ( 'NONE', #1280, .T. ) ;
#2019 = VECTOR ( 'NONE', #295, 1000.000000000000000 ) ;
#2020 = ORIENTED_EDGE ( 'NONE', *, *, #563, .T. ) ;
#2021 = VECTOR ( 'NONE', #804, 1000.000000000000000 ) ;
#2022 = UNCERTAINTY_MEASURE_WITH_UNIT (LENGTH_MEASURE( 1.000000000000000082E-05 ), #612, 'distance_accuracy_value', 'NONE');
#2023 = ADVANCED_FACE ( 'NONE', ( #637 ), #106, .F. ) ;
#2024 = DIRECTION ( 'NONE',  ( -0.000000000000000000, -0.000000000000000000, 1.000000000000000000 ) ) ;
#2025 = PRESENTATION_STYLE_ASSIGNMENT (( #9 ) ) ;
#2026 = ORIENTED_EDGE ( 'NONE', *, *, #1337, .F. ) ;
#2027 = ORIENTED_EDGE ( 'NONE', *, *, #1109, .F. ) ;
#2028 =( NAMED_UNIT ( * ) SI_UNIT ( $, .STERADIAN. ) SOLID_ANGLE_UNIT ( ) );
#2029 = CARTESIAN_POINT ( 'NONE',  ( -3.929550679238063805E-17, 2.878254142060467480, 4.435475410176758615 ) ) ;
#2030 = PLANE ( 'NONE',  #2053 ) ;
#2031 = CIRCLE ( 'NONE', #1039, 1.524000000000000021 ) ;
#2032 = DIRECTION ( 'NONE',  ( -4.937096001961423388E-16, 1.000000000000000000, 0.000000000000000000 ) ) ;
#2033 = VERTEX_POINT ( 'NONE', #645 ) ;
#2034 = CARTESIAN_POINT ( 'NONE',  ( -1.524000000000000465, 0.08425414206046882848, -1.660524589823241692 ) ) ;
#2035 = ORIENTED_EDGE ( 'NONE', *, *, #1181, .F. ) ;
#2036 = FILL_AREA_STYLE ('',( #322 ) ) ;
#2037 = ORIENTED_EDGE ( 'NONE', *, *, #314, .F. ) ;
#2038 =( NAMED_UNIT ( * ) PLANE_ANGLE_UNIT ( ) SI_UNIT ( $, .RADIAN. ) );
#2039 = SURFACE_SIDE_STYLE ('',( #1180 ) ) ;
#2040 = DIRECTION ( 'NONE',  ( 1.000000000000000000, 0.000000000000000000, 0.000000000000000000 ) ) ;
#2041 = ADVANCED_FACE ( 'NONE', ( #1620 ), #467, .F. ) ;
#2042 = SURFACE_STYLE_FILL_AREA ( #163 ) ;
#2043 = VERTEX_POINT ( 'NONE', #1839 ) ;
#2044 = VECTOR ( 'NONE', #7, 1000.000000000000000 ) ;
#2045 = FACE_OUTER_BOUND ( 'NONE', #1651, .T. ) ;
#2046 = FILL_AREA_STYLE ('',( #18 ) ) ;
#2047 = EDGE_LOOP ( 'NONE', ( #226, #1157, #257, #1920, #224 ) ) ;
#2048 = CARTESIAN_POINT ( 'NONE',  ( 2.539999999999999591, 1.237746680286288203, 3.419475410176758601 ) ) ;
#2049 = DIRECTION ( 'NONE',  ( 1.000000000000000000, 0.000000000000000000, 0.000000000000000000 ) ) ;
#2050 = DIRECTION ( 'NONE',  ( -0.000000000000000000, -0.000000000000000000, -1.000000000000000000 ) ) ;
#2051 = ADVANCED_FACE ( 'NONE', ( #1110 ), #1142, .T. ) ;
#2052 = PRESENTATION_STYLE_ASSIGNMENT (( #2 ) ) ;
#2053 = AXIS2_PLACEMENT_3D ( 'NONE', #2173, #494, #2206 ) ;
#2054 = CARTESIAN_POINT ( 'NONE',  ( 1.523999999999998911, 0.08425414206046882848, -4.200524589823241506 ) ) ;
#2055 = LINE ( 'NONE', #400, #1890 ) ;
#2056 = EDGE_CURVE ( 'NONE', #215, #445, #2031, .T. ) ;
#2057 = AXIS2_PLACEMENT_3D ( 'NONE', #586, #1929, #1409 ) ;
#2058 = SURFACE_SIDE_STYLE ('',( #571 ) ) ;
#2059 =( GEOMETRIC_REPRESENTATION_CONTEXT ( 3 ) GLOBAL_UNCERTAINTY_ASSIGNED_CONTEXT ( ( #1966 ) ) GLOBAL_UNIT_ASSIGNED_CONTEXT ( ( #597, #1068, #1764 ) ) REPRESENTATION_CONTEXT ( 'NONE', 'WORKASPACE' ) );
#2060 = VERTEX_POINT ( 'NONE', #1161 ) ;
#2061 = STYLED_ITEM ( 'NONE', ( #984 ), #1408 ) ;
#2062 = CARTESIAN_POINT ( 'NONE',  ( -1.641974387893082143, 0.3397210681793755294, 3.419475410176758601 ) ) ;
#2063 = CARTESIAN_POINT ( 'NONE',  ( 1.523999999999978705, -9.186745857939513371, -4.708524589823240625 ) ) ;
#2064 = ADVANCED_FACE ( 'NONE', ( #542 ), #1501, .F. ) ;
#2065 = DIRECTION ( 'NONE',  ( 1.000000000000000000, 0.000000000000000000, 4.192930076160989829E-16 ) ) ;
#2066 = VECTOR ( 'NONE', #711, 1000.000000000000000 ) ;
#2067 = CARTESIAN_POINT ( 'NONE',  ( 1.641974387893085474, 0.5922541420604686691, -5.724524589823238863 ) ) ;
#2068 =( LENGTH_UNIT ( ) NAMED_UNIT ( * ) SI_UNIT ( .MILLI., .METRE. ) );
#2069 = CARTESIAN_POINT ( 'NONE',  ( -2.539999999999998259, -4.741745857939533515, 3.419475410176758601 ) ) ;
#2070 = ORIENTED_EDGE ( 'NONE', *, *, #1625, .T. ) ;
#2071 = CARTESIAN_POINT ( 'NONE',  ( -1.641974387893086584, 0.5922541420604686691, -1.152524589823241019 ) ) ;
#2072 = LINE ( 'NONE', #560, #1042 ) ;
#2073 = CYLINDRICAL_SURFACE ( 'NONE', #1748, 1.574799999999999978 ) ;
#2074 = ORIENTED_EDGE ( 'NONE', *, *, #514, .F. ) ;
#2075 = UNCERTAINTY_MEASURE_WITH_UNIT (LENGTH_MEASURE( 1.000000000000000082E-05 ), #1998, 'distance_accuracy_value', 'NONE');
#2076 = CARTESIAN_POINT ( 'NONE',  ( -1.641974387893082143, 0.3397210681793755294, 3.419475410176758601 ) ) ;
#2077 = SURFACE_STYLE_USAGE ( .BOTH. , #399 ) ;
#2078 = VECTOR ( 'NONE', #1841, 1000.000000000000114 ) ;
#2079 = FACE_OUTER_BOUND ( 'NONE', #1912, .T. ) ;
#2080 = ORIENTED_EDGE ( 'NONE', *, *, #772, .F. ) ;
#2081 = VECTOR ( 'NONE', #1246, 1000.000000000000000 ) ;
#2082 = ORIENTED_EDGE ( 'NONE', *, *, #221, .F. ) ;
#2083 = EDGE_CURVE ( 'NONE', #895, #2168, #1883, .T. ) ;
#2084 = CARTESIAN_POINT ( 'NONE',  ( -1.523999999999998911, -14.35016634762505738, -4.708524589823241513 ) ) ;
#2085 = CARTESIAN_POINT ( 'NONE',  ( -1.524000000000019561, -9.186745857939525806, -4.200524589823242394 ) ) ;
#2086 = VERTEX_POINT ( 'NONE', #1690 ) ;
#2087 = CARTESIAN_POINT ( 'NONE',  ( -2.539999999999998259, -4.741745857939533515, 3.419475410176758601 ) ) ;
#2088 = EDGE_CURVE ( 'NONE', #111, #2086, #1898, .T. ) ;
#2089 = EDGE_CURVE ( 'NONE', #1534, #558, #1508, .T. ) ;
#2090 = CARTESIAN_POINT ( 'NONE',  ( 7.134528042149772725E-16, -2.201745857939532591, 4.435475410176758615 ) ) ;
#2091 = ORIENTED_EDGE ( 'NONE', *, *, #22, .T. ) ;
#2092 = PRESENTATION_STYLE_ASSIGNMENT (( #1599 ) ) ;
#2093 = EDGE_CURVE ( 'NONE', #1702, #1505, #173, .T. ) ;
#2094 = LINE ( 'NONE', #1767, #2081 ) ;
#2095 = LINE ( 'NONE', #1102, #936 ) ;
#2096 = AXIS2_PLACEMENT_3D ( 'NONE', #1061, #1896, #1580 ) ;
#2097 = DIRECTION ( 'NONE',  ( -1.000000000000000000, 0.000000000000000000, 0.000000000000000000 ) ) ;
#2098 = AXIS2_PLACEMENT_3D ( 'NONE', #1785, #923, #1587 ) ;
#2099 = EDGE_LOOP ( 'NONE', ( #1220, #1609, #904, #1822 ) ) ;
#2100 = CARTESIAN_POINT ( 'NONE',  ( 2.539999999999999147, 4.266228529953550286, 3.419475410176758601 ) ) ;
#2101 = DIRECTION ( 'NONE',  ( -1.000000000000000000, 0.000000000000000000, 0.000000000000000000 ) ) ;
#2102 = CARTESIAN_POINT ( 'NONE',  ( -1.015999999999999126, -14.35016634762505738, -4.200524589823242394 ) ) ;
#2103 = EDGE_LOOP ( 'NONE', ( #935, #1705, #1471, #2010 ) ) ;
#2104 =( LENGTH_UNIT ( ) NAMED_UNIT ( * ) SI_UNIT ( .MILLI., .METRE. ) );
#2105 = VECTOR ( 'NONE', #963, 1000.000000000000000 ) ;
#2106 = CARTESIAN_POINT ( 'NONE',  ( -1.523999999999998911, -9.186745857939525806, -4.708524589823241513 ) ) ;
#2107 = PRODUCT_DEFINITION_FORMATION_WITH_SPECIFIED_SOURCE ( 'ANY', '', #1053, .NOT_KNOWN. ) ;
#2108 =( NAMED_UNIT ( * ) SI_UNIT ( $, .STERADIAN. ) SOLID_ANGLE_UNIT ( ) );
#2109 = LINE ( 'NONE', #2120, #2019 ) ;
#2110 = VERTEX_POINT ( 'NONE', #343 ) ;
#2111 = FACE_BOUND ( 'NONE', #441, .T. ) ;
#2112 = ADVANCED_FACE ( 'NONE', ( #1520 ), #15, .F. ) ;
#2113 = FILL_AREA_STYLE_COLOUR ( '', #1339 ) ;
#2114 = ADVANCED_FACE ( 'NONE', ( #2009 ), #2198, .F. ) ;
#2115 =( LENGTH_UNIT ( ) NAMED_UNIT ( * ) SI_UNIT ( .MILLI., .METRE. ) );
#2116 = CARTESIAN_POINT ( 'NONE',  ( 1.641974387893085474, 5.164254142060467956, -5.724524589823238863 ) ) ;
#2117 = ORIENTED_EDGE ( 'NONE', *, *, #1001, .F. ) ;
#2118 = PLANE ( 'NONE',  #2098 ) ;
#2119 = FACE_OUTER_BOUND ( 'NONE', #633, .T. ) ;
#2120 = CARTESIAN_POINT ( 'NONE',  ( 1.523999999999978261, -9.186745857939513371, -4.200524589823241506 ) ) ;
#2121 = MECHANICAL_DESIGN_GEOMETRIC_PRESENTATION_REPRESENTATION (  '', ( #871 ), #1189 ) ;
#2122 = VERTEX_POINT ( 'NONE', #1195 ) ;
#2123 = CARTESIAN_POINT ( 'NONE',  ( 2.540000000000000036, -4.741745857939532627, 3.419475410176758601 ) ) ;
#2124 = ORIENTED_EDGE ( 'NONE', *, *, #1274, .T. ) ;
#2125 = CARTESIAN_POINT ( 'NONE',  ( -2.540000000000000036, -0.5583045439275385879, -5.724524589823240639 ) ) ;
#2126 = CARTESIAN_POINT ( 'NONE',  ( 1.523999999999999799, 0.08425414206046882848, -1.660524589823241026 ) ) ;
#2127 = ADVANCED_FACE ( 'NONE', ( #2018 ), #1845, .F. ) ;
#2128 = ORIENTED_EDGE ( 'NONE', *, *, #709, .F. ) ;
#2129 = FILL_AREA_STYLE_COLOUR ( '', #544 ) ;
#2130 = EDGE_CURVE ( 'NONE', #421, #1111, #702, .T. ) ;
#2131 = CARTESIAN_POINT ( 'NONE',  ( -1.523999999999998911, -9.186745857939525806, -4.200524589823242394 ) ) ;
#2132 = FACE_OUTER_BOUND ( 'NONE', #245, .T. ) ;
#2133 = LINE ( 'NONE', #264, #259 ) ;
#2134 = ORIENTED_EDGE ( 'NONE', *, *, #1698, .F. ) ;
#2135 = STYLED_ITEM ( 'NONE', ( #1002 ), #60 ) ;
#2136 = STYLED_ITEM ( 'NONE', ( #413 ), #857 ) ;
#2137 = COLOUR_RGB ( '',1.000000000000000000, 1.000000000000000000, 1.000000000000000000 ) ;
#2138 = CARTESIAN_POINT ( 'NONE',  ( -2.540000000000000036, 4.266228529953550286, -5.724524589823240639 ) ) ;
#2139 = VECTOR ( 'NONE', #1287, 1000.000000000000000 ) ;
#2140 = EDGE_CURVE ( 'NONE', #1227, #1737, #1682, .T. ) ;
#2141 = AXIS2_PLACEMENT_3D ( 'NONE', #336, #1675, #315 ) ;
#2142 = PLANE ( 'NONE',  #1421 ) ;
#2143 = DIRECTION ( 'NONE',  ( -0.000000000000000000, 1.000000000000000000, -0.000000000000000000 ) ) ;
#2144 = DIRECTION ( 'NONE',  ( -3.388131789017202342E-16, -1.355422674412019627E-30, 1.000000000000000000 ) ) ;
#2145 = ORIENTED_EDGE ( 'NONE', *, *, #2140, .F. ) ;
#2146 = ADVANCED_FACE ( 'NONE', ( #1727 ), #205, .F. ) ;
#2147 = DIRECTION ( 'NONE',  ( 1.000000000000000000, 0.000000000000000000, 0.000000000000000000 ) ) ;
#2148 = SURFACE_STYLE_USAGE ( .BOTH. , #109 ) ;
#2149 = LINE ( 'NONE', #915, #346 ) ;
#2150 = AXIS2_PLACEMENT_3D ( 'NONE', #1979, #1446, #1307 ) ;
#2151 = FILL_AREA_STYLE ('',( #791 ) ) ;
#2152 = EDGE_LOOP ( 'NONE', ( #2186, #1550, #1670 ) ) ;
#2153 = LINE ( 'NONE', #2123, #1780 ) ;
#2154 = UNCERTAINTY_MEASURE_WITH_UNIT (LENGTH_MEASURE( 1.000000000000000082E-05 ), #479, 'distance_accuracy_value', 'NONE');
#2155 = FACE_OUTER_BOUND ( 'NONE', #1840, .T. ) ;
#2156 = SURFACE_SIDE_STYLE ('',( #1478 ) ) ;
#2157 = ORIENTED_EDGE ( 'NONE', *, *, #335, .F. ) ;
#2158 = SURFACE_SIDE_STYLE ('',( #1981 ) ) ;
#2159 = FACE_BOUND ( 'NONE', #1259, .T. ) ;
#2160 = SURFACE_STYLE_FILL_AREA ( #1271 ) ;
#2161 = EDGE_LOOP ( 'NONE', ( #2080, #1509, #1751, #1970 ) ) ;
#2162 = EDGE_CURVE ( 'NONE', #1697, #928, #369, .T. ) ;
#2163 = LINE ( 'NONE', #1148, #1232 ) ;
#2164 = AXIS2_PLACEMENT_3D ( 'NONE', #1862, #2024, #196 ) ;
#2165 = DIRECTION ( 'NONE',  ( 1.000000000000000000, 0.000000000000000000, 0.000000000000000000 ) ) ;
#2166 = VECTOR ( 'NONE', #1985, 1000.000000000000000 ) ;
#2167 = CARTESIAN_POINT ( 'NONE',  ( -1.641974387893086806, -4.741745857939533515, -5.724524589823240639 ) ) ;
#2168 = VERTEX_POINT ( 'NONE', #1038 ) ;
#2169 = CARTESIAN_POINT ( 'NONE',  ( -1.524000000000000021, 2.878254142060467480, 4.435475410176758615 ) ) ;
#2170 = EDGE_LOOP ( 'NONE', ( #1928, #761, #1842, #1996 ) ) ;
#2171 = CARTESIAN_POINT ( 'NONE',  ( -2.539999999999998259, -4.741745857939533515, 3.419475410176758601 ) ) ;
#2172 = MECHANICAL_DESIGN_GEOMETRIC_PRESENTATION_REPRESENTATION (  '', ( #1986 ), #1282 ) ;
#2173 = CARTESIAN_POINT ( 'NONE',  ( 1.523999999999998911, -14.35016634762505738, -4.200524589823241506 ) ) ;
#2174 = CIRCLE ( 'NONE', #1205, 2.540000000000000480 ) ;
#2175 = COLOUR_RGB ( '',1.000000000000000000, 1.000000000000000000, 1.000000000000000000 ) ;
#2176 = FILL_AREA_STYLE ('',( #2008 ) ) ;
#2177 =( NAMED_UNIT ( * ) PLANE_ANGLE_UNIT ( ) SI_UNIT ( $, .RADIAN. ) );
#2178 = ORIENTED_EDGE ( 'NONE', *, *, #1021, .T. ) ;
#2179 =( NAMED_UNIT ( * ) PLANE_ANGLE_UNIT ( ) SI_UNIT ( $, .RADIAN. ) );
#2180 =( NAMED_UNIT ( * ) SI_UNIT ( $, .STERADIAN. ) SOLID_ANGLE_UNIT ( ) );
#2181 = ORIENTED_EDGE ( 'NONE', *, *, #335, .T. ) ;
#2182 = DIRECTION ( 'NONE',  ( 1.000000000000000000, 0.000000000000000000, 0.000000000000000000 ) ) ;
#2183 = DIRECTION ( 'NONE',  ( -0.000000000000000000, 1.000000000000000000, -0.000000000000000000 ) ) ;
#2184 = EDGE_CURVE ( 'NONE', #718, #2033, #392, .T. ) ;
#2185 = DIRECTION ( 'NONE',  ( 1.000000000000000000, 0.000000000000000000, 0.000000000000000000 ) ) ;
#2186 = ORIENTED_EDGE ( 'NONE', *, *, #624, .F. ) ;
#2187 = STYLED_ITEM ( 'NONE', ( #635 ), #927 ) ;
#2188 = DIRECTION ( 'NONE',  ( 0.000000000000000000, -0.000000000000000000, 1.000000000000000000 ) ) ;
#2189 = ADVANCED_FACE ( 'NONE', ( #525 ), #1201, .F. ) ;
#2190 = LINE ( 'NONE', #509, #1708 ) ;
#2191 = ORIENTED_EDGE ( 'NONE', *, *, #629, .T. ) ;
#2192 = DIRECTION ( 'NONE',  ( -1.000000000000000000, 0.000000000000000000, 0.000000000000000000 ) ) ;
#2193 = AXIS2_PLACEMENT_3D ( 'NONE', #588, #1252, #1108 ) ;
#2194 = STYLED_ITEM ( 'NONE', ( #1765 ), #1948 ) ;
#2195 =( NAMED_UNIT ( * ) SI_UNIT ( $, .STERADIAN. ) SOLID_ANGLE_UNIT ( ) );
#2196 = EDGE_CURVE ( 'NONE', #64, #1697, #1529, .T. ) ;
#2197 = PRESENTATION_LAYER_ASSIGNMENT (  '', '', ( #770 ) ) ;
#2198 = PLANE ( 'NONE',  #1321 ) ;
#2199 = ORIENTED_EDGE ( 'NONE', *, *, #873, .T. ) ;
#2200 =( LENGTH_UNIT ( ) NAMED_UNIT ( * ) SI_UNIT ( .MILLI., .METRE. ) );
#2201 = VECTOR ( 'NONE', #481, 1000.000000000000000 ) ;
#2202 = CARTESIAN_POINT ( 'NONE',  ( 1.641974387893085918, 5.164254142060467956, -5.724524589823240639 ) ) ;
#2203 = ORIENTED_EDGE ( 'NONE', *, *, #267, .T. ) ;
#2204 = PRESENTATION_STYLE_ASSIGNMENT (( #719 ) ) ;
#2205 = DIRECTION ( 'NONE',  ( -0.000000000000000000, -0.000000000000000000, -1.000000000000000000 ) ) ;
#2206 = DIRECTION ( 'NONE',  ( -1.000000000000000000, 0.000000000000000000, -3.388131789017202835E-16 ) ) ;
ENDSEC;
END-ISO-10303-21;
